{"name": "E_1100_263_14138.396.json", "BaldoML_of": 40292.224904561204, "BaldoML_time": 3.200295925140381, "BaldoGA_of": 39297.851237034156, "BaldoGA_time": 6.531000852584839, "Solver_of": 41129.416795829275, "Solver_time": 12.94758915901184, "Z_threshold0.05_of": 41031.46786419852, "Z_threshold0.05_time": 5.203537464141846, "Z_threshold0.1_of": 40904.566209001074, "Z_threshold0.1_time": 5.238276720046997, "Z_threshold0.15_of": 40573.705753477996, "Z_threshold0.15_time": 5.2775328159332275, "Z_threshold0.2_of": 40206.98467417728, "Z_threshold0.2_time": 3.6484146118164062}