{"name": "E_1100_221_13857.862.json", "BaldoML_of": 43419.713593562796, "BaldoML_time": 3.402414321899414, "BaldoGA_of": 42149.616394526965, "BaldoGA_time": 6.918145656585693, "Solver_of": 43791.943365625484, "Solver_time": 6.004987716674805, "Z_threshold0.05_of": 43634.56672273673, "Z_threshold0.05_time": 5.541048049926758, "Z_threshold0.1_of": 43613.300134528, "Z_threshold0.1_time": 2.921114921569824, "Z_threshold0.15_of": 43346.92143132831, "Z_threshold0.15_time": 3.8476765155792236, "Z_threshold0.2_of": 43246.66622734975, "Z_threshold0.2_time": 2.74660325050354, "Z_threshold0.25_of": 43109.66059551359, "Z_threshold0.25_time": 2.2533767223358154}