{"name": "E_1100_257_9260.365.json", "BaldoML_of": 32700.727625451844, "BaldoML_time": 2.748011827468872, "BaldoGA_of": 31386.853664969633, "BaldoGA_time": 4.1931540966033936, "Solver_of": 33160.271886755734, "Solver_time": 4.9152820110321045, "Z_threshold0.05_of": 33147.382749997654, "Z_threshold0.05_time": 6.4271321296691895}