{"name": "E_1100_281_14148.26.json", "BaldoML_of": 40004.85018268669, "BaldoML_time": 17.274288654327393, "BaldoGA_of": 38184.821382688046, "BaldoGA_time": 6.39354944229126, "Solver_of": 40006.17961834583, "Solver_time": 7.925858736038208, "Z_threshold0.05_of": 39897.07732667175, "Z_threshold0.05_time": 6.636027812957764, "Z_threshold0.1_of": 39834.99747949089, "Z_threshold0.1_time": 5.926011562347412, "Z_threshold0.15_of": 39739.11860944716, "Z_threshold0.15_time": 4.504790306091309, "Z_threshold0.2_of": 39528.77909544098, "Z_threshold0.2_time": 3.1009531021118164, "Z_threshold0.25_of": 39406.92597275295, "Z_threshold0.25_time": 2.35395884513855, "Z_threshold0.3_of": 39348.99120127119, "Z_threshold0.3_time": 2.4773201942443848, "Z_threshold0.35_of": 39148.645743281486, "Z_threshold0.35_time": 1.4721465110778809, "Z_threshold0.4_of": 38788.10711530012, "Z_threshold0.4_time": 0.9355463981628418, "Z_threshold0.45_of": 38526.74047643756, "Z_threshold0.45_time": 0.9352149963378906, "Z_threshold0.5_of": 38200.166643577766, "Z_threshold0.5_time": 0.8970592021942139}