{"name": "E_1100_634_13723.202.json", "BaldoML_of": 37934.60204480033, "BaldoML_time": 0.6807429790496826, "BaldoGA_of": 37705.8302513868, "BaldoGA_time": 10.988413333892822, "Solver_of": 38625.04516182491, "Solver_time": 15.899508714675903, "Z_threshold0.05_of": 38143.61443420103, "Z_threshold0.05_time": 1.6786713600158691, "Z_threshold0.1_of": 36759.30119280525, "Z_threshold0.1_time": 1.0844542980194092, "Z_threshold0.15_of": 36428.28094029361, "Z_threshold0.15_time": 1.0985996723175049, "Z_threshold0.2_of": 36400.12625008778, "Z_threshold0.2_time": 1.0805611610412598, "Z_threshold0.25_of": 36349.68478629344, "Z_threshold0.25_time": 1.0744173526763916}