{"name": "E_1100_366_7029.334.json", "BaldoML_of": 26474.59248787153, "BaldoML_time": 1.4302937984466553, "BaldoGA_of": 25810.367980304978, "BaldoGA_time": 4.428133964538574, "Solver_of": 26827.88595231083, "Solver_time": 15.058512449264526, "Z_threshold0.05_of": 26653.793384742505, "Z_threshold0.05_time": 3.4446632862091064, "Z_threshold0.1_of": 26280.905917061842, "Z_threshold0.1_time": 0.6896934509277344, "Z_threshold0.15_of": 26102.536579098378, "Z_threshold0.15_time": 0.5500748157501221, "Z_threshold0.2_of": 25499.876377585493, "Z_threshold0.2_time": 0.48576784133911133, "Z_threshold0.25_of": 24696.793954176428, "Z_threshold0.25_time": 0.4796140193939209, "Z_threshold0.3_of": 24390.295848887552, "Z_threshold0.3_time": 0.47975659370422363, "Z_threshold0.35_of": 24390.295848887552, "Z_threshold0.35_time": 0.529393196105957, "Z_threshold0.4_of": 24390.295848887552, "Z_threshold0.4_time": 0.45522284507751465, "Z_threshold0.45_of": 24390.295848887552, "Z_threshold0.45_time": 0.4470944404602051, "Z_threshold0.5_of": 24390.295848887552, "Z_threshold0.5_time": 0.4536855220794678}