{"name": "E_1100_468_14229.099.json", "BaldoML_of": 37375.274479693835, "BaldoML_time": 1.0601794719696045, "BaldoGA_of": 36893.74255738102, "BaldoGA_time": 7.833832740783691, "Solver_of": 38254.57496411062, "Solver_time": 20.631924152374268, "Z_threshold0.05_of": 38195.46803908548, "Z_threshold0.05_time": 6.973773241043091, "Z_threshold0.1_of": 37760.87954537644, "Z_threshold0.1_time": 2.9170448780059814, "Z_threshold0.15_of": 37380.34529440661, "Z_threshold0.15_time": 1.924443244934082, "Z_threshold0.2_of": 36869.335217274915, "Z_threshold0.2_time": 1.1240968704223633, "Z_threshold0.25_of": 36425.4381920029, "Z_threshold0.25_time": 1.1221685409545898}