{"name": "E_1100_299_9617.299.json", "BaldoML_of": 31250.451319984495, "BaldoML_time": 2.336702823638916, "BaldoGA_of": 30224.887352339763, "BaldoGA_time": 4.554655075073242, "Solver_of": 31623.57695791722, "Solver_time": 14.30704140663147, "Z_threshold0.05_of": 31612.755053396515, "Z_threshold0.05_time": 4.5963640213012695, "Z_threshold0.1_of": 31431.942087973883, "Z_threshold0.1_time": 2.195073366165161, "Z_threshold0.15_of": 31343.167031519297, "Z_threshold0.15_time": 1.442892074584961, "Z_threshold0.2_of": 31152.29696491489, "Z_threshold0.2_time": 1.2265033721923828, "Z_threshold0.25_of": 30496.14620515026, "Z_threshold0.25_time": 0.515275239944458, "Z_threshold0.3_of": 30209.215863396075, "Z_threshold0.3_time": 0.5125250816345215, "Z_threshold0.35_of": 29662.6589075977, "Z_threshold0.35_time": 0.5052807331085205, "Z_threshold0.4_of": 29116.728445635013, "Z_threshold0.4_time": 0.5008926391601562, "Z_threshold0.45_of": 29023.52121804107, "Z_threshold0.45_time": 0.5255396366119385, "Z_threshold0.5_of": 28851.922152597133, "Z_threshold0.5_time": 0.499100923538208}