{"name": "E_1100_420_13656.133.json", "BaldoML_of": 38117.444721998436, "BaldoML_time": 1.2431511878967285, "BaldoGA_of": 37602.23021658641, "BaldoGA_time": 6.299472808837891, "Solver_of": 39050.14360972497, "Solver_time": 17.289288997650146, "Z_threshold0.05_of": 38894.23217212988, "Z_threshold0.05_time": 4.294013738632202}