{"name": "E_1100_349_6875.883.json", "BaldoML_of": 28045.797218203843, "BaldoML_time": 1.107456922531128, "BaldoGA_of": 27249.357739909687, "BaldoGA_time": 4.186614751815796, "Solver_of": 28219.188205432183, "Solver_time": 18.304297924041748, "Z_threshold0.05_of": 28027.597625588078, "Z_threshold0.05_time": 1.9096612930297852, "Z_threshold0.1_of": 27765.043775060116, "Z_threshold0.1_time": 1.0131466388702393, "Z_threshold0.15_of": 27554.51943677657, "Z_threshold0.15_time": 0.5546622276306152, "Z_threshold0.2_of": 26894.346041832287, "Z_threshold0.2_time": 0.4828462600708008, "Z_threshold0.25_of": 26587.502597413673, "Z_threshold0.25_time": 0.47869205474853516, "Z_threshold0.3_of": 26293.564407673344, "Z_threshold0.3_time": 0.4821312427520752, "Z_threshold0.35_of": 25923.304115234598, "Z_threshold0.35_time": 0.47727322578430176, "Z_threshold0.4_of": 25923.304115234598, "Z_threshold0.4_time": 0.4701082706451416, "Z_threshold0.45_of": 25807.445678479537, "Z_threshold0.45_time": 0.5113427639007568, "Z_threshold0.5_of": 25692.39947239705, "Z_threshold0.5_time": 0.44187164306640625}