{"name": "E_1100_240_14277.977.json", "BaldoML_of": 39284.849829339764, "BaldoML_time": 2.556720733642578, "BaldoGA_of": 38073.805893612276, "BaldoGA_time": 5.480635166168213, "Solver_of": 40010.5320161401, "Solver_time": 9.86576223373413, "Z_threshold0.05_of": 39951.64389697087, "Z_threshold0.05_time": 7.574182033538818, "Z_threshold0.1_of": 39813.626860823824, "Z_threshold0.1_time": 3.9487640857696533, "Z_threshold0.15_of": 39804.77323110108, "Z_threshold0.15_time": 4.888021945953369, "Z_threshold0.2_of": 37705.599488915905, "Z_threshold0.2_time": 2.756728410720825, "Z_threshold0.25_of": 39520.18901793841, "Z_threshold0.25_time": 2.356506109237671, "Z_threshold0.3_of": 39145.62608860417, "Z_threshold0.3_time": 1.2007291316986084, "Z_threshold0.35_of": 38911.66263366261, "Z_threshold0.35_time": 0.5417416095733643, "Z_threshold0.4_of": 38346.37118180455, "Z_threshold0.4_time": 0.5652217864990234, "Z_threshold0.45_of": 37939.552140340784, "Z_threshold0.45_time": 0.5401241779327393, "Z_threshold0.5_of": 37547.857345270604, "Z_threshold0.5_time": 0.5357754230499268}