{"name": "E_1100_507_9165.566.json", "BaldoML_of": 29722.52319897178, "BaldoML_time": 0.7246849536895752, "BaldoGA_of": 29411.48905127121, "BaldoGA_time": 6.710037469863892, "Solver_of": 30241.909480956125, "Solver_time": 10.539512872695923, "Z_threshold0.05_of": 29518.718772681834, "Z_threshold0.05_time": 1.1062912940979004}