{"name": "E_1100_321_13918.5.json", "BaldoML_of": 40404.73869096826, "BaldoML_time": 19.271957874298096, "BaldoGA_of": 38663.31165689907, "BaldoGA_time": 6.493507623672485, "Solver_of": 40405.41276406677, "Solver_time": 10.817487478256226, "Z_threshold0.05_of": 40280.38870562308, "Z_threshold0.05_time": 4.726221799850464, "Z_threshold0.1_of": 40187.89456933411, "Z_threshold0.1_time": 4.025057315826416, "Z_threshold0.15_of": 40053.778649988926, "Z_threshold0.15_time": 3.4024152755737305, "Z_threshold0.2_of": 39861.127493407366, "Z_threshold0.2_time": 2.9264438152313232, "Z_threshold0.25_of": 39715.50719644041, "Z_threshold0.25_time": 2.2397611141204834, "Z_threshold0.3_of": 39494.69006726283, "Z_threshold0.3_time": 2.062940835952759, "Z_threshold0.35_of": 39445.06369580811, "Z_threshold0.35_time": 1.8449926376342773, "Z_threshold0.4_of": 39408.11723967188, "Z_threshold0.4_time": 1.0359785556793213, "Z_threshold0.45_of": 38988.03272048745, "Z_threshold0.45_time": 0.9573097229003906, "Z_threshold0.5_of": 38548.691483027804, "Z_threshold0.5_time": 0.9603643417358398}