{"name": "E_1100_608_6846.346.json", "BaldoML_of": 28636.973099692437, "BaldoML_time": 1.614699125289917, "BaldoGA_of": 27911.762383282574, "BaldoGA_time": 2.475490093231201, "Solver_of": 28651.23767562962, "Solver_time": 1.1545796394348145, "Z_threshold0.05_of": 28197.939596519696, "Z_threshold0.05_time": 0.9553594589233398, "Z_threshold0.1_of": 28197.939596519696, "Z_threshold0.1_time": 0.9330422878265381, "Z_threshold0.15_of": 28197.939596519696, "Z_threshold0.15_time": 0.9438118934631348, "Z_threshold0.2_of": 28197.939596519696, "Z_threshold0.2_time": 0.9754810333251953, "Z_threshold0.25_of": 28197.939596519696, "Z_threshold0.25_time": 0.9566597938537598, "Z_threshold0.3_of": 28144.390541979577, "Z_threshold0.3_time": 0.8809525966644287, "Z_threshold0.35_of": 28144.390541979577, "Z_threshold0.35_time": 0.8828411102294922, "Z_threshold0.4_of": 28144.390541979577, "Z_threshold0.4_time": 0.8801748752593994, "Z_threshold0.45_of": 28144.390541979577, "Z_threshold0.45_time": 0.8810439109802246, "Z_threshold0.5_of": 28144.390541979577, "Z_threshold0.5_time": 0.8869569301605225}