{"name": "E_1100_458_7167.421.json", "BaldoML_of": 25821.864251720624, "BaldoML_time": 0.5229601860046387, "BaldoGA_of": 25486.645521991337, "BaldoGA_time": 6.8384528160095215, "Solver_of": 26151.39183033766, "Solver_time": 2.082310199737549, "Z_threshold0.05_of": 25119.894764829587, "Z_threshold0.05_time": 0.4854555130004883, "Z_threshold0.1_of": 24826.879272776678, "Z_threshold0.1_time": 0.48163366317749023, "Z_threshold0.15_of": 24776.164537446737, "Z_threshold0.15_time": 0.47210240364074707, "Z_threshold0.2_of": 24776.164537446737, "Z_threshold0.2_time": 0.505803108215332, "Z_threshold0.25_of": 24776.164537446737, "Z_threshold0.25_time": 0.47115540504455566, "Z_threshold0.3_of": 24776.164537446737, "Z_threshold0.3_time": 0.472564697265625, "Z_threshold0.35_of": 24776.164537446737, "Z_threshold0.35_time": 0.47072911262512207, "Z_threshold0.4_of": 24776.164537446737, "Z_threshold0.4_time": 0.4715397357940674, "Z_threshold0.45_of": 24776.164537446737, "Z_threshold0.45_time": 0.47101259231567383, "Z_threshold0.5_of": 24776.164537446737, "Z_threshold0.5_time": 0.4700279235839844}