{"name": "E_1100_297_7321.559.json", "BaldoML_of": 26023.230297970953, "BaldoML_time": 2.9059243202209473, "BaldoGA_of": 25182.967592751607, "BaldoGA_time": 4.013324022293091, "Solver_of": 26235.378560031793, "Solver_time": 7.716073751449585, "Z_threshold0.05_of": 26178.304089540383, "Z_threshold0.05_time": 1.9692418575286865, "Z_threshold0.1_of": 25756.00038320549, "Z_threshold0.1_time": 1.6429908275604248, "Z_threshold0.15_of": 25573.252516908557, "Z_threshold0.15_time": 1.475534439086914, "Z_threshold0.2_of": 25247.472208937812, "Z_threshold0.2_time": 1.1305804252624512, "Z_threshold0.25_of": 24893.01346060579, "Z_threshold0.25_time": 1.051018476486206}