{"name": "E_1100_623_14196.18.json", "BaldoML_of": 35723.29555785146, "BaldoML_time": 0.5358481407165527, "BaldoGA_of": 35412.21651762008, "BaldoGA_time": 10.613073348999023, "Solver_of": 36389.26659773624, "Solver_time": 10.734580278396606, "Z_threshold0.05_of": 35754.61069018611, "Z_threshold0.05_time": 1.4855575561523438}