{"name": "E_1100_420_13656.133.json", "BaldoML_of": 38117.444721998436, "BaldoML_time": 1.2431511878967285, "BaldoGA_of": 37602.23021658641, "BaldoGA_time": 6.299472808837891, "Solver_of": 39050.14360972497, "Solver_time": 17.289288997650146, "Z_threshold0.05_of": 38894.23217212988, "Z_threshold0.05_time": 5.4528279304504395, "Z_threshold0.1_of": 38520.57596820828, "Z_threshold0.1_time": 2.5618536472320557, "Z_threshold0.15_of": 38186.595046389855, "Z_threshold0.15_time": 1.8815689086914062, "Z_threshold0.2_of": 37971.85631042725, "Z_threshold0.2_time": 1.3703505992889404}