{"name": "E_1100_290_13676.604.json", "BaldoML_of": 41079.60143795766, "BaldoML_time": 2.0027966499328613, "BaldoGA_of": 40138.03177342554, "BaldoGA_time": 7.0264856815338135, "Solver_of": 42041.434644593064, "Solver_time": 12.225093603134155, "Z_threshold0.05_of": 41977.59134999473, "Z_threshold0.05_time": 4.523045301437378, "Z_threshold0.1_of": 41764.860672474795, "Z_threshold0.1_time": 2.876676082611084, "Z_threshold0.15_of": 41516.780109650885, "Z_threshold0.15_time": 2.578047037124634, "Z_threshold0.2_of": 41383.815411815536, "Z_threshold0.2_time": 2.004720449447632, "Z_threshold0.25_of": 41251.76376033478, "Z_threshold0.25_time": 1.6731514930725098, "Z_threshold0.3_of": 41178.534697438765, "Z_threshold0.3_time": 1.9787046909332275, "Z_threshold0.35_of": 40956.344779018116, "Z_threshold0.35_time": 0.6782777309417725, "Z_threshold0.4_of": 40474.16460250709, "Z_threshold0.4_time": 0.568565845489502, "Z_threshold0.45_of": 40018.34537513566, "Z_threshold0.45_time": 0.5540080070495605, "Z_threshold0.5_of": 39832.667391914845, "Z_threshold0.5_time": 0.5577096939086914}