{"name": "E_1100_610_9152.854.json", "BaldoML_of": 31313.763191871443, "BaldoML_time": 0.6970133781433105, "BaldoGA_of": 30946.779387913924, "BaldoGA_time": 3.0224056243896484, "Solver_of": 31740.987361561638, "Solver_time": 6.21598482131958, "Z_threshold0.05_of": 30947.27825650579, "Z_threshold0.05_time": 1.0378589630126953, "Z_threshold0.1_of": 30947.27825650579, "Z_threshold0.1_time": 1.0446035861968994, "Z_threshold0.15_of": 30947.27825650579, "Z_threshold0.15_time": 1.1014924049377441, "Z_threshold0.2_of": 30947.27825650579, "Z_threshold0.2_time": 1.0334324836730957, "Z_threshold0.25_of": 30947.27825650579, "Z_threshold0.25_time": 1.0325860977172852}