{"name": "E_1100_281_14148.26.json", "BaldoML_of": 39465.173617715765, "BaldoML_time": 3.8132033348083496, "BaldoGA_of": 38184.821382688046, "BaldoGA_time": 6.39354944229126, "Solver_of": 40006.17961834583, "Solver_time": 7.925858736038208, "Z_threshold0.05_of": 39897.369819250154, "Z_threshold0.05_time": 8.818280935287476, "Z_threshold0.1_of": 39834.99747949089, "Z_threshold0.1_time": 5.054020881652832, "Z_threshold0.15_of": 39739.11860944716, "Z_threshold0.15_time": 3.9801251888275146, "Z_threshold0.2_of": 39528.77909544098, "Z_threshold0.2_time": 2.9131698608398438, "Z_threshold0.25_of": 39364.708568061964, "Z_threshold0.25_time": 1.7734384536743164, "Z_threshold0.3_of": 39349.950375940476, "Z_threshold0.3_time": 1.465872049331665, "Z_threshold0.35_of": 39081.88195958485, "Z_threshold0.35_time": 0.6217975616455078, "Z_threshold0.4_of": 38643.02419284674, "Z_threshold0.4_time": 0.5564756393432617, "Z_threshold0.45_of": 38260.83804298236, "Z_threshold0.45_time": 0.5607538223266602, "Z_threshold0.5_of": 37731.01746810532, "Z_threshold0.5_time": 0.5598597526550293}