{"name": "E_1100_456_9270.815.json", "BaldoML_of": 30363.779076494266, "BaldoML_time": 1.6198797225952148, "BaldoGA_of": 29951.874833143393, "BaldoGA_time": 6.931788206100464, "Solver_of": 30793.979688069274, "Solver_time": 23.133804082870483, "Z_threshold0.05_of": 30443.99956384356, "Z_threshold0.05_time": 1.1585347652435303, "Z_threshold0.1_of": 30156.243434556927, "Z_threshold0.1_time": 0.5087285041809082, "Z_threshold0.15_of": 29198.198079857244, "Z_threshold0.15_time": 0.49820947647094727, "Z_threshold0.2_of": 29093.334607118373, "Z_threshold0.2_time": 0.4956371784210205, "Z_threshold0.25_of": 29042.27073271958, "Z_threshold0.25_time": 0.5021922588348389, "Z_threshold0.3_of": 28969.181985233405, "Z_threshold0.3_time": 0.4936532974243164, "Z_threshold0.35_of": 28902.428781225866, "Z_threshold0.35_time": 0.48835253715515137, "Z_threshold0.4_of": 28849.571716914204, "Z_threshold0.4_time": 0.4885103702545166, "Z_threshold0.45_of": 28790.09764514337, "Z_threshold0.45_time": 0.5204761028289795, "Z_threshold0.5_of": 28790.09764514337, "Z_threshold0.5_time": 0.4924483299255371}