{"name": "E_1100_269_14047.149.json", "BaldoML_of": 40916.994587401074, "BaldoML_time": 1.59259033203125, "BaldoGA_of": 39599.83424247113, "BaldoGA_time": 6.509183645248413, "Solver_of": 41611.14568113627, "Solver_time": 9.03414535522461, "Z_threshold0.05_of": 41602.71285024665, "Z_threshold0.05_time": 4.325073957443237, "Z_threshold0.1_of": 41417.59828235906, "Z_threshold0.1_time": 4.3085572719573975, "Z_threshold0.15_of": 41227.11173011565, "Z_threshold0.15_time": 3.471193552017212, "Z_threshold0.2_of": 40838.42800117035, "Z_threshold0.2_time": 2.441103219985962, "Z_threshold0.25_of": 40374.85285133994, "Z_threshold0.25_time": 1.6204452514648438}