{"name": "E_1100_310_14371.437.json", "BaldoML_of": 38408.15376075584, "BaldoML_time": 2.7919065952301025, "BaldoGA_of": 37054.24336731511, "BaldoGA_time": 5.975550174713135, "Solver_of": 39069.93419371742, "Solver_time": 7.903519630432129, "Z_threshold0.05_of": 38974.394724739, "Z_threshold0.05_time": 8.526297092437744, "Z_threshold0.1_of": 38731.11380680558, "Z_threshold0.1_time": 3.339106798171997, "Z_threshold0.15_of": 38646.52756136158, "Z_threshold0.15_time": 2.816861152648926, "Z_threshold0.2_of": 38566.70941319696, "Z_threshold0.2_time": 2.5507707595825195, "Z_threshold0.25_of": 38399.14086514673, "Z_threshold0.25_time": 1.8976070880889893, "Z_threshold0.3_of": 38180.16396676332, "Z_threshold0.3_time": 0.5590858459472656, "Z_threshold0.35_of": 37797.76705783988, "Z_threshold0.35_time": 0.5506575107574463, "Z_threshold0.4_of": 37576.1496788791, "Z_threshold0.4_time": 0.5477290153503418, "Z_threshold0.45_of": 37411.617217463005, "Z_threshold0.45_time": 0.5455994606018066, "Z_threshold0.5_of": 37034.71922121222, "Z_threshold0.5_time": 0.5468485355377197}