{"name": "E_1100_291_13433.434.json", "BaldoML_of": 41501.74329644164, "BaldoML_time": 2.6305856704711914, "BaldoGA_of": 40439.36886048145, "BaldoGA_time": 6.197305679321289, "Solver_of": 42180.018187217356, "Solver_time": 7.56016731262207, "Z_threshold0.05_of": 42134.87503386294, "Z_threshold0.05_time": 5.246664047241211, "Z_threshold0.1_of": 42085.166732041675, "Z_threshold0.1_time": 4.717031955718994, "Z_threshold0.15_of": 41849.20790709783, "Z_threshold0.15_time": 4.026364326477051, "Z_threshold0.2_of": 41464.96364622532, "Z_threshold0.2_time": 3.4881603717803955, "Z_threshold0.25_of": 41081.45895400276, "Z_threshold0.25_time": 1.7489659786224365}