{"name": "E_1100_385_14203.103.json", "BaldoML_of": 38362.407907406574, "BaldoML_time": 1.5808484554290771, "BaldoGA_of": 37154.9904443315, "BaldoGA_time": 6.2618725299835205, "Solver_of": 39013.30958728498, "Solver_time": 168.70869874954224, "Z_threshold0.05_of": 38961.59399064798, "Z_threshold0.05_time": 6.252477169036865}