{"name": "E_1100_615_7152.767.json", "BaldoML_of": 26143.178072668732, "BaldoML_time": 0.9534358978271484, "BaldoGA_of": 25869.995868626054, "BaldoGA_time": 2.5479631423950195, "Solver_of": 26316.0557324935, "Solver_time": 1.931757926940918, "Z_threshold0.05_of": 25920.990294185456, "Z_threshold0.05_time": 0.9455738067626953}