{"name": "E_1100_631_6869.865.json", "BaldoML_of": 27474.4630562508, "BaldoML_time": 1.0995798110961914, "BaldoGA_of": 26802.68651941981, "BaldoGA_time": 2.2289071083068848, "Solver_of": 27474.138607009703, "Solver_time": 0.9041562080383301, "Z_threshold0.05_of": 27098.7187584644, "Z_threshold0.05_time": 0.8642063140869141, "Z_threshold0.1_of": 27098.7187584644, "Z_threshold0.1_time": 0.8822305202484131, "Z_threshold0.15_of": 27098.7187584644, "Z_threshold0.15_time": 0.8690488338470459, "Z_threshold0.2_of": 27098.7187584644, "Z_threshold0.2_time": 0.849452018737793, "Z_threshold0.25_of": 27098.7187584644, "Z_threshold0.25_time": 0.858980655670166, "Z_threshold0.3_of": 27098.7187584644, "Z_threshold0.3_time": 0.8451509475708008, "Z_threshold0.35_of": 27098.7187584644, "Z_threshold0.35_time": 0.85361647605896, "Z_threshold0.4_of": 27098.7187584644, "Z_threshold0.4_time": 0.8634786605834961, "Z_threshold0.45_of": 27098.7187584644, "Z_threshold0.45_time": 0.9942998886108398, "Z_threshold0.5_of": 27098.7187584644, "Z_threshold0.5_time": 0.8617541790008545}