{"name": "E_1100_628_9701.248.json", "BaldoML_of": 29152.51606078929, "BaldoML_time": 0.5137972831726074, "BaldoGA_of": 28746.491080946907, "BaldoGA_time": 2.6659493446350098, "Solver_of": 29548.06302474751, "Solver_time": 2.1174046993255615, "Z_threshold0.05_of": 28746.491080946875, "Z_threshold0.05_time": 1.1364164352416992, "Z_threshold0.1_of": 28746.491080946875, "Z_threshold0.1_time": 1.127685785293579, "Z_threshold0.15_of": 28746.491080946875, "Z_threshold0.15_time": 1.1948742866516113, "Z_threshold0.2_of": 28746.491080946875, "Z_threshold0.2_time": 1.1147418022155762}