{"name": "E_1100_394_14069.936.json", "BaldoML_of": 38845.430088783774, "BaldoML_time": 8.852028131484985, "BaldoGA_of": 37003.6161970897, "BaldoGA_time": 6.032649040222168, "Solver_of": 38845.22509928077, "Solver_time": 13.599342584609985, "Z_threshold0.05_of": 38770.7459663005, "Z_threshold0.05_time": 3.9600577354431152, "Z_threshold0.1_of": 38581.14377009545, "Z_threshold0.1_time": 2.948115110397339, "Z_threshold0.15_of": 38376.622919927126, "Z_threshold0.15_time": 2.3485405445098877, "Z_threshold0.2_of": 38176.947874046244, "Z_threshold0.2_time": 1.9409797191619873, "Z_threshold0.25_of": 37932.483534597945, "Z_threshold0.25_time": 1.3951325416564941, "Z_threshold0.3_of": 37742.480946314856, "Z_threshold0.3_time": 1.0331673622131348, "Z_threshold0.35_of": 37298.56488413539, "Z_threshold0.35_time": 0.9786746501922607, "Z_threshold0.4_of": 36962.55063711057, "Z_threshold0.4_time": 0.956099271774292, "Z_threshold0.45_of": 36725.89800445751, "Z_threshold0.45_time": 0.9156656265258789, "Z_threshold0.5_of": 36577.95657030502, "Z_threshold0.5_time": 0.9080591201782227}