{"name": "E_1100_336_13776.187.json", "BaldoML_of": 39794.82538920466, "BaldoML_time": 14.010849714279175, "BaldoGA_of": 37797.01291409263, "BaldoGA_time": 6.441921710968018, "Solver_of": 39794.825388954494, "Solver_time": 18.32411026954651, "Z_threshold0.05_of": 39675.73842975296, "Z_threshold0.05_time": 5.732183456420898, "Z_threshold0.1_of": 39504.32490210267, "Z_threshold0.1_time": 3.8756392002105713, "Z_threshold0.15_of": 39469.106725954385, "Z_threshold0.15_time": 2.984083890914917, "Z_threshold0.2_of": 39266.38075292644, "Z_threshold0.2_time": 2.944467306137085, "Z_threshold0.25_of": 39122.88313757209, "Z_threshold0.25_time": 2.4792628288269043, "Z_threshold0.3_of": 39076.79847177482, "Z_threshold0.3_time": 2.053464651107788, "Z_threshold0.35_of": 38864.15143074011, "Z_threshold0.35_time": 0.9247434139251709, "Z_threshold0.4_of": 38590.75774400401, "Z_threshold0.4_time": 0.9196126461029053, "Z_threshold0.45_of": 38338.443777483786, "Z_threshold0.45_time": 0.9191479682922363, "Z_threshold0.5_of": 37828.734615960355, "Z_threshold0.5_time": 0.9901626110076904}