{"name": "E_1100_637_7153.192.json", "BaldoML_of": 26156.529467100143, "BaldoML_time": 0.5555875301361084, "BaldoGA_of": 25770.247507889173, "BaldoGA_time": 2.265918493270874, "Solver_of": 26478.3110594731, "Solver_time": 1.4651358127593994, "Z_threshold0.05_of": 25911.957613575614, "Z_threshold0.05_time": 0.5064842700958252, "Z_threshold0.1_of": 25911.957613575614, "Z_threshold0.1_time": 0.5142741203308105, "Z_threshold0.15_of": 25911.957613575614, "Z_threshold0.15_time": 0.5040359497070312, "Z_threshold0.2_of": 25911.957613575614, "Z_threshold0.2_time": 0.4974374771118164, "Z_threshold0.25_of": 25911.957613575614, "Z_threshold0.25_time": 0.5003995895385742, "Z_threshold0.3_of": 25911.957613575614, "Z_threshold0.3_time": 0.4982149600982666, "Z_threshold0.35_of": 25911.957613575614, "Z_threshold0.35_time": 0.4974513053894043, "Z_threshold0.4_of": 25911.957613575614, "Z_threshold0.4_time": 0.4933896064758301, "Z_threshold0.45_of": 25911.957613575614, "Z_threshold0.45_time": 0.51261305809021, "Z_threshold0.5_of": 25911.957613575614, "Z_threshold0.5_time": 0.48609161376953125}