{"name": "E_1100_285_9460.199.json", "BaldoML_of": 31601.002547677, "BaldoML_time": 2.2671616077423096, "BaldoGA_of": 30678.7007331268, "BaldoGA_time": 4.877768278121948, "Solver_of": 32152.010915820756, "Solver_time": 6.197866678237915, "Z_threshold0.05_of": 32056.927285751626, "Z_threshold0.05_time": 6.3142170906066895, "Z_threshold0.1_of": 31787.504184431593, "Z_threshold0.1_time": 3.005497694015503, "Z_threshold0.15_of": 31426.13065868577, "Z_threshold0.15_time": 2.200824022293091, "Z_threshold0.2_of": 31106.29236880532, "Z_threshold0.2_time": 1.7032573223114014, "Z_threshold0.25_of": 30727.673454735548, "Z_threshold0.25_time": 1.078249454498291}