{"name": "E_1100_394_14069.936.json", "BaldoML_of": 38108.25897231638, "BaldoML_time": 1.7296135425567627, "BaldoGA_of": 37003.6161970897, "BaldoGA_time": 6.032649040222168, "Solver_of": 38845.22509928077, "Solver_time": 13.599342584609985, "Z_threshold0.05_of": 38797.65642277705, "Z_threshold0.05_time": 5.1306962966918945, "Z_threshold0.1_of": 38581.14377009545, "Z_threshold0.1_time": 2.9160306453704834, "Z_threshold0.15_of": 38319.36218164572, "Z_threshold0.15_time": 1.7723243236541748, "Z_threshold0.2_of": 38053.30697835263, "Z_threshold0.2_time": 1.4563000202178955, "Z_threshold0.25_of": 37845.40263461472, "Z_threshold0.25_time": 0.7694354057312012, "Z_threshold0.3_of": 37334.34667531985, "Z_threshold0.3_time": 0.5400357246398926, "Z_threshold0.35_of": 36993.691531042125, "Z_threshold0.35_time": 0.6492044925689697, "Z_threshold0.4_of": 36725.89800445751, "Z_threshold0.4_time": 0.5350649356842041, "Z_threshold0.45_of": 36577.95657030502, "Z_threshold0.45_time": 0.5392472743988037, "Z_threshold0.5_of": 36499.32425748902, "Z_threshold0.5_time": 0.5383729934692383}