{"name": "E_1100_275_14249.61.json", "BaldoML_of": 38415.474387709204, "BaldoML_time": 3.1491451263427734, "BaldoGA_of": 36694.214020843036, "BaldoGA_time": 6.131004095077515, "Solver_of": 39006.5312373937, "Solver_time": 24.008416175842285, "Z_threshold0.05_of": 38952.744544954236, "Z_threshold0.05_time": 11.070631980895996, "Z_threshold0.1_of": 38899.646190279396, "Z_threshold0.1_time": 7.361162424087524, "Z_threshold0.15_of": 38708.6520177668, "Z_threshold0.15_time": 4.260828018188477, "Z_threshold0.2_of": 38391.81648907907, "Z_threshold0.2_time": 2.811556577682495}