{"name": "E_1100_646_9307.529.json", "BaldoML_of": 31563.586605068904, "BaldoML_time": 0.6059772968292236, "BaldoGA_of": 31231.503451645505, "BaldoGA_time": 2.9620914459228516, "Solver_of": 31978.995926082596, "Solver_time": 2.7214815616607666, "Z_threshold0.05_of": 31259.234239961486, "Z_threshold0.05_time": 1.089228868484497, "Z_threshold0.1_of": 31259.234239961486, "Z_threshold0.1_time": 1.0821678638458252, "Z_threshold0.15_of": 31259.234239961486, "Z_threshold0.15_time": 1.0697505474090576, "Z_threshold0.2_of": 31259.234239961486, "Z_threshold0.2_time": 1.1592552661895752}