{"name": "E_1100_236_9298.556.json", "BaldoML_of": 32733.97224284227, "BaldoML_time": 2.5752501487731934, "BaldoGA_of": 31456.28857864456, "BaldoGA_time": 4.664353370666504, "Solver_of": 33060.690568239224, "Solver_time": 10.06531834602356, "Z_threshold0.05_of": 32975.24370810509, "Z_threshold0.05_time": 5.182857275009155, "Z_threshold0.1_of": 32907.48391086537, "Z_threshold0.1_time": 2.8067753314971924, "Z_threshold0.15_of": 32780.759728735575, "Z_threshold0.15_time": 3.1282782554626465, "Z_threshold0.2_of": 32575.716315182075, "Z_threshold0.2_time": 2.3039400577545166}