{"name": "E_1100_394_9369.542.json", "BaldoML_of": 31298.273980638827, "BaldoML_time": 15.36491847038269, "BaldoGA_of": 30075.967009641096, "BaldoGA_time": 5.54834246635437, "Solver_of": 31298.24911583492, "Solver_time": 11.822439908981323, "Z_threshold0.05_of": 31221.50569828732, "Z_threshold0.05_time": 6.1493449211120605, "Z_threshold0.1_of": 30806.265595610763, "Z_threshold0.1_time": 1.7371189594268799, "Z_threshold0.15_of": 30503.548782665137, "Z_threshold0.15_time": 1.1039366722106934, "Z_threshold0.2_of": 29794.634421456212, "Z_threshold0.2_time": 0.9110822677612305, "Z_threshold0.25_of": 29291.90286430917, "Z_threshold0.25_time": 0.9037876129150391, "Z_threshold0.3_of": 28946.67783905457, "Z_threshold0.3_time": 0.9088153839111328, "Z_threshold0.35_of": 28642.991787867002, "Z_threshold0.35_time": 0.8820052146911621, "Z_threshold0.4_of": 28277.68546764155, "Z_threshold0.4_time": 0.8954153060913086, "Z_threshold0.45_of": 28198.375957192166, "Z_threshold0.45_time": 0.9146296977996826, "Z_threshold0.5_of": 28198.375957192166, "Z_threshold0.5_time": 0.9000928401947021}