{"name": "E_1100_494_7085.38.json", "BaldoML_of": 27283.703633748642, "BaldoML_time": 0.6569793224334717, "BaldoGA_of": 27002.50031205416, "BaldoGA_time": 6.570942163467407, "Solver_of": 27408.356516180305, "Solver_time": 3.2532758712768555, "Z_threshold0.05_of": 26745.169449539993, "Z_threshold0.05_time": 0.4534900188446045, "Z_threshold0.1_of": 26745.169449539993, "Z_threshold0.1_time": 0.44872045516967773, "Z_threshold0.15_of": 26745.169449539993, "Z_threshold0.15_time": 0.4584629535675049, "Z_threshold0.2_of": 26745.169449539993, "Z_threshold0.2_time": 0.461395263671875, "Z_threshold0.25_of": 26745.169449539993, "Z_threshold0.25_time": 0.4553821086883545, "Z_threshold0.3_of": 26745.169449539993, "Z_threshold0.3_time": 0.44598913192749023, "Z_threshold0.35_of": 26745.169449539993, "Z_threshold0.35_time": 0.44721508026123047, "Z_threshold0.4_of": 26745.169449539993, "Z_threshold0.4_time": 0.48111534118652344, "Z_threshold0.45_of": 26745.169449539993, "Z_threshold0.45_time": 0.49511265754699707, "Z_threshold0.5_of": 26745.169449539993, "Z_threshold0.5_time": 0.5666577816009521}