{"name": "E_1100_584_7092.992.json", "BaldoML_of": 26205.478690322903, "BaldoML_time": 0.8207783699035645, "BaldoGA_of": 25853.23356454063, "BaldoGA_time": 2.238750696182251, "Solver_of": 26534.21354973576, "Solver_time": 1.341160535812378, "Z_threshold0.05_of": 25887.893521827256, "Z_threshold0.05_time": 1.0176172256469727, "Z_threshold0.1_of": 25887.893521827256, "Z_threshold0.1_time": 1.0368242263793945, "Z_threshold0.15_of": 25887.893521827256, "Z_threshold0.15_time": 1.017686367034912, "Z_threshold0.2_of": 25842.57447492563, "Z_threshold0.2_time": 1.1110715866088867, "Z_threshold0.25_of": 25842.57447492563, "Z_threshold0.25_time": 1.011272668838501}