{"name": "E_1100_328_9501.08.json", "BaldoML_of": 31145.130001659472, "BaldoML_time": 2.556785821914673, "BaldoGA_of": 30410.960584829278, "BaldoGA_time": 4.657710313796997, "Solver_of": 31574.419890297737, "Solver_time": 21.26282811164856, "Z_threshold0.05_of": 31402.48555120113, "Z_threshold0.05_time": 2.779040575027466}