{"name": "E_1100_360_14066.337.json", "BaldoML_of": 38258.31817094651, "BaldoML_time": 2.067220449447632, "BaldoGA_of": 37680.95998980412, "BaldoGA_time": 6.188657283782959, "Solver_of": 39218.6328637951, "Solver_time": 11.414777517318726, "Z_threshold0.05_of": 39200.75592339992, "Z_threshold0.05_time": 5.879127740859985}