{"name": "E_1100_654_7021.207.json", "BaldoML_of": 27400.66127452789, "BaldoML_time": 0.6581401824951172, "BaldoGA_of": 27102.05665898441, "BaldoGA_time": 2.4045839309692383, "Solver_of": 27611.113359628052, "Solver_time": 0.9030961990356445, "Z_threshold0.05_of": 27152.809166900755, "Z_threshold0.05_time": 1.0854721069335938, "Z_threshold0.1_of": 27102.05665898443, "Z_threshold0.1_time": 1.1410212516784668, "Z_threshold0.15_of": 27102.05665898443, "Z_threshold0.15_time": 1.0670664310455322, "Z_threshold0.2_of": 27102.05665898443, "Z_threshold0.2_time": 1.0715506076812744}