{"name": "E_1100_657_14170.052.json", "BaldoML_of": 36404.99473990317, "BaldoML_time": 0.7322201728820801, "BaldoGA_of": 36007.573806996865, "BaldoGA_time": 11.948775053024292, "Solver_of": 37022.39985003754, "Solver_time": 14.39889144897461, "Z_threshold0.05_of": 36196.298132660035, "Z_threshold0.05_time": 0.5368809700012207, "Z_threshold0.1_of": 36196.298132660035, "Z_threshold0.1_time": 0.5339338779449463, "Z_threshold0.15_of": 36196.298132660035, "Z_threshold0.15_time": 0.5321033000946045, "Z_threshold0.2_of": 36196.298132660035, "Z_threshold0.2_time": 0.5448513031005859, "Z_threshold0.25_of": 36196.298132660035, "Z_threshold0.25_time": 0.5265605449676514, "Z_threshold0.3_of": 36196.298132660035, "Z_threshold0.3_time": 0.5262110233306885, "Z_threshold0.35_of": 36196.298132660035, "Z_threshold0.35_time": 0.5227048397064209, "Z_threshold0.4_of": 36196.298132660035, "Z_threshold0.4_time": 0.5336759090423584, "Z_threshold0.45_of": 36196.298132660035, "Z_threshold0.45_time": 0.5292723178863525, "Z_threshold0.5_of": 36196.298132660035, "Z_threshold0.5_time": 0.5359964370727539}