{"name": "E_1100_249_7029.314.json", "BaldoML_of": 27379.965100264148, "BaldoML_time": 2.413755416870117, "BaldoGA_of": 26529.18675499367, "BaldoGA_time": 3.8413150310516357, "Solver_of": 27661.899139272235, "Solver_time": 5.884820938110352, "Z_threshold0.05_of": 27616.96756423549, "Z_threshold0.05_time": 3.775404930114746, "Z_threshold0.1_of": 27463.465507472443, "Z_threshold0.1_time": 1.3331286907196045, "Z_threshold0.15_of": 27319.186654945206, "Z_threshold0.15_time": 1.1361651420593262, "Z_threshold0.2_of": 27062.71987556937, "Z_threshold0.2_time": 1.137467622756958, "Z_threshold0.25_of": 26900.855119545304, "Z_threshold0.25_time": 0.5468111038208008, "Z_threshold0.3_of": 26707.20917364761, "Z_threshold0.3_time": 0.5136227607727051, "Z_threshold0.35_of": 26355.51242337768, "Z_threshold0.35_time": 0.5079746246337891, "Z_threshold0.4_of": 25897.666085533056, "Z_threshold0.4_time": 0.5114073753356934, "Z_threshold0.45_of": 25581.073428804037, "Z_threshold0.45_time": 0.5023751258850098, "Z_threshold0.5_of": 25075.35784696639, "Z_threshold0.5_time": 0.5004737377166748}