{"name": "E_1100_517_7012.58.json", "BaldoML_of": 27340.85518443898, "BaldoML_time": 0.7497725486755371, "BaldoGA_of": 26882.17363000253, "BaldoGA_time": 2.3318865299224854, "Solver_of": 27691.33575139498, "Solver_time": 3.819349527359009, "Z_threshold0.05_of": 26885.10200709949, "Z_threshold0.05_time": 1.03773832321167, "Z_threshold0.1_of": 26885.10200709949, "Z_threshold0.1_time": 1.0852973461151123, "Z_threshold0.15_of": 26885.10200709949, "Z_threshold0.15_time": 1.1527907848358154, "Z_threshold0.2_of": 26885.10200709949, "Z_threshold0.2_time": 1.109492540359497}