{"name": "E_1100_586_9184.891.json", "BaldoML_of": 32096.238486708622, "BaldoML_time": 0.738440752029419, "BaldoGA_of": 31730.06497130548, "BaldoGA_time": 8.665483236312866, "Solver_of": 32265.165240236463, "Solver_time": 4.463494539260864, "Z_threshold0.05_of": 31211.379870425568, "Z_threshold0.05_time": 1.0071756839752197, "Z_threshold0.1_of": 31211.379870425568, "Z_threshold0.1_time": 1.001328468322754, "Z_threshold0.15_of": 31211.379870425568, "Z_threshold0.15_time": 1.0015943050384521, "Z_threshold0.2_of": 31211.379870425568, "Z_threshold0.2_time": 1.0001983642578125, "Z_threshold0.25_of": 31211.379870425568, "Z_threshold0.25_time": 1.0812427997589111}