{"name": "E_1100_543_9448.119.json", "BaldoML_of": 29537.3207281972, "BaldoML_time": 3.9160361289978027, "BaldoGA_of": 29040.288585946724, "BaldoGA_time": 7.371963977813721, "Solver_of": 29537.3207281972, "Solver_time": 6.162548303604126, "Z_threshold0.05_of": 28917.203184048205, "Z_threshold0.05_time": 1.0459113121032715, "Z_threshold0.1_of": 28187.49792801684, "Z_threshold0.1_time": 0.9362804889678955, "Z_threshold0.15_of": 28089.635676229947, "Z_threshold0.15_time": 0.9392240047454834, "Z_threshold0.2_of": 28089.635676229947, "Z_threshold0.2_time": 0.9943571090698242, "Z_threshold0.25_of": 28032.895638095782, "Z_threshold0.25_time": 0.9716110229492188, "Z_threshold0.3_of": 28032.895638095782, "Z_threshold0.3_time": 0.9188320636749268, "Z_threshold0.35_of": 28032.895638095782, "Z_threshold0.35_time": 0.9184517860412598, "Z_threshold0.4_of": 28032.895638095782, "Z_threshold0.4_time": 1.0808782577514648, "Z_threshold0.45_of": 28032.895638095782, "Z_threshold0.45_time": 0.9177992343902588, "Z_threshold0.5_of": 28032.895638095782, "Z_threshold0.5_time": 0.9176726341247559}