{"name": "E_1100_234_7004.381.json", "BaldoML_of": 28464.96770262864, "BaldoML_time": 2.302001476287842, "BaldoGA_of": 27554.319782204813, "BaldoGA_time": 3.9227962493896484, "Solver_of": 28589.27595425345, "Solver_time": 6.858452558517456, "Z_threshold0.05_of": 28567.446511366863, "Z_threshold0.05_time": 2.8714113235473633, "Z_threshold0.1_of": 28417.738142572325, "Z_threshold0.1_time": 1.8142814636230469, "Z_threshold0.15_of": 28091.49683154702, "Z_threshold0.15_time": 1.603480339050293, "Z_threshold0.2_of": 27731.40225430507, "Z_threshold0.2_time": 1.1420929431915283, "Z_threshold0.25_of": 27252.285607673057, "Z_threshold0.25_time": 1.0216560363769531}