{"name": "E_1100_372_7121.858.json", "BaldoML_of": 27072.32341243085, "BaldoML_time": 12.331946849822998, "BaldoGA_of": 26184.501235769527, "BaldoGA_time": 4.707117557525635, "Solver_of": 27074.401910629134, "Solver_time": 15.173227548599243, "Z_threshold0.05_of": 26889.591787524136, "Z_threshold0.05_time": 2.915616750717163, "Z_threshold0.1_of": 26522.232228596877, "Z_threshold0.1_time": 1.123506784439087, "Z_threshold0.15_of": 25820.592854514725, "Z_threshold0.15_time": 0.8397915363311768, "Z_threshold0.2_of": 25248.254770136078, "Z_threshold0.2_time": 0.8347187042236328, "Z_threshold0.25_of": 24974.14219088093, "Z_threshold0.25_time": 0.8303184509277344, "Z_threshold0.3_of": 24811.099194558647, "Z_threshold0.3_time": 0.8216149806976318, "Z_threshold0.35_of": 24670.4433664717, "Z_threshold0.35_time": 0.82694411277771, "Z_threshold0.4_of": 24670.4433664717, "Z_threshold0.4_time": 0.845977783203125, "Z_threshold0.45_of": 24670.4433664717, "Z_threshold0.45_time": 0.82839035987854, "Z_threshold0.5_of": 24670.4433664717, "Z_threshold0.5_time": 0.819920539855957}