{"name": "E_1100_484_7214.183.json", "BaldoML_of": 24571.347459708348, "BaldoML_time": 6.638542652130127, "BaldoGA_of": 23618.677233298775, "BaldoGA_time": 6.611534118652344, "Solver_of": 24570.61458837777, "Solver_time": 4.4524009227752686, "Z_threshold0.05_of": 23228.4603847748, "Z_threshold0.05_time": 0.9393372535705566, "Z_threshold0.1_of": 23180.73842826739, "Z_threshold0.1_time": 0.9118866920471191, "Z_threshold0.15_of": 23180.73842826739, "Z_threshold0.15_time": 0.910008430480957, "Z_threshold0.2_of": 23180.73842826739, "Z_threshold0.2_time": 0.9594860076904297, "Z_threshold0.25_of": 23180.73842826739, "Z_threshold0.25_time": 0.9106855392456055, "Z_threshold0.3_of": 23180.73842826739, "Z_threshold0.3_time": 0.9075047969818115, "Z_threshold0.35_of": 23180.73842826739, "Z_threshold0.35_time": 0.9087114334106445, "Z_threshold0.4_of": 23180.73842826739, "Z_threshold0.4_time": 0.9258682727813721, "Z_threshold0.45_of": 23180.73842826739, "Z_threshold0.45_time": 0.9127538204193115, "Z_threshold0.5_of": 23180.73842826739, "Z_threshold0.5_time": 0.9372909069061279}