{"name": "E_1100_546_14463.231.json", "BaldoML_of": 35966.329763980655, "BaldoML_time": 1.2616264820098877, "BaldoGA_of": 35347.741329325785, "BaldoGA_time": 8.850765943527222, "Solver_of": 36755.597223582234, "Solver_time": 15.298384428024292, "Z_threshold0.05_of": 36637.046143028, "Z_threshold0.05_time": 9.095004081726074}