{"name": "E_1100_508_14292.463.json", "BaldoML_of": 35969.58377104595, "BaldoML_time": 1.0817501544952393, "BaldoGA_of": 35406.246219108776, "BaldoGA_time": 7.541517496109009, "Solver_of": 36804.81373600322, "Solver_time": 16.96535563468933, "Z_threshold0.05_of": 36678.02004972365, "Z_threshold0.05_time": 6.330382347106934, "Z_threshold0.1_of": 36243.76193824939, "Z_threshold0.1_time": 0.7463140487670898, "Z_threshold0.15_of": 36005.56239642328, "Z_threshold0.15_time": 0.6295702457427979, "Z_threshold0.2_of": 35520.02687287697, "Z_threshold0.2_time": 0.5289137363433838, "Z_threshold0.25_of": 35082.613759082305, "Z_threshold0.25_time": 0.5265867710113525, "Z_threshold0.3_of": 34942.90071569944, "Z_threshold0.3_time": 0.5261969566345215, "Z_threshold0.35_of": 34860.90388669912, "Z_threshold0.35_time": 0.5300817489624023, "Z_threshold0.4_of": 34811.52133128863, "Z_threshold0.4_time": 0.5369830131530762, "Z_threshold0.45_of": 34473.888389109336, "Z_threshold0.45_time": 0.5231029987335205, "Z_threshold0.5_of": 34399.29161321161, "Z_threshold0.5_time": 0.5240330696105957}