{"name": "E_1100_531_9586.031.json", "BaldoML_of": 29798.8733753447, "BaldoML_time": 0.71378493309021, "BaldoGA_of": 29449.45677067105, "BaldoGA_time": 7.2890942096710205, "Solver_of": 30187.46536043797, "Solver_time": 5.542922496795654, "Z_threshold0.05_of": 29436.95978826433, "Z_threshold0.05_time": 1.2525873184204102, "Z_threshold0.1_of": 28408.519317934544, "Z_threshold0.1_time": 1.034700870513916, "Z_threshold0.15_of": 28303.0150092021, "Z_threshold0.15_time": 1.0345523357391357, "Z_threshold0.2_of": 28224.67090772137, "Z_threshold0.2_time": 1.1148293018341064}