{"name": "E_1100_554_9193.846.json", "BaldoML_of": 31157.239717480643, "BaldoML_time": 0.6052420139312744, "BaldoGA_of": 30718.037928122136, "BaldoGA_time": 8.596360683441162, "Solver_of": 31478.792739833705, "Solver_time": 7.59423828125, "Z_threshold0.05_of": 30404.97031135616, "Z_threshold0.05_time": 0.4818594455718994, "Z_threshold0.1_of": 30129.001652715524, "Z_threshold0.1_time": 0.47543978691101074, "Z_threshold0.15_of": 30129.001652715524, "Z_threshold0.15_time": 0.4793069362640381, "Z_threshold0.2_of": 30129.001652715524, "Z_threshold0.2_time": 0.4758288860321045, "Z_threshold0.25_of": 30129.001652715524, "Z_threshold0.25_time": 0.47369980812072754, "Z_threshold0.3_of": 30129.001652715524, "Z_threshold0.3_time": 0.47324562072753906, "Z_threshold0.35_of": 30129.001652715524, "Z_threshold0.35_time": 0.4642767906188965, "Z_threshold0.4_of": 30129.001652715524, "Z_threshold0.4_time": 0.4689462184906006, "Z_threshold0.45_of": 30129.001652715524, "Z_threshold0.45_time": 0.5862178802490234, "Z_threshold0.5_of": 30129.001652715524, "Z_threshold0.5_time": 0.47074460983276367}