{"name": "E_1100_410_7045.504.json", "BaldoML_of": 27524.506315109375, "BaldoML_time": 17.213295698165894, "BaldoGA_of": 26891.356295448146, "BaldoGA_time": 5.256777763366699, "Solver_of": 27524.506084394416, "Solver_time": 19.096855640411377, "Z_threshold0.05_of": 27160.843236674173, "Z_threshold0.05_time": 1.2934224605560303, "Z_threshold0.1_of": 26247.976476479736, "Z_threshold0.1_time": 0.9208872318267822, "Z_threshold0.15_of": 25910.634178159497, "Z_threshold0.15_time": 0.9462358951568604, "Z_threshold0.2_of": 25794.977491165002, "Z_threshold0.2_time": 0.9391200542449951, "Z_threshold0.25_of": 25757.162961267593, "Z_threshold0.25_time": 0.9231457710266113, "Z_threshold0.3_of": 25757.162961267593, "Z_threshold0.3_time": 0.9505443572998047, "Z_threshold0.35_of": 25757.162961267593, "Z_threshold0.35_time": 0.9189953804016113, "Z_threshold0.4_of": 25757.162961267593, "Z_threshold0.4_time": 0.9140009880065918, "Z_threshold0.45_of": 25757.162961267593, "Z_threshold0.45_time": 0.9352149963378906, "Z_threshold0.5_of": 25732.50154613611, "Z_threshold0.5_time": 0.9157605171203613}