{"name": "E_1100_608_6846.346.json", "BaldoML_of": 28318.003586379175, "BaldoML_time": 0.8268599510192871, "BaldoGA_of": 27911.762383282574, "BaldoGA_time": 2.475490093231201, "Solver_of": 28651.23767562962, "Solver_time": 1.1545796394348145, "Z_threshold0.05_of": 27918.195565199843, "Z_threshold0.05_time": 1.1821091175079346, "Z_threshold0.1_of": 27918.195565199843, "Z_threshold0.1_time": 1.062164545059204, "Z_threshold0.15_of": 27918.195565199843, "Z_threshold0.15_time": 1.035024881362915, "Z_threshold0.2_of": 27918.195565199843, "Z_threshold0.2_time": 1.1105010509490967}