{"name": "E_1100_251_14080.715.json", "BaldoML_of": 40367.769294992155, "BaldoML_time": 2.6896355152130127, "BaldoGA_of": 38520.23200430663, "BaldoGA_time": 4.775274276733398, "Solver_of": 40975.753127731994, "Solver_time": 12.482954263687134, "Z_threshold0.05_of": 40927.0028745498, "Z_threshold0.05_time": 5.923234224319458}