{"name": "E_1100_251_7111.55.json", "BaldoML_of": 27045.287831621496, "BaldoML_time": 3.5795867443084717, "BaldoGA_of": 25985.0729385567, "BaldoGA_time": 4.0130414962768555, "Solver_of": 27269.198614689918, "Solver_time": 5.596093416213989, "Z_threshold0.05_of": 27232.279421868912, "Z_threshold0.05_time": 3.2534759044647217}