{"name": "E_1100_426_13904.517.json", "BaldoML_of": 37271.23127743483, "BaldoML_time": 1.264613151550293, "BaldoGA_of": 36563.095972077004, "BaldoGA_time": 5.9470155239105225, "Solver_of": 37913.09255158911, "Solver_time": 12.17391586303711, "Z_threshold0.05_of": 37861.500847939285, "Z_threshold0.05_time": 5.349714279174805, "Z_threshold0.1_of": 37545.21793373043, "Z_threshold0.1_time": 3.3495635986328125, "Z_threshold0.15_of": 37351.02623508573, "Z_threshold0.15_time": 2.405825614929199, "Z_threshold0.2_of": 37100.36498884191, "Z_threshold0.2_time": 1.578251838684082, "Z_threshold0.25_of": 36485.73309139238, "Z_threshold0.25_time": 1.0670530796051025}