{"name": "E_1100_297_7321.559.json", "BaldoML_of": 26023.230297970953, "BaldoML_time": 2.9059243202209473, "BaldoGA_of": 25182.967592751607, "BaldoGA_time": 4.013324022293091, "Solver_of": 26235.378560031793, "Solver_time": 7.716073751449585, "Z_threshold0.05_of": 26218.43638244675, "Z_threshold0.05_time": 3.866983413696289, "Z_threshold0.1_of": 25915.27005449923, "Z_threshold0.1_time": 1.3950045108795166, "Z_threshold0.15_of": 25666.417769863154, "Z_threshold0.15_time": 0.9368782043457031, "Z_threshold0.2_of": 25503.627683282826, "Z_threshold0.2_time": 0.8492920398712158, "Z_threshold0.25_of": 25002.55716762512, "Z_threshold0.25_time": 0.6185052394866943, "Z_threshold0.3_of": 24679.818972098226, "Z_threshold0.3_time": 0.49306678771972656, "Z_threshold0.35_of": 24228.748734789526, "Z_threshold0.35_time": 0.4896531105041504, "Z_threshold0.4_of": 23580.236457355575, "Z_threshold0.4_time": 0.4992561340332031, "Z_threshold0.45_of": 23479.87751320916, "Z_threshold0.45_time": 0.5211141109466553, "Z_threshold0.5_of": 23379.881378838472, "Z_threshold0.5_time": 0.49361562728881836}