{"name": "E_1100_511_13946.346.json", "BaldoML_of": 36585.328096144185, "BaldoML_time": 1.0808515548706055, "BaldoGA_of": 35986.67661743124, "BaldoGA_time": 8.07042121887207, "Solver_of": 37684.88201139118, "Solver_time": 18.781920433044434, "Z_threshold0.05_of": 37407.119473167426, "Z_threshold0.05_time": 8.765797138214111, "Z_threshold0.1_of": 36744.79636832952, "Z_threshold0.1_time": 2.0145342350006104, "Z_threshold0.15_of": 35992.75643271834, "Z_threshold0.15_time": 1.0951788425445557, "Z_threshold0.2_of": 35299.66108175126, "Z_threshold0.2_time": 1.1635029315948486, "Z_threshold0.25_of": 34912.838597832175, "Z_threshold0.25_time": 1.0810980796813965}