{"name": "E_1100_318_7171.223.json", "BaldoML_of": 26433.767238359233, "BaldoML_time": 1.8720643520355225, "BaldoGA_of": 25909.412404328992, "BaldoGA_time": 4.182088136672974, "Solver_of": 26630.592065120363, "Solver_time": 19.14004111289978, "Z_threshold0.05_of": 26526.38359428447, "Z_threshold0.05_time": 2.459686279296875, "Z_threshold0.1_of": 26179.247566748636, "Z_threshold0.1_time": 1.6224627494812012, "Z_threshold0.15_of": 25667.420106932048, "Z_threshold0.15_time": 1.0035853385925293, "Z_threshold0.2_of": 25063.067999990646, "Z_threshold0.2_time": 0.9841506481170654, "Z_threshold0.25_of": 24676.367359941138, "Z_threshold0.25_time": 0.987377405166626}