{"name": "E_1100_494_9407.617.json", "BaldoML_of": 31335.85738395153, "BaldoML_time": 14.784958124160767, "BaldoGA_of": 30420.771389021258, "BaldoGA_time": 7.455932140350342, "Solver_of": 31358.686144142728, "Solver_time": 9.289650917053223, "Z_threshold0.05_of": 30650.431942197072, "Z_threshold0.05_time": 1.021646499633789, "Z_threshold0.1_of": 29986.13296931476, "Z_threshold0.1_time": 0.9078645706176758, "Z_threshold0.15_of": 29395.11578626261, "Z_threshold0.15_time": 0.87615966796875, "Z_threshold0.2_of": 29331.518485027795, "Z_threshold0.2_time": 0.901057243347168, "Z_threshold0.25_of": 29238.535063355434, "Z_threshold0.25_time": 0.8838133811950684, "Z_threshold0.3_of": 29216.574007164727, "Z_threshold0.3_time": 0.8891682624816895, "Z_threshold0.35_of": 29216.574007164727, "Z_threshold0.35_time": 0.898651123046875, "Z_threshold0.4_of": 29216.574007164727, "Z_threshold0.4_time": 0.8938848972320557, "Z_threshold0.45_of": 29216.574007164727, "Z_threshold0.45_time": 0.9090170860290527, "Z_threshold0.5_of": 29216.574007164727, "Z_threshold0.5_time": 0.904982328414917}