{"name": "E_1100_482_9295.481.json", "BaldoML_of": 30752.21271534391, "BaldoML_time": 1.1296091079711914, "BaldoGA_of": 30278.108815030937, "BaldoGA_time": 6.785736083984375, "Solver_of": 31154.90030124307, "Solver_time": 28.048152923583984, "Z_threshold0.05_of": 30783.369966738777, "Z_threshold0.05_time": 0.627866268157959, "Z_threshold0.1_of": 30131.030337205317, "Z_threshold0.1_time": 0.4766683578491211, "Z_threshold0.15_of": 29557.471953168664, "Z_threshold0.15_time": 0.47504687309265137, "Z_threshold0.2_of": 29340.734426305422, "Z_threshold0.2_time": 0.47157979011535645, "Z_threshold0.25_of": 29315.494917571294, "Z_threshold0.25_time": 0.4736819267272949, "Z_threshold0.3_of": 29220.483257287742, "Z_threshold0.3_time": 0.464127779006958, "Z_threshold0.35_of": 29196.17075883304, "Z_threshold0.35_time": 0.4796297550201416, "Z_threshold0.4_of": 29196.17075883304, "Z_threshold0.4_time": 0.4678964614868164, "Z_threshold0.45_of": 29196.17075883304, "Z_threshold0.45_time": 0.4660778045654297, "Z_threshold0.5_of": 29196.17075883304, "Z_threshold0.5_time": 0.4684939384460449}