{"name": "E_1100_366_7029.334.json", "BaldoML_of": 26474.59248787153, "BaldoML_time": 1.4302937984466553, "BaldoGA_of": 25810.367980304978, "BaldoGA_time": 4.428133964538574, "Solver_of": 26827.88595231083, "Solver_time": 15.058512449264526, "Z_threshold0.05_of": 26656.14400325542, "Z_threshold0.05_time": 3.59441876411438, "Z_threshold0.1_of": 26340.206107630787, "Z_threshold0.1_time": 1.5061488151550293, "Z_threshold0.15_of": 26036.20612722777, "Z_threshold0.15_time": 1.2453081607818604, "Z_threshold0.2_of": 25292.83166332143, "Z_threshold0.2_time": 1.1078476905822754, "Z_threshold0.25_of": 24844.410357659213, "Z_threshold0.25_time": 1.0175681114196777}