{"name": "E_1100_547_6959.488.json", "BaldoML_of": 26243.875182969772, "BaldoML_time": 0.6165261268615723, "BaldoGA_of": 25863.31101157306, "BaldoGA_time": 2.019970178604126, "Solver_of": 26581.926616292327, "Solver_time": 4.751878499984741, "Z_threshold0.05_of": 26093.25913958978, "Z_threshold0.05_time": 0.5307300090789795, "Z_threshold0.1_of": 26093.25913958978, "Z_threshold0.1_time": 0.501946210861206, "Z_threshold0.15_of": 26093.25913958978, "Z_threshold0.15_time": 0.49981260299682617, "Z_threshold0.2_of": 26093.25913958978, "Z_threshold0.2_time": 0.4979255199432373, "Z_threshold0.25_of": 26093.25913958978, "Z_threshold0.25_time": 0.4989173412322998, "Z_threshold0.3_of": 26093.25913958978, "Z_threshold0.3_time": 0.49715447425842285, "Z_threshold0.35_of": 26093.25913958978, "Z_threshold0.35_time": 0.5022954940795898, "Z_threshold0.4_of": 26093.25913958978, "Z_threshold0.4_time": 0.5358974933624268, "Z_threshold0.45_of": 26093.25913958978, "Z_threshold0.45_time": 0.5021440982818604, "Z_threshold0.5_of": 26074.729921719325, "Z_threshold0.5_time": 0.4642972946166992}