{"name": "E_1100_249_7157.268.json", "BaldoML_of": 27119.776854728734, "BaldoML_time": 3.0561304092407227, "BaldoGA_of": 26345.354464998385, "BaldoGA_time": 3.9913089275360107, "Solver_of": 27413.805791866307, "Solver_time": 10.264451026916504, "Z_threshold0.05_of": 27377.613030676435, "Z_threshold0.05_time": 3.8438704013824463, "Z_threshold0.1_of": 27133.875044213564, "Z_threshold0.1_time": 2.041205883026123, "Z_threshold0.15_of": 26967.240876227876, "Z_threshold0.15_time": 1.6565124988555908, "Z_threshold0.2_of": 26878.85898427028, "Z_threshold0.2_time": 1.168684482574463, "Z_threshold0.25_of": 26724.379897835708, "Z_threshold0.25_time": 0.960787296295166, "Z_threshold0.3_of": 26637.602749236812, "Z_threshold0.3_time": 0.6048598289489746, "Z_threshold0.35_of": 26135.248483307103, "Z_threshold0.35_time": 0.49241209030151367, "Z_threshold0.4_of": 25532.513732057563, "Z_threshold0.4_time": 0.48714685440063477, "Z_threshold0.45_of": 25272.12661375586, "Z_threshold0.45_time": 0.4835638999938965, "Z_threshold0.5_of": 24887.130122023093, "Z_threshold0.5_time": 0.482327938079834}