{"name": "E_1100_418_13720.888.json", "BaldoML_of": 38837.49525877272, "BaldoML_time": 1.0811898708343506, "BaldoGA_of": 38200.74329417969, "BaldoGA_time": 6.257115125656128, "Solver_of": 39524.85266720737, "Solver_time": 16.7808837890625, "Z_threshold0.05_of": 39413.17486854759, "Z_threshold0.05_time": 4.240928888320923}