{"name": "E_1100_269_7186.131.json", "BaldoML_of": 26118.11070518264, "BaldoML_time": 1.9191250801086426, "BaldoGA_of": 25354.19027901781, "BaldoGA_time": 3.8197555541992188, "Solver_of": 26380.435056456754, "Solver_time": 7.98713755607605, "Z_threshold0.05_of": 26329.368656513507, "Z_threshold0.05_time": 3.8440988063812256, "Z_threshold0.1_of": 26132.783770742506, "Z_threshold0.1_time": 2.7594408988952637, "Z_threshold0.15_of": 25886.923619508627, "Z_threshold0.15_time": 1.9324009418487549, "Z_threshold0.2_of": 25357.306912732187, "Z_threshold0.2_time": 1.0710244178771973, "Z_threshold0.25_of": 24886.17780471172, "Z_threshold0.25_time": 1.069272756576538}