{"name": "E_1100_422_6867.213.json", "BaldoML_of": 27278.733437694027, "BaldoML_time": 2.033179521560669, "BaldoGA_of": 26783.715155269976, "BaldoGA_time": 5.129537582397461, "Solver_of": 27464.70955844145, "Solver_time": 18.397772312164307, "Z_threshold0.05_of": 26976.181346547186, "Z_threshold0.05_time": 1.540884017944336, "Z_threshold0.1_of": 25600.779138226048, "Z_threshold0.1_time": 0.9725363254547119, "Z_threshold0.15_of": 25600.779138226048, "Z_threshold0.15_time": 1.0564935207366943, "Z_threshold0.2_of": 25510.80568077174, "Z_threshold0.2_time": 0.998499870300293}