{"name": "E_1100_483_6966.398.json", "BaldoML_of": 28371.892357772464, "BaldoML_time": 0.5176699161529541, "BaldoGA_of": 28085.564627242606, "BaldoGA_time": 7.46457576751709, "Solver_of": 28491.024048920004, "Solver_time": 2.927673578262329, "Z_threshold0.05_of": 27472.169085165453, "Z_threshold0.05_time": 1.1145381927490234, "Z_threshold0.1_of": 27472.169085165453, "Z_threshold0.1_time": 1.028559684753418, "Z_threshold0.15_of": 27472.169085165453, "Z_threshold0.15_time": 1.0368058681488037, "Z_threshold0.2_of": 27472.169085165453, "Z_threshold0.2_time": 1.1092908382415771, "Z_threshold0.25_of": 27472.169085165453, "Z_threshold0.25_time": 1.0265138149261475}