{"name": "E_1100_633_13786.166.json", "BaldoML_of": 36873.77465273421, "BaldoML_time": 14.98717999458313, "BaldoGA_of": 35755.35094482436, "BaldoGA_time": 10.375893592834473, "Solver_of": 36873.80590548534, "Solver_time": 14.572603702545166, "Z_threshold0.05_of": 36230.08501756902, "Z_threshold0.05_time": 1.0568270683288574, "Z_threshold0.1_of": 35842.167090434305, "Z_threshold0.1_time": 0.94329833984375, "Z_threshold0.15_of": 35842.167090434305, "Z_threshold0.15_time": 0.940636157989502, "Z_threshold0.2_of": 35842.167090434305, "Z_threshold0.2_time": 0.9272055625915527, "Z_threshold0.25_of": 35842.167090434305, "Z_threshold0.25_time": 0.9086470603942871, "Z_threshold0.3_of": 35842.167090434305, "Z_threshold0.3_time": 0.8821089267730713, "Z_threshold0.35_of": 35842.167090434305, "Z_threshold0.35_time": 0.9092051982879639, "Z_threshold0.4_of": 35842.167090434305, "Z_threshold0.4_time": 0.9208836555480957, "Z_threshold0.45_of": 35842.167090434305, "Z_threshold0.45_time": 0.9340579509735107, "Z_threshold0.5_of": 35842.167090434305, "Z_threshold0.5_time": 0.9179339408874512}