{"name": "E_1100_426_9289.19.json", "BaldoML_of": 31740.627983782313, "BaldoML_time": 1.3524682521820068, "BaldoGA_of": 31092.00729718772, "BaldoGA_time": 5.9107160568237305, "Solver_of": 32092.21432429743, "Solver_time": 14.79170823097229, "Z_threshold0.05_of": 31894.181847019965, "Z_threshold0.05_time": 3.392336845397949, "Z_threshold0.1_of": 31467.633232937522, "Z_threshold0.1_time": 1.64302396774292, "Z_threshold0.15_of": 30765.094109888898, "Z_threshold0.15_time": 1.0376505851745605, "Z_threshold0.2_of": 30185.510315648113, "Z_threshold0.2_time": 1.071821928024292}