{"name": "E_1100_593_6824.782.json", "BaldoML_of": 26450.80189634981, "BaldoML_time": 0.9545183181762695, "BaldoGA_of": 26094.7079211026, "BaldoGA_time": 2.4863526821136475, "Solver_of": 26861.252115983025, "Solver_time": 1.420212984085083, "Z_threshold0.05_of": 26133.196326155987, "Z_threshold0.05_time": 1.067101240158081, "Z_threshold0.1_of": 26133.196326155987, "Z_threshold0.1_time": 1.0433576107025146, "Z_threshold0.15_of": 26133.196326155987, "Z_threshold0.15_time": 1.0534298419952393, "Z_threshold0.2_of": 26085.166371358955, "Z_threshold0.2_time": 1.1170175075531006, "Z_threshold0.25_of": 26085.166371358955, "Z_threshold0.25_time": 1.0437355041503906}