{"name": "E_1100_394_14069.936.json", "BaldoML_of": 38108.25897231638, "BaldoML_time": 1.7296135425567627, "BaldoGA_of": 37003.6161970897, "BaldoGA_time": 6.032649040222168, "Solver_of": 38845.22509928077, "Solver_time": 13.599342584609985, "Z_threshold0.05_of": 38797.53282968249, "Z_threshold0.05_time": 5.50814414024353, "Z_threshold0.1_of": 38508.003266223386, "Z_threshold0.1_time": 3.803527593612671, "Z_threshold0.15_of": 38186.093987403205, "Z_threshold0.15_time": 2.667102575302124, "Z_threshold0.2_of": 37773.47898814029, "Z_threshold0.2_time": 1.9679508209228516}