{"name": "E_1100_394_9369.542.json", "BaldoML_of": 30744.00596681603, "BaldoML_time": 1.8447232246398926, "BaldoGA_of": 30075.967009641096, "BaldoGA_time": 5.54834246635437, "Solver_of": 31298.24911583492, "Solver_time": 11.822439908981323, "Z_threshold0.05_of": 31164.8597552074, "Z_threshold0.05_time": 7.3364222049713135, "Z_threshold0.1_of": 30597.03643227661, "Z_threshold0.1_time": 2.680321455001831, "Z_threshold0.15_of": 30176.42362452429, "Z_threshold0.15_time": 1.1944022178649902, "Z_threshold0.2_of": 29172.99546642094, "Z_threshold0.2_time": 1.1490192413330078, "Z_threshold0.25_of": 28656.41670584014, "Z_threshold0.25_time": 1.0659019947052002}