{"name": "E_1100_333_9372.45.json", "BaldoML_of": 31375.48544426037, "BaldoML_time": 2.9897189140319824, "BaldoGA_of": 30353.222193404137, "BaldoGA_time": 4.946960210800171, "Solver_of": 31655.031516807358, "Solver_time": 14.867917776107788, "Z_threshold0.05_of": 31644.677823211103, "Z_threshold0.05_time": 5.156275033950806, "Z_threshold0.1_of": 31276.57485788449, "Z_threshold0.1_time": 2.6343154907226562, "Z_threshold0.15_of": 31040.80347779697, "Z_threshold0.15_time": 1.8687729835510254, "Z_threshold0.2_of": 30694.67856227469, "Z_threshold0.2_time": 1.1889986991882324, "Z_threshold0.25_of": 30116.438329605513, "Z_threshold0.25_time": 1.0824408531188965}