{"name": "E_1100_468_14229.099.json", "BaldoML_of": 37375.274479693835, "BaldoML_time": 1.0601794719696045, "BaldoGA_of": 36893.74255738102, "BaldoGA_time": 7.833832740783691, "Solver_of": 38254.57496411062, "Solver_time": 20.631924152374268, "Z_threshold0.05_of": 38195.73139203806, "Z_threshold0.05_time": 4.251954078674316, "Z_threshold0.1_of": 37803.0412547775, "Z_threshold0.1_time": 1.7155663967132568, "Z_threshold0.15_of": 37602.83231381959, "Z_threshold0.15_time": 0.9548726081848145, "Z_threshold0.2_of": 37508.49593911062, "Z_threshold0.2_time": 0.6465439796447754, "Z_threshold0.25_of": 37418.03788471737, "Z_threshold0.25_time": 0.5143487453460693, "Z_threshold0.3_of": 36728.65497092102, "Z_threshold0.3_time": 0.49644017219543457, "Z_threshold0.35_of": 36594.02979433489, "Z_threshold0.35_time": 0.4965488910675049, "Z_threshold0.4_of": 36383.681997384774, "Z_threshold0.4_time": 0.5034375190734863, "Z_threshold0.45_of": 36343.71058377737, "Z_threshold0.45_time": 0.49346256256103516, "Z_threshold0.5_of": 36088.2300407627, "Z_threshold0.5_time": 0.49480485916137695}