{"name": "E_1100_637_7153.192.json", "BaldoML_of": 26156.529467100143, "BaldoML_time": 0.5555875301361084, "BaldoGA_of": 25770.247507889173, "BaldoGA_time": 2.265918493270874, "Solver_of": 26478.3110594731, "Solver_time": 1.4651358127593994, "Z_threshold0.05_of": 25788.80707415607, "Z_threshold0.05_time": 0.9535243511199951}