{"name": "E_1100_300_9364.577.json", "BaldoML_of": 31429.23608198813, "BaldoML_time": 2.2898635864257812, "BaldoGA_of": 30376.784131996774, "BaldoGA_time": 5.317092418670654, "Solver_of": 31902.369707995906, "Solver_time": 6.906197547912598, "Z_threshold0.05_of": 31820.46128447004, "Z_threshold0.05_time": 2.8162431716918945, "Z_threshold0.1_of": 31583.336342141934, "Z_threshold0.1_time": 2.4036812782287598, "Z_threshold0.15_of": 31273.30126473471, "Z_threshold0.15_time": 2.031102180480957, "Z_threshold0.2_of": 31087.63200599255, "Z_threshold0.2_time": 1.729886531829834}