{"name": "E_1100_261_14264.622.json", "BaldoML_of": 39718.66542851474, "BaldoML_time": 2.335580587387085, "BaldoGA_of": 38075.74743640139, "BaldoGA_time": 5.240106105804443, "Solver_of": 40392.865105355486, "Solver_time": 19.743090391159058, "Z_threshold0.05_of": 40318.841213977495, "Z_threshold0.05_time": 4.330338716506958}