{"name": "E_1100_221_13857.862.json", "BaldoML_of": 43419.713593562796, "BaldoML_time": 3.402414321899414, "BaldoGA_of": 42149.616394526965, "BaldoGA_time": 6.918145656585693, "Solver_of": 43791.943365625484, "Solver_time": 6.004987716674805, "Z_threshold0.05_of": 43628.83450643472, "Z_threshold0.05_time": 4.656006574630737, "Z_threshold0.1_of": 43613.30013452801, "Z_threshold0.1_time": 2.4526472091674805, "Z_threshold0.15_of": 43526.85259282084, "Z_threshold0.15_time": 3.0915439128875732, "Z_threshold0.2_of": 43322.138707333914, "Z_threshold0.2_time": 2.8439416885375977, "Z_threshold0.25_of": 43318.51109982306, "Z_threshold0.25_time": 2.549354076385498, "Z_threshold0.3_of": 43168.68613395073, "Z_threshold0.3_time": 2.4902772903442383, "Z_threshold0.35_of": 43058.278512729405, "Z_threshold0.35_time": 1.6042068004608154, "Z_threshold0.4_of": 42777.75396670332, "Z_threshold0.4_time": 0.5762567520141602, "Z_threshold0.45_of": 42293.66627203899, "Z_threshold0.45_time": 0.5460789203643799, "Z_threshold0.5_of": 41842.17896345661, "Z_threshold0.5_time": 0.5364935398101807}