{"name": "E_1100_552_9359.014.json", "BaldoML_of": 30699.316304350272, "BaldoML_time": 4.417042970657349, "BaldoGA_of": 29992.029513358233, "BaldoGA_time": 8.921560287475586, "Solver_of": 30702.5121017518, "Solver_time": 3.466510772705078, "Z_threshold0.05_of": 29729.409091025474, "Z_threshold0.05_time": 0.9792020320892334, "Z_threshold0.1_of": 29590.710175465996, "Z_threshold0.1_time": 1.0157904624938965, "Z_threshold0.15_of": 29590.710175465996, "Z_threshold0.15_time": 0.9946942329406738, "Z_threshold0.2_of": 29590.710175465996, "Z_threshold0.2_time": 0.969191312789917, "Z_threshold0.25_of": 29590.710175465996, "Z_threshold0.25_time": 0.9495368003845215, "Z_threshold0.3_of": 29590.710175465996, "Z_threshold0.3_time": 0.966933012008667, "Z_threshold0.35_of": 29590.710175465996, "Z_threshold0.35_time": 0.9420135021209717, "Z_threshold0.4_of": 29590.710175465996, "Z_threshold0.4_time": 0.9546759128570557, "Z_threshold0.45_of": 29590.710175465996, "Z_threshold0.45_time": 0.9901635646820068, "Z_threshold0.5_of": 29590.710175465996, "Z_threshold0.5_time": 1.0923488140106201}