{"name": "E_1100_420_13656.133.json", "BaldoML_of": 38117.444721998436, "BaldoML_time": 1.2431511878967285, "BaldoGA_of": 37602.23021658641, "BaldoGA_time": 6.299472808837891, "Solver_of": 39050.14360972497, "Solver_time": 17.289288997650146, "Z_threshold0.05_of": 38895.29711074874, "Z_threshold0.05_time": 4.094722747802734, "Z_threshold0.1_of": 38520.57596820828, "Z_threshold0.1_time": 2.497913122177124, "Z_threshold0.15_of": 38186.595046389855, "Z_threshold0.15_time": 1.8543424606323242, "Z_threshold0.2_of": 37904.04025622726, "Z_threshold0.2_time": 1.3476731777191162, "Z_threshold0.25_of": 37304.820657950724, "Z_threshold0.25_time": 1.0954842567443848}