{"name": "E_1100_656_7066.297.json", "BaldoML_of": 26493.603439358063, "BaldoML_time": 1.7260682582855225, "BaldoGA_of": 25851.604025779765, "BaldoGA_time": 2.2266173362731934, "Solver_of": 26493.603439358063, "Solver_time": 1.444667100906372, "Z_threshold0.05_of": 26071.16709209945, "Z_threshold0.05_time": 0.8902852535247803, "Z_threshold0.1_of": 26071.16709209945, "Z_threshold0.1_time": 0.9035308361053467, "Z_threshold0.15_of": 26071.16709209945, "Z_threshold0.15_time": 0.9926762580871582, "Z_threshold0.2_of": 26071.16709209945, "Z_threshold0.2_time": 0.9627842903137207, "Z_threshold0.25_of": 26071.16709209945, "Z_threshold0.25_time": 0.9510912895202637, "Z_threshold0.3_of": 26071.16709209945, "Z_threshold0.3_time": 0.946552038192749, "Z_threshold0.35_of": 26071.16709209945, "Z_threshold0.35_time": 0.9576258659362793, "Z_threshold0.4_of": 26071.16709209945, "Z_threshold0.4_time": 0.9297213554382324, "Z_threshold0.45_of": 26071.16709209945, "Z_threshold0.45_time": 0.9294393062591553, "Z_threshold0.5_of": 26071.16709209945, "Z_threshold0.5_time": 0.9274051189422607}