{"name": "E_1100_221_13857.862.json", "BaldoML_of": 43419.713593562796, "BaldoML_time": 3.402414321899414, "BaldoGA_of": 42149.616394526965, "BaldoGA_time": 6.918145656585693, "Solver_of": 43791.943365625484, "Solver_time": 6.004987716674805, "Z_threshold0.05_of": 43634.56672273672, "Z_threshold0.05_time": 4.802619218826294}