{"name": "E_1100_329_9369.002.json", "BaldoML_of": 31627.611832916467, "BaldoML_time": 4.36869740486145, "BaldoGA_of": 30745.54671924002, "BaldoGA_time": 4.723058700561523, "Solver_of": 32048.66508841812, "Solver_time": 15.818090200424194, "Z_threshold0.05_of": 32028.684301541267, "Z_threshold0.05_time": 5.320357799530029, "Z_threshold0.1_of": 31726.896867371142, "Z_threshold0.1_time": 2.2848918437957764, "Z_threshold0.15_of": 31181.269592309116, "Z_threshold0.15_time": 1.7412981986999512, "Z_threshold0.2_of": 30756.9351845443, "Z_threshold0.2_time": 1.131312608718872, "Z_threshold0.25_of": 30072.917146824402, "Z_threshold0.25_time": 1.0355167388916016}