{"name": "E_1100_266_14168.107.json", "BaldoML_of": 39211.362920156265, "BaldoML_time": 2.885972023010254, "BaldoGA_of": 37474.96283327072, "BaldoGA_time": 4.833321571350098, "Solver_of": 40070.56317532728, "Solver_time": 12.536197423934937, "Z_threshold0.05_of": 39967.54272021918, "Z_threshold0.05_time": 13.92870306968689, "Z_threshold0.1_of": 39810.73892876989, "Z_threshold0.1_time": 5.93864369392395, "Z_threshold0.15_of": 39582.264373297694, "Z_threshold0.15_time": 5.202610731124878, "Z_threshold0.2_of": 39283.96839984945, "Z_threshold0.2_time": 4.311307668685913}