{"name": "E_1100_576_14067.733.json", "BaldoML_of": 35874.943794807245, "BaldoML_time": 1.291445255279541, "BaldoGA_of": 35371.58968299314, "BaldoGA_time": 9.404045820236206, "Solver_of": 36443.967460675005, "Solver_time": 17.036988735198975, "Z_threshold0.05_of": 35941.4920664639, "Z_threshold0.05_time": 0.9734878540039062, "Z_threshold0.1_of": 35526.79870839459, "Z_threshold0.1_time": 0.5432558059692383, "Z_threshold0.15_of": 35191.315636936706, "Z_threshold0.15_time": 0.5416669845581055, "Z_threshold0.2_of": 34911.395008867614, "Z_threshold0.2_time": 0.5313115119934082, "Z_threshold0.25_of": 34911.395008867614, "Z_threshold0.25_time": 0.5764555931091309, "Z_threshold0.3_of": 34893.15089539257, "Z_threshold0.3_time": 0.5326869487762451, "Z_threshold0.35_of": 34831.64848838312, "Z_threshold0.35_time": 0.5359768867492676, "Z_threshold0.4_of": 34831.64848838312, "Z_threshold0.4_time": 0.5325825214385986, "Z_threshold0.45_of": 34831.64848838312, "Z_threshold0.45_time": 0.6416957378387451, "Z_threshold0.5_of": 34831.64848838312, "Z_threshold0.5_time": 0.5302531719207764}