{"name": "E_1100_494_9407.617.json", "BaldoML_of": 30899.895904172983, "BaldoML_time": 0.7364168167114258, "BaldoGA_of": 30420.771389021258, "BaldoGA_time": 7.455932140350342, "Solver_of": 31358.686144142728, "Solver_time": 9.289650917053223, "Z_threshold0.05_of": 30539.726910851652, "Z_threshold0.05_time": 0.6000669002532959, "Z_threshold0.1_of": 29944.189839899595, "Z_threshold0.1_time": 0.4751899242401123, "Z_threshold0.15_of": 29423.004012912643, "Z_threshold0.15_time": 0.4729151725769043, "Z_threshold0.2_of": 29343.189787518637, "Z_threshold0.2_time": 0.48259449005126953, "Z_threshold0.25_of": 29289.428605530222, "Z_threshold0.25_time": 0.4773566722869873, "Z_threshold0.3_of": 29289.428605530222, "Z_threshold0.3_time": 0.4837770462036133, "Z_threshold0.35_of": 29289.428605530222, "Z_threshold0.35_time": 0.5901296138763428, "Z_threshold0.4_of": 29289.428605530222, "Z_threshold0.4_time": 0.47037458419799805, "Z_threshold0.45_of": 29289.428605530222, "Z_threshold0.45_time": 0.46628570556640625, "Z_threshold0.5_of": 29289.428605530222, "Z_threshold0.5_time": 0.4719972610473633}