{"name": "E_1100_236_9298.556.json", "BaldoML_of": 32733.97224284227, "BaldoML_time": 2.5752501487731934, "BaldoGA_of": 31456.28857864456, "BaldoGA_time": 4.664353370666504, "Solver_of": 33060.690568239224, "Solver_time": 10.06531834602356, "Z_threshold0.05_of": 32975.24370810509, "Z_threshold0.05_time": 4.981943607330322}