{"name": "E_1100_578_6889.181.json", "BaldoML_of": 26860.80896997495, "BaldoML_time": 0.8930151462554932, "BaldoGA_of": 26433.003309695974, "BaldoGA_time": 2.345771312713623, "Solver_of": 27068.182333330715, "Solver_time": 1.1982159614562988, "Z_threshold0.05_of": 26442.712730021656, "Z_threshold0.05_time": 1.0854535102844238, "Z_threshold0.1_of": 26442.712730021656, "Z_threshold0.1_time": 1.0845363140106201, "Z_threshold0.15_of": 26442.712730021656, "Z_threshold0.15_time": 1.1613390445709229, "Z_threshold0.2_of": 26442.712730021656, "Z_threshold0.2_time": 1.0670604705810547}