{"name": "E_1100_364_9423.064.json", "BaldoML_of": 32178.235170853408, "BaldoML_time": 1.4638876914978027, "BaldoGA_of": 31400.270411200472, "BaldoGA_time": 5.2855846881866455, "Solver_of": 32557.003808158417, "Solver_time": 13.109883308410645, "Z_threshold0.05_of": 32481.090619958362, "Z_threshold0.05_time": 6.091673374176025, "Z_threshold0.1_of": 32120.961494508185, "Z_threshold0.1_time": 1.9801976680755615, "Z_threshold0.15_of": 31834.60039150571, "Z_threshold0.15_time": 1.2039916515350342, "Z_threshold0.2_of": 31327.68562665998, "Z_threshold0.2_time": 1.036449909210205}