{"name": "E_1100_300_9364.577.json", "BaldoML_of": 31429.23608198813, "BaldoML_time": 2.2898635864257812, "BaldoGA_of": 30376.784131996774, "BaldoGA_time": 5.317092418670654, "Solver_of": 31902.369707995906, "Solver_time": 6.906197547912598, "Z_threshold0.05_of": 31820.231201355233, "Z_threshold0.05_time": 4.007247686386108, "Z_threshold0.1_of": 31583.336342141934, "Z_threshold0.1_time": 2.433580160140991, "Z_threshold0.15_of": 31273.30126473471, "Z_threshold0.15_time": 1.9511089324951172, "Z_threshold0.2_of": 31087.63200599255, "Z_threshold0.2_time": 1.6333389282226562, "Z_threshold0.25_of": 30893.12644617262, "Z_threshold0.25_time": 1.1922955513000488}