{"name": "E_1100_507_9165.566.json", "BaldoML_of": 29722.52319897178, "BaldoML_time": 0.7246849536895752, "BaldoGA_of": 29411.48905127121, "BaldoGA_time": 6.710037469863892, "Solver_of": 30241.909480956125, "Solver_time": 10.539512872695923, "Z_threshold0.05_of": 29534.414924592595, "Z_threshold0.05_time": 0.6553475856781006, "Z_threshold0.1_of": 28777.20728512009, "Z_threshold0.1_time": 0.5335779190063477, "Z_threshold0.15_of": 28351.718384800915, "Z_threshold0.15_time": 0.5175285339355469, "Z_threshold0.2_of": 28223.489704968462, "Z_threshold0.2_time": 0.5121181011199951, "Z_threshold0.25_of": 28157.924547977, "Z_threshold0.25_time": 0.5165002346038818, "Z_threshold0.3_of": 28157.924547977, "Z_threshold0.3_time": 0.5145931243896484, "Z_threshold0.35_of": 28135.24594188044, "Z_threshold0.35_time": 0.5133547782897949, "Z_threshold0.4_of": 28112.948479585426, "Z_threshold0.4_time": 0.5146145820617676, "Z_threshold0.45_of": 28088.12032024638, "Z_threshold0.45_time": 0.5265233516693115, "Z_threshold0.5_of": 28088.12032024638, "Z_threshold0.5_time": 0.5110764503479004}