{"name": "E_1100_364_9423.064.json", "BaldoML_of": 32178.235170853408, "BaldoML_time": 1.4638876914978027, "BaldoGA_of": 31400.270411200472, "BaldoGA_time": 5.2855846881866455, "Solver_of": 32557.003808158417, "Solver_time": 13.109883308410645, "Z_threshold0.05_of": 32481.457044973034, "Z_threshold0.05_time": 3.6953303813934326, "Z_threshold0.1_of": 32033.870058549535, "Z_threshold0.1_time": 1.1276509761810303, "Z_threshold0.15_of": 31858.227048483608, "Z_threshold0.15_time": 0.6738529205322266, "Z_threshold0.2_of": 31215.043761006316, "Z_threshold0.2_time": 0.5599062442779541, "Z_threshold0.25_of": 30621.934697864403, "Z_threshold0.25_time": 0.522695779800415, "Z_threshold0.3_of": 30333.114302754577, "Z_threshold0.3_time": 0.5143098831176758, "Z_threshold0.35_of": 30118.109822196795, "Z_threshold0.35_time": 0.5116596221923828, "Z_threshold0.4_of": 30047.560282955234, "Z_threshold0.4_time": 0.5072512626647949, "Z_threshold0.45_of": 29874.26179179832, "Z_threshold0.45_time": 0.5064895153045654, "Z_threshold0.5_of": 29874.26179179832, "Z_threshold0.5_time": 0.5093381404876709}