{"name": "E_1100_657_9305.291.json", "BaldoML_of": 31143.07748299179, "BaldoML_time": 0.7252469062805176, "BaldoGA_of": 30767.79737851805, "BaldoGA_time": 3.18569278717041, "Solver_of": 31555.714060389935, "Solver_time": 2.066195487976074, "Z_threshold0.05_of": 31101.37160313734, "Z_threshold0.05_time": 0.6128554344177246, "Z_threshold0.1_of": 31101.37160313734, "Z_threshold0.1_time": 0.6254420280456543, "Z_threshold0.15_of": 31101.37160313734, "Z_threshold0.15_time": 0.604586124420166, "Z_threshold0.2_of": 31101.37160313734, "Z_threshold0.2_time": 0.6068081855773926, "Z_threshold0.25_of": 31101.37160313734, "Z_threshold0.25_time": 0.6103165149688721, "Z_threshold0.3_of": 31101.37160313734, "Z_threshold0.3_time": 0.611398458480835, "Z_threshold0.35_of": 31101.37160313734, "Z_threshold0.35_time": 0.605269193649292, "Z_threshold0.4_of": 31101.37160313734, "Z_threshold0.4_time": 0.6144065856933594, "Z_threshold0.45_of": 31101.37160313734, "Z_threshold0.45_time": 0.7274651527404785, "Z_threshold0.5_of": 31101.37160313734, "Z_threshold0.5_time": 0.5981776714324951}