{"name": "E_1100_641_9644.91.json", "BaldoML_of": 29870.140829041695, "BaldoML_time": 0.9057009220123291, "BaldoGA_of": 29538.843803033888, "BaldoGA_time": 2.9637627601623535, "Solver_of": 30438.36800631508, "Solver_time": 3.270554304122925, "Z_threshold0.05_of": 29552.35564148859, "Z_threshold0.05_time": 1.0240848064422607, "Z_threshold0.1_of": 29552.35564148859, "Z_threshold0.1_time": 1.0285699367523193, "Z_threshold0.15_of": 29552.35564148859, "Z_threshold0.15_time": 1.0333032608032227, "Z_threshold0.2_of": 29552.35564148859, "Z_threshold0.2_time": 1.0257461071014404, "Z_threshold0.25_of": 29552.35564148859, "Z_threshold0.25_time": 1.1016366481781006}