{"name": "E_1100_432_14050.174.json", "BaldoML_of": 37150.300091683304, "BaldoML_time": 1.2058498859405518, "BaldoGA_of": 36389.604674282855, "BaldoGA_time": 6.057062149047852, "Solver_of": 37995.69741924123, "Solver_time": 26.723315238952637, "Z_threshold0.05_of": 37868.944904403405, "Z_threshold0.05_time": 3.4658405780792236}