{"name": "E_1100_410_7045.504.json", "BaldoML_of": 27304.68603844787, "BaldoML_time": 1.6959223747253418, "BaldoGA_of": 26891.356295448146, "BaldoGA_time": 5.256777763366699, "Solver_of": 27524.506084394416, "Solver_time": 19.096855640411377, "Z_threshold0.05_of": 27183.75071845461, "Z_threshold0.05_time": 1.9209542274475098, "Z_threshold0.1_of": 26042.84251168991, "Z_threshold0.1_time": 1.0029821395874023, "Z_threshold0.15_of": 25642.704803356526, "Z_threshold0.15_time": 0.9944796562194824, "Z_threshold0.2_of": 25533.157162952317, "Z_threshold0.2_time": 0.996995210647583, "Z_threshold0.25_of": 25484.159861531218, "Z_threshold0.25_time": 0.9924898147583008}