{"name": "E_1100_530_14304.417.json", "BaldoML_of": 35588.26731260466, "BaldoML_time": 1.286031723022461, "BaldoGA_of": 35267.58962354099, "BaldoGA_time": 7.880701780319214, "Solver_of": 36382.86795743982, "Solver_time": 22.20060086250305, "Z_threshold0.05_of": 36078.1547149174, "Z_threshold0.05_time": 6.432116985321045, "Z_threshold0.1_of": 35698.21147346817, "Z_threshold0.1_time": 2.6628966331481934, "Z_threshold0.15_of": 34715.47930861351, "Z_threshold0.15_time": 1.0845561027526855, "Z_threshold0.2_of": 34086.57064516354, "Z_threshold0.2_time": 1.0425138473510742}