{"name": "E_1100_441_9249.879.json", "BaldoML_of": 30148.309666589677, "BaldoML_time": 1.7966294288635254, "BaldoGA_of": 29389.200809534304, "BaldoGA_time": 5.871699810028076, "Solver_of": 30444.357900974683, "Solver_time": 12.202799081802368, "Z_threshold0.05_of": 30316.806033960067, "Z_threshold0.05_time": 5.403742790222168}