{"name": "E_1100_519_14231.222.json", "BaldoML_of": 37007.574519751586, "BaldoML_time": 1.1062123775482178, "BaldoGA_of": 36485.31360467331, "BaldoGA_time": 8.202256679534912, "Solver_of": 37625.07296222898, "Solver_time": 23.30910634994507, "Z_threshold0.05_of": 37521.89322477498, "Z_threshold0.05_time": 9.012610912322998, "Z_threshold0.1_of": 37120.7079360695, "Z_threshold0.1_time": 2.394423246383667, "Z_threshold0.15_of": 36708.93715946674, "Z_threshold0.15_time": 1.4660284519195557, "Z_threshold0.2_of": 35846.65098670022, "Z_threshold0.2_time": 1.125274896621704}