{"name": "E_1100_545_9438.768.json", "BaldoML_of": 30044.130085851215, "BaldoML_time": 1.0365371704101562, "BaldoGA_of": 29738.509519970994, "BaldoGA_time": 8.91733169555664, "Solver_of": 30345.509584587624, "Solver_time": 3.389927625656128, "Z_threshold0.05_of": 29229.36977849446, "Z_threshold0.05_time": 0.48267459869384766, "Z_threshold0.1_of": 29029.20889490053, "Z_threshold0.1_time": 0.4696989059448242, "Z_threshold0.15_of": 29029.20889490053, "Z_threshold0.15_time": 0.46475958824157715, "Z_threshold0.2_of": 29029.20889490053, "Z_threshold0.2_time": 0.4689669609069824, "Z_threshold0.25_of": 29029.20889490053, "Z_threshold0.25_time": 0.46837472915649414, "Z_threshold0.3_of": 29029.20889490053, "Z_threshold0.3_time": 0.4673452377319336, "Z_threshold0.35_of": 29029.20889490053, "Z_threshold0.35_time": 0.4779658317565918, "Z_threshold0.4_of": 29029.20889490053, "Z_threshold0.4_time": 0.4675440788269043, "Z_threshold0.45_of": 29029.20889490053, "Z_threshold0.45_time": 0.46677064895629883, "Z_threshold0.5_of": 29029.20889490053, "Z_threshold0.5_time": 0.48708128929138184}