{"name": "E_1100_439_6891.743.json", "BaldoML_of": 26593.150116609035, "BaldoML_time": 0.7600693702697754, "BaldoGA_of": 26192.59801405477, "BaldoGA_time": 6.064777851104736, "Solver_of": 26849.582580036553, "Solver_time": 11.80265736579895, "Z_threshold0.05_of": 26327.68349103463, "Z_threshold0.05_time": 1.1437926292419434, "Z_threshold0.1_of": 25130.447443503876, "Z_threshold0.1_time": 1.0785775184631348, "Z_threshold0.15_of": 24938.505058388335, "Z_threshold0.15_time": 1.0746383666992188, "Z_threshold0.2_of": 24884.179308012226, "Z_threshold0.2_time": 1.0820198059082031}