{"name": "E_1100_625_6956.701.json", "BaldoML_of": 27096.083766502303, "BaldoML_time": 1.3138678073883057, "BaldoGA_of": 26449.23792695135, "BaldoGA_time": 2.042109251022339, "Solver_of": 27096.083766502303, "Solver_time": 1.2677783966064453, "Z_threshold0.05_of": 26647.972973071584, "Z_threshold0.05_time": 0.9314670562744141, "Z_threshold0.1_of": 26629.591769797422, "Z_threshold0.1_time": 0.9053089618682861, "Z_threshold0.15_of": 26629.591769797422, "Z_threshold0.15_time": 0.9066331386566162, "Z_threshold0.2_of": 26629.591769797422, "Z_threshold0.2_time": 0.8842508792877197, "Z_threshold0.25_of": 26629.591769797422, "Z_threshold0.25_time": 0.9097175598144531, "Z_threshold0.3_of": 26629.591769797422, "Z_threshold0.3_time": 0.9239935874938965, "Z_threshold0.35_of": 26629.591769797422, "Z_threshold0.35_time": 0.9419481754302979, "Z_threshold0.4_of": 26629.591769797422, "Z_threshold0.4_time": 0.8949520587921143, "Z_threshold0.45_of": 26629.591769797422, "Z_threshold0.45_time": 0.8489401340484619, "Z_threshold0.5_of": 26629.591769797422, "Z_threshold0.5_time": 0.8303239345550537}