{"name": "E_1100_492_7034.711.json", "BaldoML_of": 27251.772102856015, "BaldoML_time": 0.5430147647857666, "BaldoGA_of": 26824.24142741467, "BaldoGA_time": 6.223259925842285, "Solver_of": 27399.520155298596, "Solver_time": 3.7380993366241455, "Z_threshold0.05_of": 26263.532891663355, "Z_threshold0.05_time": 1.0494787693023682, "Z_threshold0.1_of": 26209.1640016987, "Z_threshold0.1_time": 1.0475802421569824, "Z_threshold0.15_of": 26209.1640016987, "Z_threshold0.15_time": 1.049959659576416, "Z_threshold0.2_of": 26209.1640016987, "Z_threshold0.2_time": 1.0412278175354004, "Z_threshold0.25_of": 26209.1640016987, "Z_threshold0.25_time": 1.0500619411468506}