{"name": "E_1100_469_9216.902.json", "BaldoML_of": 30099.80420145227, "BaldoML_time": 3.4010813236236572, "BaldoGA_of": 29570.961858147475, "BaldoGA_time": 6.045567035675049, "Solver_of": 30585.776720832837, "Solver_time": 19.83782720565796, "Z_threshold0.05_of": 30183.202472093733, "Z_threshold0.05_time": 3.259881019592285, "Z_threshold0.1_of": 29136.94949955608, "Z_threshold0.1_time": 1.1083407402038574, "Z_threshold0.15_of": 28250.9589812563, "Z_threshold0.15_time": 1.0864200592041016, "Z_threshold0.2_of": 28078.830985067372, "Z_threshold0.2_time": 1.0997920036315918}