{"name": "E_1100_336_13776.187.json", "BaldoML_of": 38990.93675670175, "BaldoML_time": 2.3776779174804688, "BaldoGA_of": 37797.01291409263, "BaldoGA_time": 6.441921710968018, "Solver_of": 39794.825388954494, "Solver_time": 18.32411026954651, "Z_threshold0.05_of": 39693.13748554207, "Z_threshold0.05_time": 5.354069471359253, "Z_threshold0.1_of": 39497.5879249033, "Z_threshold0.1_time": 4.175940275192261, "Z_threshold0.15_of": 39466.0905355858, "Z_threshold0.15_time": 3.4163882732391357, "Z_threshold0.2_of": 39207.98952742133, "Z_threshold0.2_time": 2.562561273574829, "Z_threshold0.25_of": 39092.150803067285, "Z_threshold0.25_time": 1.758666753768921, "Z_threshold0.3_of": 38985.01307828444, "Z_threshold0.3_time": 0.6978247165679932, "Z_threshold0.35_of": 38729.33999035275, "Z_threshold0.35_time": 0.6502077579498291, "Z_threshold0.4_of": 38338.443777483786, "Z_threshold0.4_time": 0.5395104885101318, "Z_threshold0.45_of": 37930.6191406622, "Z_threshold0.45_time": 0.5316033363342285, "Z_threshold0.5_of": 37678.63403497948, "Z_threshold0.5_time": 0.5466861724853516}