{"name": "E_1100_657_14170.052.json", "BaldoML_of": 37017.77057116914, "BaldoML_time": 10.762343883514404, "BaldoGA_of": 36007.573806996865, "BaldoGA_time": 11.948775053024292, "Solver_of": 37022.39985003754, "Solver_time": 14.39889144897461, "Z_threshold0.05_of": 36212.028956692266, "Z_threshold0.05_time": 0.9044902324676514, "Z_threshold0.1_of": 36196.298132660035, "Z_threshold0.1_time": 0.9078834056854248, "Z_threshold0.15_of": 36196.298132660035, "Z_threshold0.15_time": 0.9134871959686279, "Z_threshold0.2_of": 36196.298132660035, "Z_threshold0.2_time": 0.9165589809417725, "Z_threshold0.25_of": 36196.298132660035, "Z_threshold0.25_time": 0.9009408950805664, "Z_threshold0.3_of": 36196.298132660035, "Z_threshold0.3_time": 0.8699748516082764, "Z_threshold0.35_of": 36196.298132660035, "Z_threshold0.35_time": 0.8780016899108887, "Z_threshold0.4_of": 36196.298132660035, "Z_threshold0.4_time": 0.8865094184875488, "Z_threshold0.45_of": 36196.298132660035, "Z_threshold0.45_time": 0.8742356300354004, "Z_threshold0.5_of": 36196.298132660035, "Z_threshold0.5_time": 0.9270327091217041}