{"name": "E_1100_379_7120.885.json", "BaldoML_of": 26735.772089593236, "BaldoML_time": 2.932408332824707, "BaldoGA_of": 26141.69018995283, "BaldoGA_time": 4.565580606460571, "Solver_of": 26923.42562756778, "Solver_time": 11.880120515823364, "Z_threshold0.05_of": 26666.086015794077, "Z_threshold0.05_time": 2.6641845703125, "Z_threshold0.1_of": 26194.595755103535, "Z_threshold0.1_time": 1.2636468410491943, "Z_threshold0.15_of": 25226.84694261177, "Z_threshold0.15_time": 1.0246083736419678, "Z_threshold0.2_of": 24856.21055877344, "Z_threshold0.2_time": 1.0256924629211426, "Z_threshold0.25_of": 24712.587838134667, "Z_threshold0.25_time": 0.9978823661804199}