{"name": "E_1100_633_13786.166.json", "BaldoML_of": 36246.030229814336, "BaldoML_time": 0.6638534069061279, "BaldoGA_of": 35755.35094482436, "BaldoGA_time": 10.375893592834473, "Solver_of": 36873.80590548534, "Solver_time": 14.572603702545166, "Z_threshold0.05_of": 36218.874109336735, "Z_threshold0.05_time": 1.5489287376403809, "Z_threshold0.1_of": 34926.38572105818, "Z_threshold0.1_time": 1.2084589004516602, "Z_threshold0.15_of": 34673.72664418687, "Z_threshold0.15_time": 1.1316304206848145, "Z_threshold0.2_of": 34673.72664418687, "Z_threshold0.2_time": 1.1328082084655762}