{"name": "E_1100_625_6956.701.json", "BaldoML_of": 26767.280885611388, "BaldoML_time": 0.6177492141723633, "BaldoGA_of": 26449.23792695135, "BaldoGA_time": 2.042109251022339, "Solver_of": 27096.083766502303, "Solver_time": 1.2677783966064453, "Z_threshold0.05_of": 26449.23792695136, "Z_threshold0.05_time": 1.007211685180664, "Z_threshold0.1_of": 26449.23792695136, "Z_threshold0.1_time": 0.9966578483581543, "Z_threshold0.15_of": 26449.23792695136, "Z_threshold0.15_time": 0.9928219318389893, "Z_threshold0.2_of": 26449.23792695136, "Z_threshold0.2_time": 0.9966473579406738}