{"name": "E_1100_493_7000.126.json", "BaldoML_of": 26942.67576644261, "BaldoML_time": 2.398238182067871, "BaldoGA_of": 26571.57682643315, "BaldoGA_time": 7.382924795150757, "Solver_of": 26942.67576644261, "Solver_time": 2.9645979404449463, "Z_threshold0.05_of": 26206.364461103312, "Z_threshold0.05_time": 0.9462399482727051, "Z_threshold0.1_of": 26206.364461103312, "Z_threshold0.1_time": 0.910311222076416, "Z_threshold0.15_of": 26206.364461103312, "Z_threshold0.15_time": 0.9496335983276367, "Z_threshold0.2_of": 26206.364461103312, "Z_threshold0.2_time": 0.9555063247680664, "Z_threshold0.25_of": 26206.364461103312, "Z_threshold0.25_time": 0.9061794281005859, "Z_threshold0.3_of": 26206.364461103312, "Z_threshold0.3_time": 0.9220097064971924, "Z_threshold0.35_of": 26206.364461103312, "Z_threshold0.35_time": 0.9284639358520508, "Z_threshold0.4_of": 26206.364461103312, "Z_threshold0.4_time": 0.9375391006469727, "Z_threshold0.45_of": 26206.364461103312, "Z_threshold0.45_time": 0.9374370574951172, "Z_threshold0.5_of": 26206.364461103312, "Z_threshold0.5_time": 0.9009277820587158}