{"name": "E_1100_591_13988.002.json", "BaldoML_of": 36935.88642069784, "BaldoML_time": 0.9585459232330322, "BaldoGA_of": 36636.01813436789, "BaldoGA_time": 11.0634183883667, "Solver_of": 37760.65371584483, "Solver_time": 21.14108180999756, "Z_threshold0.05_of": 37176.79323249946, "Z_threshold0.05_time": 4.943429708480835, "Z_threshold0.1_of": 36420.86716062773, "Z_threshold0.1_time": 1.2162706851959229, "Z_threshold0.15_of": 35410.86846456739, "Z_threshold0.15_time": 1.1187922954559326, "Z_threshold0.2_of": 35089.98691695697, "Z_threshold0.2_time": 1.1058518886566162}