{"name": "E_1100_563_7039.39.json", "BaldoML_of": 27023.297126007106, "BaldoML_time": 1.1674928665161133, "BaldoGA_of": 26536.687022401693, "BaldoGA_time": 2.4467315673828125, "Solver_of": 27023.297126007106, "Solver_time": 1.2069342136383057, "Z_threshold0.05_of": 26491.5809282087, "Z_threshold0.05_time": 1.0750606060028076, "Z_threshold0.1_of": 26491.5809282087, "Z_threshold0.1_time": 0.8784337043762207, "Z_threshold0.15_of": 26491.5809282087, "Z_threshold0.15_time": 0.9015552997589111, "Z_threshold0.2_of": 26491.5809282087, "Z_threshold0.2_time": 0.8743484020233154, "Z_threshold0.25_of": 26491.5809282087, "Z_threshold0.25_time": 0.8913123607635498, "Z_threshold0.3_of": 26491.5809282087, "Z_threshold0.3_time": 0.8877685070037842, "Z_threshold0.35_of": 26491.5809282087, "Z_threshold0.35_time": 0.8782780170440674, "Z_threshold0.4_of": 26491.5809282087, "Z_threshold0.4_time": 0.9206783771514893, "Z_threshold0.45_of": 26491.5809282087, "Z_threshold0.45_time": 0.8861956596374512, "Z_threshold0.5_of": 26491.5809282087, "Z_threshold0.5_time": 0.9255526065826416}