{"name": "E_1100_563_7039.39.json", "BaldoML_of": 26729.005182199227, "BaldoML_time": 0.6547462940216064, "BaldoGA_of": 26536.687022401693, "BaldoGA_time": 2.4467315673828125, "Solver_of": 27023.297126007106, "Solver_time": 1.2069342136383057, "Z_threshold0.05_of": 26541.72189323199, "Z_threshold0.05_time": 1.0486516952514648, "Z_threshold0.1_of": 26541.72189323199, "Z_threshold0.1_time": 1.119572401046753, "Z_threshold0.15_of": 26541.72189323199, "Z_threshold0.15_time": 1.04826021194458, "Z_threshold0.2_of": 26541.72189323199, "Z_threshold0.2_time": 1.044586181640625}