{"name": "E_1100_263_14142.074.json", "BaldoML_of": 38642.28601178087, "BaldoML_time": 2.4159796237945557, "BaldoGA_of": 37453.68755046816, "BaldoGA_time": 5.439415454864502, "Solver_of": 39645.794830210885, "Solver_time": 6.984890937805176, "Z_threshold0.05_of": 39544.20765097825, "Z_threshold0.05_time": 3.6767303943634033, "Z_threshold0.1_of": 39368.35969722406, "Z_threshold0.1_time": 4.727679014205933, "Z_threshold0.15_of": 39187.460254009195, "Z_threshold0.15_time": 3.2664902210235596, "Z_threshold0.2_of": 38835.42834497583, "Z_threshold0.2_time": 3.1175577640533447}