{"name": "E_1100_464_9248.757.json", "BaldoML_of": 30777.81364056479, "BaldoML_time": 1.2414395809173584, "BaldoGA_of": 30225.410043060347, "BaldoGA_time": 6.472218751907349, "Solver_of": 31197.821108030483, "Solver_time": 20.552552700042725, "Z_threshold0.05_of": 30829.690512805115, "Z_threshold0.05_time": 1.3960976600646973, "Z_threshold0.1_of": 30576.48791483593, "Z_threshold0.1_time": 0.5503120422363281, "Z_threshold0.15_of": 29490.127639275266, "Z_threshold0.15_time": 0.470123291015625, "Z_threshold0.2_of": 29296.24087379995, "Z_threshold0.2_time": 0.46813392639160156, "Z_threshold0.25_of": 29151.130385493307, "Z_threshold0.25_time": 0.4685337543487549, "Z_threshold0.3_of": 29059.248442932552, "Z_threshold0.3_time": 0.5023314952850342, "Z_threshold0.35_of": 29025.341978079858, "Z_threshold0.35_time": 0.46943092346191406, "Z_threshold0.4_of": 28995.38591470633, "Z_threshold0.4_time": 0.4665491580963135, "Z_threshold0.45_of": 28950.052190584363, "Z_threshold0.45_time": 0.46783018112182617, "Z_threshold0.5_of": 28950.052190584363, "Z_threshold0.5_time": 0.46718835830688477}