{"name": "E_1100_234_6763.034.json", "BaldoML_of": 28294.61280165239, "BaldoML_time": 2.6133711338043213, "BaldoGA_of": 26997.280068287684, "BaldoGA_time": 3.775428056716919, "Solver_of": 28479.077707311833, "Solver_time": 7.959216117858887, "Z_threshold0.05_of": 28441.51288838244, "Z_threshold0.05_time": 3.3749427795410156, "Z_threshold0.1_of": 28307.88183917235, "Z_threshold0.1_time": 2.4413275718688965, "Z_threshold0.15_of": 28143.561976211924, "Z_threshold0.15_time": 2.2728381156921387, "Z_threshold0.2_of": 27804.629404782903, "Z_threshold0.2_time": 1.6732702255249023}