{"name": "E_1100_324_9225.993.json", "BaldoML_of": 33523.97036303877, "BaldoML_time": 11.413279294967651, "BaldoGA_of": 32190.66384161193, "BaldoGA_time": 5.442631721496582, "Solver_of": 33522.9223945496, "Solver_time": 6.77087664604187, "Z_threshold0.05_of": 33517.670974503606, "Z_threshold0.05_time": 4.257082939147949, "Z_threshold0.1_of": 33234.624317406975, "Z_threshold0.1_time": 2.2185685634613037, "Z_threshold0.15_of": 33065.33055328858, "Z_threshold0.15_time": 1.7632761001586914, "Z_threshold0.2_of": 32768.298002867654, "Z_threshold0.2_time": 1.3593504428863525, "Z_threshold0.25_of": 32184.20896581911, "Z_threshold0.25_time": 0.8844683170318604, "Z_threshold0.3_of": 32002.15516548924, "Z_threshold0.3_time": 0.9044351577758789, "Z_threshold0.35_of": 31646.704776886454, "Z_threshold0.35_time": 0.8952348232269287, "Z_threshold0.4_of": 31211.80161121271, "Z_threshold0.4_time": 0.8812999725341797, "Z_threshold0.45_of": 30823.97580343714, "Z_threshold0.45_time": 0.89475417137146, "Z_threshold0.5_of": 30547.53540432849, "Z_threshold0.5_time": 0.9157073497772217}