{"name": "E_1100_469_9216.902.json", "BaldoML_of": 30099.80420145227, "BaldoML_time": 3.4010813236236572, "BaldoGA_of": 29570.961858147475, "BaldoGA_time": 6.045567035675049, "Solver_of": 30585.776720832837, "Solver_time": 19.83782720565796, "Z_threshold0.05_of": 30040.522689429687, "Z_threshold0.05_time": 1.0409924983978271, "Z_threshold0.1_of": 29357.906115970032, "Z_threshold0.1_time": 0.4717540740966797, "Z_threshold0.15_of": 28545.5779184249, "Z_threshold0.15_time": 0.4661691188812256, "Z_threshold0.2_of": 28289.054956830456, "Z_threshold0.2_time": 0.4646773338317871, "Z_threshold0.25_of": 28252.369704390527, "Z_threshold0.25_time": 0.46436643600463867, "Z_threshold0.3_of": 28252.369704390527, "Z_threshold0.3_time": 0.4635162353515625, "Z_threshold0.35_of": 28252.369704390527, "Z_threshold0.35_time": 0.4679996967315674, "Z_threshold0.4_of": 28226.43136587433, "Z_threshold0.4_time": 0.46828627586364746, "Z_threshold0.45_of": 28226.43136587433, "Z_threshold0.45_time": 0.49442529678344727, "Z_threshold0.5_of": 28226.43136587433, "Z_threshold0.5_time": 0.4633469581604004}