{"name": "E_1100_277_14087.731.json", "BaldoML_of": 39472.48287243856, "BaldoML_time": 2.0019946098327637, "BaldoGA_of": 38482.45715248186, "BaldoGA_time": 4.5749359130859375, "Solver_of": 40322.99856792564, "Solver_time": 12.840977191925049, "Z_threshold0.05_of": 40278.691844932466, "Z_threshold0.05_time": 4.054979562759399, "Z_threshold0.1_of": 40097.369351888294, "Z_threshold0.1_time": 6.713318109512329, "Z_threshold0.15_of": 40024.394032307384, "Z_threshold0.15_time": 3.730222702026367, "Z_threshold0.2_of": 39873.31043882831, "Z_threshold0.2_time": 3.581299066543579, "Z_threshold0.25_of": 39730.779718400365, "Z_threshold0.25_time": 2.0220088958740234, "Z_threshold0.3_of": 39565.01153223255, "Z_threshold0.3_time": 1.7590937614440918, "Z_threshold0.35_of": 39408.63786677962, "Z_threshold0.35_time": 0.9017486572265625, "Z_threshold0.4_of": 39053.32422965007, "Z_threshold0.4_time": 0.5109689235687256, "Z_threshold0.45_of": 38570.968573481165, "Z_threshold0.45_time": 0.5077824592590332, "Z_threshold0.5_of": 38353.7950763237, "Z_threshold0.5_time": 0.5155658721923828}