{"name": "E_1100_464_9248.757.json", "BaldoML_of": 30777.81364056479, "BaldoML_time": 1.2414395809173584, "BaldoGA_of": 30225.410043060347, "BaldoGA_time": 6.472218751907349, "Solver_of": 31197.821108030483, "Solver_time": 20.552552700042725, "Z_threshold0.05_of": 30843.336161710286, "Z_threshold0.05_time": 3.6832833290100098, "Z_threshold0.1_of": 30258.80048078728, "Z_threshold0.1_time": 1.0679481029510498, "Z_threshold0.15_of": 29138.679034511086, "Z_threshold0.15_time": 1.011904001235962, "Z_threshold0.2_of": 28767.31884373231, "Z_threshold0.2_time": 1.0116000175476074}