{"name": "E_1100_614_6972.51.json", "BaldoML_of": 27385.682565790506, "BaldoML_time": 0.5424962043762207, "BaldoGA_of": 26913.351751487637, "BaldoGA_time": 2.1941211223602295, "Solver_of": 27743.889044207885, "Solver_time": 1.450953483581543, "Z_threshold0.05_of": 27350.554565339113, "Z_threshold0.05_time": 0.5139729976654053, "Z_threshold0.1_of": 27350.554565339113, "Z_threshold0.1_time": 0.4795398712158203, "Z_threshold0.15_of": 27350.554565339113, "Z_threshold0.15_time": 0.4793517589569092, "Z_threshold0.2_of": 27350.554565339113, "Z_threshold0.2_time": 0.5890591144561768, "Z_threshold0.25_of": 27350.554565339113, "Z_threshold0.25_time": 0.48789405822753906, "Z_threshold0.3_of": 27350.554565339113, "Z_threshold0.3_time": 0.47682738304138184, "Z_threshold0.35_of": 27350.554565339113, "Z_threshold0.35_time": 0.4804213047027588, "Z_threshold0.4_of": 27350.554565339113, "Z_threshold0.4_time": 0.49100232124328613, "Z_threshold0.45_of": 27350.554565339113, "Z_threshold0.45_time": 0.4828333854675293, "Z_threshold0.5_of": 27350.554565339113, "Z_threshold0.5_time": 0.47582459449768066}