{"name": "E_1100_517_7012.58.json", "BaldoML_of": 27340.85518443898, "BaldoML_time": 0.7497725486755371, "BaldoGA_of": 26882.17363000253, "BaldoGA_time": 2.3318865299224854, "Solver_of": 27691.33575139498, "Solver_time": 3.819349527359009, "Z_threshold0.05_of": 27153.950919810384, "Z_threshold0.05_time": 0.5221915245056152, "Z_threshold0.1_of": 27153.950919810384, "Z_threshold0.1_time": 0.5125808715820312, "Z_threshold0.15_of": 27153.950919810384, "Z_threshold0.15_time": 0.514885425567627, "Z_threshold0.2_of": 27153.950919810384, "Z_threshold0.2_time": 0.5249269008636475, "Z_threshold0.25_of": 27153.950919810384, "Z_threshold0.25_time": 0.512991189956665, "Z_threshold0.3_of": 27153.950919810384, "Z_threshold0.3_time": 0.5085952281951904, "Z_threshold0.35_of": 27153.950919810384, "Z_threshold0.35_time": 0.5127451419830322, "Z_threshold0.4_of": 27153.950919810384, "Z_threshold0.4_time": 0.511371374130249, "Z_threshold0.45_of": 27153.950919810384, "Z_threshold0.45_time": 0.5116519927978516, "Z_threshold0.5_of": 27153.950919810384, "Z_threshold0.5_time": 0.5110578536987305}