{"name": "E_1100_469_9216.902.json", "BaldoML_of": 30099.80420145227, "BaldoML_time": 3.4010813236236572, "BaldoGA_of": 29570.961858147475, "BaldoGA_time": 6.045567035675049, "Solver_of": 30585.776720832837, "Solver_time": 19.83782720565796, "Z_threshold0.05_of": 30195.077191053308, "Z_threshold0.05_time": 4.960986137390137, "Z_threshold0.1_of": 29136.94949955608, "Z_threshold0.1_time": 1.1053638458251953, "Z_threshold0.15_of": 28250.9589812563, "Z_threshold0.15_time": 1.1038541793823242, "Z_threshold0.2_of": 28078.830985067372, "Z_threshold0.2_time": 1.1727404594421387, "Z_threshold0.25_of": 27963.604632579467, "Z_threshold0.25_time": 1.112013339996338}