{"name": "E_1100_432_9387.549.json", "BaldoML_of": 30556.765533202317, "BaldoML_time": 1.5787274837493896, "BaldoGA_of": 30136.477715129273, "BaldoGA_time": 5.481975555419922, "Solver_of": 31229.87748807543, "Solver_time": 15.08314037322998, "Z_threshold0.05_of": 30963.612274606632, "Z_threshold0.05_time": 4.423437595367432, "Z_threshold0.1_of": 30359.168447022384, "Z_threshold0.1_time": 0.6133830547332764, "Z_threshold0.15_of": 29846.75747967297, "Z_threshold0.15_time": 0.49937915802001953, "Z_threshold0.2_of": 29133.979715017842, "Z_threshold0.2_time": 0.46897459030151367, "Z_threshold0.25_of": 28922.0077898379, "Z_threshold0.25_time": 0.4714381694793701, "Z_threshold0.3_of": 28592.8479082696, "Z_threshold0.3_time": 0.4676840305328369, "Z_threshold0.35_of": 28592.8479082696, "Z_threshold0.35_time": 0.48077988624572754, "Z_threshold0.4_of": 28553.402509104777, "Z_threshold0.4_time": 0.4640178680419922, "Z_threshold0.45_of": 28443.128824748394, "Z_threshold0.45_time": 0.4605107307434082, "Z_threshold0.5_of": 28407.382186131326, "Z_threshold0.5_time": 0.47594451904296875}