{"name": "E_1100_240_14277.977.json", "BaldoML_of": 39284.849829339764, "BaldoML_time": 2.556720733642578, "BaldoGA_of": 38073.805893612276, "BaldoGA_time": 5.480635166168213, "Solver_of": 40010.5320161401, "Solver_time": 9.86576223373413, "Z_threshold0.05_of": 39951.34899490826, "Z_threshold0.05_time": 6.65390944480896, "Z_threshold0.1_of": 39813.425755991295, "Z_threshold0.1_time": 3.9254090785980225, "Z_threshold0.15_of": 39742.78358070476, "Z_threshold0.15_time": 4.418943881988525, "Z_threshold0.2_of": 39410.28639055126, "Z_threshold0.2_time": 3.493938446044922, "Z_threshold0.25_of": 38828.466233599545, "Z_threshold0.25_time": 1.8298416137695312}