{"name": "E_1100_220_9365.442.json", "BaldoML_of": 32516.318131849468, "BaldoML_time": 3.226191759109497, "BaldoGA_of": 31234.292057267732, "BaldoGA_time": 5.2713706493377686, "Solver_of": 32870.04385152933, "Solver_time": 12.243546485900879, "Z_threshold0.05_of": 32764.00998845907, "Z_threshold0.05_time": 3.8562047481536865, "Z_threshold0.1_of": 32752.328675799952, "Z_threshold0.1_time": 3.850844621658325, "Z_threshold0.15_of": 32599.323332033517, "Z_threshold0.15_time": 2.6814513206481934, "Z_threshold0.2_of": 32380.571589150928, "Z_threshold0.2_time": 2.9238312244415283}