{"name": "E_1100_508_14292.463.json", "BaldoML_of": 36804.58760936595, "BaldoML_time": 20.334228992462158, "BaldoGA_of": 35406.246219108776, "BaldoGA_time": 7.541517496109009, "Solver_of": 36804.81373600322, "Solver_time": 16.96535563468933, "Z_threshold0.05_of": 36690.687428153484, "Z_threshold0.05_time": 7.197324991226196, "Z_threshold0.1_of": 36351.819928430356, "Z_threshold0.1_time": 1.701073408126831, "Z_threshold0.15_of": 36025.17231456516, "Z_threshold0.15_time": 1.0198702812194824, "Z_threshold0.2_of": 35861.30473468669, "Z_threshold0.2_time": 0.8730666637420654, "Z_threshold0.25_of": 35300.496342925384, "Z_threshold0.25_time": 0.8739662170410156, "Z_threshold0.3_of": 35044.61643345605, "Z_threshold0.3_time": 0.8724253177642822, "Z_threshold0.35_of": 34942.90071569944, "Z_threshold0.35_time": 0.8871116638183594, "Z_threshold0.4_of": 34860.90388669912, "Z_threshold0.4_time": 1.0000951290130615, "Z_threshold0.45_of": 34811.52133128863, "Z_threshold0.45_time": 0.9056148529052734, "Z_threshold0.5_of": 34551.49013658899, "Z_threshold0.5_time": 0.893082857131958}