{"name": "E_1100_519_14231.222.json", "BaldoML_of": 37007.574519751586, "BaldoML_time": 1.1062123775482178, "BaldoGA_of": 36485.31360467331, "BaldoGA_time": 8.202256679534912, "Solver_of": 37625.07296222898, "Solver_time": 23.30910634994507, "Z_threshold0.05_of": 37518.89785740039, "Z_threshold0.05_time": 8.878652334213257, "Z_threshold0.1_of": 37120.7079360695, "Z_threshold0.1_time": 2.3391499519348145, "Z_threshold0.15_of": 36708.93715946674, "Z_threshold0.15_time": 1.3809373378753662, "Z_threshold0.2_of": 35819.57824856642, "Z_threshold0.2_time": 1.141026496887207, "Z_threshold0.25_of": 35064.00306053748, "Z_threshold0.25_time": 1.0505785942077637}