{"name": "E_1100_249_7157.268.json", "BaldoML_of": 27119.776854728734, "BaldoML_time": 3.0561304092407227, "BaldoGA_of": 26345.354464998385, "BaldoGA_time": 3.9913089275360107, "Solver_of": 27413.805791866307, "Solver_time": 10.264451026916504, "Z_threshold0.05_of": 27322.19994222199, "Z_threshold0.05_time": 4.639408588409424, "Z_threshold0.1_of": 27112.29042670039, "Z_threshold0.1_time": 2.6105573177337646, "Z_threshold0.15_of": 26912.863785483434, "Z_threshold0.15_time": 1.9657008647918701, "Z_threshold0.2_of": 26743.768501900384, "Z_threshold0.2_time": 1.6227467060089111, "Z_threshold0.25_of": 26486.593486375088, "Z_threshold0.25_time": 1.3141236305236816}