{"name": "E_1100_329_9369.002.json", "BaldoML_of": 31627.611832916467, "BaldoML_time": 4.36869740486145, "BaldoGA_of": 30745.54671924002, "BaldoGA_time": 4.723058700561523, "Solver_of": 32048.66508841812, "Solver_time": 15.818090200424194, "Z_threshold0.05_of": 32029.10156331533, "Z_threshold0.05_time": 3.3574624061584473}