{"name": "E_1100_289_9339.995.json", "BaldoML_of": 32588.13415150665, "BaldoML_time": 2.6968605518341064, "BaldoGA_of": 31704.868161317936, "BaldoGA_time": 4.30250883102417, "Solver_of": 33114.21635506133, "Solver_time": 5.398870229721069, "Z_threshold0.05_of": 32966.281666125775, "Z_threshold0.05_time": 3.4400930404663086, "Z_threshold0.1_of": 32818.06891895784, "Z_threshold0.1_time": 2.973299980163574, "Z_threshold0.15_of": 32432.40592761571, "Z_threshold0.15_time": 1.997615098953247, "Z_threshold0.2_of": 32254.269400530982, "Z_threshold0.2_time": 1.5298609733581543, "Z_threshold0.25_of": 31742.25628767019, "Z_threshold0.25_time": 1.1423816680908203}