{"name": "E_1100_548_9327.421.json", "BaldoML_of": 30620.07908060093, "BaldoML_time": 0.6258866786956787, "BaldoGA_of": 30216.589985186885, "BaldoGA_time": 8.001810312271118, "Solver_of": 31023.921099822674, "Solver_time": 9.675814151763916, "Z_threshold0.05_of": 29918.11938126265, "Z_threshold0.05_time": 1.0385119915008545, "Z_threshold0.1_of": 29273.362950372695, "Z_threshold0.1_time": 1.0347015857696533, "Z_threshold0.15_of": 29245.493934075865, "Z_threshold0.15_time": 1.031050443649292, "Z_threshold0.2_of": 29245.493934075865, "Z_threshold0.2_time": 1.0309557914733887, "Z_threshold0.25_of": 29245.493934075865, "Z_threshold0.25_time": 1.0236215591430664}