{"name": "E_1100_353_9374.745.json", "BaldoML_of": 30734.911175962407, "BaldoML_time": 2.3899831771850586, "BaldoGA_of": 29809.89112194584, "BaldoGA_time": 4.514979362487793, "Solver_of": 31067.638862786196, "Solver_time": 20.698015689849854, "Z_threshold0.05_of": 30973.791509767787, "Z_threshold0.05_time": 3.557044267654419, "Z_threshold0.1_of": 30628.728553247915, "Z_threshold0.1_time": 2.072740316390991, "Z_threshold0.15_of": 30193.02281050662, "Z_threshold0.15_time": 1.5236856937408447, "Z_threshold0.2_of": 29299.14123612518, "Z_threshold0.2_time": 1.0643489360809326, "Z_threshold0.25_of": 28921.588498688514, "Z_threshold0.25_time": 1.0587401390075684}