{"name": "E_1100_594_14080.495.json", "BaldoML_of": 37055.37246888159, "BaldoML_time": 20.15039038658142, "BaldoGA_of": 35778.87057933621, "BaldoGA_time": 9.805588722229004, "Solver_of": 37055.35151902666, "Solver_time": 19.606022357940674, "Z_threshold0.05_of": 36507.49563235725, "Z_threshold0.05_time": 1.0426673889160156, "Z_threshold0.1_of": 36329.18644116075, "Z_threshold0.1_time": 0.8974761962890625, "Z_threshold0.15_of": 35805.502203993725, "Z_threshold0.15_time": 0.8890774250030518, "Z_threshold0.2_of": 35675.465020844655, "Z_threshold0.2_time": 0.8871347904205322, "Z_threshold0.25_of": 35616.44406741563, "Z_threshold0.25_time": 0.8957548141479492, "Z_threshold0.3_of": 35616.44406741563, "Z_threshold0.3_time": 0.9360470771789551, "Z_threshold0.35_of": 35616.44406741563, "Z_threshold0.35_time": 0.9075291156768799, "Z_threshold0.4_of": 35616.44406741563, "Z_threshold0.4_time": 0.9005420207977295, "Z_threshold0.45_of": 35616.44406741563, "Z_threshold0.45_time": 0.905595064163208, "Z_threshold0.5_of": 35616.44406741563, "Z_threshold0.5_time": 0.9262497425079346}