{"name": "E_1100_220_9365.442.json", "BaldoML_of": 32516.318131849468, "BaldoML_time": 3.226191759109497, "BaldoGA_of": 31234.292057267732, "BaldoGA_time": 5.2713706493377686, "Solver_of": 32870.04385152933, "Solver_time": 12.243546485900879, "Z_threshold0.05_of": 32764.00998845907, "Z_threshold0.05_time": 3.6899032592773438}