{"name": "E_1100_618_7020.045.json", "BaldoML_of": 25509.30815330869, "BaldoML_time": 0.6949920654296875, "BaldoGA_of": 25148.368237485767, "BaldoGA_time": 2.1616015434265137, "Solver_of": 25824.16873633019, "Solver_time": 1.059581995010376, "Z_threshold0.05_of": 25148.36823748575, "Z_threshold0.05_time": 0.9934258460998535, "Z_threshold0.1_of": 25148.36823748575, "Z_threshold0.1_time": 1.0745408535003662, "Z_threshold0.15_of": 25117.96071842675, "Z_threshold0.15_time": 0.9802708625793457, "Z_threshold0.2_of": 25117.96071842675, "Z_threshold0.2_time": 0.9860203266143799}