{"name": "E_1100_321_13918.5.json", "BaldoML_of": 39536.55724811316, "BaldoML_time": 2.2781131267547607, "BaldoGA_of": 38663.31165689907, "BaldoGA_time": 6.493507623672485, "Solver_of": 40405.41276406677, "Solver_time": 10.817487478256226, "Z_threshold0.05_of": 40372.40776832219, "Z_threshold0.05_time": 6.117737770080566, "Z_threshold0.1_of": 40186.010676762875, "Z_threshold0.1_time": 3.134568214416504, "Z_threshold0.15_of": 40000.98259021635, "Z_threshold0.15_time": 3.2294695377349854, "Z_threshold0.2_of": 39786.57186960179, "Z_threshold0.2_time": 1.6904680728912354, "Z_threshold0.25_of": 39687.00552361111, "Z_threshold0.25_time": 1.874847412109375, "Z_threshold0.3_of": 39445.06369580811, "Z_threshold0.3_time": 1.4279577732086182, "Z_threshold0.35_of": 39413.89710467365, "Z_threshold0.35_time": 0.769925594329834, "Z_threshold0.4_of": 38988.03272048745, "Z_threshold0.4_time": 0.514876127243042, "Z_threshold0.45_of": 38796.14044045827, "Z_threshold0.45_time": 0.5073485374450684, "Z_threshold0.5_of": 38056.583501609006, "Z_threshold0.5_time": 0.534862756729126}