{"name": "E_1100_386_7057.872.json", "BaldoML_of": 25582.956913586077, "BaldoML_time": 2.0907256603240967, "BaldoGA_of": 25031.020110281483, "BaldoGA_time": 4.624378681182861, "Solver_of": 25823.016351750113, "Solver_time": 18.011682748794556, "Z_threshold0.05_of": 25511.74433359702, "Z_threshold0.05_time": 2.3855807781219482}