{"name": "E_1100_234_6763.034.json", "BaldoML_of": 28294.61280165239, "BaldoML_time": 2.6133711338043213, "BaldoGA_of": 26997.280068287684, "BaldoGA_time": 3.775428056716919, "Solver_of": 28479.077707311833, "Solver_time": 7.959216117858887, "Z_threshold0.05_of": 28456.63550118501, "Z_threshold0.05_time": 1.8662919998168945, "Z_threshold0.1_of": 28287.271705328054, "Z_threshold0.1_time": 2.9947142601013184, "Z_threshold0.15_of": 28116.76588769578, "Z_threshold0.15_time": 1.45432710647583, "Z_threshold0.2_of": 27948.41253679164, "Z_threshold0.2_time": 1.3873465061187744, "Z_threshold0.25_of": 27757.49385906123, "Z_threshold0.25_time": 0.9029707908630371, "Z_threshold0.3_of": 27401.924020780745, "Z_threshold0.3_time": 0.4610440731048584, "Z_threshold0.35_of": 27090.831097025493, "Z_threshold0.35_time": 0.4463222026824951, "Z_threshold0.4_of": 26545.231453452787, "Z_threshold0.4_time": 0.4504678249359131, "Z_threshold0.45_of": 26099.11362671235, "Z_threshold0.45_time": 0.44017887115478516, "Z_threshold0.5_of": 25574.264197312303, "Z_threshold0.5_time": 0.439075231552124}