{"name": "E_1100_576_14067.733.json", "BaldoML_of": 35874.943794807245, "BaldoML_time": 1.291445255279541, "BaldoGA_of": 35371.58968299314, "BaldoGA_time": 9.404045820236206, "Solver_of": 36443.967460675005, "Solver_time": 17.036988735198975, "Z_threshold0.05_of": 36095.818664717364, "Z_threshold0.05_time": 4.4395740032196045, "Z_threshold0.1_of": 35480.484692394326, "Z_threshold0.1_time": 1.2801105976104736, "Z_threshold0.15_of": 34366.082066245224, "Z_threshold0.15_time": 1.1893692016601562, "Z_threshold0.2_of": 34181.87739785803, "Z_threshold0.2_time": 1.112760066986084}