{"name": "E_1100_342_14306.883.json", "BaldoML_of": 37930.28511491809, "BaldoML_time": 1.8538000583648682, "BaldoGA_of": 37027.15051511339, "BaldoGA_time": 6.25863242149353, "Solver_of": 38694.58078952848, "Solver_time": 21.181114196777344, "Z_threshold0.05_of": 38618.22347123214, "Z_threshold0.05_time": 4.503126859664917}