{"name": "E_1100_358_7139.111.json", "BaldoML_of": 25611.94280829643, "BaldoML_time": 3.5209131240844727, "BaldoGA_of": 25050.616775850405, "BaldoGA_time": 4.5428314208984375, "Solver_of": 25899.010072564935, "Solver_time": 25.193091869354248, "Z_threshold0.05_of": 25718.53955533048, "Z_threshold0.05_time": 4.510294675827026, "Z_threshold0.1_of": 25281.246015045053, "Z_threshold0.1_time": 0.7726495265960693, "Z_threshold0.15_of": 24882.18255206282, "Z_threshold0.15_time": 0.5165691375732422, "Z_threshold0.2_of": 24172.476153201544, "Z_threshold0.2_time": 0.4786064624786377, "Z_threshold0.25_of": 23949.50692767258, "Z_threshold0.25_time": 0.4799003601074219, "Z_threshold0.3_of": 23949.50692767258, "Z_threshold0.3_time": 0.4774916172027588, "Z_threshold0.35_of": 23949.50692767258, "Z_threshold0.35_time": 0.48013949394226074, "Z_threshold0.4_of": 23949.50692767258, "Z_threshold0.4_time": 0.4810183048248291, "Z_threshold0.45_of": 23930.259955116344, "Z_threshold0.45_time": 0.4773366451263428, "Z_threshold0.5_of": 23949.50692767258, "Z_threshold0.5_time": 0.49095940589904785}