{"name": "E_1100_358_9284.27.json", "BaldoML_of": 30969.933881114208, "BaldoML_time": 2.0609662532806396, "BaldoGA_of": 30265.109101690403, "BaldoGA_time": 4.685752868652344, "Solver_of": 31413.024356013386, "Solver_time": 17.505767107009888, "Z_threshold0.05_of": 31314.15554407219, "Z_threshold0.05_time": 7.574224472045898, "Z_threshold0.1_of": 30984.83902760511, "Z_threshold0.1_time": 2.6152279376983643, "Z_threshold0.15_of": 30648.98221866951, "Z_threshold0.15_time": 1.605564832687378, "Z_threshold0.2_of": 30543.627539462443, "Z_threshold0.2_time": 1.067812442779541}