{"name": "E_1100_348_13722.412.json", "BaldoML_of": 39381.971445363924, "BaldoML_time": 2.109327554702759, "BaldoGA_of": 37641.74377797589, "BaldoGA_time": 6.69140887260437, "Solver_of": 40042.05350708487, "Solver_time": 11.444826126098633, "Z_threshold0.05_of": 40018.156063751696, "Z_threshold0.05_time": 4.476647853851318, "Z_threshold0.1_of": 39874.91725001334, "Z_threshold0.1_time": 4.374522686004639, "Z_threshold0.15_of": 39538.62325417011, "Z_threshold0.15_time": 3.9020886421203613, "Z_threshold0.2_of": 39248.387854242195, "Z_threshold0.2_time": 2.4371180534362793, "Z_threshold0.25_of": 38880.191344842424, "Z_threshold0.25_time": 1.777174711227417}