{"name": "E_1100_456_9270.815.json", "BaldoML_of": 30363.779076494266, "BaldoML_time": 1.6198797225952148, "BaldoGA_of": 29951.874833143393, "BaldoGA_time": 6.931788206100464, "Solver_of": 30793.979688069274, "Solver_time": 23.133804082870483, "Z_threshold0.05_of": 30435.436873890707, "Z_threshold0.05_time": 3.9489223957061768, "Z_threshold0.1_of": 29911.520703128732, "Z_threshold0.1_time": 1.1349966526031494, "Z_threshold0.15_of": 28745.607827723266, "Z_threshold0.15_time": 1.0981905460357666, "Z_threshold0.2_of": 28542.038424469025, "Z_threshold0.2_time": 1.0861296653747559}