{"name": "E_1100_419_9203.908.json", "BaldoML_of": 30611.860277892254, "BaldoML_time": 1.5753049850463867, "BaldoGA_of": 30082.346585795603, "BaldoGA_time": 5.0703771114349365, "Solver_of": 31083.424511164038, "Solver_time": 12.374161720275879, "Z_threshold0.05_of": 30805.65227399503, "Z_threshold0.05_time": 6.409924030303955, "Z_threshold0.1_of": 30306.307722058977, "Z_threshold0.1_time": 1.6664173603057861, "Z_threshold0.15_of": 29539.26720045982, "Z_threshold0.15_time": 1.0441920757293701, "Z_threshold0.2_of": 28813.244574410193, "Z_threshold0.2_time": 1.0289487838745117, "Z_threshold0.25_of": 28339.777417478446, "Z_threshold0.25_time": 1.0297393798828125}