{"name": "E_1100_328_9501.08.json", "BaldoML_of": 31145.130001659472, "BaldoML_time": 2.556785821914673, "BaldoGA_of": 30410.960584829278, "BaldoGA_time": 4.657710313796997, "Solver_of": 31574.419890297737, "Solver_time": 21.26282811164856, "Z_threshold0.05_of": 31402.48555120113, "Z_threshold0.05_time": 3.0917277336120605, "Z_threshold0.1_of": 31192.37699455491, "Z_threshold0.1_time": 2.0585553646087646, "Z_threshold0.15_of": 31009.33347650478, "Z_threshold0.15_time": 1.7819676399230957, "Z_threshold0.2_of": 30791.139831500954, "Z_threshold0.2_time": 1.4778573513031006, "Z_threshold0.25_of": 30673.400126312332, "Z_threshold0.25_time": 1.0389912128448486}