{"name": "E_1100_349_6875.883.json", "BaldoML_of": 28045.797218203843, "BaldoML_time": 1.107456922531128, "BaldoGA_of": 27249.357739909687, "BaldoGA_time": 4.186614751815796, "Solver_of": 28219.188205432183, "Solver_time": 18.304297924041748, "Z_threshold0.05_of": 28045.901314428265, "Z_threshold0.05_time": 3.4586424827575684, "Z_threshold0.1_of": 27659.595151065885, "Z_threshold0.1_time": 1.431394338607788, "Z_threshold0.15_of": 27455.01807505232, "Z_threshold0.15_time": 1.2501111030578613, "Z_threshold0.2_of": 26705.64500525048, "Z_threshold0.2_time": 1.145270586013794}