{"name": "E_1100_419_9203.908.json", "BaldoML_of": 30611.860277892254, "BaldoML_time": 1.5753049850463867, "BaldoGA_of": 30082.346585795603, "BaldoGA_time": 5.0703771114349365, "Solver_of": 31083.424511164038, "Solver_time": 12.374161720275879, "Z_threshold0.05_of": 30844.577882816215, "Z_threshold0.05_time": 4.660823345184326, "Z_threshold0.1_of": 30402.539647114016, "Z_threshold0.1_time": 0.9118380546569824, "Z_threshold0.15_of": 29940.792427672943, "Z_threshold0.15_time": 0.5237855911254883, "Z_threshold0.2_of": 29174.55021404303, "Z_threshold0.2_time": 0.5169188976287842, "Z_threshold0.25_of": 28743.833898812947, "Z_threshold0.25_time": 0.5113389492034912, "Z_threshold0.3_of": 28597.703576424898, "Z_threshold0.3_time": 0.532010555267334, "Z_threshold0.35_of": 28533.852309654896, "Z_threshold0.35_time": 0.5115277767181396, "Z_threshold0.4_of": 28424.527145056676, "Z_threshold0.4_time": 0.5078639984130859, "Z_threshold0.45_of": 28424.527145056676, "Z_threshold0.45_time": 0.5046744346618652, "Z_threshold0.5_of": 28424.527145056676, "Z_threshold0.5_time": 0.5334336757659912}