{"name": "E_1100_580_9390.593.json", "BaldoML_of": 30454.37905259216, "BaldoML_time": 0.8492035865783691, "BaldoGA_of": 29965.234506187153, "BaldoGA_time": 7.885525226593018, "Solver_of": 30749.156131628406, "Solver_time": 6.389819145202637, "Z_threshold0.05_of": 29343.809582932096, "Z_threshold0.05_time": 1.043527364730835, "Z_threshold0.1_of": 29318.29842520664, "Z_threshold0.1_time": 1.041456699371338, "Z_threshold0.15_of": 29318.29842520664, "Z_threshold0.15_time": 0.9859294891357422, "Z_threshold0.2_of": 29318.29842520664, "Z_threshold0.2_time": 0.9896738529205322}