{"name": "E_1100_472_9588.779.json", "BaldoML_of": 30236.40810591004, "BaldoML_time": 2.3918185234069824, "BaldoGA_of": 29691.921723685147, "BaldoGA_time": 6.9459686279296875, "Solver_of": 30666.982162416505, "Solver_time": 15.467771530151367, "Z_threshold0.05_of": 30209.902174451036, "Z_threshold0.05_time": 0.6839470863342285, "Z_threshold0.1_of": 29632.085959502612, "Z_threshold0.1_time": 0.4746279716491699, "Z_threshold0.15_of": 28892.387063400296, "Z_threshold0.15_time": 0.4767591953277588, "Z_threshold0.2_of": 28555.763493146103, "Z_threshold0.2_time": 0.4659414291381836, "Z_threshold0.25_of": 28555.763493146103, "Z_threshold0.25_time": 0.4657151699066162, "Z_threshold0.3_of": 28490.60353488194, "Z_threshold0.3_time": 0.4678630828857422, "Z_threshold0.35_of": 28490.60353488194, "Z_threshold0.35_time": 0.46669769287109375, "Z_threshold0.4_of": 28490.60353488194, "Z_threshold0.4_time": 0.4706289768218994, "Z_threshold0.45_of": 28490.60353488194, "Z_threshold0.45_time": 0.4651305675506592, "Z_threshold0.5_of": 28490.60353488194, "Z_threshold0.5_time": 0.5873215198516846}