{"name": "E_1100_562_6810.322.json", "BaldoML_of": 28232.90303045665, "BaldoML_time": 0.6622257232666016, "BaldoGA_of": 27870.591688709806, "BaldoGA_time": 2.8127143383026123, "Solver_of": 28361.527080898275, "Solver_time": 3.180044651031494, "Z_threshold0.05_of": 27880.436638925632, "Z_threshold0.05_time": 0.8886780738830566}