{"name": "E_1100_513_6985.155.json", "BaldoML_of": 27036.597344589707, "BaldoML_time": 0.7756521701812744, "BaldoGA_of": 26558.141346009044, "BaldoGA_time": 4.73256516456604, "Solver_of": 27339.92882597204, "Solver_time": 3.662447929382324, "Z_threshold0.05_of": 26396.10960897819, "Z_threshold0.05_time": 1.0263984203338623, "Z_threshold0.1_of": 26396.10960897819, "Z_threshold0.1_time": 1.1109416484832764, "Z_threshold0.15_of": 26396.10960897819, "Z_threshold0.15_time": 1.0290462970733643, "Z_threshold0.2_of": 26396.10960897819, "Z_threshold0.2_time": 1.0286180973052979, "Z_threshold0.25_of": 26396.10960897819, "Z_threshold0.25_time": 1.0176336765289307}