{"name": "E_1100_657_14170.052.json", "BaldoML_of": 36404.99473990317, "BaldoML_time": 0.7322201728820801, "BaldoGA_of": 36007.573806996865, "BaldoGA_time": 11.948775053024292, "Solver_of": 37022.39985003754, "Solver_time": 14.39889144897461, "Z_threshold0.05_of": 36193.833135350564, "Z_threshold0.05_time": 1.275730848312378, "Z_threshold0.1_of": 35072.85768923081, "Z_threshold0.1_time": 1.1213011741638184, "Z_threshold0.15_of": 35017.31514049415, "Z_threshold0.15_time": 1.193568468093872, "Z_threshold0.2_of": 35017.31514049415, "Z_threshold0.2_time": 1.1148459911346436}