{"name": "E_1100_257_9260.365.json", "BaldoML_of": 32700.727625451844, "BaldoML_time": 2.748011827468872, "BaldoGA_of": 31386.853664969633, "BaldoGA_time": 4.1931540966033936, "Solver_of": 33160.271886755734, "Solver_time": 4.9152820110321045, "Z_threshold0.05_of": 33155.257232432894, "Z_threshold0.05_time": 4.423025846481323, "Z_threshold0.1_of": 33063.58902139325, "Z_threshold0.1_time": 2.872356653213501, "Z_threshold0.15_of": 32827.53380011284, "Z_threshold0.15_time": 2.219496011734009, "Z_threshold0.2_of": 32527.70457691064, "Z_threshold0.2_time": 1.263599157333374, "Z_threshold0.25_of": 32294.645669818958, "Z_threshold0.25_time": 0.4758450984954834, "Z_threshold0.3_of": 31963.935064684014, "Z_threshold0.3_time": 0.4700443744659424, "Z_threshold0.35_of": 31353.844558557623, "Z_threshold0.35_time": 0.5091676712036133, "Z_threshold0.4_of": 30963.78071028526, "Z_threshold0.4_time": 0.471696138381958, "Z_threshold0.45_of": 30691.817929671986, "Z_threshold0.45_time": 0.47493577003479004, "Z_threshold0.5_of": 30301.23679408146, "Z_threshold0.5_time": 0.4722771644592285}