{"name": "E_1100_410_7045.504.json", "BaldoML_of": 27304.68603844787, "BaldoML_time": 1.6959223747253418, "BaldoGA_of": 26891.356295448146, "BaldoGA_time": 5.256777763366699, "Solver_of": 27524.506084394416, "Solver_time": 19.096855640411377, "Z_threshold0.05_of": 27137.712917708523, "Z_threshold0.05_time": 0.5935280323028564, "Z_threshold0.1_of": 26236.807865097726, "Z_threshold0.1_time": 0.45666980743408203, "Z_threshold0.15_of": 25863.36521976049, "Z_threshold0.15_time": 0.4433114528656006, "Z_threshold0.2_of": 25811.609487787187, "Z_threshold0.2_time": 0.44881701469421387, "Z_threshold0.25_of": 25773.79495788977, "Z_threshold0.25_time": 0.5206913948059082, "Z_threshold0.3_of": 25773.79495788977, "Z_threshold0.3_time": 0.4857621192932129, "Z_threshold0.35_of": 25773.79495788977, "Z_threshold0.35_time": 0.48668503761291504, "Z_threshold0.4_of": 25773.79495788977, "Z_threshold0.4_time": 0.48363327980041504, "Z_threshold0.45_of": 25749.133542758293, "Z_threshold0.45_time": 0.48770952224731445, "Z_threshold0.5_of": 25749.133542758293, "Z_threshold0.5_time": 0.48533129692077637}