{"name": "E_1100_226_9223.982.json", "BaldoML_of": 32975.81479860686, "BaldoML_time": 2.7667510509490967, "BaldoGA_of": 31865.46107382955, "BaldoGA_time": 5.054802179336548, "Solver_of": 33354.257342386096, "Solver_time": 12.802350997924805, "Z_threshold0.05_of": 33287.66204784221, "Z_threshold0.05_time": 6.161344051361084, "Z_threshold0.1_of": 33180.274059689546, "Z_threshold0.1_time": 4.412593841552734, "Z_threshold0.15_of": 33026.60531663365, "Z_threshold0.15_time": 2.8236820697784424, "Z_threshold0.2_of": 32838.810578972465, "Z_threshold0.2_time": 2.331984758377075}