{"name": "E_1100_591_9294.641.json", "BaldoML_of": 30847.17253621616, "BaldoML_time": 0.6498169898986816, "BaldoGA_of": 30461.452804532077, "BaldoGA_time": 3.0565178394317627, "Solver_of": 31393.883407269797, "Solver_time": 5.292763948440552, "Z_threshold0.05_of": 30923.523278576362, "Z_threshold0.05_time": 0.4841797351837158, "Z_threshold0.1_of": 30923.523278576362, "Z_threshold0.1_time": 0.4751572608947754, "Z_threshold0.15_of": 30923.523278576362, "Z_threshold0.15_time": 0.48660707473754883, "Z_threshold0.2_of": 30923.523278576362, "Z_threshold0.2_time": 0.4808177947998047, "Z_threshold0.25_of": 30923.523278576362, "Z_threshold0.25_time": 0.48804640769958496, "Z_threshold0.3_of": 30923.523278576362, "Z_threshold0.3_time": 0.47646045684814453, "Z_threshold0.35_of": 30923.523278576362, "Z_threshold0.35_time": 0.4887669086456299, "Z_threshold0.4_of": 30923.523278576362, "Z_threshold0.4_time": 0.5150268077850342, "Z_threshold0.45_of": 30923.523278576362, "Z_threshold0.45_time": 0.49265193939208984, "Z_threshold0.5_of": 30923.523278576362, "Z_threshold0.5_time": 0.482694149017334}