{"name": "E_1100_498_6945.356.json", "BaldoML_of": 27324.872415954735, "BaldoML_time": 3.496875524520874, "BaldoGA_of": 26624.736855463387, "BaldoGA_time": 6.8136632442474365, "Solver_of": 27324.262912828723, "Solver_time": 2.588226556777954, "Z_threshold0.05_of": 26397.734812747738, "Z_threshold0.05_time": 0.93050217628479, "Z_threshold0.1_of": 26397.734812747738, "Z_threshold0.1_time": 0.8886511325836182, "Z_threshold0.15_of": 26397.734812747738, "Z_threshold0.15_time": 0.8863189220428467, "Z_threshold0.2_of": 26397.734812747738, "Z_threshold0.2_time": 0.9014475345611572, "Z_threshold0.25_of": 26397.734812747738, "Z_threshold0.25_time": 0.9089193344116211, "Z_threshold0.3_of": 26397.734812747738, "Z_threshold0.3_time": 0.9017939567565918, "Z_threshold0.35_of": 26397.734812747738, "Z_threshold0.35_time": 0.8865911960601807, "Z_threshold0.4_of": 26397.734812747738, "Z_threshold0.4_time": 0.8926863670349121, "Z_threshold0.45_of": 26397.734812747738, "Z_threshold0.45_time": 0.8893656730651855, "Z_threshold0.5_of": 26397.734812747738, "Z_threshold0.5_time": 0.892127513885498}