{"name": "E_1100_317_7125.653.json", "BaldoML_of": 27365.957767999516, "BaldoML_time": 1.2324681282043457, "BaldoGA_of": 26785.29976594091, "BaldoGA_time": 4.454128980636597, "Solver_of": 27689.83825446539, "Solver_time": 8.356779098510742, "Z_threshold0.05_of": 27477.90148960688, "Z_threshold0.05_time": 2.34875226020813, "Z_threshold0.1_of": 26965.4880341035, "Z_threshold0.1_time": 1.4693222045898438, "Z_threshold0.15_of": 26742.087040839873, "Z_threshold0.15_time": 1.1315693855285645, "Z_threshold0.2_of": 26123.352648717366, "Z_threshold0.2_time": 1.0352833271026611}