{"name": "E_1100_445_13729.226.json", "BaldoML_of": 37096.153958072035, "BaldoML_time": 1.0481700897216797, "BaldoGA_of": 36367.4506140204, "BaldoGA_time": 6.957215070724487, "Solver_of": 38246.02884484724, "Solver_time": 58.267735958099365, "Z_threshold0.05_of": 38180.84516447541, "Z_threshold0.05_time": 9.342977285385132, "Z_threshold0.1_of": 37714.94931965315, "Z_threshold0.1_time": 3.5202996730804443, "Z_threshold0.15_of": 37383.97062445968, "Z_threshold0.15_time": 2.214470863342285, "Z_threshold0.2_of": 36989.94976499377, "Z_threshold0.2_time": 1.3966429233551025}