{"name": "E_1100_592_13998.075.json", "BaldoML_of": 35969.43029687076, "BaldoML_time": 0.8467221260070801, "BaldoGA_of": 35501.87110626195, "BaldoGA_time": 8.480781078338623, "Solver_of": 36849.06424946574, "Solver_time": 20.26581358909607, "Z_threshold0.05_of": 36446.79713669856, "Z_threshold0.05_time": 4.945175886154175, "Z_threshold0.1_of": 35086.346776753046, "Z_threshold0.1_time": 1.062586784362793, "Z_threshold0.15_of": 34242.31199634253, "Z_threshold0.15_time": 1.059011697769165, "Z_threshold0.2_of": 33897.57297872264, "Z_threshold0.2_time": 1.13728666305542, "Z_threshold0.25_of": 33862.48588503501, "Z_threshold0.25_time": 1.052119255065918}