{"name": "E_1100_493_9487.216.json", "BaldoML_of": 30365.69803705841, "BaldoML_time": 0.9815700054168701, "BaldoGA_of": 29831.406470029953, "BaldoGA_time": 7.48874568939209, "Solver_of": 30806.908121826462, "Solver_time": 10.431091070175171, "Z_threshold0.05_of": 30139.017514572657, "Z_threshold0.05_time": 0.5797555446624756, "Z_threshold0.1_of": 29316.42572364867, "Z_threshold0.1_time": 0.4858522415161133, "Z_threshold0.15_of": 28958.384772953577, "Z_threshold0.15_time": 0.49076342582702637, "Z_threshold0.2_of": 28819.224785713966, "Z_threshold0.2_time": 0.47883081436157227, "Z_threshold0.25_of": 28772.5497864993, "Z_threshold0.25_time": 0.5207440853118896, "Z_threshold0.3_of": 28772.5497864993, "Z_threshold0.3_time": 0.49245285987854004, "Z_threshold0.35_of": 28750.939831897333, "Z_threshold0.35_time": 0.49079108238220215, "Z_threshold0.4_of": 28725.862718648114, "Z_threshold0.4_time": 0.4945712089538574, "Z_threshold0.45_of": 28725.862718648114, "Z_threshold0.45_time": 0.48385071754455566, "Z_threshold0.5_of": 28669.14354030745, "Z_threshold0.5_time": 0.47303009033203125}