{"name": "E_1100_418_13720.888.json", "BaldoML_of": 38837.49525877272, "BaldoML_time": 1.0811898708343506, "BaldoGA_of": 38200.74329417969, "BaldoGA_time": 6.257115125656128, "Solver_of": 39524.85266720737, "Solver_time": 16.7808837890625, "Z_threshold0.05_of": 39413.07070169063, "Z_threshold0.05_time": 3.3088252544403076, "Z_threshold0.1_of": 39207.391695783874, "Z_threshold0.1_time": 2.5602784156799316, "Z_threshold0.15_of": 38646.438396286576, "Z_threshold0.15_time": 1.8678231239318848, "Z_threshold0.2_of": 38243.9160586873, "Z_threshold0.2_time": 1.148650884628296}