{"name": "E_1100_507_9165.566.json", "BaldoML_of": 30242.41610604694, "BaldoML_time": 12.457774877548218, "BaldoGA_of": 29411.48905127121, "BaldoGA_time": 6.710037469863892, "Solver_of": 30241.909480956125, "Solver_time": 10.539512872695923, "Z_threshold0.05_of": 29564.072169111365, "Z_threshold0.05_time": 1.056990623474121, "Z_threshold0.1_of": 28780.617803781577, "Z_threshold0.1_time": 1.0175364017486572, "Z_threshold0.15_of": 28326.018306457703, "Z_threshold0.15_time": 1.027343988418579, "Z_threshold0.2_of": 28257.857523973402, "Z_threshold0.2_time": 1.0038583278656006, "Z_threshold0.25_of": 28197.789626625257, "Z_threshold0.25_time": 0.9333691596984863, "Z_threshold0.3_of": 28132.224469633795, "Z_threshold0.3_time": 0.9362854957580566, "Z_threshold0.35_of": 28132.224469633795, "Z_threshold0.35_time": 0.9476606845855713, "Z_threshold0.4_of": 28109.545863537238, "Z_threshold0.4_time": 0.949481725692749, "Z_threshold0.45_of": 28062.420241903175, "Z_threshold0.45_time": 1.0105023384094238, "Z_threshold0.5_of": 28062.420241903175, "Z_threshold0.5_time": 0.9770212173461914}