{"name": "E_1100_457_14207.22.json", "BaldoML_of": 36563.143488671, "BaldoML_time": 1.0435869693756104, "BaldoGA_of": 36064.6607951727, "BaldoGA_time": 7.827307224273682, "Solver_of": 37736.50076683909, "Solver_time": 17.25219702720642, "Z_threshold0.05_of": 37510.00593900369, "Z_threshold0.05_time": 9.521817445755005, "Z_threshold0.1_of": 37174.102019201004, "Z_threshold0.1_time": 2.9413363933563232, "Z_threshold0.15_of": 36685.85124882108, "Z_threshold0.15_time": 1.8452789783477783, "Z_threshold0.2_of": 36314.828163427075, "Z_threshold0.2_time": 1.115004062652588, "Z_threshold0.25_of": 35817.48091093723, "Z_threshold0.25_time": 1.107112169265747}