{"name": "E_1100_472_9588.779.json", "BaldoML_of": 30668.06021301945, "BaldoML_time": 15.082555532455444, "BaldoGA_of": 29691.921723685147, "BaldoGA_time": 6.9459686279296875, "Solver_of": 30666.982162416505, "Solver_time": 15.467771530151367, "Z_threshold0.05_of": 30251.948789233946, "Z_threshold0.05_time": 1.4034528732299805, "Z_threshold0.1_of": 29637.599739609384, "Z_threshold0.1_time": 0.8997950553894043, "Z_threshold0.15_of": 28867.15192944127, "Z_threshold0.15_time": 1.008335828781128, "Z_threshold0.2_of": 28502.811294990548, "Z_threshold0.2_time": 0.9931416511535645, "Z_threshold0.25_of": 28502.811294990548, "Z_threshold0.25_time": 0.9561481475830078, "Z_threshold0.3_of": 28437.651336726376, "Z_threshold0.3_time": 0.9986863136291504, "Z_threshold0.35_of": 28437.651336726376, "Z_threshold0.35_time": 1.0039715766906738, "Z_threshold0.4_of": 28437.651336726376, "Z_threshold0.4_time": 0.9665799140930176, "Z_threshold0.45_of": 28437.651336726376, "Z_threshold0.45_time": 1.0499041080474854, "Z_threshold0.5_of": 28437.651336726376, "Z_threshold0.5_time": 0.9647665023803711}