{"name": "E_1100_493_9487.216.json", "BaldoML_of": 30365.69803705841, "BaldoML_time": 0.9815700054168701, "BaldoGA_of": 29831.406470029953, "BaldoGA_time": 7.48874568939209, "Solver_of": 30806.908121826462, "Solver_time": 10.431091070175171, "Z_threshold0.05_of": 30073.788638702557, "Z_threshold0.05_time": 1.5053138732910156, "Z_threshold0.1_of": 28926.302941264054, "Z_threshold0.1_time": 1.043489694595337, "Z_threshold0.15_of": 28637.26382452372, "Z_threshold0.15_time": 1.0458223819732666, "Z_threshold0.2_of": 28555.8198626446, "Z_threshold0.2_time": 1.1018919944763184}