{"name": "E_1100_651_14189.878.json", "BaldoML_of": 35879.068863756635, "BaldoML_time": 0.563511848449707, "BaldoGA_of": 35664.317389032076, "BaldoGA_time": 11.057748556137085, "Solver_of": 36571.92736118261, "Solver_time": 11.409218788146973, "Z_threshold0.05_of": 35936.91361457216, "Z_threshold0.05_time": 1.4251160621643066, "Z_threshold0.1_of": 34466.024289287285, "Z_threshold0.1_time": 1.2396628856658936, "Z_threshold0.15_of": 34281.49667756473, "Z_threshold0.15_time": 1.139009714126587, "Z_threshold0.2_of": 34264.1102950369, "Z_threshold0.2_time": 1.1140751838684082}