{"name": "E_1100_657_9305.291.json", "BaldoML_of": 31143.07748299179, "BaldoML_time": 0.7252469062805176, "BaldoGA_of": 30767.79737851805, "BaldoGA_time": 3.18569278717041, "Solver_of": 31555.714060389935, "Solver_time": 2.066195487976074, "Z_threshold0.05_of": 30798.141819115186, "Z_threshold0.05_time": 1.0789000988006592, "Z_threshold0.1_of": 30798.141819115186, "Z_threshold0.1_time": 1.0628175735473633, "Z_threshold0.15_of": 30798.141819115186, "Z_threshold0.15_time": 1.0603010654449463, "Z_threshold0.2_of": 30798.141819115186, "Z_threshold0.2_time": 1.0680689811706543}