{"name": "E_1100_388_14048.056.json", "BaldoML_of": 38997.876029199135, "BaldoML_time": 12.881075620651245, "BaldoGA_of": 37268.159569451025, "BaldoGA_time": 6.697133779525757, "Solver_of": 38998.2129828346, "Solver_time": 10.789778232574463, "Z_threshold0.05_of": 38937.43037490372, "Z_threshold0.05_time": 3.932354211807251, "Z_threshold0.1_of": 38760.23766846545, "Z_threshold0.1_time": 4.152421474456787, "Z_threshold0.15_of": 38482.98560543804, "Z_threshold0.15_time": 2.7674684524536133, "Z_threshold0.2_of": 38441.24158268746, "Z_threshold0.2_time": 1.5998613834381104, "Z_threshold0.25_of": 38244.47667142061, "Z_threshold0.25_time": 1.8668420314788818, "Z_threshold0.3_of": 38054.64778303735, "Z_threshold0.3_time": 1.02225661277771, "Z_threshold0.35_of": 37800.369874385586, "Z_threshold0.35_time": 0.9361555576324463, "Z_threshold0.4_of": 37519.80827236781, "Z_threshold0.4_time": 0.9207913875579834, "Z_threshold0.45_of": 37033.29861989067, "Z_threshold0.45_time": 0.9695639610290527, "Z_threshold0.5_of": 36854.10432082431, "Z_threshold0.5_time": 0.934596061706543}