{"name": "E_1100_470_13720.047.json", "BaldoML_of": 37787.69590397603, "BaldoML_time": 1.162102222442627, "BaldoGA_of": 37276.12802278654, "BaldoGA_time": 7.221296310424805, "Solver_of": 38475.09609365596, "Solver_time": 17.902940273284912, "Z_threshold0.05_of": 38390.12099282623, "Z_threshold0.05_time": 11.168815612792969, "Z_threshold0.1_of": 37936.72356606589, "Z_threshold0.1_time": 2.660792350769043, "Z_threshold0.15_of": 37753.052301390046, "Z_threshold0.15_time": 2.0415399074554443, "Z_threshold0.2_of": 37399.60839807158, "Z_threshold0.2_time": 1.2739362716674805}