{"name": "E_1100_426_13904.517.json", "BaldoML_of": 37271.23127743483, "BaldoML_time": 1.264613151550293, "BaldoGA_of": 36563.095972077004, "BaldoGA_time": 5.9470155239105225, "Solver_of": 37913.09255158911, "Solver_time": 12.17391586303711, "Z_threshold0.05_of": 37862.65427055912, "Z_threshold0.05_time": 3.2545454502105713, "Z_threshold0.1_of": 37712.81616274148, "Z_threshold0.1_time": 2.420572280883789, "Z_threshold0.15_of": 37641.77645621925, "Z_threshold0.15_time": 1.6292285919189453, "Z_threshold0.2_of": 37502.22636606464, "Z_threshold0.2_time": 1.1494781970977783, "Z_threshold0.25_of": 37188.688731785776, "Z_threshold0.25_time": 0.5328431129455566, "Z_threshold0.3_of": 36994.90507618475, "Z_threshold0.3_time": 0.533137321472168, "Z_threshold0.35_of": 36630.41185862096, "Z_threshold0.35_time": 0.52767014503479, "Z_threshold0.4_of": 36151.46602560066, "Z_threshold0.4_time": 0.5404877662658691, "Z_threshold0.45_of": 35820.821148433875, "Z_threshold0.45_time": 0.5192110538482666, "Z_threshold0.5_of": 35660.150207598264, "Z_threshold0.5_time": 0.5101583003997803}