{"name": "E_1100_426_13904.517.json", "BaldoML_of": 37913.09255158901, "BaldoML_time": 11.536641359329224, "BaldoGA_of": 36563.095972077004, "BaldoGA_time": 5.9470155239105225, "Solver_of": 37913.09255158911, "Solver_time": 12.17391586303711, "Z_threshold0.05_of": 37823.311717446144, "Z_threshold0.05_time": 5.023807525634766, "Z_threshold0.1_of": 37746.987480362055, "Z_threshold0.1_time": 3.829740047454834, "Z_threshold0.15_of": 37687.111533389725, "Z_threshold0.15_time": 2.832900285720825, "Z_threshold0.2_of": 37578.87622122876, "Z_threshold0.2_time": 1.7243738174438477, "Z_threshold0.25_of": 37337.072955280426, "Z_threshold0.25_time": 1.3233592510223389, "Z_threshold0.3_of": 37154.28070540905, "Z_threshold0.3_time": 0.9398651123046875, "Z_threshold0.35_of": 36930.035320608666, "Z_threshold0.35_time": 0.9386484622955322, "Z_threshold0.4_of": 36493.91176372682, "Z_threshold0.4_time": 0.9704349040985107, "Z_threshold0.45_of": 36151.46602560066, "Z_threshold0.45_time": 0.922614574432373, "Z_threshold0.5_of": 35865.74911945842, "Z_threshold0.5_time": 0.9271082878112793}