{"name": "E_1100_536_7180.01.json", "BaldoML_of": 25698.414421616915, "BaldoML_time": 0.4382479190826416, "BaldoGA_of": 25465.606531953403, "BaldoGA_time": 2.2776758670806885, "Solver_of": 26085.08648295751, "Solver_time": 2.8218019008636475, "Z_threshold0.05_of": 25465.60653195342, "Z_threshold0.05_time": 0.913341760635376}