{"name": "E_1100_263_14138.396.json", "BaldoML_of": 41128.934545776574, "BaldoML_time": 11.971283674240112, "BaldoGA_of": 39297.851237034156, "BaldoGA_time": 6.531000852584839, "Solver_of": 41129.416795829275, "Solver_time": 12.94758915901184, "Z_threshold0.05_of": 41015.12438198797, "Z_threshold0.05_time": 6.289256572723389, "Z_threshold0.1_of": 40898.99764107529, "Z_threshold0.1_time": 4.333476305007935, "Z_threshold0.15_of": 40816.37096807937, "Z_threshold0.15_time": 4.695409059524536, "Z_threshold0.2_of": 40669.16542607922, "Z_threshold0.2_time": 4.535879850387573, "Z_threshold0.25_of": 40562.32037384046, "Z_threshold0.25_time": 2.8269574642181396, "Z_threshold0.3_of": 40395.67679970271, "Z_threshold0.3_time": 2.3282012939453125, "Z_threshold0.35_of": 40277.63200232039, "Z_threshold0.35_time": 1.5169079303741455, "Z_threshold0.4_of": 40168.59191958848, "Z_threshold0.4_time": 0.8843281269073486, "Z_threshold0.45_of": 39578.83062362978, "Z_threshold0.45_time": 0.8731589317321777, "Z_threshold0.5_of": 39385.883394948454, "Z_threshold0.5_time": 0.8722133636474609}