{"name": "E_1100_345_9429.083.json", "BaldoML_of": 31919.64893591224, "BaldoML_time": 1.8171167373657227, "BaldoGA_of": 30896.236099827995, "BaldoGA_time": 4.688741683959961, "Solver_of": 32261.12780981165, "Solver_time": 16.072986602783203, "Z_threshold0.05_of": 32201.38828171402, "Z_threshold0.05_time": 4.2691264152526855, "Z_threshold0.1_of": 31731.01516383825, "Z_threshold0.1_time": 2.232282876968384, "Z_threshold0.15_of": 31351.53798494776, "Z_threshold0.15_time": 1.491624116897583, "Z_threshold0.2_of": 31027.701710868885, "Z_threshold0.2_time": 1.0466580390930176}