{"name": "E_1100_410_7045.504.json", "BaldoML_of": 27304.68603844787, "BaldoML_time": 1.6959223747253418, "BaldoGA_of": 26891.356295448146, "BaldoGA_time": 5.256777763366699, "Solver_of": 27524.506084394416, "Solver_time": 19.096855640411377, "Z_threshold0.05_of": 27183.75071845461, "Z_threshold0.05_time": 2.016083002090454, "Z_threshold0.1_of": 26042.84251168991, "Z_threshold0.1_time": 1.0793209075927734, "Z_threshold0.15_of": 25642.704803356526, "Z_threshold0.15_time": 1.078566551208496, "Z_threshold0.2_of": 25533.157162952317, "Z_threshold0.2_time": 1.0693488121032715}