{"name": "E_1100_342_14306.883.json", "BaldoML_of": 37930.28511491809, "BaldoML_time": 1.8538000583648682, "BaldoGA_of": 37027.15051511339, "BaldoGA_time": 6.25863242149353, "Solver_of": 38694.58078952848, "Solver_time": 21.181114196777344, "Z_threshold0.05_of": 38618.22347123214, "Z_threshold0.05_time": 4.801610231399536, "Z_threshold0.1_of": 38396.4037283376, "Z_threshold0.1_time": 8.502283334732056, "Z_threshold0.15_of": 37966.78403729435, "Z_threshold0.15_time": 2.8131232261657715, "Z_threshold0.2_of": 37590.21718142467, "Z_threshold0.2_time": 2.0243167877197266}