{"name": "E_1100_576_14067.733.json", "BaldoML_of": 36443.96721859473, "BaldoML_time": 15.867104530334473, "BaldoGA_of": 35371.58968299314, "BaldoGA_time": 9.404045820236206, "Solver_of": 36443.967460675005, "Solver_time": 17.036988735198975, "Z_threshold0.05_of": 35999.13167937347, "Z_threshold0.05_time": 1.5926132202148438, "Z_threshold0.1_of": 35726.28874966477, "Z_threshold0.1_time": 1.1065528392791748, "Z_threshold0.15_of": 35320.16065161038, "Z_threshold0.15_time": 0.9303016662597656, "Z_threshold0.2_of": 35113.92036913795, "Z_threshold0.2_time": 0.9675204753875732, "Z_threshold0.25_of": 34911.395008867614, "Z_threshold0.25_time": 0.9176509380340576, "Z_threshold0.3_of": 34893.15089539257, "Z_threshold0.3_time": 0.9232485294342041, "Z_threshold0.35_of": 34831.64848838312, "Z_threshold0.35_time": 0.9324562549591064, "Z_threshold0.4_of": 34831.64848838312, "Z_threshold0.4_time": 0.9319729804992676, "Z_threshold0.45_of": 34831.64848838312, "Z_threshold0.45_time": 0.946831226348877, "Z_threshold0.5_of": 34831.64848838312, "Z_threshold0.5_time": 0.9421532154083252}