{"name": "E_1100_582_9171.409.json", "BaldoML_of": 31509.040455548333, "BaldoML_time": 0.6715927124023438, "BaldoGA_of": 31090.66154465178, "BaldoGA_time": 8.154956817626953, "Solver_of": 31810.18142597447, "Solver_time": 5.722635984420776, "Z_threshold0.05_of": 30530.318952863672, "Z_threshold0.05_time": 0.9627845287322998}