{"name": "E_1100_571_7084.994.json", "BaldoML_of": 26534.787297185052, "BaldoML_time": 0.7288823127746582, "BaldoGA_of": 26203.088116872805, "BaldoGA_time": 2.382265329360962, "Solver_of": 26780.401279192596, "Solver_time": 1.8467180728912354, "Z_threshold0.05_of": 26219.3715712897, "Z_threshold0.05_time": 0.9381253719329834}