{"name": "E_1100_333_9372.45.json", "BaldoML_of": 31375.48544426037, "BaldoML_time": 2.9897189140319824, "BaldoGA_of": 30353.222193404137, "BaldoGA_time": 4.946960210800171, "Solver_of": 31655.031516807358, "Solver_time": 14.867917776107788, "Z_threshold0.05_of": 31651.419475020186, "Z_threshold0.05_time": 4.042474269866943, "Z_threshold0.1_of": 31374.313139452544, "Z_threshold0.1_time": 1.711120843887329, "Z_threshold0.15_of": 31140.88213210885, "Z_threshold0.15_time": 0.8638155460357666, "Z_threshold0.2_of": 30611.4391178389, "Z_threshold0.2_time": 0.5049448013305664, "Z_threshold0.25_of": 29975.16436418785, "Z_threshold0.25_time": 0.5047955513000488, "Z_threshold0.3_of": 29645.6721478539, "Z_threshold0.3_time": 0.49419403076171875, "Z_threshold0.35_of": 29364.607319117076, "Z_threshold0.35_time": 0.5006461143493652, "Z_threshold0.4_of": 28989.051250431447, "Z_threshold0.4_time": 0.49033546447753906, "Z_threshold0.45_of": 28770.158453145297, "Z_threshold0.45_time": 0.5001416206359863, "Z_threshold0.5_of": 28604.2308383565, "Z_threshold0.5_time": 0.5095822811126709}