{"name": "E_1100_432_9387.549.json", "BaldoML_of": 30556.765533202317, "BaldoML_time": 1.5787274837493896, "BaldoGA_of": 30136.477715129273, "BaldoGA_time": 5.481975555419922, "Solver_of": 31229.87748807543, "Solver_time": 15.08314037322998, "Z_threshold0.05_of": 30797.356235388525, "Z_threshold0.05_time": 4.603903532028198, "Z_threshold0.1_of": 30315.767136050796, "Z_threshold0.1_time": 1.3138937950134277, "Z_threshold0.15_of": 29446.534482702125, "Z_threshold0.15_time": 1.1208796501159668, "Z_threshold0.2_of": 28985.47454262225, "Z_threshold0.2_time": 1.1066172122955322}