{"name": "E_1100_355_9514.264.json", "BaldoML_of": 31893.684818229736, "BaldoML_time": 2.4350483417510986, "BaldoGA_of": 31199.34184193881, "BaldoGA_time": 5.289956092834473, "Solver_of": 32171.692509746194, "Solver_time": 22.30349326133728, "Z_threshold0.05_of": 32124.655151922016, "Z_threshold0.05_time": 6.921018362045288, "Z_threshold0.1_of": 31941.529468839064, "Z_threshold0.1_time": 2.078291893005371, "Z_threshold0.15_of": 31707.028120674135, "Z_threshold0.15_time": 1.2193186283111572, "Z_threshold0.2_of": 31384.762698052196, "Z_threshold0.2_time": 0.5497806072235107, "Z_threshold0.25_of": 30905.524947798007, "Z_threshold0.25_time": 0.535224199295044, "Z_threshold0.3_of": 30344.442031128903, "Z_threshold0.3_time": 0.5311751365661621, "Z_threshold0.35_of": 30049.684778552237, "Z_threshold0.35_time": 0.524932861328125, "Z_threshold0.4_of": 29883.529033608207, "Z_threshold0.4_time": 0.5247581005096436, "Z_threshold0.45_of": 29656.85431038386, "Z_threshold0.45_time": 0.5198497772216797, "Z_threshold0.5_of": 29629.03230477195, "Z_threshold0.5_time": 0.5372743606567383}