{"name": "E_1100_548_9327.421.json", "BaldoML_of": 30620.07908060093, "BaldoML_time": 0.6258866786956787, "BaldoGA_of": 30216.589985186885, "BaldoGA_time": 8.001810312271118, "Solver_of": 31023.921099822674, "Solver_time": 9.675814151763916, "Z_threshold0.05_of": 30097.345922271514, "Z_threshold0.05_time": 0.6195201873779297, "Z_threshold0.1_of": 29602.852682943885, "Z_threshold0.1_time": 0.5303037166595459, "Z_threshold0.15_of": 29574.98366664706, "Z_threshold0.15_time": 0.5046482086181641, "Z_threshold0.2_of": 29574.98366664706, "Z_threshold0.2_time": 0.502159595489502, "Z_threshold0.25_of": 29574.98366664706, "Z_threshold0.25_time": 0.5010902881622314, "Z_threshold0.3_of": 29574.98366664706, "Z_threshold0.3_time": 0.5045311450958252, "Z_threshold0.35_of": 29574.98366664706, "Z_threshold0.35_time": 0.49997735023498535, "Z_threshold0.4_of": 29574.98366664706, "Z_threshold0.4_time": 0.5019125938415527, "Z_threshold0.45_of": 29574.98366664706, "Z_threshold0.45_time": 0.5077300071716309, "Z_threshold0.5_of": 29574.98366664706, "Z_threshold0.5_time": 0.497255802154541}