{"name": "E_1100_512_9147.734.json", "BaldoML_of": 31573.735497368914, "BaldoML_time": 0.6848998069763184, "BaldoGA_of": 31265.35071536279, "BaldoGA_time": 8.404402494430542, "Solver_of": 31896.02549156276, "Solver_time": 12.410638809204102, "Z_threshold0.05_of": 31435.540713886126, "Z_threshold0.05_time": 0.5953152179718018, "Z_threshold0.1_of": 30449.65299906845, "Z_threshold0.1_time": 0.5035727024078369, "Z_threshold0.15_of": 30330.881286347718, "Z_threshold0.15_time": 0.49866747856140137, "Z_threshold0.2_of": 30330.881286347718, "Z_threshold0.2_time": 0.49743103981018066, "Z_threshold0.25_of": 30306.984150847784, "Z_threshold0.25_time": 0.5000674724578857, "Z_threshold0.3_of": 30283.13871538242, "Z_threshold0.3_time": 0.499037504196167, "Z_threshold0.35_of": 30283.13871538242, "Z_threshold0.35_time": 0.5194659233093262, "Z_threshold0.4_of": 30283.13871538242, "Z_threshold0.4_time": 0.49159693717956543, "Z_threshold0.45_of": 30283.13871538242, "Z_threshold0.45_time": 0.49855899810791016, "Z_threshold0.5_of": 30283.13871538242, "Z_threshold0.5_time": 0.49228835105895996}