{"name": "E_1100_391_7262.015.json", "BaldoML_of": 26563.111249473634, "BaldoML_time": 2.3872437477111816, "BaldoGA_of": 26144.18826535894, "BaldoGA_time": 5.619274139404297, "Solver_of": 26834.780296997902, "Solver_time": 17.038435220718384, "Z_threshold0.05_of": 26308.868393868466, "Z_threshold0.05_time": 1.6147854328155518, "Z_threshold0.1_of": 25736.977339276447, "Z_threshold0.1_time": 1.1608567237854004, "Z_threshold0.15_of": 25171.986016096147, "Z_threshold0.15_time": 1.0517346858978271, "Z_threshold0.2_of": 24815.294146988515, "Z_threshold0.2_time": 1.0273005962371826, "Z_threshold0.25_of": 24771.335531803048, "Z_threshold0.25_time": 1.0302512645721436}