{"name": "E_1100_282_7045.779.json", "BaldoML_of": 28444.92008382025, "BaldoML_time": 1.7652971744537354, "BaldoGA_of": 27666.043895731967, "BaldoGA_time": 4.612494707107544, "Solver_of": 28577.741536828686, "Solver_time": 8.979854583740234, "Z_threshold0.05_of": 28554.578120393944, "Z_threshold0.05_time": 3.764814615249634, "Z_threshold0.1_of": 28427.551363846607, "Z_threshold0.1_time": 1.9643235206604004, "Z_threshold0.15_of": 28220.409306868263, "Z_threshold0.15_time": 1.515594244003296, "Z_threshold0.2_of": 27817.071678552937, "Z_threshold0.2_time": 1.2466986179351807, "Z_threshold0.25_of": 27328.50651481097, "Z_threshold0.25_time": 1.0101888179779053}