{"name": "E_1100_315_14038.356.json", "BaldoML_of": 37996.36855012514, "BaldoML_time": 2.03074049949646, "BaldoGA_of": 37009.59767099912, "BaldoGA_time": 6.21051287651062, "Solver_of": 38855.385585141434, "Solver_time": 8.50643014907837, "Z_threshold0.05_of": 38826.0313042969, "Z_threshold0.05_time": 3.5119433403015137}