{"name": "E_1100_625_6956.701.json", "BaldoML_of": 26767.280885611388, "BaldoML_time": 0.6177492141723633, "BaldoGA_of": 26449.23792695135, "BaldoGA_time": 2.042109251022339, "Solver_of": 27096.083766502303, "Solver_time": 1.2677783966064453, "Z_threshold0.05_of": 26593.173812271885, "Z_threshold0.05_time": 0.4612901210784912, "Z_threshold0.1_of": 26593.173812271885, "Z_threshold0.1_time": 0.6059267520904541, "Z_threshold0.15_of": 26593.173812271885, "Z_threshold0.15_time": 0.45371055603027344, "Z_threshold0.2_of": 26593.173812271885, "Z_threshold0.2_time": 0.4539303779602051, "Z_threshold0.25_of": 26593.173812271885, "Z_threshold0.25_time": 0.4532442092895508, "Z_threshold0.3_of": 26593.173812271885, "Z_threshold0.3_time": 0.45888233184814453, "Z_threshold0.35_of": 26593.173812271885, "Z_threshold0.35_time": 0.4563884735107422, "Z_threshold0.4_of": 26593.173812271885, "Z_threshold0.4_time": 0.46628499031066895, "Z_threshold0.45_of": 26593.173812271885, "Z_threshold0.45_time": 0.4609065055847168, "Z_threshold0.5_of": 26593.173812271885, "Z_threshold0.5_time": 0.48129820823669434}