{"name": "E_1100_636_9385.933.json", "BaldoML_of": 29940.59649142686, "BaldoML_time": 0.5446794033050537, "BaldoGA_of": 29594.81260710209, "BaldoGA_time": 2.8137710094451904, "Solver_of": 30301.68399534969, "Solver_time": 3.9819695949554443, "Z_threshold0.05_of": 29611.231838120315, "Z_threshold0.05_time": 1.0809242725372314, "Z_threshold0.1_of": 29611.231838120315, "Z_threshold0.1_time": 1.0728418827056885, "Z_threshold0.15_of": 29611.231838120315, "Z_threshold0.15_time": 1.153202772140503, "Z_threshold0.2_of": 29566.010160030088, "Z_threshold0.2_time": 1.0188724994659424}