{"name": "E_1100_484_9389.87.json", "BaldoML_of": 30598.230367570763, "BaldoML_time": 1.1061606407165527, "BaldoGA_of": 30076.167901925346, "BaldoGA_time": 7.273533582687378, "Solver_of": 31035.20834083657, "Solver_time": 14.12081241607666, "Z_threshold0.05_of": 30549.187572179322, "Z_threshold0.05_time": 0.6263322830200195, "Z_threshold0.1_of": 29929.584937690914, "Z_threshold0.1_time": 0.4773550033569336, "Z_threshold0.15_of": 29382.897172455392, "Z_threshold0.15_time": 0.469158411026001, "Z_threshold0.2_of": 29318.51333246009, "Z_threshold0.2_time": 0.4709031581878662, "Z_threshold0.25_of": 29290.99425604716, "Z_threshold0.25_time": 0.4663369655609131, "Z_threshold0.3_of": 29244.76078906946, "Z_threshold0.3_time": 0.4950592517852783, "Z_threshold0.35_of": 29217.231541830104, "Z_threshold0.35_time": 0.4703364372253418, "Z_threshold0.4_of": 29172.418557651556, "Z_threshold0.4_time": 0.47324681282043457, "Z_threshold0.45_of": 29172.418557651556, "Z_threshold0.45_time": 0.476743221282959, "Z_threshold0.5_of": 29147.072379055364, "Z_threshold0.5_time": 0.46952080726623535}