{"name": "E_1100_263_9416.124.json", "BaldoML_of": 30829.008917323852, "BaldoML_time": 2.4489030838012695, "BaldoGA_of": 29837.418914760798, "BaldoGA_time": 4.847212314605713, "Solver_of": 31258.93625177868, "Solver_time": 13.96923828125, "Z_threshold0.05_of": 31169.413628476468, "Z_threshold0.05_time": 8.29275918006897, "Z_threshold0.1_of": 30965.055472526445, "Z_threshold0.1_time": 4.212781667709351, "Z_threshold0.15_of": 30844.31523267507, "Z_threshold0.15_time": 3.2541160583496094, "Z_threshold0.2_of": 30617.557871776607, "Z_threshold0.2_time": 1.947718620300293}