{"name": "E_1100_386_7057.872.json", "BaldoML_of": 25582.956913586077, "BaldoML_time": 2.0907256603240967, "BaldoGA_of": 25031.020110281483, "BaldoGA_time": 4.624378681182861, "Solver_of": 25823.016351750113, "Solver_time": 18.011682748794556, "Z_threshold0.05_of": 25511.74433359702, "Z_threshold0.05_time": 2.7107598781585693, "Z_threshold0.1_of": 25045.431431385317, "Z_threshold0.1_time": 1.184743881225586, "Z_threshold0.15_of": 24093.8878510423, "Z_threshold0.15_time": 1.0516870021820068, "Z_threshold0.2_of": 23641.526278070858, "Z_threshold0.2_time": 1.0506575107574463, "Z_threshold0.25_of": 23559.434333932608, "Z_threshold0.25_time": 1.0511126518249512}