{"name": "E_1100_333_9372.45.json", "BaldoML_of": 31375.48544426037, "BaldoML_time": 2.9897189140319824, "BaldoGA_of": 30353.222193404137, "BaldoGA_time": 4.946960210800171, "Solver_of": 31655.031516807358, "Solver_time": 14.867917776107788, "Z_threshold0.05_of": 31644.677823211103, "Z_threshold0.05_time": 5.022409915924072}