{"name": "E_1100_470_6946.695.json", "BaldoML_of": 27905.74133429299, "BaldoML_time": 0.7592887878417969, "BaldoGA_of": 27466.161214986183, "BaldoGA_time": 7.4192118644714355, "Solver_of": 28039.846155208168, "Solver_time": 4.265608072280884, "Z_threshold0.05_of": 27158.653647554183, "Z_threshold0.05_time": 1.0420100688934326, "Z_threshold0.1_of": 26568.48613999637, "Z_threshold0.1_time": 1.081148386001587, "Z_threshold0.15_of": 26568.48613999637, "Z_threshold0.15_time": 1.0090417861938477, "Z_threshold0.2_of": 26568.48613999637, "Z_threshold0.2_time": 1.004087209701538}