{"name": "E_1100_618_9377.946.json", "BaldoML_of": 30410.28198265969, "BaldoML_time": 0.9838118553161621, "BaldoGA_of": 30051.013429654216, "BaldoGA_time": 3.077320098876953, "Solver_of": 30841.27250056563, "Solver_time": 4.647792816162109, "Z_threshold0.05_of": 30083.26306166409, "Z_threshold0.05_time": 1.0406286716461182, "Z_threshold0.1_of": 30083.26306166409, "Z_threshold0.1_time": 1.0429413318634033, "Z_threshold0.15_of": 30083.26306166409, "Z_threshold0.15_time": 1.035836935043335, "Z_threshold0.2_of": 30083.26306166409, "Z_threshold0.2_time": 1.0463447570800781, "Z_threshold0.25_of": 30083.26306166409, "Z_threshold0.25_time": 1.0304934978485107}