{"name": "E_1100_388_14048.056.json", "BaldoML_of": 38253.977310132315, "BaldoML_time": 2.2277743816375732, "BaldoGA_of": 37268.159569451025, "BaldoGA_time": 6.697133779525757, "Solver_of": 38998.2129828346, "Solver_time": 10.789778232574463, "Z_threshold0.05_of": 38948.46433695411, "Z_threshold0.05_time": 8.423478841781616, "Z_threshold0.1_of": 38620.35999544507, "Z_threshold0.1_time": 3.1421923637390137, "Z_threshold0.15_of": 38266.62141581357, "Z_threshold0.15_time": 1.6697452068328857, "Z_threshold0.2_of": 38023.74682202194, "Z_threshold0.2_time": 1.9290587902069092, "Z_threshold0.25_of": 37567.08340354392, "Z_threshold0.25_time": 1.1007578372955322}