{"name": "E_1100_483_7173.11.json", "BaldoML_of": 26806.845595388353, "BaldoML_time": 1.1421597003936768, "BaldoGA_of": 26390.348581125116, "BaldoGA_time": 6.93211030960083, "Solver_of": 26997.837620693677, "Solver_time": 2.3880598545074463, "Z_threshold0.05_of": 25697.483351149152, "Z_threshold0.05_time": 1.0613019466400146, "Z_threshold0.1_of": 25546.602546988473, "Z_threshold0.1_time": 1.050313949584961, "Z_threshold0.15_of": 25546.602546988473, "Z_threshold0.15_time": 1.1277995109558105, "Z_threshold0.2_of": 25546.602546988473, "Z_threshold0.2_time": 1.0571675300598145, "Z_threshold0.25_of": 25546.602546988473, "Z_threshold0.25_time": 1.0486900806427002}