{"name": "E_1100_562_6810.322.json", "BaldoML_of": 28232.90303045665, "BaldoML_time": 0.6622257232666016, "BaldoGA_of": 27870.591688709806, "BaldoGA_time": 2.8127143383026123, "Solver_of": 28361.527080898275, "Solver_time": 3.180044651031494, "Z_threshold0.05_of": 27880.436638925632, "Z_threshold0.05_time": 1.1003570556640625, "Z_threshold0.1_of": 27880.436638925632, "Z_threshold0.1_time": 1.0816388130187988, "Z_threshold0.15_of": 27880.436638925632, "Z_threshold0.15_time": 1.1578423976898193, "Z_threshold0.2_of": 27880.436638925632, "Z_threshold0.2_time": 1.082991123199463}