{"name": "E_1100_342_14306.883.json", "BaldoML_of": 37930.28511491809, "BaldoML_time": 1.8538000583648682, "BaldoGA_of": 37027.15051511339, "BaldoGA_time": 6.25863242149353, "Solver_of": 38694.58078952848, "Solver_time": 21.181114196777344, "Z_threshold0.05_of": 38618.2234712321, "Z_threshold0.05_time": 4.161676645278931, "Z_threshold0.1_of": 38477.50196094091, "Z_threshold0.1_time": 7.761518239974976, "Z_threshold0.15_of": 38252.03825723292, "Z_threshold0.15_time": 2.723050355911255, "Z_threshold0.2_of": 38118.93550952123, "Z_threshold0.2_time": 1.4997620582580566, "Z_threshold0.25_of": 37992.045055147304, "Z_threshold0.25_time": 1.1576485633850098, "Z_threshold0.3_of": 37816.605861652766, "Z_threshold0.3_time": 0.5586590766906738, "Z_threshold0.35_of": 37612.7404996214, "Z_threshold0.35_time": 0.5665740966796875, "Z_threshold0.4_of": 37391.44498264454, "Z_threshold0.4_time": 0.5566544532775879, "Z_threshold0.45_of": 37241.477831046555, "Z_threshold0.45_time": 0.5501267910003662, "Z_threshold0.5_of": 36770.97570927917, "Z_threshold0.5_time": 0.5485494136810303}