{"name": "E_1100_366_6964.762.json", "BaldoML_of": 26936.43843387012, "BaldoML_time": 1.6740696430206299, "BaldoGA_of": 26333.58544954089, "BaldoGA_time": 4.9575371742248535, "Solver_of": 27029.419126791192, "Solver_time": 21.482996940612793, "Z_threshold0.05_of": 26978.787666581902, "Z_threshold0.05_time": 4.053264379501343, "Z_threshold0.1_of": 26399.410803692423, "Z_threshold0.1_time": 1.152392864227295, "Z_threshold0.15_of": 25302.332101480417, "Z_threshold0.15_time": 1.0587499141693115, "Z_threshold0.2_of": 25035.409916701898, "Z_threshold0.2_time": 1.0634219646453857, "Z_threshold0.25_of": 24745.325424229864, "Z_threshold0.25_time": 1.1318902969360352}