{"name": "E_1100_358_7139.111.json", "BaldoML_of": 25611.94280829643, "BaldoML_time": 3.5209131240844727, "BaldoGA_of": 25050.616775850405, "BaldoGA_time": 4.5428314208984375, "Solver_of": 25899.010072564935, "Solver_time": 25.193091869354248, "Z_threshold0.05_of": 25648.179851558078, "Z_threshold0.05_time": 2.788443088531494}