{"name": "E_1100_360_14066.337.json", "BaldoML_of": 38258.31817094651, "BaldoML_time": 2.067220449447632, "BaldoGA_of": 37680.95998980412, "BaldoGA_time": 6.188657283782959, "Solver_of": 39218.6328637951, "Solver_time": 11.414777517318726, "Z_threshold0.05_of": 39200.75592339992, "Z_threshold0.05_time": 6.851598262786865, "Z_threshold0.1_of": 38934.437756661384, "Z_threshold0.1_time": 6.0778632164001465, "Z_threshold0.15_of": 38293.41962021123, "Z_threshold0.15_time": 2.5768685340881348, "Z_threshold0.2_of": 37977.227362933976, "Z_threshold0.2_time": 1.718200922012329}