{"name": "E_1100_641_9644.91.json", "BaldoML_of": 30438.84591512994, "BaldoML_time": 2.330785036087036, "BaldoGA_of": 29538.843803033888, "BaldoGA_time": 2.9637627601623535, "Solver_of": 30438.36800631508, "Solver_time": 3.270554304122925, "Z_threshold0.05_of": 29842.529488361793, "Z_threshold0.05_time": 0.9166808128356934, "Z_threshold0.1_of": 29842.529488361793, "Z_threshold0.1_time": 0.9302644729614258, "Z_threshold0.15_of": 29842.529488361793, "Z_threshold0.15_time": 0.9208016395568848, "Z_threshold0.2_of": 29842.529488361793, "Z_threshold0.2_time": 0.91770339012146, "Z_threshold0.25_of": 29842.529488361793, "Z_threshold0.25_time": 0.9154984951019287, "Z_threshold0.3_of": 29842.529488361793, "Z_threshold0.3_time": 0.9081404209136963, "Z_threshold0.35_of": 29842.529488361793, "Z_threshold0.35_time": 0.9164571762084961, "Z_threshold0.4_of": 29842.529488361793, "Z_threshold0.4_time": 0.9149501323699951, "Z_threshold0.45_of": 29842.529488361793, "Z_threshold0.45_time": 0.9436483383178711, "Z_threshold0.5_of": 29842.529488361793, "Z_threshold0.5_time": 0.8998873233795166}