{"name": "E_1100_587_13842.739.json", "BaldoML_of": 36756.336411564866, "BaldoML_time": 1.2023594379425049, "BaldoGA_of": 36358.886051322086, "BaldoGA_time": 9.063027620315552, "Solver_of": 37570.9752223988, "Solver_time": 19.477189540863037, "Z_threshold0.05_of": 36915.56873613956, "Z_threshold0.05_time": 0.6517972946166992, "Z_threshold0.1_of": 36650.220413709, "Z_threshold0.1_time": 0.5347862243652344, "Z_threshold0.15_of": 36246.114872398146, "Z_threshold0.15_time": 0.6403989791870117, "Z_threshold0.2_of": 36169.55552792065, "Z_threshold0.2_time": 0.5076351165771484, "Z_threshold0.25_of": 36139.98736371676, "Z_threshold0.25_time": 0.5519022941589355, "Z_threshold0.3_of": 36139.98736371676, "Z_threshold0.3_time": 0.5150065422058105, "Z_threshold0.35_of": 36139.98736371676, "Z_threshold0.35_time": 0.510845422744751, "Z_threshold0.4_of": 36139.98736371676, "Z_threshold0.4_time": 0.5128090381622314, "Z_threshold0.45_of": 36139.98736371676, "Z_threshold0.45_time": 0.5108983516693115, "Z_threshold0.5_of": 36139.98736371676, "Z_threshold0.5_time": 0.5130817890167236}