{"name": "E_1300_296_16637.189.json", "BaldoML_of": 47488.97426510397, "BaldoML_time": 3.672464370727539, "BaldoGA_of": 44943.539683320036, "BaldoGA_time": 6.587149143218994, "Solver_of": 48181.9761003796, "Solver_time": 14.760047912597656, "Z_threshold0.05_of": 48091.05984418358, "Z_threshold0.05_time": 8.214473247528076, "Z_threshold0.1_of": 48090.454806107555, "Z_threshold0.1_time": 8.993302583694458, "Z_threshold0.15_of": 47929.07813948693, "Z_threshold0.15_time": 9.777228593826294, "Z_threshold0.2_of": 47712.375466519705, "Z_threshold0.2_time": 4.77263069152832, "Z_threshold0.25_of": 47498.12722421417, "Z_threshold0.25_time": 4.034145832061768, "Z_threshold0.3_of": 47188.20933058886, "Z_threshold0.3_time": 2.589865207672119, "Z_threshold0.35_of": 46952.54736319112, "Z_threshold0.35_time": 1.7775309085845947, "Z_threshold0.4_of": 46208.99906755142, "Z_threshold0.4_time": 0.6926348209381104, "Z_threshold0.45_of": 45636.46017766332, "Z_threshold0.45_time": 0.6832473278045654, "Z_threshold0.5_of": 45327.3893167646, "Z_threshold0.5_time": 0.6833584308624268}