{"name": "E_1300_448_8195.163.json", "BaldoML_of": 32214.38892318047, "BaldoML_time": 3.5135338306427, "BaldoGA_of": 31308.874650857764, "BaldoGA_time": 6.118203401565552, "Solver_of": 32540.830415185876, "Solver_time": 22.28715419769287, "Z_threshold0.05_of": 32253.682015386832, "Z_threshold0.05_time": 2.9471564292907715, "Z_threshold0.1_of": 31853.983839057462, "Z_threshold0.1_time": 0.9087212085723877, "Z_threshold0.15_of": 30834.51900757753, "Z_threshold0.15_time": 0.6326298713684082, "Z_threshold0.2_of": 30165.804918182057, "Z_threshold0.2_time": 0.6129086017608643, "Z_threshold0.25_of": 29865.73107778269, "Z_threshold0.25_time": 0.601381778717041, "Z_threshold0.3_of": 29865.73107778269, "Z_threshold0.3_time": 0.6006114482879639, "Z_threshold0.35_of": 29865.73107778269, "Z_threshold0.35_time": 0.603461503982544, "Z_threshold0.4_of": 29865.73107778269, "Z_threshold0.4_time": 0.7291309833526611, "Z_threshold0.45_of": 29865.73107778269, "Z_threshold0.45_time": 0.5982494354248047, "Z_threshold0.5_of": 29865.73107778269, "Z_threshold0.5_time": 0.6046922206878662}