{"name": "E_1300_272_8213.387.json", "BaldoML_of": 33889.93724772528, "BaldoML_time": 3.9867868423461914, "BaldoGA_of": 32442.11445488184, "BaldoGA_time": 5.6240057945251465, "Solver_of": 34082.17202269434, "Solver_time": 7.920181035995483, "Z_threshold0.05_of": 34050.75003244107, "Z_threshold0.05_time": 3.2689340114593506}