{"name": "E_1300_433_11021.439.json", "BaldoML_of": 36523.13100760871, "BaldoML_time": 2.396270513534546, "BaldoGA_of": 35514.727781886315, "BaldoGA_time": 6.439573526382446, "Solver_of": 37005.54258690177, "Solver_time": 22.18028426170349, "Z_threshold0.05_of": 36942.30520156314, "Z_threshold0.05_time": 9.243443965911865, "Z_threshold0.1_of": 36583.95954536937, "Z_threshold0.1_time": 2.8265151977539062, "Z_threshold0.15_of": 36133.57528835772, "Z_threshold0.15_time": 1.6597304344177246, "Z_threshold0.2_of": 35742.897881641424, "Z_threshold0.2_time": 1.3624074459075928, "Z_threshold0.25_of": 35424.427290395324, "Z_threshold0.25_time": 1.289153814315796}