{"name": "E_1300_489_8408.141.json", "BaldoML_of": 32065.9989696974, "BaldoML_time": 2.5081393718719482, "BaldoGA_of": 31511.231340174603, "BaldoGA_time": 7.550772666931152, "Solver_of": 32323.681520924933, "Solver_time": 16.833110332489014, "Z_threshold0.05_of": 31954.964449560666, "Z_threshold0.05_time": 2.531259059906006}