{"name": "E_1300_260_8192.334.json", "BaldoML_of": 34597.86149075767, "BaldoML_time": 4.4192588329315186, "BaldoGA_of": 33250.230406693874, "BaldoGA_time": 6.084325075149536, "Solver_of": 34671.679129432196, "Solver_time": 7.124717712402344, "Z_threshold0.05_of": 34629.83859242428, "Z_threshold0.05_time": 2.9934885501861572, "Z_threshold0.1_of": 34604.10343998933, "Z_threshold0.1_time": 3.3333427906036377, "Z_threshold0.15_of": 34473.02064429926, "Z_threshold0.15_time": 1.802489995956421, "Z_threshold0.2_of": 34293.01807773062, "Z_threshold0.2_time": 1.2515676021575928, "Z_threshold0.25_of": 33940.710760165945, "Z_threshold0.25_time": 0.8649065494537354, "Z_threshold0.3_of": 33425.174041329316, "Z_threshold0.3_time": 0.662783145904541, "Z_threshold0.35_of": 33042.63260573723, "Z_threshold0.35_time": 0.6471061706542969, "Z_threshold0.4_of": 32493.864986306624, "Z_threshold0.4_time": 0.6485419273376465, "Z_threshold0.45_of": 32109.460529482236, "Z_threshold0.45_time": 0.6450502872467041, "Z_threshold0.5_of": 32002.095517306705, "Z_threshold0.5_time": 0.6416101455688477}