{"name": "E_1300_641_10907.192.json", "BaldoML_of": 36494.67101874467, "BaldoML_time": 0.8104674816131592, "BaldoGA_of": 35926.053706774575, "BaldoGA_time": 10.612785816192627, "Solver_of": 36928.34124056307, "Solver_time": 16.69313406944275, "Z_threshold0.05_of": 36050.929335359, "Z_threshold0.05_time": 1.4985854625701904, "Z_threshold0.1_of": 34886.46845916521, "Z_threshold0.1_time": 1.262822151184082, "Z_threshold0.15_of": 34668.58038644713, "Z_threshold0.15_time": 1.3213539123535156, "Z_threshold0.2_of": 34668.58038644713, "Z_threshold0.2_time": 1.265932559967041, "Z_threshold0.25_of": 34668.58038644713, "Z_threshold0.25_time": 1.25836181640625}