{"name": "E_1300_568_11199.854.json", "BaldoML_of": 36791.97742497384, "BaldoML_time": 17.862974166870117, "BaldoGA_of": 35376.14837027313, "BaldoGA_time": 8.20291519165039, "Solver_of": 36791.97742497384, "Solver_time": 30.47900152206421, "Z_threshold0.05_of": 36094.163510836865, "Z_threshold0.05_time": 1.4896583557128906, "Z_threshold0.1_of": 34998.8331982055, "Z_threshold0.1_time": 1.284156084060669, "Z_threshold0.15_of": 34375.551423384124, "Z_threshold0.15_time": 1.2584805488586426, "Z_threshold0.2_of": 34340.44085396739, "Z_threshold0.2_time": 1.2509324550628662, "Z_threshold0.25_of": 34183.235948112306, "Z_threshold0.25_time": 1.2891461849212646, "Z_threshold0.3_of": 34058.96544461568, "Z_threshold0.3_time": 1.261404037475586, "Z_threshold0.35_of": 34058.96544461568, "Z_threshold0.35_time": 1.2923977375030518, "Z_threshold0.4_of": 34058.96544461568, "Z_threshold0.4_time": 1.325582504272461, "Z_threshold0.45_of": 34058.96544461568, "Z_threshold0.45_time": 1.2876965999603271, "Z_threshold0.5_of": 34058.96544461568, "Z_threshold0.5_time": 1.2678658962249756}