{"name": "E_1300_313_8570.498.json", "BaldoML_of": 33167.94160827042, "BaldoML_time": 2.6493635177612305, "BaldoGA_of": 32006.32878818704, "BaldoGA_time": 5.719344854354858, "Solver_of": 33274.452707839584, "Solver_time": 6.963048219680786, "Z_threshold0.05_of": 33235.80771297503, "Z_threshold0.05_time": 2.6100094318389893}