{"name": "E_1300_563_11271.001.json", "BaldoML_of": 36049.70672178667, "BaldoML_time": 2.344165563583374, "BaldoGA_of": 35216.771693715506, "BaldoGA_time": 8.91336441040039, "Solver_of": 36483.81954436338, "Solver_time": 21.735028505325317, "Z_threshold0.05_of": 35885.295065555074, "Z_threshold0.05_time": 2.8941657543182373}