{"name": "E_1300_384_16700.53.json", "BaldoML_of": 45299.24669965009, "BaldoML_time": 6.696373224258423, "BaldoGA_of": 43295.733954414056, "BaldoGA_time": 8.249505043029785, "Solver_of": 45931.26726830278, "Solver_time": 21.540432691574097, "Z_threshold0.05_of": 45856.14712576232, "Z_threshold0.05_time": 7.99879264831543, "Z_threshold0.1_of": 45736.63336545006, "Z_threshold0.1_time": 5.282701015472412, "Z_threshold0.15_of": 45652.48276389237, "Z_threshold0.15_time": 4.392350673675537, "Z_threshold0.2_of": 45269.00866604203, "Z_threshold0.2_time": 3.138852834701538, "Z_threshold0.25_of": 44990.64207589298, "Z_threshold0.25_time": 1.3634247779846191, "Z_threshold0.3_of": 44718.74977280333, "Z_threshold0.3_time": 0.6912953853607178, "Z_threshold0.35_of": 44256.70139161634, "Z_threshold0.35_time": 0.6860132217407227, "Z_threshold0.4_of": 43951.43587468061, "Z_threshold0.4_time": 0.8514297008514404, "Z_threshold0.45_of": 43643.40545084476, "Z_threshold0.45_time": 0.6840634346008301, "Z_threshold0.5_of": 43407.57771161708, "Z_threshold0.5_time": 0.6844198703765869}