{"name": "E_1300_415_10796.825.json", "BaldoML_of": 38199.256472635185, "BaldoML_time": 1.945281744003296, "BaldoGA_of": 37352.70619199625, "BaldoGA_time": 7.359928131103516, "Solver_of": 38754.80203350647, "Solver_time": 25.101715803146362, "Z_threshold0.05_of": 38587.75714273629, "Z_threshold0.05_time": 11.090748071670532, "Z_threshold0.1_of": 38099.350409893355, "Z_threshold0.1_time": 2.6964776515960693, "Z_threshold0.15_of": 37599.00096446241, "Z_threshold0.15_time": 1.9439599514007568, "Z_threshold0.2_of": 37357.54881644849, "Z_threshold0.2_time": 1.3283779621124268}