{"name": "E_1300_608_11289.61.json", "BaldoML_of": 36736.28722605352, "BaldoML_time": 14.312101125717163, "BaldoGA_of": 35702.08088166288, "BaldoGA_time": 10.534883737564087, "Solver_of": 36736.72151458765, "Solver_time": 19.994256734848022, "Z_threshold0.05_of": 35990.44227261443, "Z_threshold0.05_time": 1.4155499935150146, "Z_threshold0.1_of": 34998.46978213311, "Z_threshold0.1_time": 1.2997338771820068, "Z_threshold0.15_of": 34950.14815843096, "Z_threshold0.15_time": 1.3670804500579834, "Z_threshold0.2_of": 34950.14815843096, "Z_threshold0.2_time": 1.2879307270050049, "Z_threshold0.25_of": 34926.499108744596, "Z_threshold0.25_time": 1.289064645767212, "Z_threshold0.3_of": 34926.499108744596, "Z_threshold0.3_time": 1.4390113353729248, "Z_threshold0.35_of": 34926.499108744596, "Z_threshold0.35_time": 1.284013032913208, "Z_threshold0.4_of": 34926.499108744596, "Z_threshold0.4_time": 1.2647902965545654, "Z_threshold0.45_of": 34926.499108744596, "Z_threshold0.45_time": 1.297438621520996, "Z_threshold0.5_of": 34926.499108744596, "Z_threshold0.5_time": 1.3213772773742676}