{"name": "E_1300_373_8269.383.json", "BaldoML_of": 31627.87077423527, "BaldoML_time": 1.8823339939117432, "BaldoGA_of": 30588.08051462436, "BaldoGA_time": 5.519818067550659, "Solver_of": 31904.23770072739, "Solver_time": 15.994100093841553, "Z_threshold0.05_of": 31860.533403918354, "Z_threshold0.05_time": 6.270081043243408, "Z_threshold0.1_of": 31516.239542086267, "Z_threshold0.1_time": 2.3543307781219482, "Z_threshold0.15_of": 31061.603676206436, "Z_threshold0.15_time": 1.4655427932739258, "Z_threshold0.2_of": 30187.643159398336, "Z_threshold0.2_time": 1.2310798168182373}