{"name": "E_1300_739_10908.217.json", "BaldoML_of": 36626.352288267604, "BaldoML_time": 0.9807033538818359, "BaldoGA_of": 36159.20525544242, "BaldoGA_time": 3.954409599304199, "Solver_of": 36993.97735210138, "Solver_time": 2.6020214557647705, "Z_threshold0.05_of": 36567.76757418536, "Z_threshold0.05_time": 0.6019985675811768, "Z_threshold0.1_of": 36567.76757418536, "Z_threshold0.1_time": 0.5914511680603027, "Z_threshold0.15_of": 36567.76757418536, "Z_threshold0.15_time": 0.6646256446838379, "Z_threshold0.2_of": 36567.76757418536, "Z_threshold0.2_time": 0.6641292572021484, "Z_threshold0.25_of": 36567.76757418536, "Z_threshold0.25_time": 0.6741721630096436, "Z_threshold0.3_of": 36567.76757418536, "Z_threshold0.3_time": 0.6721382141113281, "Z_threshold0.35_of": 36567.76757418536, "Z_threshold0.35_time": 0.7935082912445068, "Z_threshold0.4_of": 36567.76757418536, "Z_threshold0.4_time": 0.6673750877380371, "Z_threshold0.45_of": 36567.76757418536, "Z_threshold0.45_time": 0.6607897281646729, "Z_threshold0.5_of": 36567.76757418536, "Z_threshold0.5_time": 0.662621259689331}