{"name": "E_1300_450_10969.76.json", "BaldoML_of": -1, "BaldoML_time": 600.8281626701355, "BaldoGA_of": 35628.50765376544, "BaldoGA_time": 6.771299123764038, "Solver_of": 37301.19597016569, "Solver_time": 21.195229053497314, "Z_threshold0.05_of": 37083.13914453588, "Z_threshold0.05_time": 7.886157274246216, "Z_threshold0.1_of": 36604.474118091646, "Z_threshold0.1_time": 3.0159428119659424, "Z_threshold0.15_of": 36269.135812594846, "Z_threshold0.15_time": 1.914445400238037, "Z_threshold0.2_of": 35930.07553421688, "Z_threshold0.2_time": 1.2062976360321045, "Z_threshold0.25_of": 35207.89292457042, "Z_threshold0.25_time": 1.1644890308380127, "Z_threshold0.3_of": 34531.84785479827, "Z_threshold0.3_time": 1.2703776359558105, "Z_threshold0.35_of": 34264.744370830296, "Z_threshold0.35_time": 1.2144520282745361, "Z_threshold0.4_of": 33690.43042495842, "Z_threshold0.4_time": 1.1646945476531982, "Z_threshold0.45_of": 33593.370872204665, "Z_threshold0.45_time": 1.1575016975402832, "Z_threshold0.5_of": 33459.74205087709, "Z_threshold0.5_time": 1.1494755744934082}