{"name": "E_1300_561_11121.169.json", "BaldoML_of": 35566.72325822061, "BaldoML_time": 1.7176365852355957, "BaldoGA_of": 34971.095738843156, "BaldoGA_time": 8.766871452331543, "Solver_of": 36133.32001677346, "Solver_time": 20.61965322494507, "Z_threshold0.05_of": 35689.25633860041, "Z_threshold0.05_time": 4.800121545791626, "Z_threshold0.1_of": 34746.161295045866, "Z_threshold0.1_time": 1.2578065395355225, "Z_threshold0.15_of": 33743.107613170985, "Z_threshold0.15_time": 1.2315287590026855, "Z_threshold0.2_of": 33279.950300633296, "Z_threshold0.2_time": 1.2433102130889893}