{"name": "E_1300_364_8096.895.json", "BaldoML_of": 32676.22972315821, "BaldoML_time": 3.655954122543335, "BaldoGA_of": 31693.77364993088, "BaldoGA_time": 5.389951467514038, "Solver_of": 32993.19830947122, "Solver_time": 14.099632978439331, "Z_threshold0.05_of": 32930.43175557057, "Z_threshold0.05_time": 4.721970796585083, "Z_threshold0.1_of": 32338.422715567274, "Z_threshold0.1_time": 2.440948247909546, "Z_threshold0.15_of": 31942.12457096738, "Z_threshold0.15_time": 1.3189282417297363, "Z_threshold0.2_of": 31351.761806427807, "Z_threshold0.2_time": 1.2999355792999268}