{"name": "E_1300_595_11018.932.json", "BaldoML_of": 36587.04287331399, "BaldoML_time": 15.37871789932251, "BaldoGA_of": 35534.483229667705, "BaldoGA_time": 9.496925592422485, "Solver_of": 36587.141351828715, "Solver_time": 12.508654117584229, "Z_threshold0.05_of": 35719.66225767146, "Z_threshold0.05_time": 1.2850406169891357, "Z_threshold0.1_of": 34771.20686816065, "Z_threshold0.1_time": 1.2002205848693848, "Z_threshold0.15_of": 34255.460501054265, "Z_threshold0.15_time": 1.14985990524292, "Z_threshold0.2_of": 34128.161405523235, "Z_threshold0.2_time": 1.1422243118286133, "Z_threshold0.25_of": 34103.157740997005, "Z_threshold0.25_time": 1.1706154346466064, "Z_threshold0.3_of": 34075.554155962214, "Z_threshold0.3_time": 1.1593568325042725, "Z_threshold0.35_of": 34075.554155962214, "Z_threshold0.35_time": 1.1851897239685059, "Z_threshold0.4_of": 34075.554155962214, "Z_threshold0.4_time": 1.1593444347381592, "Z_threshold0.45_of": 34075.554155962214, "Z_threshold0.45_time": 1.3040838241577148, "Z_threshold0.5_of": 34075.554155962214, "Z_threshold0.5_time": 1.1930184364318848}