{"name": "E_1300_299_8541.364.json", "BaldoML_of": 30406.062618210188, "BaldoML_time": 5.460869789123535, "BaldoGA_of": 29166.314640507167, "BaldoGA_time": 4.907501459121704, "Solver_of": 30652.272375685137, "Solver_time": 11.21262812614441, "Z_threshold0.05_of": 30635.52886440316, "Z_threshold0.05_time": 4.360562086105347, "Z_threshold0.1_of": 30436.087766890647, "Z_threshold0.1_time": 2.1843318939208984, "Z_threshold0.15_of": 30157.859713456357, "Z_threshold0.15_time": 2.149703025817871, "Z_threshold0.2_of": 29775.40892984881, "Z_threshold0.2_time": 1.3504559993743896}