{"name": "E_1300_641_10907.192.json", "BaldoML_of": 36494.67101874467, "BaldoML_time": 0.8104674816131592, "BaldoGA_of": 35926.053706774575, "BaldoGA_time": 10.612785816192627, "Solver_of": 36928.34124056307, "Solver_time": 16.69313406944275, "Z_threshold0.05_of": 36052.032865584675, "Z_threshold0.05_time": 1.2809584140777588}