{"name": "E_1300_566_16332.888.json", "BaldoML_of": 44212.234447995615, "BaldoML_time": 30.29678964614868, "BaldoGA_of": 42351.88140717782, "BaldoGA_time": 9.010297060012817, "Solver_of": 44212.89853443041, "Solver_time": 30.50026249885559, "Z_threshold0.05_of": 44029.45244999601, "Z_threshold0.05_time": 11.260109663009644, "Z_threshold0.1_of": 43751.166832912626, "Z_threshold0.1_time": 4.5224928855896, "Z_threshold0.15_of": 43384.57091408425, "Z_threshold0.15_time": 1.9788563251495361, "Z_threshold0.2_of": 43275.883229895444, "Z_threshold0.2_time": 1.460970401763916, "Z_threshold0.25_of": 42627.44858600742, "Z_threshold0.25_time": 1.3177192211151123, "Z_threshold0.3_of": 42191.43587042294, "Z_threshold0.3_time": 1.2496821880340576, "Z_threshold0.35_of": 41836.205809947576, "Z_threshold0.35_time": 1.4001457691192627, "Z_threshold0.4_of": 41717.241963089684, "Z_threshold0.4_time": 1.263871431350708, "Z_threshold0.45_of": 41598.86428957788, "Z_threshold0.45_time": 1.2539987564086914, "Z_threshold0.5_of": 41491.68617474178, "Z_threshold0.5_time": 1.2538447380065918}