{"name": "E_1300_392_16225.245.json", "BaldoML_of": 46736.619434147586, "BaldoML_time": 4.536515474319458, "BaldoGA_of": 45103.00634577298, "BaldoGA_time": 9.582967519760132, "Solver_of": 47222.53378187223, "Solver_time": 15.577943801879883, "Z_threshold0.05_of": 47095.94431450792, "Z_threshold0.05_time": 8.07835340499878}