{"name": "E_1300_573_15977.164.json", "BaldoML_of": 44833.78181586658, "BaldoML_time": 1.301236867904663, "BaldoGA_of": 44038.80750202229, "BaldoGA_time": 10.375176429748535, "Solver_of": 45778.5064819072, "Solver_time": 26.71618962287903, "Z_threshold0.05_of": 45638.3421475563, "Z_threshold0.05_time": 10.016547918319702}