{"name": "E_1300_450_10969.76.json", "BaldoML_of": 36451.25430879021, "BaldoML_time": 2.194113254547119, "BaldoGA_of": 35628.50765376544, "BaldoGA_time": 6.771299123764038, "Solver_of": 37301.19597016569, "Solver_time": 21.195229053497314, "Z_threshold0.05_of": 37170.53327294903, "Z_threshold0.05_time": 7.058667421340942, "Z_threshold0.1_of": 36505.421376083745, "Z_threshold0.1_time": 1.8126819133758545, "Z_threshold0.15_of": 36238.741103308814, "Z_threshold0.15_time": 1.0066547393798828, "Z_threshold0.2_of": 35794.45748823307, "Z_threshold0.2_time": 0.5970330238342285, "Z_threshold0.25_of": 35005.799693016954, "Z_threshold0.25_time": 0.5895833969116211, "Z_threshold0.3_of": 34364.70767504159, "Z_threshold0.3_time": 0.5878458023071289, "Z_threshold0.35_of": 34046.635910347424, "Z_threshold0.35_time": 0.5821125507354736, "Z_threshold0.4_of": 33721.220787265585, "Z_threshold0.4_time": 0.7984230518341064, "Z_threshold0.45_of": 33521.5468535295, "Z_threshold0.45_time": 0.6620593070983887, "Z_threshold0.5_of": 33436.923102760455, "Z_threshold0.5_time": 0.6568560600280762}