{"name": "E_1300_274_16469.97.json", "BaldoML_of": 48196.40406752305, "BaldoML_time": 4.431320667266846, "BaldoGA_of": 46345.493968602066, "BaldoGA_time": 6.845395803451538, "Solver_of": 48800.04941099638, "Solver_time": 26.666969299316406, "Z_threshold0.05_of": 48659.89703107419, "Z_threshold0.05_time": 6.807142972946167, "Z_threshold0.1_of": 48529.666230291594, "Z_threshold0.1_time": 6.786487579345703, "Z_threshold0.15_of": 48446.81513405559, "Z_threshold0.15_time": 6.3828513622283936, "Z_threshold0.2_of": 48223.444221100246, "Z_threshold0.2_time": 5.089446067810059}