{"name": "E_1300_706_8452.691.json", "BaldoML_of": 32089.97227895087, "BaldoML_time": 1.6214442253112793, "BaldoGA_of": 31315.046656381677, "BaldoGA_time": 3.5396528244018555, "Solver_of": 32089.46349952309, "Solver_time": 1.5343246459960938, "Z_threshold0.05_of": 31574.948322436765, "Z_threshold0.05_time": 1.3820595741271973, "Z_threshold0.1_of": 31574.948322436765, "Z_threshold0.1_time": 1.3035366535186768, "Z_threshold0.15_of": 31574.948322436765, "Z_threshold0.15_time": 1.317262887954712, "Z_threshold0.2_of": 31574.948322436765, "Z_threshold0.2_time": 1.299745798110962, "Z_threshold0.25_of": 31574.948322436765, "Z_threshold0.25_time": 1.299880027770996, "Z_threshold0.3_of": 31574.948322436765, "Z_threshold0.3_time": 1.338505506515503, "Z_threshold0.35_of": 31574.948322436765, "Z_threshold0.35_time": 1.2963156700134277, "Z_threshold0.4_of": 31574.948322436765, "Z_threshold0.4_time": 1.3021562099456787, "Z_threshold0.45_of": 31574.948322436765, "Z_threshold0.45_time": 1.3217861652374268, "Z_threshold0.5_of": 31574.948322436765, "Z_threshold0.5_time": 1.3538506031036377}