{"name": "E_1300_391_10996.778.json", "BaldoML_of": 38472.952906759056, "BaldoML_time": 2.949354648590088, "BaldoGA_of": 37037.1304332345, "BaldoGA_time": 6.79645037651062, "Solver_of": 38867.271713159, "Solver_time": 12.918594360351562, "Z_threshold0.05_of": 38782.020351952146, "Z_threshold0.05_time": 2.9153554439544678, "Z_threshold0.1_of": 38471.22990487604, "Z_threshold0.1_time": 2.0941054821014404, "Z_threshold0.15_of": 38178.07749328599, "Z_threshold0.15_time": 1.3431158065795898, "Z_threshold0.2_of": 37815.663375157405, "Z_threshold0.2_time": 0.6834688186645508, "Z_threshold0.25_of": 37223.03846986582, "Z_threshold0.25_time": 0.6904759407043457, "Z_threshold0.3_of": 36579.86578262973, "Z_threshold0.3_time": 0.6657421588897705, "Z_threshold0.35_of": 35961.94774061586, "Z_threshold0.35_time": 0.6372311115264893, "Z_threshold0.4_of": 35701.350611969785, "Z_threshold0.4_time": 0.60101318359375, "Z_threshold0.45_of": 35527.81827277046, "Z_threshold0.45_time": 0.601945161819458, "Z_threshold0.5_of": 35227.06741012473, "Z_threshold0.5_time": 0.5971560478210449}