{"name": "E_1300_272_11195.434.json", "BaldoML_of": 38258.886360146294, "BaldoML_time": 4.0246007442474365, "BaldoGA_of": 36173.376824734594, "BaldoGA_time": 5.039945840835571, "Solver_of": 38577.69160587466, "Solver_time": 7.75402307510376, "Z_threshold0.05_of": 38521.0278448469, "Z_threshold0.05_time": 5.444389343261719, "Z_threshold0.1_of": 38497.30478641102, "Z_threshold0.1_time": 3.500427007675171, "Z_threshold0.15_of": 38296.25778023755, "Z_threshold0.15_time": 3.1902899742126465, "Z_threshold0.2_of": 37972.16222800391, "Z_threshold0.2_time": 2.8617429733276367, "Z_threshold0.25_of": 37609.13300913881, "Z_threshold0.25_time": 1.7142906188964844, "Z_threshold0.3_of": 37252.247555899565, "Z_threshold0.3_time": 0.6473164558410645, "Z_threshold0.35_of": 36761.351747951274, "Z_threshold0.35_time": 0.6401007175445557, "Z_threshold0.4_of": 36163.393388957804, "Z_threshold0.4_time": 0.6361305713653564, "Z_threshold0.45_of": 35554.94419532396, "Z_threshold0.45_time": 0.6663517951965332, "Z_threshold0.5_of": 35279.11582989888, "Z_threshold0.5_time": 0.6371746063232422}