{"name": "E_1300_594_8252.955.json", "BaldoML_of": 33176.760275528664, "BaldoML_time": 2.98921799659729, "BaldoGA_of": 32356.831369148447, "BaldoGA_time": 8.711321830749512, "Solver_of": 33176.760275528664, "Solver_time": 4.814393520355225, "Z_threshold0.05_of": 32131.33819332097, "Z_threshold0.05_time": 1.2874720096588135, "Z_threshold0.1_of": 32131.33819332097, "Z_threshold0.1_time": 1.336132287979126, "Z_threshold0.15_of": 32131.33819332097, "Z_threshold0.15_time": 1.2760701179504395, "Z_threshold0.2_of": 32131.33819332097, "Z_threshold0.2_time": 1.2631909847259521, "Z_threshold0.25_of": 32131.33819332097, "Z_threshold0.25_time": 1.2798802852630615, "Z_threshold0.3_of": 32131.33819332097, "Z_threshold0.3_time": 1.2453153133392334, "Z_threshold0.35_of": 32131.33819332097, "Z_threshold0.35_time": 1.2859563827514648, "Z_threshold0.4_of": 32131.33819332097, "Z_threshold0.4_time": 1.2817118167877197, "Z_threshold0.45_of": 32131.33819332097, "Z_threshold0.45_time": 1.245579719543457, "Z_threshold0.5_of": 32131.33819332097, "Z_threshold0.5_time": 1.254239559173584}