{"name": "E_1300_637_10924.465.json", "BaldoML_of": 35911.90679456654, "BaldoML_time": 0.8032548427581787, "BaldoGA_of": 35346.15866857995, "BaldoGA_time": 10.81907057762146, "Solver_of": 36317.41695270657, "Solver_time": 16.87205958366394, "Z_threshold0.05_of": 35001.65060398314, "Z_threshold0.05_time": 0.6433737277984619, "Z_threshold0.1_of": 34707.722288381214, "Z_threshold0.1_time": 0.6427524089813232, "Z_threshold0.15_of": 34707.722288381214, "Z_threshold0.15_time": 0.6328134536743164, "Z_threshold0.2_of": 34707.722288381214, "Z_threshold0.2_time": 0.623981237411499, "Z_threshold0.25_of": 34707.722288381214, "Z_threshold0.25_time": 0.6260783672332764, "Z_threshold0.3_of": 34707.722288381214, "Z_threshold0.3_time": 0.6245768070220947, "Z_threshold0.35_of": 34707.722288381214, "Z_threshold0.35_time": 0.6258950233459473, "Z_threshold0.4_of": 34707.722288381214, "Z_threshold0.4_time": 0.6342062950134277, "Z_threshold0.45_of": 34707.722288381214, "Z_threshold0.45_time": 0.631943941116333, "Z_threshold0.5_of": 34707.722288381214, "Z_threshold0.5_time": 0.6293418407440186}