{"name": "E_1300_689_11137.67.json", "BaldoML_of": 37227.11021402201, "BaldoML_time": 0.8733432292938232, "BaldoGA_of": 36761.15887206634, "BaldoGA_time": 11.154423236846924, "Solver_of": 37495.416505485395, "Solver_time": 5.1087212562561035, "Z_threshold0.05_of": 36266.05024319808, "Z_threshold0.05_time": 1.2531664371490479, "Z_threshold0.1_of": 36266.05024319808, "Z_threshold0.1_time": 1.1818873882293701, "Z_threshold0.15_of": 36266.05024319808, "Z_threshold0.15_time": 1.1776771545410156, "Z_threshold0.2_of": 36266.05024319808, "Z_threshold0.2_time": 1.2897224426269531, "Z_threshold0.25_of": 36266.05024319808, "Z_threshold0.25_time": 1.1936657428741455}