{"name": "E_1300_644_8179.67.json", "BaldoML_of": 31277.848561193226, "BaldoML_time": 0.8040411472320557, "BaldoGA_of": 30862.873026929545, "BaldoGA_time": 3.363990068435669, "Solver_of": 31539.504604191417, "Solver_time": 2.7366433143615723, "Z_threshold0.05_of": 30844.190142875697, "Z_threshold0.05_time": 1.2950263023376465, "Z_threshold0.1_of": 30844.190142875697, "Z_threshold0.1_time": 1.2217826843261719, "Z_threshold0.15_of": 30844.190142875697, "Z_threshold0.15_time": 1.2679297924041748, "Z_threshold0.2_of": 30844.190142875697, "Z_threshold0.2_time": 1.3396697044372559}