{"name": "E_1300_463_16635.452.json", "BaldoML_of": 43679.765909101676, "BaldoML_time": 1.3607163429260254, "BaldoGA_of": 42577.24277263421, "BaldoGA_time": 8.702632665634155, "Solver_of": 44743.14147169862, "Solver_time": 28.997556924819946, "Z_threshold0.05_of": 44670.88912170277, "Z_threshold0.05_time": 12.750515460968018, "Z_threshold0.1_of": 44472.085946919404, "Z_threshold0.1_time": 3.684112787246704, "Z_threshold0.15_of": 44023.98774635622, "Z_threshold0.15_time": 3.4848268032073975, "Z_threshold0.2_of": 43723.39422733417, "Z_threshold0.2_time": 2.333557367324829, "Z_threshold0.25_of": 43461.39141640717, "Z_threshold0.25_time": 1.65596604347229}