{"name": "E_1300_360_16267.677.json", "BaldoML_of": 48023.804672154045, "BaldoML_time": 3.7061994075775146, "BaldoGA_of": 46211.9810919664, "BaldoGA_time": 6.64218544960022, "Solver_of": 48559.67494267531, "Solver_time": 19.796380281448364, "Z_threshold0.05_of": 48503.554562184014, "Z_threshold0.05_time": 5.655278444290161, "Z_threshold0.1_of": 48286.136575223834, "Z_threshold0.1_time": 6.065694093704224, "Z_threshold0.15_of": 48171.77721412606, "Z_threshold0.15_time": 3.9094669818878174, "Z_threshold0.2_of": 47892.06127300792, "Z_threshold0.2_time": 2.1632931232452393, "Z_threshold0.25_of": 47709.98185304583, "Z_threshold0.25_time": 1.757878065109253, "Z_threshold0.3_of": 47429.95450978673, "Z_threshold0.3_time": 0.9108948707580566, "Z_threshold0.35_of": 46970.60183076327, "Z_threshold0.35_time": 0.6984176635742188, "Z_threshold0.4_of": 46714.898634558456, "Z_threshold0.4_time": 0.6974952220916748, "Z_threshold0.45_of": 46111.39726470021, "Z_threshold0.45_time": 0.6850287914276123, "Z_threshold0.5_of": 45952.89084121966, "Z_threshold0.5_time": 0.680779218673706}