{"name": "E_1300_411_10926.388.json", "BaldoML_of": 36759.1101303799, "BaldoML_time": 19.387714624404907, "BaldoGA_of": 35297.667235252426, "BaldoGA_time": 7.043267726898193, "Solver_of": 36760.20223407254, "Solver_time": 19.75633192062378, "Z_threshold0.05_of": 36676.099235189766, "Z_threshold0.05_time": 10.546507358551025, "Z_threshold0.1_of": 36368.82179181117, "Z_threshold0.1_time": 3.4406120777130127, "Z_threshold0.15_of": 36112.38274423153, "Z_threshold0.15_time": 2.089704751968384, "Z_threshold0.2_of": 35834.41701111985, "Z_threshold0.2_time": 1.9816479682922363, "Z_threshold0.25_of": 35123.107680961715, "Z_threshold0.25_time": 1.4325957298278809, "Z_threshold0.3_of": 34321.986959232774, "Z_threshold0.3_time": 1.3522312641143799, "Z_threshold0.35_of": 34054.72723239789, "Z_threshold0.35_time": 1.2843570709228516, "Z_threshold0.4_of": 33753.054078058056, "Z_threshold0.4_time": 1.4062159061431885, "Z_threshold0.45_of": 33559.819015243076, "Z_threshold0.45_time": 1.2286653518676758, "Z_threshold0.5_of": 33240.60299626524, "Z_threshold0.5_time": 1.1628081798553467}