{"name": "E_1300_549_10995.918.json", "BaldoML_of": 35792.12021871838, "BaldoML_time": 1.8687970638275146, "BaldoGA_of": 35293.529340714245, "BaldoGA_time": 8.106560707092285, "Solver_of": 36281.67887067082, "Solver_time": 37.06420612335205, "Z_threshold0.05_of": 35925.55977938959, "Z_threshold0.05_time": 4.294903755187988, "Z_threshold0.1_of": 35250.771314439815, "Z_threshold0.1_time": 1.3951010704040527, "Z_threshold0.15_of": 34174.937143968484, "Z_threshold0.15_time": 1.258194923400879, "Z_threshold0.2_of": 33704.6329330457, "Z_threshold0.2_time": 1.2994935512542725}