{"name": "E_1300_757_16649.825.json", "BaldoML_of": 42989.162954324056, "BaldoML_time": 0.6082489490509033, "BaldoGA_of": 42472.393414448765, "BaldoGA_time": 12.98757815361023, "Solver_of": 43817.55652321659, "Solver_time": 22.48468017578125, "Z_threshold0.05_of": 42962.110983309394, "Z_threshold0.05_time": 1.707653522491455, "Z_threshold0.1_of": 41411.9090730067, "Z_threshold0.1_time": 1.3125944137573242, "Z_threshold0.15_of": 41107.525603825816, "Z_threshold0.15_time": 1.3188142776489258, "Z_threshold0.2_of": 41056.69682942559, "Z_threshold0.2_time": 1.3155550956726074, "Z_threshold0.25_of": 41020.30437119075, "Z_threshold0.25_time": 1.3185250759124756}