{"name": "E_1300_358_11180.188.json", "BaldoML_of": 36805.252671711256, "BaldoML_time": 3.880542278289795, "BaldoGA_of": 35449.84627702274, "BaldoGA_time": 6.60261607170105, "Solver_of": 37179.755304521335, "Solver_time": 13.96133828163147, "Z_threshold0.05_of": 37084.316631887195, "Z_threshold0.05_time": 5.031719207763672, "Z_threshold0.1_of": 36927.02383899676, "Z_threshold0.1_time": 5.257836103439331, "Z_threshold0.15_of": 36693.780009542126, "Z_threshold0.15_time": 2.4497838020324707, "Z_threshold0.2_of": 36298.4666462515, "Z_threshold0.2_time": 2.4630768299102783, "Z_threshold0.25_of": 35657.994326598506, "Z_threshold0.25_time": 1.4036266803741455}