{"name": "E_1300_457_16112.198.json", "BaldoML_of": 45630.837223964365, "BaldoML_time": 1.718013048171997, "BaldoGA_of": 44358.603696248094, "BaldoGA_time": 8.608304262161255, "Solver_of": 46621.204990923776, "Solver_time": 23.2940354347229, "Z_threshold0.05_of": 46576.6324619831, "Z_threshold0.05_time": 3.6440482139587402}