{"name": "E_1300_708_11223.66.json", "BaldoML_of": 37166.5999358404, "BaldoML_time": 0.8015749454498291, "BaldoGA_of": 36746.32675062654, "BaldoGA_time": 5.020038843154907, "Solver_of": 37625.15621587511, "Solver_time": 3.975257396697998, "Z_threshold0.05_of": 36746.32675062649, "Z_threshold0.05_time": 1.3028619289398193, "Z_threshold0.1_of": 36746.32675062649, "Z_threshold0.1_time": 1.244166612625122, "Z_threshold0.15_of": 36746.32675062649, "Z_threshold0.15_time": 1.2359845638275146, "Z_threshold0.2_of": 36746.32675062649, "Z_threshold0.2_time": 1.2333335876464844, "Z_threshold0.25_of": 36746.32675062649, "Z_threshold0.25_time": 1.2460832595825195}