{"name": "E_1300_458_16450.53.json", "BaldoML_of": 43315.80619449897, "BaldoML_time": 1.5272252559661865, "BaldoGA_of": 42295.04587024151, "BaldoGA_time": 8.100300312042236, "Solver_of": 44618.38577704232, "Solver_time": 15.326152563095093, "Z_threshold0.05_of": 44531.88459102968, "Z_threshold0.05_time": 11.737817764282227}