{"name": "E_1300_560_16759.109.json", "BaldoML_of": 43682.495260679294, "BaldoML_time": 1.4398095607757568, "BaldoGA_of": 42863.32519715011, "BaldoGA_time": 9.055606126785278, "Solver_of": 44502.2976842501, "Solver_time": 25.526451587677002, "Z_threshold0.05_of": 44404.284856467144, "Z_threshold0.05_time": 16.135711193084717, "Z_threshold0.1_of": 43862.85887050264, "Z_threshold0.1_time": 3.5589561462402344, "Z_threshold0.15_of": 43611.77103097095, "Z_threshold0.15_time": 2.4551756381988525, "Z_threshold0.2_of": 43164.81320906492, "Z_threshold0.2_time": 1.447134256362915, "Z_threshold0.25_of": 41880.931858218566, "Z_threshold0.25_time": 1.4340736865997314}