{"name": "E_1300_644_17101.196.json", "BaldoML_of": 42916.69340083006, "BaldoML_time": 1.459789514541626, "BaldoGA_of": 42524.28662280986, "BaldoGA_time": 9.806830167770386, "Solver_of": 44065.591744185775, "Solver_time": 32.393465518951416, "Z_threshold0.05_of": 43739.07132737674, "Z_threshold0.05_time": 10.718228816986084, "Z_threshold0.1_of": 43139.5364495977, "Z_threshold0.1_time": 3.352060556411743, "Z_threshold0.15_of": 42114.01499054752, "Z_threshold0.15_time": 1.3024024963378906, "Z_threshold0.2_of": 41028.04813701098, "Z_threshold0.2_time": 1.2951905727386475}