{"name": "E_1300_672_16405.662.json", "BaldoML_of": 44215.97079524267, "BaldoML_time": 22.028958797454834, "BaldoGA_of": 42653.47450037303, "BaldoGA_time": 10.38627815246582, "Solver_of": 44232.05689429282, "Solver_time": 22.456076622009277, "Z_threshold0.05_of": 43759.3469172536, "Z_threshold0.05_time": 3.9832823276519775, "Z_threshold0.1_of": 43222.21289286961, "Z_threshold0.1_time": 1.4877769947052002, "Z_threshold0.15_of": 42640.311197604, "Z_threshold0.15_time": 1.2933619022369385, "Z_threshold0.2_of": 42374.578833004955, "Z_threshold0.2_time": 1.276188850402832, "Z_threshold0.25_of": 42296.025509176856, "Z_threshold0.25_time": 1.2483067512512207, "Z_threshold0.3_of": 42230.45525106142, "Z_threshold0.3_time": 1.3294386863708496, "Z_threshold0.35_of": 42158.88460269115, "Z_threshold0.35_time": 1.2716305255889893, "Z_threshold0.4_of": 42101.272560468264, "Z_threshold0.4_time": 1.329453706741333, "Z_threshold0.45_of": 42101.272560468264, "Z_threshold0.45_time": 1.2585523128509521, "Z_threshold0.5_of": 42101.272560468264, "Z_threshold0.5_time": 1.2728705406188965}