{"name": "E_1300_713_10962.877.json", "BaldoML_of": 36924.09249928444, "BaldoML_time": 3.080385446548462, "BaldoGA_of": 36142.97069628878, "BaldoGA_time": 3.733917713165283, "Solver_of": 36923.19616242859, "Solver_time": 4.90352463722229, "Z_threshold0.05_of": 36605.98172465396, "Z_threshold0.05_time": 1.1533331871032715, "Z_threshold0.1_of": 36605.98172465396, "Z_threshold0.1_time": 1.157099723815918, "Z_threshold0.15_of": 36605.98172465396, "Z_threshold0.15_time": 1.1600279808044434, "Z_threshold0.2_of": 36605.98172465396, "Z_threshold0.2_time": 1.158658742904663, "Z_threshold0.25_of": 36605.98172465396, "Z_threshold0.25_time": 1.1869666576385498, "Z_threshold0.3_of": 36605.98172465396, "Z_threshold0.3_time": 1.1864967346191406, "Z_threshold0.35_of": 36605.98172465396, "Z_threshold0.35_time": 1.1806824207305908, "Z_threshold0.4_of": 36605.98172465396, "Z_threshold0.4_time": 1.2951006889343262, "Z_threshold0.45_of": 36605.98172465396, "Z_threshold0.45_time": 1.1752238273620605, "Z_threshold0.5_of": 36605.98172465396, "Z_threshold0.5_time": 1.1538927555084229}