{"name": "E_1300_450_16364.335.json", "BaldoML_of": 45762.316010462826, "BaldoML_time": 2.77417254447937, "BaldoGA_of": 44489.73307089972, "BaldoGA_time": 7.473228216171265, "Solver_of": 46444.072300683154, "Solver_time": 33.54731225967407, "Z_threshold0.05_of": 46360.102076818795, "Z_threshold0.05_time": 6.006885290145874, "Z_threshold0.1_of": 46196.140408648585, "Z_threshold0.1_time": 2.8142857551574707, "Z_threshold0.15_of": 45958.607052222455, "Z_threshold0.15_time": 2.585259199142456, "Z_threshold0.2_of": 45759.639334095555, "Z_threshold0.2_time": 1.882476806640625, "Z_threshold0.25_of": 45579.892483598065, "Z_threshold0.25_time": 1.4300248622894287, "Z_threshold0.3_of": 45371.999208350164, "Z_threshold0.3_time": 0.6786718368530273, "Z_threshold0.35_of": 45093.03138885959, "Z_threshold0.35_time": 0.6730363368988037, "Z_threshold0.4_of": 44715.25684647155, "Z_threshold0.4_time": 0.6671814918518066, "Z_threshold0.45_of": 44202.502812224266, "Z_threshold0.45_time": 0.669180154800415, "Z_threshold0.5_of": 43853.221975577915, "Z_threshold0.5_time": 0.6681787967681885}