{"name": "E_1300_508_16956.586.json", "BaldoML_of": 42818.495174990334, "BaldoML_time": 1.311326503753662, "BaldoGA_of": 41689.892805052594, "BaldoGA_time": 7.739388465881348, "Solver_of": 44082.31549250758, "Solver_time": 24.69027328491211, "Z_threshold0.05_of": 43964.75868289731, "Z_threshold0.05_time": 5.123527526855469, "Z_threshold0.1_of": 43323.08990429409, "Z_threshold0.1_time": 4.140022277832031, "Z_threshold0.15_of": 42764.99337190885, "Z_threshold0.15_time": 3.0199177265167236, "Z_threshold0.2_of": 42149.36647562194, "Z_threshold0.2_time": 1.4079902172088623, "Z_threshold0.25_of": 41528.86925642534, "Z_threshold0.25_time": 1.3181021213531494}