{"name": "E_1300_458_11263.981.json", "BaldoML_of": 35602.04589652456, "BaldoML_time": 2.5967352390289307, "BaldoGA_of": 34761.24394128876, "BaldoGA_time": 6.894161939620972, "Solver_of": 36116.47495064612, "Solver_time": 21.48626732826233, "Z_threshold0.05_of": 35970.36347671564, "Z_threshold0.05_time": 8.032989978790283, "Z_threshold0.1_of": 35730.48525792414, "Z_threshold0.1_time": 2.9641008377075195, "Z_threshold0.15_of": 35262.143121945504, "Z_threshold0.15_time": 2.247620105743408, "Z_threshold0.2_of": 35085.479427682054, "Z_threshold0.2_time": 1.7808942794799805}