{"name": "E_1300_552_8287.127.json", "BaldoML_of": 32365.25900488281, "BaldoML_time": 1.14381742477417, "BaldoGA_of": 31953.981631760467, "BaldoGA_time": 7.863851070404053, "Solver_of": 32779.259162415365, "Solver_time": 3.6481516361236572, "Z_threshold0.05_of": 31274.52358615903, "Z_threshold0.05_time": 1.1400501728057861}