{"name": "E_1300_391_10996.778.json", "BaldoML_of": 38472.952906759056, "BaldoML_time": 2.949354648590088, "BaldoGA_of": 37037.1304332345, "BaldoGA_time": 6.79645037651062, "Solver_of": 38867.271713159, "Solver_time": 12.918594360351562, "Z_threshold0.05_of": 38762.39206397389, "Z_threshold0.05_time": 3.8193137645721436}