{"name": "E_1300_673_8411.764.json", "BaldoML_of": 31692.026066804905, "BaldoML_time": 0.805457592010498, "BaldoGA_of": 31395.124661830996, "BaldoGA_time": 3.6413817405700684, "Solver_of": 32063.362718798566, "Solver_time": 1.512082815170288, "Z_threshold0.05_of": 31420.259362814242, "Z_threshold0.05_time": 1.226616382598877, "Z_threshold0.1_of": 31420.259362814242, "Z_threshold0.1_time": 1.2141315937042236, "Z_threshold0.15_of": 31420.259362814242, "Z_threshold0.15_time": 1.2133538722991943, "Z_threshold0.2_of": 31420.259362814242, "Z_threshold0.2_time": 1.2288899421691895, "Z_threshold0.25_of": 31420.259362814242, "Z_threshold0.25_time": 1.2353894710540771}