{"name": "E_1300_613_8272.763.json", "BaldoML_of": 31241.488621055643, "BaldoML_time": 0.6347160339355469, "BaldoGA_of": 30871.785669511624, "BaldoGA_time": 3.3397912979125977, "Solver_of": 31498.121998529135, "Solver_time": 6.405755043029785, "Z_threshold0.05_of": 30887.362253842257, "Z_threshold0.05_time": 1.2635560035705566, "Z_threshold0.1_of": 30887.362253842257, "Z_threshold0.1_time": 1.2725765705108643, "Z_threshold0.15_of": 30887.362253842257, "Z_threshold0.15_time": 1.2562568187713623, "Z_threshold0.2_of": 30887.362253842257, "Z_threshold0.2_time": 1.2470858097076416, "Z_threshold0.25_of": 30887.362253842257, "Z_threshold0.25_time": 1.268378734588623}