{"name": "E_1300_495_16871.412.json", "BaldoML_of": 43873.65732032342, "BaldoML_time": 2.0604441165924072, "BaldoGA_of": 42351.039810481445, "BaldoGA_time": 8.421932697296143, "Solver_of": 44821.076378756574, "Solver_time": 24.51339602470398, "Z_threshold0.05_of": 44741.81473407126, "Z_threshold0.05_time": 4.833695411682129, "Z_threshold0.1_of": 44206.11689893101, "Z_threshold0.1_time": 4.225710153579712, "Z_threshold0.15_of": 43791.69007511477, "Z_threshold0.15_time": 2.1097700595855713, "Z_threshold0.2_of": 43613.62138402033, "Z_threshold0.2_time": 1.6485521793365479, "Z_threshold0.25_of": 43197.28356523156, "Z_threshold0.25_time": 1.3346266746520996}