{"name": "E_1300_566_16332.888.json", "BaldoML_of": 42901.118018735186, "BaldoML_time": 1.2319731712341309, "BaldoGA_of": 42351.88140717782, "BaldoGA_time": 9.010297060012817, "Solver_of": 44212.89853443041, "Solver_time": 30.50026249885559, "Z_threshold0.05_of": 44029.72413710825, "Z_threshold0.05_time": 13.005457639694214, "Z_threshold0.1_of": 43638.79399753417, "Z_threshold0.1_time": 5.326392889022827, "Z_threshold0.15_of": 43204.38575944056, "Z_threshold0.15_time": 2.4367194175720215, "Z_threshold0.2_of": 42503.37650921078, "Z_threshold0.2_time": 1.3065598011016846, "Z_threshold0.25_of": 41658.723585019216, "Z_threshold0.25_time": 1.3668758869171143}