{"name": "E_1300_369_11424.549.json", "BaldoML_of": 36793.85765484763, "BaldoML_time": 2.8574531078338623, "BaldoGA_of": 35643.71999055668, "BaldoGA_time": 6.850516080856323, "Solver_of": 37022.84386821011, "Solver_time": 13.103106260299683, "Z_threshold0.05_of": 36898.83897961678, "Z_threshold0.05_time": 4.850485563278198, "Z_threshold0.1_of": 36718.67071044807, "Z_threshold0.1_time": 3.198227643966675, "Z_threshold0.15_of": 36453.09407711161, "Z_threshold0.15_time": 2.19010066986084, "Z_threshold0.2_of": 36272.97139585723, "Z_threshold0.2_time": 2.056950569152832, "Z_threshold0.25_of": 36098.63096162783, "Z_threshold0.25_time": 1.6291511058807373}