{"name": "E_1300_279_8286.748.json", "BaldoML_of": 33811.38900958031, "BaldoML_time": 17.016170740127563, "BaldoGA_of": 32306.37671651716, "BaldoGA_time": 6.074795246124268, "Solver_of": 33811.389009580336, "Solver_time": 9.2344229221344, "Z_threshold0.05_of": 33811.34121879495, "Z_threshold0.05_time": 4.226484775543213, "Z_threshold0.1_of": 33631.73638820939, "Z_threshold0.1_time": 3.0885565280914307, "Z_threshold0.15_of": 33473.06966286073, "Z_threshold0.15_time": 2.320599317550659, "Z_threshold0.2_of": 33323.611329708285, "Z_threshold0.2_time": 1.4628841876983643, "Z_threshold0.25_of": 33005.63261173317, "Z_threshold0.25_time": 1.1385166645050049, "Z_threshold0.3_of": 32722.711264378242, "Z_threshold0.3_time": 1.2373683452606201, "Z_threshold0.35_of": 32232.19933851351, "Z_threshold0.35_time": 1.127960205078125, "Z_threshold0.4_of": 31652.60857381679, "Z_threshold0.4_time": 1.1467492580413818, "Z_threshold0.45_of": 30999.863235978, "Z_threshold0.45_time": 1.128286600112915, "Z_threshold0.5_of": 30784.526602164435, "Z_threshold0.5_time": 1.1466608047485352}