{"name": "E_1300_573_15977.164.json", "BaldoML_of": 44833.78181586658, "BaldoML_time": 1.301236867904663, "BaldoGA_of": 44038.80750202229, "BaldoGA_time": 10.375176429748535, "Solver_of": 45778.5064819072, "Solver_time": 26.71618962287903, "Z_threshold0.05_of": 45638.34214746481, "Z_threshold0.05_time": 8.530861616134644, "Z_threshold0.1_of": 45364.980096028165, "Z_threshold0.1_time": 1.4662036895751953, "Z_threshold0.15_of": 45034.63763541542, "Z_threshold0.15_time": 1.058661937713623, "Z_threshold0.2_of": 44645.24127101331, "Z_threshold0.2_time": 0.6835293769836426, "Z_threshold0.25_of": 43838.31012342023, "Z_threshold0.25_time": 0.6779680252075195, "Z_threshold0.3_of": 43503.813805507176, "Z_threshold0.3_time": 0.6702332496643066, "Z_threshold0.35_of": 43287.3666638398, "Z_threshold0.35_time": 0.6698400974273682, "Z_threshold0.4_of": 43190.70056313474, "Z_threshold0.4_time": 0.6704528331756592, "Z_threshold0.45_of": 43065.4403607481, "Z_threshold0.45_time": 0.6760313510894775, "Z_threshold0.5_of": 43026.876760717016, "Z_threshold0.5_time": 0.6663856506347656}