{"name": "E_1300_299_8541.364.json", "BaldoML_of": 30406.062618210188, "BaldoML_time": 5.460869789123535, "BaldoGA_of": 29166.314640507167, "BaldoGA_time": 4.907501459121704, "Solver_of": 30652.272375685137, "Solver_time": 11.21262812614441, "Z_threshold0.05_of": 30639.93100773557, "Z_threshold0.05_time": 5.373478651046753, "Z_threshold0.1_of": 30473.03204938041, "Z_threshold0.1_time": 2.1055755615234375, "Z_threshold0.15_of": 30366.217800306375, "Z_threshold0.15_time": 1.9701344966888428, "Z_threshold0.2_of": 30079.270521360355, "Z_threshold0.2_time": 0.9791405200958252, "Z_threshold0.25_of": 29732.902607993758, "Z_threshold0.25_time": 0.5808403491973877, "Z_threshold0.3_of": 29153.126189068964, "Z_threshold0.3_time": 0.5877571105957031, "Z_threshold0.35_of": 29153.126189068964, "Z_threshold0.35_time": 0.5797042846679688, "Z_threshold0.4_of": 29153.126189068964, "Z_threshold0.4_time": 0.5762560367584229, "Z_threshold0.45_of": 29153.126189068964, "Z_threshold0.45_time": 0.5938827991485596, "Z_threshold0.5_of": 29153.126189068964, "Z_threshold0.5_time": 0.570014476776123}