{"name": "E_1300_757_16649.825.json", "BaldoML_of": 42989.162954324056, "BaldoML_time": 0.6082489490509033, "BaldoGA_of": 42472.393414448765, "BaldoGA_time": 12.98757815361023, "Solver_of": 43817.55652321659, "Solver_time": 22.48468017578125, "Z_threshold0.05_of": 42962.110983309394, "Z_threshold0.05_time": 1.518890619277954}