{"name": "E_1300_714_8384.089.json", "BaldoML_of": 30858.082268932605, "BaldoML_time": 0.642266035079956, "BaldoGA_of": 30474.414377462068, "BaldoGA_time": 2.985905647277832, "Solver_of": 31206.896836912532, "Solver_time": 2.7823915481567383, "Z_threshold0.05_of": 30793.693272085053, "Z_threshold0.05_time": 0.6323239803314209, "Z_threshold0.1_of": 30793.693272085053, "Z_threshold0.1_time": 0.6122112274169922, "Z_threshold0.15_of": 30793.693272085053, "Z_threshold0.15_time": 0.6109716892242432, "Z_threshold0.2_of": 30793.693272085053, "Z_threshold0.2_time": 0.6132898330688477, "Z_threshold0.25_of": 30793.693272085053, "Z_threshold0.25_time": 0.6178309917449951, "Z_threshold0.3_of": 30793.693272085053, "Z_threshold0.3_time": 0.6137712001800537, "Z_threshold0.35_of": 30793.693272085053, "Z_threshold0.35_time": 0.6267387866973877, "Z_threshold0.4_of": 30793.693272085053, "Z_threshold0.4_time": 0.628162145614624, "Z_threshold0.45_of": 30793.693272085053, "Z_threshold0.45_time": 0.6146128177642822, "Z_threshold0.5_of": 30793.693272085053, "Z_threshold0.5_time": 0.6234395503997803}