{"name": "E_1300_271_11279.822.json", "BaldoML_of": 37548.441895959295, "BaldoML_time": 3.3454113006591797, "BaldoGA_of": 35622.179065617216, "BaldoGA_time": 5.24494481086731, "Solver_of": 37977.713200675804, "Solver_time": 19.419031143188477, "Z_threshold0.05_of": 37900.947441416945, "Z_threshold0.05_time": 4.89483380317688, "Z_threshold0.1_of": 37844.646686414766, "Z_threshold0.1_time": 4.577659845352173, "Z_threshold0.15_of": 37793.300700190994, "Z_threshold0.15_time": 3.9398787021636963, "Z_threshold0.2_of": 37627.70386311881, "Z_threshold0.2_time": 2.8673951625823975, "Z_threshold0.25_of": 37385.82398556011, "Z_threshold0.25_time": 1.8443279266357422, "Z_threshold0.3_of": 36739.191361872996, "Z_threshold0.3_time": 0.6570818424224854, "Z_threshold0.35_of": 36110.40915316681, "Z_threshold0.35_time": 0.6463921070098877, "Z_threshold0.4_of": 35708.49744256319, "Z_threshold0.4_time": 0.6452624797821045, "Z_threshold0.45_of": 35309.6352165714, "Z_threshold0.45_time": 0.6589643955230713, "Z_threshold0.5_of": 34689.20732896452, "Z_threshold0.5_time": 0.6431984901428223}