{"name": "E_1300_771_8217.31.json", "BaldoML_of": 32594.083557232007, "BaldoML_time": 0.6916701793670654, "BaldoGA_of": 32276.309552195948, "BaldoGA_time": 3.2161865234375, "Solver_of": 32944.20371419398, "Solver_time": 1.3622996807098389, "Z_threshold0.05_of": 32483.418143073966, "Z_threshold0.05_time": 0.5893347263336182, "Z_threshold0.1_of": 32483.418143073966, "Z_threshold0.1_time": 0.573631763458252, "Z_threshold0.15_of": 32483.418143073966, "Z_threshold0.15_time": 0.5719211101531982, "Z_threshold0.2_of": 32483.418143073966, "Z_threshold0.2_time": 0.5777487754821777, "Z_threshold0.25_of": 32483.418143073966, "Z_threshold0.25_time": 0.5717227458953857, "Z_threshold0.3_of": 32483.418143073966, "Z_threshold0.3_time": 0.6202743053436279, "Z_threshold0.35_of": 32483.418143073966, "Z_threshold0.35_time": 0.571568489074707, "Z_threshold0.4_of": 32483.418143073966, "Z_threshold0.4_time": 0.5721743106842041, "Z_threshold0.45_of": 32447.858837244505, "Z_threshold0.45_time": 0.5682384967803955, "Z_threshold0.5_of": 32447.858837244505, "Z_threshold0.5_time": 0.5737028121948242}