{"name": "E_1300_450_10969.76.json", "BaldoML_of": 36451.25430879021, "BaldoML_time": 2.194113254547119, "BaldoGA_of": 35628.50765376544, "BaldoGA_time": 6.771299123764038, "Solver_of": 37301.19597016569, "Solver_time": 21.195229053497314, "Z_threshold0.05_of": 37046.39831953051, "Z_threshold0.05_time": 6.598069190979004, "Z_threshold0.1_of": 36383.56702654592, "Z_threshold0.1_time": 2.6986594200134277, "Z_threshold0.15_of": 36009.520758859704, "Z_threshold0.15_time": 1.6857421398162842, "Z_threshold0.2_of": 35374.57372602356, "Z_threshold0.2_time": 1.333653211593628, "Z_threshold0.25_of": 34474.63722387494, "Z_threshold0.25_time": 1.3554141521453857}