{"name": "E_1300_347_8324.578.json", "BaldoML_of": 31952.630253635325, "BaldoML_time": 6.1734747886657715, "BaldoGA_of": 30936.818842951245, "BaldoGA_time": 5.998964071273804, "Solver_of": 32258.641627830584, "Solver_time": 11.087259769439697, "Z_threshold0.05_of": 32219.45139284201, "Z_threshold0.05_time": 5.622922897338867, "Z_threshold0.1_of": 32076.303339941423, "Z_threshold0.1_time": 2.3046815395355225, "Z_threshold0.15_of": 31804.762999637216, "Z_threshold0.15_time": 1.503861665725708, "Z_threshold0.2_of": 31632.197775302426, "Z_threshold0.2_time": 1.0784626007080078, "Z_threshold0.25_of": 31396.090190618117, "Z_threshold0.25_time": 0.6219015121459961, "Z_threshold0.3_of": 30960.693404131405, "Z_threshold0.3_time": 0.5736236572265625, "Z_threshold0.35_of": 30455.840722187397, "Z_threshold0.35_time": 0.5728046894073486, "Z_threshold0.4_of": 29909.07557737193, "Z_threshold0.4_time": 0.5743780136108398, "Z_threshold0.45_of": 29909.07557737193, "Z_threshold0.45_time": 0.5670309066772461, "Z_threshold0.5_of": 29909.07557737193, "Z_threshold0.5_time": 0.5717613697052002}