{"name": "E_1300_607_8176.094.json", "BaldoML_of": 32128.300199783283, "BaldoML_time": 0.8434040546417236, "BaldoGA_of": 31561.89771861328, "BaldoGA_time": 5.976495027542114, "Solver_of": 32354.914042239685, "Solver_time": 6.343698978424072, "Z_threshold0.05_of": 31404.77085009464, "Z_threshold0.05_time": 1.2602157592773438, "Z_threshold0.1_of": 31404.77085009464, "Z_threshold0.1_time": 1.2457821369171143, "Z_threshold0.15_of": 31404.77085009464, "Z_threshold0.15_time": 1.2468149662017822, "Z_threshold0.2_of": 31404.77085009464, "Z_threshold0.2_time": 1.257370948791504}