{"name": "E_1300_675_16780.88.json", "BaldoML_of": 42869.67424646639, "BaldoML_time": 1.8237366676330566, "BaldoGA_of": 42203.56915662364, "BaldoGA_time": 11.090209245681763, "Solver_of": 43587.142306756105, "Solver_time": 29.53485918045044, "Z_threshold0.05_of": 43304.36297374149, "Z_threshold0.05_time": 10.158717632293701, "Z_threshold0.1_of": 42356.290776587346, "Z_threshold0.1_time": 1.7257003784179688, "Z_threshold0.15_of": 41069.58449142922, "Z_threshold0.15_time": 1.2493784427642822, "Z_threshold0.2_of": 40677.0224855991, "Z_threshold0.2_time": 1.2727000713348389, "Z_threshold0.25_of": 40374.52105636933, "Z_threshold0.25_time": 1.3543579578399658}