{"name": "E_1300_691_16668.519.json", "BaldoML_of": 42464.06681979155, "BaldoML_time": 1.6803510189056396, "BaldoGA_of": 42055.74385366085, "BaldoGA_time": 10.98568320274353, "Solver_of": 43594.88795523203, "Solver_time": 30.021554231643677, "Z_threshold0.05_of": 43012.38102463088, "Z_threshold0.05_time": 10.902958154678345, "Z_threshold0.1_of": 42195.73918065375, "Z_threshold0.1_time": 1.694345474243164, "Z_threshold0.15_of": 40999.78296629222, "Z_threshold0.15_time": 1.4384303092956543, "Z_threshold0.2_of": 40425.01256555645, "Z_threshold0.2_time": 1.3458287715911865, "Z_threshold0.25_of": 40177.545682820855, "Z_threshold0.25_time": 1.3360354900360107}