{"name": "E_1300_280_16720.256.json", "BaldoML_of": 48618.486687652876, "BaldoML_time": 4.9048378467559814, "BaldoGA_of": 46383.32305985642, "BaldoGA_time": 7.431113958358765, "Solver_of": 48980.14383987719, "Solver_time": 28.111964225769043, "Z_threshold0.05_of": 48822.25574566326, "Z_threshold0.05_time": 4.934772491455078, "Z_threshold0.1_of": 48805.948212733856, "Z_threshold0.1_time": 9.81696105003357, "Z_threshold0.15_of": 48746.03751315956, "Z_threshold0.15_time": 6.000437498092651, "Z_threshold0.2_of": 48643.934361183005, "Z_threshold0.2_time": 5.019999027252197, "Z_threshold0.25_of": 48429.33976044637, "Z_threshold0.25_time": 3.3774237632751465}