{"name": "E_1300_585_8185.93.json", "BaldoML_of": 30182.184522274492, "BaldoML_time": 2.9619386196136475, "BaldoGA_of": 29558.686271841496, "BaldoGA_time": 8.156506061553955, "Solver_of": 30183.633074000387, "Solver_time": 4.591502904891968, "Z_threshold0.05_of": 29146.181413849863, "Z_threshold0.05_time": 1.227078914642334, "Z_threshold0.1_of": 29146.181413849863, "Z_threshold0.1_time": 1.2070109844207764, "Z_threshold0.15_of": 29146.181413849863, "Z_threshold0.15_time": 1.1886577606201172, "Z_threshold0.2_of": 29080.51234446544, "Z_threshold0.2_time": 1.1916735172271729, "Z_threshold0.25_of": 29080.51234446544, "Z_threshold0.25_time": 1.2214345932006836, "Z_threshold0.3_of": 29080.51234446544, "Z_threshold0.3_time": 1.2232930660247803, "Z_threshold0.35_of": 29080.51234446544, "Z_threshold0.35_time": 1.389714241027832, "Z_threshold0.4_of": 29080.51234446544, "Z_threshold0.4_time": 1.3424623012542725, "Z_threshold0.45_of": 29080.51234446544, "Z_threshold0.45_time": 1.2525620460510254, "Z_threshold0.5_of": 29080.51234446544, "Z_threshold0.5_time": 1.2280666828155518}