{"name": "E_1300_492_8449.769.json", "BaldoML_of": 29918.621082245965, "BaldoML_time": 1.3590984344482422, "BaldoGA_of": 29275.564084427282, "BaldoGA_time": 6.71034049987793, "Solver_of": 30166.026300855894, "Solver_time": 16.960379123687744, "Z_threshold0.05_of": 29732.504634821056, "Z_threshold0.05_time": 1.7175977230072021, "Z_threshold0.1_of": 28603.475067321357, "Z_threshold0.1_time": 1.2841310501098633, "Z_threshold0.15_of": 28543.325565163614, "Z_threshold0.15_time": 1.2920429706573486, "Z_threshold0.2_of": 28275.509721219787, "Z_threshold0.2_time": 1.369295597076416}