{"name": "E_1300_378_11006.926.json", "BaldoML_of": 38163.33019007884, "BaldoML_time": 3.0140535831451416, "BaldoGA_of": 37066.25675229826, "BaldoGA_time": 7.312107086181641, "Solver_of": 38676.23550245677, "Solver_time": 6.458463430404663, "Z_threshold0.05_of": 38615.17722011752, "Z_threshold0.05_time": 6.282689094543457, "Z_threshold0.1_of": 38196.88703509118, "Z_threshold0.1_time": 2.887742757797241, "Z_threshold0.15_of": 37872.104693462315, "Z_threshold0.15_time": 1.4929327964782715, "Z_threshold0.2_of": 37704.861846549924, "Z_threshold0.2_time": 1.1424121856689453, "Z_threshold0.25_of": 37396.490140571135, "Z_threshold0.25_time": 0.6469440460205078, "Z_threshold0.3_of": 36565.772717173335, "Z_threshold0.3_time": 0.6412856578826904, "Z_threshold0.35_of": 35783.02579638601, "Z_threshold0.35_time": 0.7593896389007568, "Z_threshold0.4_of": 35073.46919265372, "Z_threshold0.4_time": 0.6299476623535156, "Z_threshold0.45_of": 34909.756202778, "Z_threshold0.45_time": 0.6258652210235596, "Z_threshold0.5_of": 34521.60314938465, "Z_threshold0.5_time": 0.626715898513794}