{"name": "E_1300_406_8153.062.json", "BaldoML_of": 33805.763423392134, "BaldoML_time": 14.683599948883057, "BaldoGA_of": 32877.74184661, "BaldoGA_time": 6.3462018966674805, "Solver_of": 33805.76343153561, "Solver_time": 19.70794653892517, "Z_threshold0.05_of": 33624.553012431476, "Z_threshold0.05_time": 2.5140228271484375, "Z_threshold0.1_of": 33511.29908860875, "Z_threshold0.1_time": 2.178478717803955, "Z_threshold0.15_of": 33395.33535113633, "Z_threshold0.15_time": 1.2741832733154297, "Z_threshold0.2_of": 32914.33301735072, "Z_threshold0.2_time": 1.120157241821289, "Z_threshold0.25_of": 32138.080168199427, "Z_threshold0.25_time": 1.1591544151306152, "Z_threshold0.3_of": 31689.24290181267, "Z_threshold0.3_time": 1.0946013927459717, "Z_threshold0.35_of": 31507.030543219673, "Z_threshold0.35_time": 1.1336743831634521, "Z_threshold0.4_of": 31475.603743764732, "Z_threshold0.4_time": 1.1065595149993896, "Z_threshold0.45_of": 31178.357968792014, "Z_threshold0.45_time": 1.1046817302703857, "Z_threshold0.5_of": 31178.357968792014, "Z_threshold0.5_time": 1.0982487201690674}