{"name": "E_1300_728_8474.421.json", "BaldoML_of": 30628.80685500055, "BaldoML_time": 1.7478737831115723, "BaldoGA_of": 29787.576471712367, "BaldoGA_time": 2.690114736557007, "Solver_of": 30645.128695853222, "Solver_time": 2.7213332653045654, "Z_threshold0.05_of": 30166.33868213181, "Z_threshold0.05_time": 1.1942682266235352, "Z_threshold0.1_of": 30166.33868213181, "Z_threshold0.1_time": 1.1700022220611572, "Z_threshold0.15_of": 30166.33868213181, "Z_threshold0.15_time": 1.1922662258148193, "Z_threshold0.2_of": 30166.33868213181, "Z_threshold0.2_time": 1.2069134712219238, "Z_threshold0.25_of": 30166.33868213181, "Z_threshold0.25_time": 1.213658332824707, "Z_threshold0.3_of": 30166.33868213181, "Z_threshold0.3_time": 1.2102484703063965, "Z_threshold0.35_of": 30166.33868213181, "Z_threshold0.35_time": 1.182401418685913, "Z_threshold0.4_of": 30166.33868213181, "Z_threshold0.4_time": 1.203901767730713, "Z_threshold0.45_of": 30166.33868213181, "Z_threshold0.45_time": 1.1885936260223389, "Z_threshold0.5_of": 30166.33868213181, "Z_threshold0.5_time": 1.192950963973999}