{"name": "E_1300_523_16504.72.json", "BaldoML_of": 43734.32366369062, "BaldoML_time": 1.3227863311767578, "BaldoGA_of": 43147.47265778667, "BaldoGA_time": 8.247684001922607, "Solver_of": 45373.6877961031, "Solver_time": 23.704667329788208, "Z_threshold0.05_of": 45118.37184700509, "Z_threshold0.05_time": 10.15557312965393, "Z_threshold0.1_of": 44481.489440516685, "Z_threshold0.1_time": 2.7382314205169678, "Z_threshold0.15_of": 44339.11124770341, "Z_threshold0.15_time": 1.5471687316894531, "Z_threshold0.2_of": 44197.08378747361, "Z_threshold0.2_time": 0.900275468826294, "Z_threshold0.25_of": 43851.48604088008, "Z_threshold0.25_time": 0.6828539371490479, "Z_threshold0.3_of": 43345.56940059306, "Z_threshold0.3_time": 0.6804764270782471, "Z_threshold0.35_of": 43082.31148985526, "Z_threshold0.35_time": 0.6996583938598633, "Z_threshold0.4_of": 42855.29177180672, "Z_threshold0.4_time": 0.6877298355102539, "Z_threshold0.45_of": 42634.175756243, "Z_threshold0.45_time": 0.6756992340087891, "Z_threshold0.5_of": 42214.13847324063, "Z_threshold0.5_time": 0.6783270835876465}