{"name": "E_1300_769_8269.581.json", "BaldoML_of": 31029.03962128752, "BaldoML_time": 0.6691105365753174, "BaldoGA_of": 30571.96025886668, "BaldoGA_time": 3.103713035583496, "Solver_of": 31407.869949116037, "Solver_time": 1.7615926265716553, "Z_threshold0.05_of": 30861.26450801276, "Z_threshold0.05_time": 0.6172385215759277, "Z_threshold0.1_of": 30861.26450801276, "Z_threshold0.1_time": 0.6067445278167725, "Z_threshold0.15_of": 30839.017401814068, "Z_threshold0.15_time": 0.5929603576660156, "Z_threshold0.2_of": 30839.017401814068, "Z_threshold0.2_time": 0.595862865447998, "Z_threshold0.25_of": 30839.017401814068, "Z_threshold0.25_time": 0.592221736907959, "Z_threshold0.3_of": 30839.017401814068, "Z_threshold0.3_time": 0.727130651473999, "Z_threshold0.35_of": 30839.017401814068, "Z_threshold0.35_time": 0.5913412570953369, "Z_threshold0.4_of": 30839.017401814068, "Z_threshold0.4_time": 0.5932564735412598, "Z_threshold0.45_of": 30839.017401814068, "Z_threshold0.45_time": 0.5931105613708496, "Z_threshold0.5_of": 30839.017401814068, "Z_threshold0.5_time": 0.5917084217071533}