{"name": "E_1300_610_16549.325.json", "BaldoML_of": 42813.69145891616, "BaldoML_time": 1.6463289260864258, "BaldoGA_of": 42122.64032651396, "BaldoGA_time": 9.72867751121521, "Solver_of": 43587.85062867029, "Solver_time": 32.401588916778564, "Z_threshold0.05_of": 43499.9608461693, "Z_threshold0.05_time": 14.493246078491211, "Z_threshold0.1_of": 42880.000675447496, "Z_threshold0.1_time": 3.2319719791412354, "Z_threshold0.15_of": 42277.833907307715, "Z_threshold0.15_time": 1.477243185043335, "Z_threshold0.2_of": 41397.97661233926, "Z_threshold0.2_time": 1.4171600341796875, "Z_threshold0.25_of": 40546.72840194254, "Z_threshold0.25_time": 1.3196308612823486}