{"name": "E_1300_627_16067.32.json", "BaldoML_of": 43041.44615372866, "BaldoML_time": 1.715355396270752, "BaldoGA_of": 42351.03610440461, "BaldoGA_time": 10.068042993545532, "Solver_of": 43926.72445237148, "Solver_time": 31.240752696990967, "Z_threshold0.05_of": 43682.260157169534, "Z_threshold0.05_time": 8.476375818252563, "Z_threshold0.1_of": 43250.68183546017, "Z_threshold0.1_time": 1.2789528369903564, "Z_threshold0.15_of": 42985.87886470997, "Z_threshold0.15_time": 0.8714902400970459, "Z_threshold0.2_of": 42299.00626283297, "Z_threshold0.2_time": 0.7022221088409424, "Z_threshold0.25_of": 42056.340446701, "Z_threshold0.25_time": 0.7105743885040283, "Z_threshold0.3_of": 41760.06371496482, "Z_threshold0.3_time": 0.6982161998748779, "Z_threshold0.35_of": 41510.9278495896, "Z_threshold0.35_time": 0.7001876831054688, "Z_threshold0.4_of": 41374.992681916796, "Z_threshold0.4_time": 0.7179358005523682, "Z_threshold0.45_of": 41308.32154554751, "Z_threshold0.45_time": 0.6987276077270508, "Z_threshold0.5_of": 41178.52868006731, "Z_threshold0.5_time": 0.6906416416168213}