{"name": "E_1300_594_10974.698.json", "BaldoML_of": 37381.746154980174, "BaldoML_time": 1.2014262676239014, "BaldoGA_of": 36774.9593932442, "BaldoGA_time": 9.279073476791382, "Solver_of": 37735.099389167175, "Solver_time": 13.877559423446655, "Z_threshold0.05_of": 37137.34444179806, "Z_threshold0.05_time": 1.6570522785186768, "Z_threshold0.1_of": 35591.293285056614, "Z_threshold0.1_time": 1.298748254776001, "Z_threshold0.15_of": 35427.30944192723, "Z_threshold0.15_time": 1.2962584495544434, "Z_threshold0.2_of": 35427.30944192723, "Z_threshold0.2_time": 1.371736764907837}