{"name": "E_1300_627_16067.32.json", "BaldoML_of": 43041.44615372866, "BaldoML_time": 1.715355396270752, "BaldoGA_of": 42351.03610440461, "BaldoGA_time": 10.068042993545532, "Solver_of": 43926.72445237148, "Solver_time": 31.240752696990967, "Z_threshold0.05_of": 43708.65353842169, "Z_threshold0.05_time": 10.477160215377808, "Z_threshold0.1_of": 43140.27663054102, "Z_threshold0.1_time": 2.6763927936553955, "Z_threshold0.15_of": 42509.73709590676, "Z_threshold0.15_time": 1.4749054908752441, "Z_threshold0.2_of": 41493.304735547536, "Z_threshold0.2_time": 1.3036677837371826}