{"name": "E_1300_450_8174.479.json", "BaldoML_of": 32513.64606405504, "BaldoML_time": 20.17181420326233, "BaldoGA_of": 31580.39266067585, "BaldoGA_time": 5.44597315788269, "Solver_of": 32514.55625469064, "Solver_time": 14.623166561126709, "Z_threshold0.05_of": 32259.327791142136, "Z_threshold0.05_time": 3.0242559909820557, "Z_threshold0.1_of": 31872.18750280689, "Z_threshold0.1_time": 1.4529128074645996, "Z_threshold0.15_of": 30640.821013447618, "Z_threshold0.15_time": 1.116997241973877, "Z_threshold0.2_of": 30214.318539958673, "Z_threshold0.2_time": 1.1164369583129883, "Z_threshold0.25_of": 30108.18596273334, "Z_threshold0.25_time": 1.1181085109710693, "Z_threshold0.3_of": 29910.563898984044, "Z_threshold0.3_time": 1.1268932819366455, "Z_threshold0.35_of": 29769.99072912673, "Z_threshold0.35_time": 1.1522045135498047, "Z_threshold0.4_of": 29735.439186801144, "Z_threshold0.4_time": 1.1753535270690918, "Z_threshold0.45_of": 29735.439186801144, "Z_threshold0.45_time": 1.1803743839263916, "Z_threshold0.5_of": 29735.439186801144, "Z_threshold0.5_time": 1.135772705078125}