{"name": "E_1300_560_16759.109.json", "BaldoML_of": 44492.87328343988, "BaldoML_time": 55.99324917793274, "BaldoGA_of": 42863.32519715011, "BaldoGA_time": 9.055606126785278, "Solver_of": 44502.2976842501, "Solver_time": 25.526451587677002, "Z_threshold0.05_of": 44394.855523930084, "Z_threshold0.05_time": 14.30316710472107, "Z_threshold0.1_of": 44135.95247809771, "Z_threshold0.1_time": 3.6477577686309814, "Z_threshold0.15_of": 43901.09607716762, "Z_threshold0.15_time": 1.8667457103729248, "Z_threshold0.2_of": 43765.05790244847, "Z_threshold0.2_time": 1.758521556854248, "Z_threshold0.25_of": 43007.414588617874, "Z_threshold0.25_time": 1.347379446029663, "Z_threshold0.3_of": 42669.85202677189, "Z_threshold0.3_time": 1.2908337116241455, "Z_threshold0.35_of": 42370.48361370256, "Z_threshold0.35_time": 1.2832629680633545, "Z_threshold0.4_of": 42161.132282793464, "Z_threshold0.4_time": 1.2777962684631348, "Z_threshold0.45_of": 41936.90389553188, "Z_threshold0.45_time": 1.3111460208892822, "Z_threshold0.5_of": 41883.877830122394, "Z_threshold0.5_time": 1.2862884998321533}