{"name": "E_1300_457_11069.251.json", "BaldoML_of": 36825.54494496876, "BaldoML_time": 23.86418604850769, "BaldoGA_of": 35387.92396200291, "BaldoGA_time": 6.820030450820923, "Solver_of": 36825.45968789051, "Solver_time": 45.83753299713135, "Z_threshold0.05_of": 36660.980147654125, "Z_threshold0.05_time": 8.109365940093994, "Z_threshold0.1_of": 36217.595045196984, "Z_threshold0.1_time": 2.2348527908325195, "Z_threshold0.15_of": 35994.72044753228, "Z_threshold0.15_time": 1.8753182888031006, "Z_threshold0.2_of": 35294.34246829847, "Z_threshold0.2_time": 1.1572649478912354, "Z_threshold0.25_of": 34657.9085015381, "Z_threshold0.25_time": 1.1688737869262695, "Z_threshold0.3_of": 34468.55481434089, "Z_threshold0.3_time": 1.1822779178619385, "Z_threshold0.35_of": 34119.704129797916, "Z_threshold0.35_time": 1.2273650169372559, "Z_threshold0.4_of": 33912.04251789709, "Z_threshold0.4_time": 1.1459825038909912, "Z_threshold0.45_of": 33617.165528603284, "Z_threshold0.45_time": 1.1163616180419922, "Z_threshold0.5_of": 33617.165528603284, "Z_threshold0.5_time": 1.1393535137176514}