{"name": "E_1300_585_8185.93.json", "BaldoML_of": 29930.916992466166, "BaldoML_time": 0.9790937900543213, "BaldoGA_of": 29558.686271841496, "BaldoGA_time": 8.156506061553955, "Solver_of": 30183.633074000387, "Solver_time": 4.591502904891968, "Z_threshold0.05_of": 28961.868013042793, "Z_threshold0.05_time": 1.0098555088043213}