{"name": "E_1300_281_11271.926.json", "BaldoML_of": 38058.56301127543, "BaldoML_time": 3.572481870651245, "BaldoGA_of": 36639.36037894176, "BaldoGA_time": 5.352994441986084, "Solver_of": 38515.68856079342, "Solver_time": 18.71494460105896, "Z_threshold0.05_of": 38480.89916920703, "Z_threshold0.05_time": 3.846414566040039, "Z_threshold0.1_of": 38395.20113432443, "Z_threshold0.1_time": 3.276789903640747, "Z_threshold0.15_of": 38168.1972347389, "Z_threshold0.15_time": 3.1009089946746826, "Z_threshold0.2_of": 37837.24338701505, "Z_threshold0.2_time": 1.9077861309051514, "Z_threshold0.25_of": 37428.52242831183, "Z_threshold0.25_time": 1.184417486190796, "Z_threshold0.3_of": 36724.90418113521, "Z_threshold0.3_time": 0.6083798408508301, "Z_threshold0.35_of": 36150.240434186184, "Z_threshold0.35_time": 0.627321720123291, "Z_threshold0.4_of": 35396.330918691485, "Z_threshold0.4_time": 0.5902745723724365, "Z_threshold0.45_of": 35012.15594365652, "Z_threshold0.45_time": 0.6067085266113281, "Z_threshold0.5_of": 34716.03543610427, "Z_threshold0.5_time": 0.5890192985534668}