{"name": "E_1300_717_8355.821.json", "BaldoML_of": 31520.99424280225, "BaldoML_time": 0.7186131477355957, "BaldoGA_of": 31046.541136713728, "BaldoGA_time": 2.8645095825195312, "Solver_of": 31935.551176942703, "Solver_time": 1.7373929023742676, "Z_threshold0.05_of": 31068.34135250813, "Z_threshold0.05_time": 1.2523455619812012}