{"name": "E_1300_528_8237.455.json", "BaldoML_of": 31936.289251018334, "BaldoML_time": 0.708540678024292, "BaldoGA_of": 31386.954937190647, "BaldoGA_time": 8.24611496925354, "Solver_of": 32172.511382487173, "Solver_time": 16.944876432418823, "Z_threshold0.05_of": 31393.57572427591, "Z_threshold0.05_time": 1.3554904460906982, "Z_threshold0.1_of": 30352.690876028402, "Z_threshold0.1_time": 1.221928358078003, "Z_threshold0.15_of": 30220.126556904528, "Z_threshold0.15_time": 1.3362720012664795, "Z_threshold0.2_of": 30098.922341352005, "Z_threshold0.2_time": 1.339543342590332, "Z_threshold0.25_of": 30067.43120336311, "Z_threshold0.25_time": 1.4177038669586182}