{"name": "E_1300_482_11185.484.json", "BaldoML_of": 35662.91724942547, "BaldoML_time": 2.529313802719116, "BaldoGA_of": 34552.143623587086, "BaldoGA_time": 7.267419099807739, "Solver_of": 36128.67121636139, "Solver_time": 30.443002700805664, "Z_threshold0.05_of": 35986.218771452644, "Z_threshold0.05_time": 10.909434080123901}