{"name": "E_1300_373_16828.65.json", "BaldoML_of": 45338.915737434974, "BaldoML_time": 5.17999267578125, "BaldoGA_of": 43981.56929230249, "BaldoGA_time": 9.040428400039673, "Solver_of": 46439.642223304996, "Solver_time": 15.346839189529419, "Z_threshold0.05_of": 46394.51237273005, "Z_threshold0.05_time": 5.049980401992798, "Z_threshold0.1_of": 46046.46023519019, "Z_threshold0.1_time": 9.059644222259521, "Z_threshold0.15_of": 45454.22630925218, "Z_threshold0.15_time": 4.898444414138794, "Z_threshold0.2_of": 44927.17068385395, "Z_threshold0.2_time": 2.9737744331359863}