{"name": "E_1300_771_8217.31.json", "BaldoML_of": 32594.083557232007, "BaldoML_time": 0.6916701793670654, "BaldoGA_of": 32276.309552195948, "BaldoGA_time": 3.2161865234375, "Solver_of": 32944.20371419398, "Solver_time": 1.3622996807098389, "Z_threshold0.05_of": 32276.309552195908, "Z_threshold0.05_time": 1.3267607688903809, "Z_threshold0.1_of": 32276.309552195908, "Z_threshold0.1_time": 1.2644414901733398, "Z_threshold0.15_of": 32276.309552195908, "Z_threshold0.15_time": 1.2452516555786133, "Z_threshold0.2_of": 32276.309552195908, "Z_threshold0.2_time": 1.2439601421356201}