{"name": "E_1300_392_8305.679.json", "BaldoML_of": 32036.20468394181, "BaldoML_time": 4.041283130645752, "BaldoGA_of": 31163.174909201294, "BaldoGA_time": 5.516139030456543, "Solver_of": 32384.73557523309, "Solver_time": 25.152211904525757, "Z_threshold0.05_of": 32147.624417760486, "Z_threshold0.05_time": 2.8403661251068115}