{"name": "E_1300_594_8252.955.json", "BaldoML_of": 32905.9411416606, "BaldoML_time": 0.6192893981933594, "BaldoGA_of": 32356.831369148447, "BaldoGA_time": 8.711321830749512, "Solver_of": 33176.760275528664, "Solver_time": 4.814393520355225, "Z_threshold0.05_of": 31661.241073453362, "Z_threshold0.05_time": 1.1926944255828857, "Z_threshold0.1_of": 31661.241073453362, "Z_threshold0.1_time": 1.179889440536499, "Z_threshold0.15_of": 31661.241073453362, "Z_threshold0.15_time": 1.1826889514923096, "Z_threshold0.2_of": 31661.241073453362, "Z_threshold0.2_time": 1.1765193939208984, "Z_threshold0.25_of": 31661.241073453362, "Z_threshold0.25_time": 1.1809546947479248}