{"name": "E_1300_573_11380.506.json", "BaldoML_of": 35665.5437682894, "BaldoML_time": 1.3398852348327637, "BaldoGA_of": 35152.53185126474, "BaldoGA_time": 8.572233200073242, "Solver_of": 36097.358051347685, "Solver_time": 17.399030685424805, "Z_threshold0.05_of": 35599.780771108046, "Z_threshold0.05_time": 2.252009153366089, "Z_threshold0.1_of": 34406.847376279, "Z_threshold0.1_time": 1.2126796245574951, "Z_threshold0.15_of": 33699.5552537766, "Z_threshold0.15_time": 1.2099802494049072, "Z_threshold0.2_of": 33657.33387733185, "Z_threshold0.2_time": 1.2154004573822021, "Z_threshold0.25_of": 33585.09926383968, "Z_threshold0.25_time": 1.202897548675537}