{"name": "E_1300_425_8171.868.json", "BaldoML_of": 33079.31478962439, "BaldoML_time": 3.049764633178711, "BaldoGA_of": 32365.086066350425, "BaldoGA_time": 5.781205415725708, "Solver_of": 33283.37318194397, "Solver_time": 26.14411497116089, "Z_threshold0.05_of": 33151.71191960851, "Z_threshold0.05_time": 4.575295686721802, "Z_threshold0.1_of": 32696.70103030603, "Z_threshold0.1_time": 2.1407735347747803, "Z_threshold0.15_of": 32322.188902695598, "Z_threshold0.15_time": 1.2710988521575928, "Z_threshold0.2_of": 31528.949392649436, "Z_threshold0.2_time": 1.348938226699829, "Z_threshold0.25_of": 31074.22234029838, "Z_threshold0.25_time": 1.2695939540863037}