{"name": "E_1300_369_11424.549.json", "BaldoML_of": 36793.85765484763, "BaldoML_time": 2.8574531078338623, "BaldoGA_of": 35643.71999055668, "BaldoGA_time": 6.850516080856323, "Solver_of": 37022.84386821011, "Solver_time": 13.103106260299683, "Z_threshold0.05_of": 36918.97786023886, "Z_threshold0.05_time": 2.846773862838745, "Z_threshold0.1_of": 36732.31114135134, "Z_threshold0.1_time": 2.5730443000793457, "Z_threshold0.15_of": 36542.8205432392, "Z_threshold0.15_time": 1.570650577545166, "Z_threshold0.2_of": 36426.85739033154, "Z_threshold0.2_time": 1.5505316257476807, "Z_threshold0.25_of": 36337.56037381844, "Z_threshold0.25_time": 1.116011142730713, "Z_threshold0.3_of": 35843.72189504489, "Z_threshold0.3_time": 0.5937192440032959, "Z_threshold0.35_of": 35387.721790219155, "Z_threshold0.35_time": 0.5880062580108643, "Z_threshold0.4_of": 34800.55924365772, "Z_threshold0.4_time": 0.591339111328125, "Z_threshold0.45_of": 34381.41710358531, "Z_threshold0.45_time": 0.583794116973877, "Z_threshold0.5_of": 34118.2833015586, "Z_threshold0.5_time": 0.617436408996582}