{"name": "E_1300_459_8367.31.json", "BaldoML_of": 32049.28502815659, "BaldoML_time": 3.0776515007019043, "BaldoGA_of": 31389.05879085145, "BaldoGA_time": 7.2094011306762695, "Solver_of": 32320.696650035985, "Solver_time": 15.288774251937866, "Z_threshold0.05_of": 31966.419932002133, "Z_threshold0.05_time": 2.405623197555542, "Z_threshold0.1_of": 31669.302060798185, "Z_threshold0.1_time": 0.6583924293518066, "Z_threshold0.15_of": 30624.40326702343, "Z_threshold0.15_time": 0.5750141143798828, "Z_threshold0.2_of": 30513.780188008503, "Z_threshold0.2_time": 0.7167007923126221, "Z_threshold0.25_of": 30506.860814605403, "Z_threshold0.25_time": 0.5730819702148438, "Z_threshold0.3_of": 30506.860814605403, "Z_threshold0.3_time": 0.5778400897979736, "Z_threshold0.35_of": 30506.860814605403, "Z_threshold0.35_time": 0.6068606376647949, "Z_threshold0.4_of": 30513.780188008503, "Z_threshold0.4_time": 0.5710282325744629, "Z_threshold0.45_of": 30513.780188008503, "Z_threshold0.45_time": 0.5686783790588379, "Z_threshold0.5_of": 30506.860814605403, "Z_threshold0.5_time": 0.5740694999694824}