{"name": "E_1300_637_10924.465.json", "BaldoML_of": 35911.90679456654, "BaldoML_time": 0.8032548427581787, "BaldoGA_of": 35346.15866857995, "BaldoGA_time": 10.81907057762146, "Solver_of": 36317.41695270657, "Solver_time": 16.87205958366394, "Z_threshold0.05_of": 34993.95753903833, "Z_threshold0.05_time": 1.2744114398956299, "Z_threshold0.1_of": 34252.90872478776, "Z_threshold0.1_time": 1.2525732517242432, "Z_threshold0.15_of": 34231.50377145189, "Z_threshold0.15_time": 1.3465309143066406, "Z_threshold0.2_of": 34231.50377145189, "Z_threshold0.2_time": 1.2394578456878662}