{"name": "E_1300_672_16405.662.json", "BaldoML_of": 43283.08770214605, "BaldoML_time": 1.5610268115997314, "BaldoGA_of": 42653.47450037303, "BaldoGA_time": 10.38627815246582, "Solver_of": 44232.05689429282, "Solver_time": 22.456076622009277, "Z_threshold0.05_of": 43616.141473499745, "Z_threshold0.05_time": 1.860844373703003, "Z_threshold0.1_of": 43171.20066749463, "Z_threshold0.1_time": 0.998523473739624, "Z_threshold0.15_of": 42605.93284403854, "Z_threshold0.15_time": 0.684302806854248, "Z_threshold0.2_of": 42347.23961682704, "Z_threshold0.2_time": 0.6725420951843262, "Z_threshold0.25_of": 42309.96435109659, "Z_threshold0.25_time": 0.6932387351989746, "Z_threshold0.3_of": 42210.09871034135, "Z_threshold0.3_time": 0.6783363819122314, "Z_threshold0.35_of": 42152.48666811846, "Z_threshold0.35_time": 0.6985399723052979, "Z_threshold0.4_of": 42152.48666811846, "Z_threshold0.4_time": 0.6792552471160889, "Z_threshold0.45_of": 42152.48666811846, "Z_threshold0.45_time": 0.6898260116577148, "Z_threshold0.5_of": 42152.48666811846, "Z_threshold0.5_time": 0.6731202602386475}