{"name": "E_1300_509_11160.46.json", "BaldoML_of": 36616.39557416334, "BaldoML_time": 33.24781942367554, "BaldoGA_of": 35330.762627628974, "BaldoGA_time": 7.731287240982056, "Solver_of": 36615.76350329217, "Solver_time": 28.848475217819214, "Z_threshold0.05_of": 36286.23759712011, "Z_threshold0.05_time": 6.475345611572266, "Z_threshold0.1_of": 35803.37664848527, "Z_threshold0.1_time": 1.7295584678649902, "Z_threshold0.15_of": 35252.74008095827, "Z_threshold0.15_time": 1.402312994003296, "Z_threshold0.2_of": 34598.81703339059, "Z_threshold0.2_time": 1.2422254085540771, "Z_threshold0.25_of": 34015.48850600089, "Z_threshold0.25_time": 1.2071938514709473, "Z_threshold0.3_of": 33598.36960999003, "Z_threshold0.3_time": 1.231123685836792, "Z_threshold0.35_of": 33492.49930744544, "Z_threshold0.35_time": 1.2124805450439453, "Z_threshold0.4_of": 33419.427841102384, "Z_threshold0.4_time": 1.159531593322754, "Z_threshold0.45_of": 33382.26115015234, "Z_threshold0.45_time": 1.1859779357910156, "Z_threshold0.5_of": 33382.26115015234, "Z_threshold0.5_time": 1.1695976257324219}