{"name": "E_1300_616_16369.004.json", "BaldoML_of": 42978.45539486238, "BaldoML_time": 1.1360993385314941, "BaldoGA_of": 42291.383345681665, "BaldoGA_time": 8.622000455856323, "Solver_of": 43883.762365932256, "Solver_time": 36.105557680130005, "Z_threshold0.05_of": 43733.352400354175, "Z_threshold0.05_time": 10.309229850769043, "Z_threshold0.1_of": 43339.88475052803, "Z_threshold0.1_time": 1.3255066871643066, "Z_threshold0.15_of": 42963.93021863195, "Z_threshold0.15_time": 0.7530531883239746, "Z_threshold0.2_of": 42475.13618306483, "Z_threshold0.2_time": 0.6266436576843262, "Z_threshold0.25_of": 42169.94013086214, "Z_threshold0.25_time": 0.6224300861358643, "Z_threshold0.3_of": 41839.604628581015, "Z_threshold0.3_time": 0.6417965888977051, "Z_threshold0.35_of": 41595.09276206662, "Z_threshold0.35_time": 0.6872377395629883, "Z_threshold0.4_of": 41595.09276206662, "Z_threshold0.4_time": 0.6672594547271729, "Z_threshold0.45_of": 41562.82232130849, "Z_threshold0.45_time": 0.6636734008789062, "Z_threshold0.5_of": 41459.60530706149, "Z_threshold0.5_time": 0.7864377498626709}