{"name": "E_1300_578_11148.271.json", "BaldoML_of": 35693.10746686618, "BaldoML_time": 0.9874210357666016, "BaldoGA_of": 35018.570007362905, "BaldoGA_time": 8.523774862289429, "Solver_of": 36273.641268532374, "Solver_time": 19.728541374206543, "Z_threshold0.05_of": 35641.44655553726, "Z_threshold0.05_time": 0.7277097702026367, "Z_threshold0.1_of": 34675.172094831774, "Z_threshold0.1_time": 0.5985040664672852, "Z_threshold0.15_of": 34154.16452322037, "Z_threshold0.15_time": 0.5948550701141357, "Z_threshold0.2_of": 34023.9445861665, "Z_threshold0.2_time": 0.5935573577880859, "Z_threshold0.25_of": 33977.078851096885, "Z_threshold0.25_time": 0.611771821975708, "Z_threshold0.3_of": 33934.3179782371, "Z_threshold0.3_time": 0.6048469543457031, "Z_threshold0.35_of": 33909.34578339943, "Z_threshold0.35_time": 0.5933876037597656, "Z_threshold0.4_of": 33858.55507761669, "Z_threshold0.4_time": 0.600034236907959, "Z_threshold0.45_of": 33858.55507761669, "Z_threshold0.45_time": 0.5966644287109375, "Z_threshold0.5_of": 33858.55507761669, "Z_threshold0.5_time": 0.5906190872192383}