{"name": "E_1300_392_16225.245.json", "BaldoML_of": 47212.83103043826, "BaldoML_time": 27.55373525619507, "BaldoGA_of": 45103.00634577298, "BaldoGA_time": 9.582967519760132, "Solver_of": 47222.53378187223, "Solver_time": 15.577943801879883, "Z_threshold0.05_of": 47083.324392503004, "Z_threshold0.05_time": 8.562241315841675, "Z_threshold0.1_of": 46983.7904225912, "Z_threshold0.1_time": 9.206250190734863, "Z_threshold0.15_of": 46923.53626699156, "Z_threshold0.15_time": 4.964418888092041, "Z_threshold0.2_of": 46741.698809072215, "Z_threshold0.2_time": 4.955721855163574, "Z_threshold0.25_of": 46571.864987802306, "Z_threshold0.25_time": 2.8560791015625, "Z_threshold0.3_of": 46354.222905120514, "Z_threshold0.3_time": 2.4250926971435547, "Z_threshold0.35_of": 46085.33073407955, "Z_threshold0.35_time": 1.1870648860931396, "Z_threshold0.4_of": 45869.30358864481, "Z_threshold0.4_time": 1.381007432937622, "Z_threshold0.45_of": 45726.195010551084, "Z_threshold0.45_time": 1.283334732055664, "Z_threshold0.5_of": 45314.2931624775, "Z_threshold0.5_time": 1.192131757736206}