{"name": "E_1300_411_8219.47.json", "BaldoML_of": 31935.870140535993, "BaldoML_time": 2.261054039001465, "BaldoGA_of": 31135.39631399929, "BaldoGA_time": 5.71277642250061, "Solver_of": 32202.788464337227, "Solver_time": 22.499231576919556, "Z_threshold0.05_of": 32092.580807387298, "Z_threshold0.05_time": 3.3373231887817383, "Z_threshold0.1_of": 31789.161199285005, "Z_threshold0.1_time": 2.328202962875366, "Z_threshold0.15_of": 31617.095399957147, "Z_threshold0.15_time": 1.756901741027832, "Z_threshold0.2_of": 30736.180598782714, "Z_threshold0.2_time": 1.2053024768829346}