{"name": "E_1300_360_16267.677.json", "BaldoML_of": 48023.804672154045, "BaldoML_time": 3.7061994075775146, "BaldoGA_of": 46211.9810919664, "BaldoGA_time": 6.64218544960022, "Solver_of": 48559.67494267531, "Solver_time": 19.796380281448364, "Z_threshold0.05_of": 48503.49409041258, "Z_threshold0.05_time": 6.549147844314575, "Z_threshold0.1_of": 48286.9941961591, "Z_threshold0.1_time": 6.988065242767334, "Z_threshold0.15_of": 47928.39930758236, "Z_threshold0.15_time": 4.353541374206543, "Z_threshold0.2_of": 47658.15833756604, "Z_threshold0.2_time": 3.5318751335144043, "Z_threshold0.25_of": 47440.452716582695, "Z_threshold0.25_time": 2.6738555431365967}