{"name": "E_1300_448_8195.163.json", "BaldoML_of": 32214.38892318047, "BaldoML_time": 3.5135338306427, "BaldoGA_of": 31308.874650857764, "BaldoGA_time": 6.118203401565552, "Solver_of": 32540.830415185876, "Solver_time": 22.28715419769287, "Z_threshold0.05_of": 32259.441983887504, "Z_threshold0.05_time": 4.333260536193848, "Z_threshold0.1_of": 31752.64533275907, "Z_threshold0.1_time": 1.5220186710357666, "Z_threshold0.15_of": 30437.19045429047, "Z_threshold0.15_time": 1.2833354473114014, "Z_threshold0.2_of": 29975.091115110466, "Z_threshold0.2_time": 1.2683775424957275, "Z_threshold0.25_of": 29764.1853853625, "Z_threshold0.25_time": 1.2714762687683105}