{"name": "E_1300_573_15977.164.json", "BaldoML_of": 44833.78181586658, "BaldoML_time": 1.301236867904663, "BaldoGA_of": 44038.80750202229, "BaldoGA_time": 10.375176429748535, "Solver_of": 45778.5064819072, "Solver_time": 26.71618962287903, "Z_threshold0.05_of": 45638.3421475563, "Z_threshold0.05_time": 11.267810583114624, "Z_threshold0.1_of": 45364.76107017572, "Z_threshold0.1_time": 4.131178855895996, "Z_threshold0.15_of": 44853.7472003683, "Z_threshold0.15_time": 2.6890182495117188, "Z_threshold0.2_of": 44294.196643325646, "Z_threshold0.2_time": 1.4429378509521484}