{"name": "E_1300_714_8515.221.json", "BaldoML_of": 30436.604585027464, "BaldoML_time": 0.9012401103973389, "BaldoGA_of": 30104.49210927572, "BaldoGA_time": 3.070378303527832, "Solver_of": 31007.363350844975, "Solver_time": 1.3064134120941162, "Z_threshold0.05_of": 30108.065198016786, "Z_threshold0.05_time": 1.1271891593933105}