{"name": "E_1300_362_11090.028.json", "BaldoML_of": 37155.25219956671, "BaldoML_time": 3.4957621097564697, "BaldoGA_of": 35908.37441377078, "BaldoGA_time": 5.877046346664429, "Solver_of": 37639.519334712815, "Solver_time": 12.824557542800903, "Z_threshold0.05_of": 37588.09822612716, "Z_threshold0.05_time": 5.819647789001465, "Z_threshold0.1_of": 37188.79692576757, "Z_threshold0.1_time": 2.0700576305389404, "Z_threshold0.15_of": 36971.42186800621, "Z_threshold0.15_time": 1.807342529296875, "Z_threshold0.2_of": 36507.77631901424, "Z_threshold0.2_time": 0.675360918045044, "Z_threshold0.25_of": 35601.60556393733, "Z_threshold0.25_time": 0.6702637672424316, "Z_threshold0.3_of": 35393.098367954386, "Z_threshold0.3_time": 0.6663463115692139, "Z_threshold0.35_of": 35012.19034307879, "Z_threshold0.35_time": 0.6626107692718506, "Z_threshold0.4_of": 34694.77046293269, "Z_threshold0.4_time": 0.6657748222351074, "Z_threshold0.45_of": 34331.93236195592, "Z_threshold0.45_time": 0.679640531539917, "Z_threshold0.5_of": 34219.21147087949, "Z_threshold0.5_time": 0.6546976566314697}