{"name": "E_1300_362_11090.028.json", "BaldoML_of": 37155.25219956671, "BaldoML_time": 3.4957621097564697, "BaldoGA_of": 35908.37441377078, "BaldoGA_time": 5.877046346664429, "Solver_of": 37639.519334712815, "Solver_time": 12.824557542800903, "Z_threshold0.05_of": 37567.40370491337, "Z_threshold0.05_time": 3.401703119277954, "Z_threshold0.1_of": 37223.064208031894, "Z_threshold0.1_time": 5.904248952865601, "Z_threshold0.15_of": 36883.99021070008, "Z_threshold0.15_time": 2.2054572105407715, "Z_threshold0.2_of": 36576.44850409366, "Z_threshold0.2_time": 1.4635496139526367}