{"name": "E_1300_406_8153.062.json", "BaldoML_of": 33619.21336202804, "BaldoML_time": 2.529714584350586, "BaldoGA_of": 32877.74184661, "BaldoGA_time": 6.3462018966674805, "Solver_of": 33805.76343153561, "Solver_time": 19.70794653892517, "Z_threshold0.05_of": 33661.780774916355, "Z_threshold0.05_time": 2.5648248195648193, "Z_threshold0.1_of": 33566.37382306436, "Z_threshold0.1_time": 1.5248878002166748, "Z_threshold0.15_of": 33437.278850056755, "Z_threshold0.15_time": 0.9445254802703857, "Z_threshold0.2_of": 33039.50884028475, "Z_threshold0.2_time": 0.5751123428344727, "Z_threshold0.25_of": 32303.47692928045, "Z_threshold0.25_time": 0.5988290309906006, "Z_threshold0.3_of": 31728.837768589936, "Z_threshold0.3_time": 0.5730197429656982, "Z_threshold0.35_of": 31487.024315894643, "Z_threshold0.35_time": 0.5712764263153076, "Z_threshold0.4_of": 31364.048232002977, "Z_threshold0.4_time": 0.5730514526367188, "Z_threshold0.45_of": 31140.308146856252, "Z_threshold0.45_time": 0.5685880184173584, "Z_threshold0.5_of": 31140.308146856252, "Z_threshold0.5_time": 0.570582389831543}