{"name": "E_1300_272_8213.387.json", "BaldoML_of": 34082.64758249458, "BaldoML_time": 7.705593585968018, "BaldoGA_of": 32442.11445488184, "BaldoGA_time": 5.6240057945251465, "Solver_of": 34082.17202269434, "Solver_time": 7.920181035995483, "Z_threshold0.05_of": 34047.0925645326, "Z_threshold0.05_time": 3.571960926055908, "Z_threshold0.1_of": 33874.66215663316, "Z_threshold0.1_time": 4.078943252563477, "Z_threshold0.15_of": 33708.70547770887, "Z_threshold0.15_time": 2.824105739593506, "Z_threshold0.2_of": 33321.462854920086, "Z_threshold0.2_time": 1.7710673809051514, "Z_threshold0.25_of": 32584.72167445077, "Z_threshold0.25_time": 1.1907150745391846, "Z_threshold0.3_of": 32061.84974368125, "Z_threshold0.3_time": 1.3407423496246338, "Z_threshold0.35_of": 31803.103336308053, "Z_threshold0.35_time": 1.223343849182129, "Z_threshold0.4_of": 31330.58099598414, "Z_threshold0.4_time": 1.1838817596435547, "Z_threshold0.45_of": 31052.241604373517, "Z_threshold0.45_time": 1.2002010345458984, "Z_threshold0.5_of": 30877.902146451255, "Z_threshold0.5_time": 1.2120246887207031}