{"name": "E_1300_343_16398.749.json", "BaldoML_of": 47579.42208287418, "BaldoML_time": 3.2745888233184814, "BaldoGA_of": 45616.36707318598, "BaldoGA_time": 6.569139242172241, "Solver_of": 48443.87949186861, "Solver_time": 12.339524030685425, "Z_threshold0.05_of": 48374.44748286426, "Z_threshold0.05_time": 6.40438437461853, "Z_threshold0.1_of": 48187.656893433006, "Z_threshold0.1_time": 5.048105478286743, "Z_threshold0.15_of": 48052.81317534839, "Z_threshold0.15_time": 3.6354196071624756, "Z_threshold0.2_of": 47779.48203156266, "Z_threshold0.2_time": 2.941051959991455, "Z_threshold0.25_of": 47498.798004230106, "Z_threshold0.25_time": 1.9600024223327637, "Z_threshold0.3_of": 46988.37394644028, "Z_threshold0.3_time": 0.646719217300415, "Z_threshold0.35_of": 46421.766141975, "Z_threshold0.35_time": 0.7717304229736328, "Z_threshold0.4_of": 45822.01302775928, "Z_threshold0.4_time": 0.6361939907073975, "Z_threshold0.45_of": 45657.93884644243, "Z_threshold0.45_time": 0.6396749019622803, "Z_threshold0.5_of": 45448.704293070354, "Z_threshold0.5_time": 0.6334843635559082}