{"name": "E_1300_521_16946.895.json", "BaldoML_of": 43010.01527871094, "BaldoML_time": 1.2583513259887695, "BaldoGA_of": 42449.15383520606, "BaldoGA_time": 8.927011966705322, "Solver_of": 44094.31415042761, "Solver_time": 30.761729955673218, "Z_threshold0.05_of": 44027.34586776581, "Z_threshold0.05_time": 15.57687258720398, "Z_threshold0.1_of": 43820.33507879683, "Z_threshold0.1_time": 3.7271716594696045, "Z_threshold0.15_of": 43594.967519051075, "Z_threshold0.15_time": 2.0447328090667725, "Z_threshold0.2_of": 43478.6943229508, "Z_threshold0.2_time": 1.0979464054107666, "Z_threshold0.25_of": 43306.449587976414, "Z_threshold0.25_time": 0.815044641494751, "Z_threshold0.3_of": 42896.12808549638, "Z_threshold0.3_time": 0.6265764236450195, "Z_threshold0.35_of": 42257.24685433954, "Z_threshold0.35_time": 0.6270172595977783, "Z_threshold0.4_of": 42101.4123321815, "Z_threshold0.4_time": 0.6553909778594971, "Z_threshold0.45_of": 41462.01971024766, "Z_threshold0.45_time": 0.6302313804626465, "Z_threshold0.5_of": 41201.93763306734, "Z_threshold0.5_time": 0.6369256973266602}