{"name": "E_1300_527_11122.798.json", "BaldoML_of": 36779.63659162552, "BaldoML_time": 2.039947032928467, "BaldoGA_of": 36045.42415762624, "BaldoGA_time": 8.38819169998169, "Solver_of": 37315.79241849383, "Solver_time": 18.418962955474854, "Z_threshold0.05_of": 36762.42977838534, "Z_threshold0.05_time": 3.5531210899353027, "Z_threshold0.1_of": 36370.665023820235, "Z_threshold0.1_time": 0.7404322624206543, "Z_threshold0.15_of": 35362.309895132035, "Z_threshold0.15_time": 0.6360559463500977, "Z_threshold0.2_of": 34619.109523369436, "Z_threshold0.2_time": 0.6403977870941162, "Z_threshold0.25_of": 34159.90188408745, "Z_threshold0.25_time": 0.7934503555297852, "Z_threshold0.3_of": 34024.69028140547, "Z_threshold0.3_time": 0.6254732608795166, "Z_threshold0.35_of": 34024.69028140547, "Z_threshold0.35_time": 0.6207540035247803, "Z_threshold0.4_of": 33948.975252951706, "Z_threshold0.4_time": 0.6189892292022705, "Z_threshold0.45_of": 33919.71021586651, "Z_threshold0.45_time": 0.6157128810882568, "Z_threshold0.5_of": 33900.02001785789, "Z_threshold0.5_time": 0.6201107501983643}