{"name": "E_1300_644_17101.196.json", "BaldoML_of": 42916.69340083006, "BaldoML_time": 1.459789514541626, "BaldoGA_of": 42524.28662280986, "BaldoGA_time": 9.806830167770386, "Solver_of": 44065.591744185775, "Solver_time": 32.393465518951416, "Z_threshold0.05_of": 43642.3058110906, "Z_threshold0.05_time": 7.298778772354126, "Z_threshold0.1_of": 43141.214534808125, "Z_threshold0.1_time": 0.7835338115692139, "Z_threshold0.15_of": 42546.88995352579, "Z_threshold0.15_time": 0.6315388679504395, "Z_threshold0.2_of": 42243.22863447176, "Z_threshold0.2_time": 0.6310007572174072, "Z_threshold0.25_of": 41942.124181688116, "Z_threshold0.25_time": 0.6266918182373047, "Z_threshold0.3_of": 41876.55229165069, "Z_threshold0.3_time": 0.6241328716278076, "Z_threshold0.35_of": 41869.215190661445, "Z_threshold0.35_time": 0.650752067565918, "Z_threshold0.4_of": 41776.65063234626, "Z_threshold0.4_time": 0.6247570514678955, "Z_threshold0.45_of": 41734.63433286395, "Z_threshold0.45_time": 0.6212799549102783, "Z_threshold0.5_of": 41684.44561523266, "Z_threshold0.5_time": 0.6260116100311279}