{"name": "E_1300_452_16957.959.json", "BaldoML_of": 43860.53750306837, "BaldoML_time": 2.3867881298065186, "BaldoGA_of": 42318.227913165996, "BaldoGA_time": 8.383644580841064, "Solver_of": 44744.02640788952, "Solver_time": 16.744429349899292, "Z_threshold0.05_of": 44679.0180674822, "Z_threshold0.05_time": 6.415524959564209, "Z_threshold0.1_of": 44357.29994860047, "Z_threshold0.1_time": 5.9426491260528564, "Z_threshold0.15_of": 43818.42031552804, "Z_threshold0.15_time": 4.135380983352661, "Z_threshold0.2_of": 43459.56377165636, "Z_threshold0.2_time": 2.1734542846679688}