{"name": "E_1300_572_8442.998.json", "BaldoML_of": 31581.362386346642, "BaldoML_time": 3.600552797317505, "BaldoGA_of": 30651.67459074842, "BaldoGA_time": 7.955528974533081, "Solver_of": 31581.362386346642, "Solver_time": 7.962250709533691, "Z_threshold0.05_of": 30313.33325740534, "Z_threshold0.05_time": 1.1614062786102295, "Z_threshold0.1_of": 30173.26391515185, "Z_threshold0.1_time": 1.1470730304718018, "Z_threshold0.15_of": 30173.26391515185, "Z_threshold0.15_time": 1.1904122829437256, "Z_threshold0.2_of": 30173.26391515185, "Z_threshold0.2_time": 1.1713526248931885, "Z_threshold0.25_of": 30173.26391515185, "Z_threshold0.25_time": 1.1571276187896729, "Z_threshold0.3_of": 30173.26391515185, "Z_threshold0.3_time": 1.146698236465454, "Z_threshold0.35_of": 30173.26391515185, "Z_threshold0.35_time": 1.1269631385803223, "Z_threshold0.4_of": 30173.26391515185, "Z_threshold0.4_time": 1.1335961818695068, "Z_threshold0.45_of": 30173.26391515185, "Z_threshold0.45_time": 1.1119890213012695, "Z_threshold0.5_of": 30173.26391515185, "Z_threshold0.5_time": 1.144874095916748}