{"name": "E_1300_558_16656.881.json", "BaldoML_of": 42787.14910449652, "BaldoML_time": 1.1984202861785889, "BaldoGA_of": 41987.49547192348, "BaldoGA_time": 10.064797401428223, "Solver_of": 44110.3712875616, "Solver_time": 39.79322099685669, "Z_threshold0.05_of": 43823.22137100775, "Z_threshold0.05_time": 8.692883491516113, "Z_threshold0.1_of": 43521.12388567606, "Z_threshold0.1_time": 2.579301357269287, "Z_threshold0.15_of": 43368.50340137899, "Z_threshold0.15_time": 1.0045371055603027, "Z_threshold0.2_of": 43224.158944840805, "Z_threshold0.2_time": 0.7356429100036621, "Z_threshold0.25_of": 42605.96820448977, "Z_threshold0.25_time": 0.6252200603485107, "Z_threshold0.3_of": 42170.02062787346, "Z_threshold0.3_time": 0.6200385093688965, "Z_threshold0.35_of": 41690.46334966641, "Z_threshold0.35_time": 0.6320993900299072, "Z_threshold0.4_of": 41508.764237736104, "Z_threshold0.4_time": 0.6733689308166504, "Z_threshold0.45_of": 41328.80923839739, "Z_threshold0.45_time": 0.6248674392700195, "Z_threshold0.5_of": 41235.094933153654, "Z_threshold0.5_time": 0.6233444213867188}