{"name": "E_1300_272_8213.387.json", "BaldoML_of": 33889.93724772528, "BaldoML_time": 3.9867868423461914, "BaldoGA_of": 32442.11445488184, "BaldoGA_time": 5.6240057945251465, "Solver_of": 34082.17202269434, "Solver_time": 7.920181035995483, "Z_threshold0.05_of": 34050.75003244107, "Z_threshold0.05_time": 3.727578639984131, "Z_threshold0.1_of": 33852.12421593987, "Z_threshold0.1_time": 3.037109851837158, "Z_threshold0.15_of": 33605.60842447977, "Z_threshold0.15_time": 2.537276268005371, "Z_threshold0.2_of": 33050.24552265737, "Z_threshold0.2_time": 1.6084613800048828, "Z_threshold0.25_of": 31877.591556605228, "Z_threshold0.25_time": 1.1939988136291504}