{"name": "E_1300_601_11291.95.json", "BaldoML_of": 35295.28592169635, "BaldoML_time": 0.6008639335632324, "BaldoGA_of": 34558.553638994184, "BaldoGA_time": 9.30690884590149, "Solver_of": 35730.15917207927, "Solver_time": 10.241698265075684, "Z_threshold0.05_of": 34794.90045327489, "Z_threshold0.05_time": 1.4735422134399414, "Z_threshold0.1_of": 33418.49237793234, "Z_threshold0.1_time": 1.3230063915252686, "Z_threshold0.15_of": 33171.302116120176, "Z_threshold0.15_time": 1.230456829071045, "Z_threshold0.2_of": 33081.63683485424, "Z_threshold0.2_time": 1.2330272197723389, "Z_threshold0.25_of": 33051.32206997313, "Z_threshold0.25_time": 1.2954988479614258}