{"name": "E_1300_268_16378.53.json", "BaldoML_of": 49218.94920170238, "BaldoML_time": 4.8340747356414795, "BaldoGA_of": 47746.46656859375, "BaldoGA_time": 8.755508184432983, "Solver_of": 49810.070742854885, "Solver_time": 20.53763246536255, "Z_threshold0.05_of": 49722.775630385666, "Z_threshold0.05_time": 5.867815971374512, "Z_threshold0.1_of": 49660.27132889886, "Z_threshold0.1_time": 7.658714056015015, "Z_threshold0.15_of": 49378.593849313045, "Z_threshold0.15_time": 6.590808391571045, "Z_threshold0.2_of": 49021.11139928389, "Z_threshold0.2_time": 4.220630168914795}