{"name": "E_1300_639_11121.699.json", "BaldoML_of": 35255.382788925235, "BaldoML_time": 1.0066967010498047, "BaldoGA_of": 34564.84779329233, "BaldoGA_time": 10.111119031906128, "Solver_of": 35784.82951731596, "Solver_time": 16.623085737228394, "Z_threshold0.05_of": 34090.712749469516, "Z_threshold0.05_time": 1.2964625358581543, "Z_threshold0.1_of": 33367.15276486525, "Z_threshold0.1_time": 1.3618853092193604, "Z_threshold0.15_of": 33367.15276486525, "Z_threshold0.15_time": 1.2832348346710205, "Z_threshold0.2_of": 33367.15276486525, "Z_threshold0.2_time": 1.2776081562042236}