{"name": "E_1300_343_16398.749.json", "BaldoML_of": 48441.99988517568, "BaldoML_time": 19.96084189414978, "BaldoGA_of": 45616.36707318598, "BaldoGA_time": 6.569139242172241, "Solver_of": 48443.87949186861, "Solver_time": 12.339524030685425, "Z_threshold0.05_of": 48364.59377064399, "Z_threshold0.05_time": 10.164085149765015, "Z_threshold0.1_of": 48171.8190778215, "Z_threshold0.1_time": 5.151886701583862, "Z_threshold0.15_of": 48055.72955283554, "Z_threshold0.15_time": 4.155803203582764, "Z_threshold0.2_of": 47841.9326124138, "Z_threshold0.2_time": 4.029944658279419, "Z_threshold0.25_of": 47616.41251756631, "Z_threshold0.25_time": 2.600175142288208, "Z_threshold0.3_of": 47283.477105130965, "Z_threshold0.3_time": 1.42317795753479, "Z_threshold0.35_of": 46821.77612893175, "Z_threshold0.35_time": 1.3208510875701904, "Z_threshold0.4_of": 46009.1818600348, "Z_threshold0.4_time": 1.307875394821167, "Z_threshold0.45_of": 45753.95274474008, "Z_threshold0.45_time": 1.2685284614562988, "Z_threshold0.5_of": 45544.52867699118, "Z_threshold0.5_time": 1.244413137435913}