{"name": "E_1300_391_10996.778.json", "BaldoML_of": 38472.952906759056, "BaldoML_time": 2.949354648590088, "BaldoGA_of": 37037.1304332345, "BaldoGA_time": 6.79645037651062, "Solver_of": 38867.271713159, "Solver_time": 12.918594360351562, "Z_threshold0.05_of": 38762.39206397389, "Z_threshold0.05_time": 4.208151578903198, "Z_threshold0.1_of": 38374.00046993131, "Z_threshold0.1_time": 2.4739832878112793, "Z_threshold0.15_of": 37947.549592678464, "Z_threshold0.15_time": 1.9573349952697754, "Z_threshold0.2_of": 37274.13737275787, "Z_threshold0.2_time": 1.3125088214874268, "Z_threshold0.25_of": 36577.84766498922, "Z_threshold0.25_time": 1.2403626441955566}