{"name": "E_1300_769_8269.581.json", "BaldoML_of": 31407.869949116037, "BaldoML_time": 1.47654128074646, "BaldoGA_of": 30571.96025886668, "BaldoGA_time": 3.103713035583496, "Solver_of": 31407.869949116037, "Solver_time": 1.7615926265716553, "Z_threshold0.05_of": 30858.212046281253, "Z_threshold0.05_time": 1.3017926216125488, "Z_threshold0.1_of": 30858.212046281253, "Z_threshold0.1_time": 1.3944091796875, "Z_threshold0.15_of": 30858.212046281253, "Z_threshold0.15_time": 1.3658137321472168, "Z_threshold0.2_of": 30858.212046281253, "Z_threshold0.2_time": 1.3809802532196045, "Z_threshold0.25_of": 30858.212046281253, "Z_threshold0.25_time": 1.3140316009521484, "Z_threshold0.3_of": 30858.212046281253, "Z_threshold0.3_time": 1.3023548126220703, "Z_threshold0.35_of": 30858.212046281253, "Z_threshold0.35_time": 1.3855400085449219, "Z_threshold0.4_of": 30858.212046281253, "Z_threshold0.4_time": 1.355454444885254, "Z_threshold0.45_of": 30858.212046281253, "Z_threshold0.45_time": 1.3951547145843506, "Z_threshold0.5_of": 30858.212046281253, "Z_threshold0.5_time": 1.3670289516448975}