{"name": "E_1300_315_16598.243.json", "BaldoML_of": 46964.11782755117, "BaldoML_time": 3.522125720977783, "BaldoGA_of": 45018.95855812396, "BaldoGA_time": 8.190890312194824, "Solver_of": 47693.99541049657, "Solver_time": 23.06335425376892, "Z_threshold0.05_of": 47530.961110274795, "Z_threshold0.05_time": 6.34513783454895, "Z_threshold0.1_of": 47527.10811044864, "Z_threshold0.1_time": 7.84868049621582, "Z_threshold0.15_of": 47323.08795739945, "Z_threshold0.15_time": 4.987385272979736, "Z_threshold0.2_of": 47025.27949523479, "Z_threshold0.2_time": 2.7775609493255615, "Z_threshold0.25_of": 46849.8850688641, "Z_threshold0.25_time": 2.112945795059204, "Z_threshold0.3_of": 46667.37722061092, "Z_threshold0.3_time": 1.0962939262390137, "Z_threshold0.35_of": 46346.3807315006, "Z_threshold0.35_time": 0.6445679664611816, "Z_threshold0.4_of": 45608.49118363322, "Z_threshold0.4_time": 0.6373426914215088, "Z_threshold0.45_of": 45205.56859172059, "Z_threshold0.45_time": 0.6543416976928711, "Z_threshold0.5_of": 44873.47561573246, "Z_threshold0.5_time": 0.6579463481903076}