{"name": "E_1300_452_16957.959.json", "BaldoML_of": 43860.53750306837, "BaldoML_time": 2.3867881298065186, "BaldoGA_of": 42318.227913165996, "BaldoGA_time": 8.383644580841064, "Solver_of": 44744.02640788952, "Solver_time": 16.744429349899292, "Z_threshold0.05_of": 44679.8390385431, "Z_threshold0.05_time": 4.694659471511841, "Z_threshold0.1_of": 44334.16196323367, "Z_threshold0.1_time": 4.793832540512085, "Z_threshold0.15_of": 43818.42031552809, "Z_threshold0.15_time": 4.052444934844971, "Z_threshold0.2_of": 43459.56377165636, "Z_threshold0.2_time": 2.1350693702697754, "Z_threshold0.25_of": 43249.617019358906, "Z_threshold0.25_time": 1.4775221347808838}