{"name": "E_1300_458_11263.981.json", "BaldoML_of": 35602.04589652456, "BaldoML_time": 2.5967352390289307, "BaldoGA_of": 34761.24394128876, "BaldoGA_time": 6.894161939620972, "Solver_of": 36116.47495064612, "Solver_time": 21.48626732826233, "Z_threshold0.05_of": 35970.36347671564, "Z_threshold0.05_time": 7.003686189651489, "Z_threshold0.1_of": 35730.48525792414, "Z_threshold0.1_time": 2.873875617980957, "Z_threshold0.15_of": 35304.09482007241, "Z_threshold0.15_time": 2.252575159072876, "Z_threshold0.2_of": 35085.479427682054, "Z_threshold0.2_time": 1.6688368320465088, "Z_threshold0.25_of": 34438.31458306257, "Z_threshold0.25_time": 1.207043170928955}