{"name": "E_1300_702_8231.148.json", "BaldoML_of": 33175.149037310235, "BaldoML_time": 0.8297348022460938, "BaldoGA_of": 32801.762561438045, "BaldoGA_time": 3.1433093547821045, "Solver_of": 33604.286627973415, "Solver_time": 2.532317876815796, "Z_threshold0.05_of": 32811.01717697831, "Z_threshold0.05_time": 1.1989355087280273}