{"name": "E_1300_601_11291.95.json", "BaldoML_of": 35295.28592169635, "BaldoML_time": 0.6008639335632324, "BaldoGA_of": 34558.553638994184, "BaldoGA_time": 9.30690884590149, "Solver_of": 35730.15917207927, "Solver_time": 10.241698265075684, "Z_threshold0.05_of": 34794.90045327489, "Z_threshold0.05_time": 1.3113133907318115}