{"name": "E_1300_641_10907.192.json", "BaldoML_of": 36494.67101874467, "BaldoML_time": 0.8104674816131592, "BaldoGA_of": 35926.053706774575, "BaldoGA_time": 10.612785816192627, "Solver_of": 36928.34124056307, "Solver_time": 16.69313406944275, "Z_threshold0.05_of": 36188.80333261493, "Z_threshold0.05_time": 0.7631158828735352, "Z_threshold0.1_of": 35080.99636530755, "Z_threshold0.1_time": 0.644728422164917, "Z_threshold0.15_of": 34836.370901501046, "Z_threshold0.15_time": 0.6343646049499512, "Z_threshold0.2_of": 34812.28849804748, "Z_threshold0.2_time": 0.6310980319976807, "Z_threshold0.25_of": 34812.28849804748, "Z_threshold0.25_time": 0.6284041404724121, "Z_threshold0.3_of": 34812.28849804748, "Z_threshold0.3_time": 0.6228408813476562, "Z_threshold0.35_of": 34812.28849804748, "Z_threshold0.35_time": 0.6194565296173096, "Z_threshold0.4_of": 34812.28849804748, "Z_threshold0.4_time": 0.6280090808868408, "Z_threshold0.45_of": 34812.28849804748, "Z_threshold0.45_time": 0.6241180896759033, "Z_threshold0.5_of": 34812.28849804748, "Z_threshold0.5_time": 0.6245191097259521}