{"name": "E_1300_330_10800.414.json", "BaldoML_of": 37596.79152523405, "BaldoML_time": 49.87530827522278, "BaldoGA_of": 35649.86440600835, "BaldoGA_time": 5.511473178863525, "Solver_of": 37594.844005659834, "Solver_time": 22.693471908569336, "Z_threshold0.05_of": 37527.64886805265, "Z_threshold0.05_time": 5.018342733383179, "Z_threshold0.1_of": 37356.73504065489, "Z_threshold0.1_time": 5.908339500427246, "Z_threshold0.15_of": 37152.71873653141, "Z_threshold0.15_time": 3.855018377304077, "Z_threshold0.2_of": 37000.6964613456, "Z_threshold0.2_time": 2.9924156665802, "Z_threshold0.25_of": 36893.874090950456, "Z_threshold0.25_time": 2.881072521209717, "Z_threshold0.3_of": 36527.19978454159, "Z_threshold0.3_time": 1.3765668869018555, "Z_threshold0.35_of": 35982.60747261023, "Z_threshold0.35_time": 1.2622785568237305, "Z_threshold0.4_of": 35272.11637521533, "Z_threshold0.4_time": 1.2883350849151611, "Z_threshold0.45_of": 34678.658616720175, "Z_threshold0.45_time": 1.1428484916687012, "Z_threshold0.5_of": 34145.61331310972, "Z_threshold0.5_time": 1.1448640823364258}