{"name": "E_1300_740_11408.187.json", "BaldoML_of": 35624.30184182412, "BaldoML_time": 2.3792564868927, "BaldoGA_of": 34683.40017246478, "BaldoGA_time": 3.574585199356079, "Solver_of": 35626.25666581516, "Solver_time": 3.320552110671997, "Z_threshold0.05_of": 35110.710722948854, "Z_threshold0.05_time": 1.2200262546539307, "Z_threshold0.1_of": 35110.710722948854, "Z_threshold0.1_time": 1.2387001514434814, "Z_threshold0.15_of": 35110.710722948854, "Z_threshold0.15_time": 1.2850465774536133, "Z_threshold0.2_of": 35110.710722948854, "Z_threshold0.2_time": 1.280754566192627, "Z_threshold0.25_of": 35110.710722948854, "Z_threshold0.25_time": 1.259979486465454, "Z_threshold0.3_of": 35110.710722948854, "Z_threshold0.3_time": 1.2444250583648682, "Z_threshold0.35_of": 35110.710722948854, "Z_threshold0.35_time": 1.26533842086792, "Z_threshold0.4_of": 35110.710722948854, "Z_threshold0.4_time": 1.2501955032348633, "Z_threshold0.45_of": 35110.710722948854, "Z_threshold0.45_time": 1.2557635307312012, "Z_threshold0.5_of": 35110.710722948854, "Z_threshold0.5_time": 1.261120080947876}