{"name": "E_1300_393_8256.858.json", "BaldoML_of": 32293.171888877965, "BaldoML_time": 1.9105114936828613, "BaldoGA_of": 31577.01942889466, "BaldoGA_time": 6.031834363937378, "Solver_of": 32613.743921293284, "Solver_time": 23.446377277374268, "Z_threshold0.05_of": 32393.03354213741, "Z_threshold0.05_time": 4.1670238971710205, "Z_threshold0.1_of": 32093.17115785409, "Z_threshold0.1_time": 2.0847108364105225, "Z_threshold0.15_of": 31726.182989165547, "Z_threshold0.15_time": 1.52286958694458, "Z_threshold0.2_of": 30944.08305512043, "Z_threshold0.2_time": 1.3043882846832275}