{"name": "E_1300_460_16616.859.json", "BaldoML_of": 43311.80921663904, "BaldoML_time": 1.4268767833709717, "BaldoGA_of": 42510.8059647342, "BaldoGA_time": 8.013126611709595, "Solver_of": 44469.51988194224, "Solver_time": 39.47491955757141, "Z_threshold0.05_of": 44390.45913699205, "Z_threshold0.05_time": 9.070803165435791, "Z_threshold0.1_of": 44024.90018794202, "Z_threshold0.1_time": 8.80956506729126, "Z_threshold0.15_of": 43598.565831305415, "Z_threshold0.15_time": 3.1174464225769043, "Z_threshold0.2_of": 43300.754383206804, "Z_threshold0.2_time": 2.3940672874450684}