{"name": "E_1300_322_10868.802.json", "BaldoML_of": 39240.485205382465, "BaldoML_time": 3.8697986602783203, "BaldoGA_of": 38253.93855569574, "BaldoGA_time": 7.016436338424683, "Solver_of": 39592.23683561572, "Solver_time": 12.77189588546753, "Z_threshold0.05_of": 39466.22147229355, "Z_threshold0.05_time": 3.207361936569214, "Z_threshold0.1_of": 39382.790341690314, "Z_threshold0.1_time": 3.178149700164795, "Z_threshold0.15_of": 39210.429959960755, "Z_threshold0.15_time": 2.3388819694519043, "Z_threshold0.2_of": 38940.47479381442, "Z_threshold0.2_time": 1.3942210674285889, "Z_threshold0.25_of": 38449.981481779134, "Z_threshold0.25_time": 0.6795732975006104, "Z_threshold0.3_of": 38158.002227123325, "Z_threshold0.3_time": 0.6638054847717285, "Z_threshold0.35_of": 37763.31286798034, "Z_threshold0.35_time": 0.6605181694030762, "Z_threshold0.4_of": 37279.336984607224, "Z_threshold0.4_time": 0.6610512733459473, "Z_threshold0.45_of": 36885.10047321676, "Z_threshold0.45_time": 0.6520335674285889, "Z_threshold0.5_of": 36674.26455744268, "Z_threshold0.5_time": 0.6724812984466553}