{"name": "E_1300_674_16966.789.json", "BaldoML_of": 41859.74853740507, "BaldoML_time": 28.684009313583374, "BaldoGA_of": 40532.924756860324, "BaldoGA_time": 11.801323413848877, "Solver_of": 41859.74853740507, "Solver_time": 31.06306552886963, "Z_threshold0.05_of": 41335.470610537675, "Z_threshold0.05_time": 3.488358974456787, "Z_threshold0.1_of": 40980.46652759608, "Z_threshold0.1_time": 1.4291834831237793, "Z_threshold0.15_of": 40209.81739700752, "Z_threshold0.15_time": 1.2988483905792236, "Z_threshold0.2_of": 40035.96629496475, "Z_threshold0.2_time": 1.2511532306671143, "Z_threshold0.25_of": 39830.28007849267, "Z_threshold0.25_time": 1.3248980045318604, "Z_threshold0.3_of": 39777.90780340973, "Z_threshold0.3_time": 1.2651734352111816, "Z_threshold0.35_of": 39734.22438024846, "Z_threshold0.35_time": 1.242950439453125, "Z_threshold0.4_of": 39713.51909690545, "Z_threshold0.4_time": 1.2600212097167969, "Z_threshold0.45_of": 39691.02643314595, "Z_threshold0.45_time": 1.2375690937042236, "Z_threshold0.5_of": 39691.02643314595, "Z_threshold0.5_time": 1.2516953945159912}