{"name": "E_1300_585_16591.033.json", "BaldoML_of": 41784.411710600194, "BaldoML_time": 1.6268527507781982, "BaldoGA_of": 41284.37339071133, "BaldoGA_time": 8.515491008758545, "Solver_of": 43077.44709370585, "Solver_time": 19.010424613952637, "Z_threshold0.05_of": 42799.51235339795, "Z_threshold0.05_time": 10.187279224395752, "Z_threshold0.1_of": 42381.303624410546, "Z_threshold0.1_time": 3.159646511077881, "Z_threshold0.15_of": 42077.917915733415, "Z_threshold0.15_time": 0.7878913879394531, "Z_threshold0.2_of": 41908.31920201339, "Z_threshold0.2_time": 0.767869234085083, "Z_threshold0.25_of": 41341.45987008475, "Z_threshold0.25_time": 0.6586763858795166, "Z_threshold0.3_of": 40710.3207672045, "Z_threshold0.3_time": 0.6927945613861084, "Z_threshold0.35_of": 40502.13329061549, "Z_threshold0.35_time": 0.661684513092041, "Z_threshold0.4_of": 40245.9403259024, "Z_threshold0.4_time": 0.6491639614105225, "Z_threshold0.45_of": 40106.123113106376, "Z_threshold0.45_time": 0.6487278938293457, "Z_threshold0.5_of": 40054.01110652354, "Z_threshold0.5_time": 0.6505849361419678}