{"name": "E_1300_307_8402.958.json", "BaldoML_of": 32417.884368235478, "BaldoML_time": 2.991034984588623, "BaldoGA_of": 30983.462739708186, "BaldoGA_time": 5.892246961593628, "Solver_of": 32640.5458555965, "Solver_time": 21.462011337280273, "Z_threshold0.05_of": 32597.804552850524, "Z_threshold0.05_time": 5.6934614181518555, "Z_threshold0.1_of": 32396.76855576822, "Z_threshold0.1_time": 2.638066291809082, "Z_threshold0.15_of": 31877.174279018647, "Z_threshold0.15_time": 1.7261326313018799, "Z_threshold0.2_of": 31379.369062266378, "Z_threshold0.2_time": 1.4044430255889893, "Z_threshold0.25_of": 30751.690991776446, "Z_threshold0.25_time": 1.193460464477539}