{"name": "E_1300_450_8174.479.json", "BaldoML_of": 32236.621668647924, "BaldoML_time": 2.5975863933563232, "BaldoGA_of": 31580.39266067585, "BaldoGA_time": 5.44597315788269, "Solver_of": 32514.55625469064, "Solver_time": 14.623166561126709, "Z_threshold0.05_of": 32198.294623080285, "Z_threshold0.05_time": 2.3991482257843018}