{"name": "E_1300_313_8570.498.json", "BaldoML_of": 33167.94160827042, "BaldoML_time": 2.6493635177612305, "BaldoGA_of": 32006.32878818704, "BaldoGA_time": 5.719344854354858, "Solver_of": 33274.452707839584, "Solver_time": 6.963048219680786, "Z_threshold0.05_of": 33245.36357430215, "Z_threshold0.05_time": 4.165270090103149, "Z_threshold0.1_of": 33104.817359968016, "Z_threshold0.1_time": 1.7963659763336182, "Z_threshold0.15_of": 32865.668819035425, "Z_threshold0.15_time": 1.2198903560638428, "Z_threshold0.2_of": 32307.931440351666, "Z_threshold0.2_time": 0.5835134983062744, "Z_threshold0.25_of": 31917.16275937414, "Z_threshold0.25_time": 0.5704014301300049, "Z_threshold0.3_of": 31480.708470175472, "Z_threshold0.3_time": 0.5760602951049805, "Z_threshold0.35_of": 31172.471709256435, "Z_threshold0.35_time": 0.570591926574707, "Z_threshold0.4_of": 30800.560795423826, "Z_threshold0.4_time": 0.5706830024719238, "Z_threshold0.45_of": 30541.54298174843, "Z_threshold0.45_time": 0.5742239952087402, "Z_threshold0.5_of": 30334.095846681153, "Z_threshold0.5_time": 0.5928144454956055}