{"name": "E_1300_774_8325.543.json", "BaldoML_of": 30902.223213885994, "BaldoML_time": 1.6771337985992432, "BaldoGA_of": 30089.10530450555, "BaldoGA_time": 2.6747426986694336, "Solver_of": 30902.223213885994, "Solver_time": 1.244570255279541, "Z_threshold0.05_of": 30342.57730653768, "Z_threshold0.05_time": 1.219316005706787, "Z_threshold0.1_of": 30342.57730653768, "Z_threshold0.1_time": 1.2227835655212402, "Z_threshold0.15_of": 30342.57730653768, "Z_threshold0.15_time": 1.2256724834442139, "Z_threshold0.2_of": 30342.57730653768, "Z_threshold0.2_time": 1.2143099308013916, "Z_threshold0.25_of": 30342.57730653768, "Z_threshold0.25_time": 1.2141664028167725, "Z_threshold0.3_of": 30342.57730653768, "Z_threshold0.3_time": 1.2017202377319336, "Z_threshold0.35_of": 30342.57730653768, "Z_threshold0.35_time": 1.1943321228027344, "Z_threshold0.4_of": 30342.57730653768, "Z_threshold0.4_time": 1.2681341171264648, "Z_threshold0.45_of": 30342.57730653768, "Z_threshold0.45_time": 1.2714831829071045, "Z_threshold0.5_of": 30342.57730653768, "Z_threshold0.5_time": 1.2485487461090088}