{"name": "E_1300_779_11012.706.json", "BaldoML_of": 37146.84486854809, "BaldoML_time": 0.5668125152587891, "BaldoGA_of": 36875.56011175275, "BaldoGA_time": 4.188028335571289, "Solver_of": 37520.41281143023, "Solver_time": 2.9365220069885254, "Z_threshold0.05_of": 36884.004760751435, "Z_threshold0.05_time": 1.3191304206848145, "Z_threshold0.1_of": 36884.004760751435, "Z_threshold0.1_time": 1.3132317066192627, "Z_threshold0.15_of": 36884.004760751435, "Z_threshold0.15_time": 1.3227787017822266, "Z_threshold0.2_of": 36884.004760751435, "Z_threshold0.2_time": 1.3157615661621094}