{"name": "E_1300_627_16560.994.json", "BaldoML_of": 44777.113530758885, "BaldoML_time": 1.638213872909546, "BaldoGA_of": 44165.950794722135, "BaldoGA_time": 9.31063199043274, "Solver_of": 45593.98645875667, "Solver_time": 24.860518217086792, "Z_threshold0.05_of": 45253.94873969047, "Z_threshold0.05_time": 7.971790552139282, "Z_threshold0.1_of": 44753.94757062637, "Z_threshold0.1_time": 0.8934667110443115, "Z_threshold0.15_of": 44146.79918901602, "Z_threshold0.15_time": 0.8179664611816406, "Z_threshold0.2_of": 43898.32434613282, "Z_threshold0.2_time": 0.6988990306854248, "Z_threshold0.25_of": 43655.48183982605, "Z_threshold0.25_time": 0.6871078014373779, "Z_threshold0.3_of": 43635.22306993036, "Z_threshold0.3_time": 0.683783769607544, "Z_threshold0.35_of": 43603.42569613466, "Z_threshold0.35_time": 0.691117525100708, "Z_threshold0.4_of": 43477.33438647043, "Z_threshold0.4_time": 0.6830041408538818, "Z_threshold0.45_of": 43384.31602729678, "Z_threshold0.45_time": 0.6872954368591309, "Z_threshold0.5_of": 43366.76655725273, "Z_threshold0.5_time": 0.680046796798706}