{"name": "E_1300_568_11199.854.json", "BaldoML_of": 36038.2155155305, "BaldoML_time": 1.5635857582092285, "BaldoGA_of": 35376.14837027313, "BaldoGA_time": 8.20291519165039, "Solver_of": 36791.97742497384, "Solver_time": 30.47900152206421, "Z_threshold0.05_of": 36188.471490119286, "Z_threshold0.05_time": 4.2664878368377686, "Z_threshold0.1_of": 34691.13363755941, "Z_threshold0.1_time": 1.2587554454803467, "Z_threshold0.15_of": 33945.99360943481, "Z_threshold0.15_time": 1.2485849857330322, "Z_threshold0.2_of": 33945.99360943481, "Z_threshold0.2_time": 1.327998161315918, "Z_threshold0.25_of": 33765.28787166774, "Z_threshold0.25_time": 1.2540867328643799}