{"name": "E_1300_415_10796.825.json", "BaldoML_of": 38199.256472635185, "BaldoML_time": 1.945281744003296, "BaldoGA_of": 37352.70619199625, "BaldoGA_time": 7.359928131103516, "Solver_of": 38754.80203350647, "Solver_time": 25.101715803146362, "Z_threshold0.05_of": 38587.75714273629, "Z_threshold0.05_time": 10.612589359283447, "Z_threshold0.1_of": 38092.5093101145, "Z_threshold0.1_time": 2.403301954269409, "Z_threshold0.15_of": 37599.00096446241, "Z_threshold0.15_time": 1.939805030822754, "Z_threshold0.2_of": 37357.54881644849, "Z_threshold0.2_time": 1.288708209991455, "Z_threshold0.25_of": 36854.395706344265, "Z_threshold0.25_time": 1.276282787322998}