{"name": "E_1300_280_10874.969.json", "BaldoML_of": 38526.83055620766, "BaldoML_time": 3.943150758743286, "BaldoGA_of": 37241.511908861496, "BaldoGA_time": 6.336116313934326, "Solver_of": 39051.581566813984, "Solver_time": 12.482844829559326, "Z_threshold0.05_of": 38911.48402273503, "Z_threshold0.05_time": 5.070478439331055, "Z_threshold0.1_of": 38712.98680131497, "Z_threshold0.1_time": 4.544714450836182, "Z_threshold0.15_of": 38368.85147780481, "Z_threshold0.15_time": 3.4738271236419678, "Z_threshold0.2_of": 38047.56995981684, "Z_threshold0.2_time": 2.2300314903259277, "Z_threshold0.25_of": 37675.15399868112, "Z_threshold0.25_time": 1.322998046875}