{"name": "E_1300_472_8360.099.json", "BaldoML_of": 32161.661068201247, "BaldoML_time": 29.90529155731201, "BaldoGA_of": 31275.562329926353, "BaldoGA_time": 7.0170674324035645, "Solver_of": 32177.02082559516, "Solver_time": 26.358559370040894, "Z_threshold0.05_of": 31805.698978159246, "Z_threshold0.05_time": 2.3922929763793945, "Z_threshold0.1_of": 30608.539548361412, "Z_threshold0.1_time": 1.4164307117462158, "Z_threshold0.15_of": 30298.15242444915, "Z_threshold0.15_time": 1.2568128108978271, "Z_threshold0.2_of": 30163.13901165029, "Z_threshold0.2_time": 1.247455358505249, "Z_threshold0.25_of": 30163.13901165029, "Z_threshold0.25_time": 1.3365013599395752, "Z_threshold0.3_of": 30163.13901165029, "Z_threshold0.3_time": 1.2361552715301514, "Z_threshold0.35_of": 30163.13901165029, "Z_threshold0.35_time": 1.2357850074768066, "Z_threshold0.4_of": 30163.13901165029, "Z_threshold0.4_time": 1.284299612045288, "Z_threshold0.45_of": 30163.13901165029, "Z_threshold0.45_time": 1.221388578414917, "Z_threshold0.5_of": 30163.13901165029, "Z_threshold0.5_time": 1.2336969375610352}