{"name": "E_1300_644_17101.196.json", "BaldoML_of": 42916.69340083006, "BaldoML_time": 1.459789514541626, "BaldoGA_of": 42524.28662280986, "BaldoGA_time": 9.806830167770386, "Solver_of": 44065.591744185775, "Solver_time": 32.393465518951416, "Z_threshold0.05_of": 43712.32592125902, "Z_threshold0.05_time": 9.167214155197144}