{"name": "E_1300_552_8287.127.json", "BaldoML_of": 32365.25900488281, "BaldoML_time": 1.14381742477417, "BaldoGA_of": 31953.981631760467, "BaldoGA_time": 7.863851070404053, "Solver_of": 32779.259162415365, "Solver_time": 3.6481516361236572, "Z_threshold0.05_of": 31503.41450348198, "Z_threshold0.05_time": 0.6404993534088135, "Z_threshold0.1_of": 31034.275991540177, "Z_threshold0.1_time": 0.6260476112365723, "Z_threshold0.15_of": 31005.068557560906, "Z_threshold0.15_time": 0.7597651481628418, "Z_threshold0.2_of": 31005.068557560906, "Z_threshold0.2_time": 0.6231753826141357, "Z_threshold0.25_of": 31005.068557560906, "Z_threshold0.25_time": 0.6323010921478271, "Z_threshold0.3_of": 31005.068557560906, "Z_threshold0.3_time": 0.6428899765014648, "Z_threshold0.35_of": 31005.068557560906, "Z_threshold0.35_time": 0.6336276531219482, "Z_threshold0.4_of": 31005.068557560906, "Z_threshold0.4_time": 0.6084678173065186, "Z_threshold0.45_of": 31005.068557560906, "Z_threshold0.45_time": 0.5790607929229736, "Z_threshold0.5_of": 31005.068557560906, "Z_threshold0.5_time": 0.5665245056152344}