{"name": "E_1300_728_8474.421.json", "BaldoML_of": 30254.55726583668, "BaldoML_time": 0.9411120414733887, "BaldoGA_of": 29787.576471712367, "BaldoGA_time": 2.690114736557007, "Solver_of": 30645.128695853222, "Solver_time": 2.7213332653045654, "Z_threshold0.05_of": 29787.576471712393, "Z_threshold0.05_time": 1.0991299152374268}