{"name": "E_1300_774_8325.543.json", "BaldoML_of": 30614.015300450938, "BaldoML_time": 0.6703431606292725, "BaldoGA_of": 30089.10530450555, "BaldoGA_time": 2.6747426986694336, "Solver_of": 30902.223213885994, "Solver_time": 1.244570255279541, "Z_threshold0.05_of": 30102.286315485053, "Z_threshold0.05_time": 1.290414571762085, "Z_threshold0.1_of": 30102.286315485053, "Z_threshold0.1_time": 1.193610429763794, "Z_threshold0.15_of": 30102.286315485053, "Z_threshold0.15_time": 1.2135756015777588, "Z_threshold0.2_of": 30102.286315485053, "Z_threshold0.2_time": 1.2062811851501465}