{"name": "E_1300_376_8175.839.json", "BaldoML_of": 32518.24376428937, "BaldoML_time": 4.139301776885986, "BaldoGA_of": 31563.188686839378, "BaldoGA_time": 5.378208160400391, "Solver_of": 32920.16288076839, "Solver_time": 13.880196571350098, "Z_threshold0.05_of": 32769.882502475986, "Z_threshold0.05_time": 3.802391767501831}