{"name": "E_1300_448_8195.163.json", "BaldoML_of": 32214.38892318047, "BaldoML_time": 3.5135338306427, "BaldoGA_of": 31308.874650857764, "BaldoGA_time": 6.118203401565552, "Solver_of": 32540.830415185876, "Solver_time": 22.28715419769287, "Z_threshold0.05_of": 32258.989074659698, "Z_threshold0.05_time": 4.606227159500122}