{"name": "E_1300_433_8301.208.json", "BaldoML_of": 30173.810555111704, "BaldoML_time": 1.874748706817627, "BaldoGA_of": 29443.099485764174, "BaldoGA_time": 5.533857107162476, "Solver_of": 30475.015104200855, "Solver_time": 27.780205488204956, "Z_threshold0.05_of": 30332.49706898397, "Z_threshold0.05_time": 7.083277463912964}