{"name": "E_1300_595_11018.932.json", "BaldoML_of": 36048.009295080505, "BaldoML_time": 0.7773857116699219, "BaldoGA_of": 35534.483229667705, "BaldoGA_time": 9.496925592422485, "Solver_of": 36587.141351828715, "Solver_time": 12.508654117584229, "Z_threshold0.05_of": 35783.49997115441, "Z_threshold0.05_time": 0.7370829582214355, "Z_threshold0.1_of": 34740.0880674995, "Z_threshold0.1_time": 0.6247501373291016, "Z_threshold0.15_of": 34338.20078864382, "Z_threshold0.15_time": 0.6250026226043701, "Z_threshold0.2_of": 34185.89802858656, "Z_threshold0.2_time": 0.6228973865509033, "Z_threshold0.25_of": 34158.29444355177, "Z_threshold0.25_time": 0.6272118091583252, "Z_threshold0.3_of": 34158.29444355177, "Z_threshold0.3_time": 0.6259958744049072, "Z_threshold0.35_of": 34158.29444355177, "Z_threshold0.35_time": 0.6357307434082031, "Z_threshold0.4_of": 34158.29444355177, "Z_threshold0.4_time": 0.6256718635559082, "Z_threshold0.45_of": 34158.29444355177, "Z_threshold0.45_time": 0.6244335174560547, "Z_threshold0.5_of": 34158.29444355177, "Z_threshold0.5_time": 0.6282947063446045}