{"name": "E_1300_472_8360.099.json", "BaldoML_of": 31867.768977132768, "BaldoML_time": 2.571484088897705, "BaldoGA_of": 31275.562329926353, "BaldoGA_time": 7.0170674324035645, "Solver_of": 32177.02082559516, "Solver_time": 26.358559370040894, "Z_threshold0.05_of": 31699.70195106482, "Z_threshold0.05_time": 2.1179213523864746, "Z_threshold0.1_of": 30570.58800880167, "Z_threshold0.1_time": 1.2340869903564453, "Z_threshold0.15_of": 30037.1793327029, "Z_threshold0.15_time": 1.21527099609375, "Z_threshold0.2_of": 29956.551782859497, "Z_threshold0.2_time": 1.2360937595367432, "Z_threshold0.25_of": 29956.551782859497, "Z_threshold0.25_time": 1.236879825592041}