{"name": "E_1300_421_10819.181.json", "BaldoML_of": 37026.24611175821, "BaldoML_time": 2.330246686935425, "BaldoGA_of": 36204.12697709096, "BaldoGA_time": 6.551025390625, "Solver_of": 37440.48126034417, "Solver_time": 15.122925996780396, "Z_threshold0.05_of": 37361.5621171852, "Z_threshold0.05_time": 4.27544093132019}