{"name": "E_1300_763_8204.221.json", "BaldoML_of": 31927.63281750031, "BaldoML_time": 0.6106629371643066, "BaldoGA_of": 31559.124071453374, "BaldoGA_time": 3.1174869537353516, "Solver_of": 32318.23090204902, "Solver_time": 1.3422942161560059, "Z_threshold0.05_of": 31582.76973718941, "Z_threshold0.05_time": 1.367180347442627, "Z_threshold0.1_of": 31529.245884417873, "Z_threshold0.1_time": 1.154029130935669, "Z_threshold0.15_of": 31529.245884417873, "Z_threshold0.15_time": 1.2291626930236816, "Z_threshold0.2_of": 31529.245884417873, "Z_threshold0.2_time": 1.1629829406738281, "Z_threshold0.25_of": 31529.245884417873, "Z_threshold0.25_time": 1.1674253940582275}