{"name": "E_1300_448_8195.163.json", "BaldoML_of": 32542.681406943797, "BaldoML_time": 12.369717836380005, "BaldoGA_of": 31308.874650857764, "BaldoGA_time": 6.118203401565552, "Solver_of": 32540.830415185876, "Solver_time": 22.28715419769287, "Z_threshold0.05_of": 32237.996997106322, "Z_threshold0.05_time": 4.4832470417022705, "Z_threshold0.1_of": 31857.84985269643, "Z_threshold0.1_time": 1.608461618423462, "Z_threshold0.15_of": 30917.439148975653, "Z_threshold0.15_time": 1.2363667488098145, "Z_threshold0.2_of": 30232.289392036117, "Z_threshold0.2_time": 1.3136568069458008, "Z_threshold0.25_of": 30030.709828805815, "Z_threshold0.25_time": 1.2335808277130127, "Z_threshold0.3_of": 29966.94024987751, "Z_threshold0.3_time": 1.2495450973510742, "Z_threshold0.35_of": 29966.94024987751, "Z_threshold0.35_time": 1.2298715114593506, "Z_threshold0.4_of": 29966.94024987751, "Z_threshold0.4_time": 1.2137787342071533, "Z_threshold0.45_of": 29966.94024987751, "Z_threshold0.45_time": 1.2153880596160889, "Z_threshold0.5_of": 29966.94024987751, "Z_threshold0.5_time": 1.2239923477172852}