{"name": "E_1300_637_10924.465.json", "BaldoML_of": 36317.41695270657, "BaldoML_time": 12.384173154830933, "BaldoGA_of": 35346.15866857995, "BaldoGA_time": 10.81907057762146, "Solver_of": 36317.41695270657, "Solver_time": 16.87205958366394, "Z_threshold0.05_of": 35041.53605350741, "Z_threshold0.05_time": 1.246788501739502, "Z_threshold0.1_of": 34656.40483352254, "Z_threshold0.1_time": 1.2311742305755615, "Z_threshold0.15_of": 34656.40483352254, "Z_threshold0.15_time": 1.2568118572235107, "Z_threshold0.2_of": 34656.40483352254, "Z_threshold0.2_time": 1.237342119216919, "Z_threshold0.25_of": 34656.40483352254, "Z_threshold0.25_time": 1.1998095512390137, "Z_threshold0.3_of": 34656.40483352254, "Z_threshold0.3_time": 1.2561876773834229, "Z_threshold0.35_of": 34656.40483352254, "Z_threshold0.35_time": 1.2527029514312744, "Z_threshold0.4_of": 34656.40483352254, "Z_threshold0.4_time": 1.2033421993255615, "Z_threshold0.45_of": 34656.40483352254, "Z_threshold0.45_time": 1.221869707107544, "Z_threshold0.5_of": 34656.40483352254, "Z_threshold0.5_time": 1.235004186630249}