{"name": "E_1300_572_10965.359.json", "BaldoML_of": 35907.53117014894, "BaldoML_time": 1.5792231559753418, "BaldoGA_of": 35371.306172873235, "BaldoGA_time": 9.006688117980957, "Solver_of": 36333.85841424888, "Solver_time": 22.598336458206177, "Z_threshold0.05_of": 35818.87521777723, "Z_threshold0.05_time": 0.7607495784759521, "Z_threshold0.1_of": 35004.50213084284, "Z_threshold0.1_time": 0.5932304859161377, "Z_threshold0.15_of": 34364.57572330285, "Z_threshold0.15_time": 0.6177108287811279, "Z_threshold0.2_of": 34070.22903190822, "Z_threshold0.2_time": 0.5937964916229248, "Z_threshold0.25_of": 33979.28493181255, "Z_threshold0.25_time": 0.5860950946807861, "Z_threshold0.3_of": 33923.09198468161, "Z_threshold0.3_time": 0.5933353900909424, "Z_threshold0.35_of": 33923.09198468161, "Z_threshold0.35_time": 0.5918276309967041, "Z_threshold0.4_of": 33900.51428609959, "Z_threshold0.4_time": 0.5934767723083496, "Z_threshold0.45_of": 33849.21940622472, "Z_threshold0.45_time": 0.5944123268127441, "Z_threshold0.5_of": 33849.21940622472, "Z_threshold0.5_time": 0.5947189331054688}