{"name": "E_1300_585_16591.033.json", "BaldoML_of": 41784.411710600194, "BaldoML_time": 1.6268527507781982, "BaldoGA_of": 41284.37339071133, "BaldoGA_time": 8.515491008758545, "Solver_of": 43077.44709370585, "Solver_time": 19.010424613952637, "Z_threshold0.05_of": 42798.242632006775, "Z_threshold0.05_time": 11.037007331848145}