{"name": "E_1300_578_8174.761.json", "BaldoML_of": 32522.382602527243, "BaldoML_time": 5.425494194030762, "BaldoGA_of": 31676.490506832874, "BaldoGA_time": 9.417248487472534, "Solver_of": 32521.437601070633, "Solver_time": 4.428102254867554, "Z_threshold0.05_of": 31252.90638850868, "Z_threshold0.05_time": 1.2208151817321777, "Z_threshold0.1_of": 31156.58601757885, "Z_threshold0.1_time": 1.26920747756958, "Z_threshold0.15_of": 31103.362718628232, "Z_threshold0.15_time": 1.2109715938568115, "Z_threshold0.2_of": 31103.362718628232, "Z_threshold0.2_time": 1.2198359966278076, "Z_threshold0.25_of": 31103.362718628232, "Z_threshold0.25_time": 1.2266631126403809, "Z_threshold0.3_of": 31103.362718628232, "Z_threshold0.3_time": 1.2591888904571533, "Z_threshold0.35_of": 31103.362718628232, "Z_threshold0.35_time": 1.2519826889038086, "Z_threshold0.4_of": 31103.362718628232, "Z_threshold0.4_time": 1.2450964450836182, "Z_threshold0.45_of": 31103.362718628232, "Z_threshold0.45_time": 1.1696357727050781, "Z_threshold0.5_of": 31103.362718628232, "Z_threshold0.5_time": 1.176558017730713}