{"name": "E_1300_271_11279.822.json", "BaldoML_of": 37548.441895959295, "BaldoML_time": 3.3454113006591797, "BaldoGA_of": 35622.179065617216, "BaldoGA_time": 5.24494481086731, "Solver_of": 37977.713200675804, "Solver_time": 19.419031143188477, "Z_threshold0.05_of": 37857.976005021614, "Z_threshold0.05_time": 5.243117809295654}