{"name": "E_1300_562_11198.776.json", "BaldoML_of": 35782.34303088818, "BaldoML_time": 1.316378116607666, "BaldoGA_of": 35163.03315367286, "BaldoGA_time": 8.560487270355225, "Solver_of": 36311.35886308872, "Solver_time": 18.94672179222107, "Z_threshold0.05_of": 35529.83331085536, "Z_threshold0.05_time": 0.7473630905151367, "Z_threshold0.1_of": 34926.850959072166, "Z_threshold0.1_time": 0.6308550834655762, "Z_threshold0.15_of": 33983.172899587444, "Z_threshold0.15_time": 0.622938871383667, "Z_threshold0.2_of": 33805.65022229276, "Z_threshold0.2_time": 0.6287386417388916, "Z_threshold0.25_of": 33677.242277534926, "Z_threshold0.25_time": 0.6242754459381104, "Z_threshold0.3_of": 33636.59338879173, "Z_threshold0.3_time": 0.7453937530517578, "Z_threshold0.35_of": 33588.27734840257, "Z_threshold0.35_time": 0.6206974983215332, "Z_threshold0.4_of": 33588.27734840257, "Z_threshold0.4_time": 0.620567798614502, "Z_threshold0.45_of": 33588.27734840257, "Z_threshold0.45_time": 0.6232173442840576, "Z_threshold0.5_of": 33588.27734840257, "Z_threshold0.5_time": 0.6378204822540283}