{"name": "E_1300_389_10871.312.json", "BaldoML_of": 40316.33285022184, "BaldoML_time": 2.945096969604492, "BaldoGA_of": 39255.76250361724, "BaldoGA_time": 7.6953125, "Solver_of": 40557.227832537064, "Solver_time": 14.874006271362305, "Z_threshold0.05_of": 40492.467782008374, "Z_threshold0.05_time": 6.56003475189209, "Z_threshold0.1_of": 40204.853164026914, "Z_threshold0.1_time": 3.5545058250427246, "Z_threshold0.15_of": 39866.95948106128, "Z_threshold0.15_time": 2.225277900695801, "Z_threshold0.2_of": 39567.17613419057, "Z_threshold0.2_time": 1.7322797775268555, "Z_threshold0.25_of": 39151.190764560946, "Z_threshold0.25_time": 1.3766863346099854}