{"name": "E_1300_608_11289.61.json", "BaldoML_of": 36224.01519727272, "BaldoML_time": 0.7517287731170654, "BaldoGA_of": 35702.08088166288, "BaldoGA_time": 10.534883737564087, "Solver_of": 36736.72151458765, "Solver_time": 19.994256734848022, "Z_threshold0.05_of": 35678.293792412966, "Z_threshold0.05_time": 1.2287280559539795}