{"name": "E_1300_401_8356.933.json", "BaldoML_of": 31725.87497228099, "BaldoML_time": 3.0924625396728516, "BaldoGA_of": 31154.6641435629, "BaldoGA_time": 5.936156988143921, "Solver_of": 32160.39580558553, "Solver_time": 27.078553676605225, "Z_threshold0.05_of": 31888.789904487247, "Z_threshold0.05_time": 3.328822612762451, "Z_threshold0.1_of": 31621.494854685086, "Z_threshold0.1_time": 1.773742437362671, "Z_threshold0.15_of": 31460.433275856907, "Z_threshold0.15_time": 0.8128435611724854, "Z_threshold0.2_of": 30661.26513020839, "Z_threshold0.2_time": 0.6061770915985107, "Z_threshold0.25_of": 29960.439751099093, "Z_threshold0.25_time": 0.6017534732818604, "Z_threshold0.3_of": 29686.94625718364, "Z_threshold0.3_time": 0.6092562675476074, "Z_threshold0.35_of": 29686.94625718364, "Z_threshold0.35_time": 0.5981473922729492, "Z_threshold0.4_of": 29686.94625718364, "Z_threshold0.4_time": 0.5994570255279541, "Z_threshold0.45_of": 29686.94625718364, "Z_threshold0.45_time": 0.6072754859924316, "Z_threshold0.5_of": 29686.94625718364, "Z_threshold0.5_time": 0.5947616100311279}