{"name": "E_1300_414_11171.032.json", "BaldoML_of": 37551.922712137224, "BaldoML_time": 2.6030235290527344, "BaldoGA_of": 36323.25587084311, "BaldoGA_time": 6.536010503768921, "Solver_of": 38028.451640819745, "Solver_time": 17.434601068496704, "Z_threshold0.05_of": 37928.33237460695, "Z_threshold0.05_time": 8.474860906600952}