{"name": "E_1300_679_8427.817.json", "BaldoML_of": 31335.654087433057, "BaldoML_time": 2.219895124435425, "BaldoGA_of": 30517.150718910532, "BaldoGA_time": 3.2827632427215576, "Solver_of": 31336.998039887465, "Solver_time": 1.2083144187927246, "Z_threshold0.05_of": 30871.283065318516, "Z_threshold0.05_time": 1.1914005279541016, "Z_threshold0.1_of": 30871.283065318516, "Z_threshold0.1_time": 1.1788413524627686, "Z_threshold0.15_of": 30871.283065318516, "Z_threshold0.15_time": 1.2018911838531494, "Z_threshold0.2_of": 30871.283065318516, "Z_threshold0.2_time": 1.2192599773406982, "Z_threshold0.25_of": 30871.283065318516, "Z_threshold0.25_time": 1.2295351028442383, "Z_threshold0.3_of": 30871.283065318516, "Z_threshold0.3_time": 1.1948447227478027, "Z_threshold0.35_of": 30871.283065318516, "Z_threshold0.35_time": 1.1602795124053955, "Z_threshold0.4_of": 30871.283065318516, "Z_threshold0.4_time": 1.2049217224121094, "Z_threshold0.45_of": 30871.283065318516, "Z_threshold0.45_time": 1.1827247142791748, "Z_threshold0.5_of": 30871.283065318516, "Z_threshold0.5_time": 1.1738390922546387}