{"name": "E_1300_347_8324.578.json", "BaldoML_of": 31952.630253635325, "BaldoML_time": 6.1734747886657715, "BaldoGA_of": 30936.818842951245, "BaldoGA_time": 5.998964071273804, "Solver_of": 32258.641627830584, "Solver_time": 11.087259769439697, "Z_threshold0.05_of": 32204.718721301237, "Z_threshold0.05_time": 5.348279237747192, "Z_threshold0.1_of": 31926.967586819075, "Z_threshold0.1_time": 3.6788253784179688, "Z_threshold0.15_of": 31565.457696591067, "Z_threshold0.15_time": 1.8055834770202637, "Z_threshold0.2_of": 31323.093331464443, "Z_threshold0.2_time": 1.4098293781280518}