{"name": "E_1300_690_8020.91.json", "BaldoML_of": 33467.54668050836, "BaldoML_time": 1.086456537246704, "BaldoGA_of": 32984.41461989672, "BaldoGA_time": 3.1974165439605713, "Solver_of": 33771.699758234, "Solver_time": 2.8438708782196045, "Z_threshold0.05_of": 32987.537534576986, "Z_threshold0.05_time": 1.4233806133270264, "Z_threshold0.1_of": 32987.537534576986, "Z_threshold0.1_time": 1.396653175354004, "Z_threshold0.15_of": 32987.537534576986, "Z_threshold0.15_time": 1.3355250358581543, "Z_threshold0.2_of": 32987.537534576986, "Z_threshold0.2_time": 1.4662601947784424}