{"name": "E_1300_552_8287.127.json", "BaldoML_of": 32779.19134011765, "BaldoML_time": 3.3556876182556152, "BaldoGA_of": 31953.981631760467, "BaldoGA_time": 7.863851070404053, "Solver_of": 32779.259162415365, "Solver_time": 3.6481516361236572, "Z_threshold0.05_of": 31557.163523487656, "Z_threshold0.05_time": 1.224944829940796, "Z_threshold0.1_of": 31050.748726793656, "Z_threshold0.1_time": 1.172586441040039, "Z_threshold0.15_of": 31050.748726793656, "Z_threshold0.15_time": 1.23038649559021, "Z_threshold0.2_of": 31050.748726793656, "Z_threshold0.2_time": 1.1228737831115723, "Z_threshold0.25_of": 31050.748726793656, "Z_threshold0.25_time": 1.1238670349121094, "Z_threshold0.3_of": 31050.748726793656, "Z_threshold0.3_time": 1.1483724117279053, "Z_threshold0.35_of": 31050.748726793656, "Z_threshold0.35_time": 1.1166503429412842, "Z_threshold0.4_of": 31050.748726793656, "Z_threshold0.4_time": 1.1541924476623535, "Z_threshold0.45_of": 31050.748726793656, "Z_threshold0.45_time": 1.092406988143921, "Z_threshold0.5_of": 31050.748726793656, "Z_threshold0.5_time": 1.105238437652588}