{"name": "E_1300_272_11195.434.json", "BaldoML_of": 38258.886360146294, "BaldoML_time": 4.0246007442474365, "BaldoGA_of": 36173.376824734594, "BaldoGA_time": 5.039945840835571, "Solver_of": 38577.69160587466, "Solver_time": 7.75402307510376, "Z_threshold0.05_of": 38516.871048186425, "Z_threshold0.05_time": 5.084941625595093, "Z_threshold0.1_of": 38457.5315672216, "Z_threshold0.1_time": 4.846051931381226, "Z_threshold0.15_of": 38265.75331832407, "Z_threshold0.15_time": 3.811359405517578, "Z_threshold0.2_of": 38000.30512850786, "Z_threshold0.2_time": 3.2215492725372314}