{"name": "E_1300_585_8185.93.json", "BaldoML_of": 29930.916992466166, "BaldoML_time": 0.9790937900543213, "BaldoGA_of": 29558.686271841496, "BaldoGA_time": 8.156506061553955, "Solver_of": 30183.633074000387, "Solver_time": 4.591502904891968, "Z_threshold0.05_of": 28961.868013042793, "Z_threshold0.05_time": 1.2468171119689941, "Z_threshold0.1_of": 28885.31912572346, "Z_threshold0.1_time": 1.2472476959228516, "Z_threshold0.15_of": 28885.31912572346, "Z_threshold0.15_time": 1.333986520767212, "Z_threshold0.2_of": 28885.31912572346, "Z_threshold0.2_time": 1.2459328174591064}