{"name": "E_1300_585_8185.93.json", "BaldoML_of": 29930.916992466166, "BaldoML_time": 0.9790937900543213, "BaldoGA_of": 29558.686271841496, "BaldoGA_time": 8.156506061553955, "Solver_of": 30183.633074000387, "Solver_time": 4.591502904891968, "Z_threshold0.05_of": 29156.260507772437, "Z_threshold0.05_time": 0.6921546459197998, "Z_threshold0.1_of": 29156.260507772437, "Z_threshold0.1_time": 0.6371471881866455, "Z_threshold0.15_of": 29156.260507772437, "Z_threshold0.15_time": 0.6320960521697998, "Z_threshold0.2_of": 29156.260507772437, "Z_threshold0.2_time": 0.6370129585266113, "Z_threshold0.25_of": 29156.260507772437, "Z_threshold0.25_time": 0.6353244781494141, "Z_threshold0.3_of": 29156.260507772437, "Z_threshold0.3_time": 0.6474871635437012, "Z_threshold0.35_of": 29156.260507772437, "Z_threshold0.35_time": 0.6488125324249268, "Z_threshold0.4_of": 29156.260507772437, "Z_threshold0.4_time": 0.6467080116271973, "Z_threshold0.45_of": 29156.260507772437, "Z_threshold0.45_time": 0.6362512111663818, "Z_threshold0.5_of": 29156.260507772437, "Z_threshold0.5_time": 0.6384916305541992}