{"name": "E_1300_766_10958.504.json", "BaldoML_of": 36416.092208187045, "BaldoML_time": 0.8661620616912842, "BaldoGA_of": 36063.65443271675, "BaldoGA_time": 3.8546674251556396, "Solver_of": 36851.047833884404, "Solver_time": 3.186495780944824, "Z_threshold0.05_of": 36078.5516442448, "Z_threshold0.05_time": 1.1792058944702148}