{"name": "E_1300_460_16616.859.json", "BaldoML_of": 44469.51988194222, "BaldoML_time": 56.235466718673706, "BaldoGA_of": 42510.8059647342, "BaldoGA_time": 8.013126611709595, "Solver_of": 44469.51988194224, "Solver_time": 39.47491955757141, "Z_threshold0.05_of": 44361.50844481237, "Z_threshold0.05_time": 4.39640212059021, "Z_threshold0.1_of": 44201.18719701531, "Z_threshold0.1_time": 3.9647440910339355, "Z_threshold0.15_of": 44038.73093174125, "Z_threshold0.15_time": 3.6404008865356445, "Z_threshold0.2_of": 43753.49444936098, "Z_threshold0.2_time": 2.237492561340332, "Z_threshold0.25_of": 43598.47955067896, "Z_threshold0.25_time": 2.703336000442505, "Z_threshold0.3_of": 43517.72916388982, "Z_threshold0.3_time": 1.9682655334472656, "Z_threshold0.35_of": 43277.95087991689, "Z_threshold0.35_time": 1.2733447551727295, "Z_threshold0.4_of": 42831.964879953135, "Z_threshold0.4_time": 1.205244541168213, "Z_threshold0.45_of": 42331.715021385295, "Z_threshold0.45_time": 1.1984612941741943, "Z_threshold0.5_of": 41793.322700473196, "Z_threshold0.5_time": 1.278637409210205}