{"name": "E_1300_537_16563.682.json", "BaldoML_of": 44284.523613906385, "BaldoML_time": 1.5892701148986816, "BaldoGA_of": 43675.24567901151, "BaldoGA_time": 9.135875225067139, "Solver_of": 45285.46418831079, "Solver_time": 25.445485591888428, "Z_threshold0.05_of": 45166.9352697447, "Z_threshold0.05_time": 12.738376379013062, "Z_threshold0.1_of": 44810.544248047554, "Z_threshold0.1_time": 3.8348138332366943, "Z_threshold0.15_of": 44347.16990319983, "Z_threshold0.15_time": 1.7393991947174072, "Z_threshold0.2_of": 43818.91257201846, "Z_threshold0.2_time": 1.3350129127502441, "Z_threshold0.25_of": 42813.040357215694, "Z_threshold0.25_time": 1.2642908096313477}