{"name": "E_1300_466_8657.207.json", "BaldoML_of": 30294.962116492065, "BaldoML_time": 3.363898277282715, "BaldoGA_of": 29716.77842033537, "BaldoGA_time": 6.799584627151489, "Solver_of": 30652.724128145102, "Solver_time": 31.583979845046997, "Z_threshold0.05_of": 30037.78010902823, "Z_threshold0.05_time": 1.1983144283294678, "Z_threshold0.1_of": 29678.498864131518, "Z_threshold0.1_time": 0.5786845684051514, "Z_threshold0.15_of": 28947.955494405014, "Z_threshold0.15_time": 0.5739071369171143, "Z_threshold0.2_of": 28947.955494405014, "Z_threshold0.2_time": 0.5781946182250977, "Z_threshold0.25_of": 28947.955494405014, "Z_threshold0.25_time": 0.5779945850372314, "Z_threshold0.3_of": 28947.955494405014, "Z_threshold0.3_time": 0.5732097625732422, "Z_threshold0.35_of": 28947.955494405014, "Z_threshold0.35_time": 0.5788636207580566, "Z_threshold0.4_of": 28947.955494405014, "Z_threshold0.4_time": 0.5893776416778564, "Z_threshold0.45_of": 28947.955494405014, "Z_threshold0.45_time": 0.5826959609985352, "Z_threshold0.5_of": 28947.955494405014, "Z_threshold0.5_time": 0.5885775089263916}