{"name": "E_1300_302_10959.322.json", "BaldoML_of": 38118.4643323828, "BaldoML_time": 3.5612592697143555, "BaldoGA_of": 36647.14194621867, "BaldoGA_time": 6.6437788009643555, "Solver_of": 38653.75217155419, "Solver_time": 22.708316802978516, "Z_threshold0.05_of": 38581.329353452464, "Z_threshold0.05_time": 5.17080283164978, "Z_threshold0.1_of": 38504.275571619895, "Z_threshold0.1_time": 10.6395423412323, "Z_threshold0.15_of": 38165.05181392666, "Z_threshold0.15_time": 2.8668715953826904, "Z_threshold0.2_of": 37717.91464964523, "Z_threshold0.2_time": 2.761662721633911, "Z_threshold0.25_of": 37322.52210236138, "Z_threshold0.25_time": 2.174330949783325}