{"name": "E_1300_745_10982.748.json", "BaldoML_of": 37077.066305099695, "BaldoML_time": 0.8650691509246826, "BaldoGA_of": 36559.326438004246, "BaldoGA_time": 3.9548604488372803, "Solver_of": 37486.39879132925, "Solver_time": 2.6885335445404053, "Z_threshold0.05_of": 36583.671787793945, "Z_threshold0.05_time": 1.3154921531677246, "Z_threshold0.1_of": 36583.671787793945, "Z_threshold0.1_time": 1.2266771793365479, "Z_threshold0.15_of": 36583.671787793945, "Z_threshold0.15_time": 1.2298264503479004, "Z_threshold0.2_of": 36583.671787793945, "Z_threshold0.2_time": 1.315406084060669, "Z_threshold0.25_of": 36583.671787793945, "Z_threshold0.25_time": 1.2271769046783447}