{"name": "E_1300_398_8144.925.json", "BaldoML_of": 32965.142164652905, "BaldoML_time": 1.6881232261657715, "BaldoGA_of": 32087.533409237876, "BaldoGA_time": 5.711632013320923, "Solver_of": 33462.620136842845, "Solver_time": 25.20073366165161, "Z_threshold0.05_of": 33227.00594772321, "Z_threshold0.05_time": 3.096709966659546, "Z_threshold0.1_of": 32737.164072912652, "Z_threshold0.1_time": 1.678642749786377, "Z_threshold0.15_of": 32398.36425232317, "Z_threshold0.15_time": 1.5249311923980713, "Z_threshold0.2_of": 31465.79392753991, "Z_threshold0.2_time": 1.2656469345092773, "Z_threshold0.25_of": 31233.534568232393, "Z_threshold0.25_time": 1.1865339279174805}