{"name": "E_1300_304_11291.979.json", "BaldoML_of": 38042.53279660124, "BaldoML_time": 3.9473700523376465, "BaldoGA_of": 36838.80998789895, "BaldoGA_time": 6.498424530029297, "Solver_of": 38280.04459949098, "Solver_time": 20.900596857070923, "Z_threshold0.05_of": 38172.461767988214, "Z_threshold0.05_time": 5.237166404724121, "Z_threshold0.1_of": 38080.57159285195, "Z_threshold0.1_time": 4.808877229690552, "Z_threshold0.15_of": 37995.44786601202, "Z_threshold0.15_time": 3.5613417625427246, "Z_threshold0.2_of": 37788.97143023605, "Z_threshold0.2_time": 2.0389721393585205, "Z_threshold0.25_of": 37439.701997225355, "Z_threshold0.25_time": 1.250321388244629}