{"name": "E_1300_281_11271.926.json", "BaldoML_of": 38058.56301127543, "BaldoML_time": 3.572481870651245, "BaldoGA_of": 36639.36037894176, "BaldoGA_time": 5.352994441986084, "Solver_of": 38515.68856079342, "Solver_time": 18.71494460105896, "Z_threshold0.05_of": 38491.83281740855, "Z_threshold0.05_time": 5.525017738342285, "Z_threshold0.1_of": 38406.16588155606, "Z_threshold0.1_time": 4.94207501411438, "Z_threshold0.15_of": 38197.47439680848, "Z_threshold0.15_time": 4.20918083190918, "Z_threshold0.2_of": 37804.72089682068, "Z_threshold0.2_time": 2.6206905841827393, "Z_threshold0.25_of": 37359.468102959756, "Z_threshold0.25_time": 1.9994945526123047}