{"name": "E_1300_302_16419.285.json", "BaldoML_of": 46760.687105082434, "BaldoML_time": 3.657296657562256, "BaldoGA_of": -1, "BaldoGA_time": 6.269103288650513, "Solver_of": 48064.77583936947, "Solver_time": 18.40998911857605, "Z_threshold0.05_of": 47960.54783192833, "Z_threshold0.05_time": 9.562327861785889, "Z_threshold0.1_of": 47685.77271602725, "Z_threshold0.1_time": 7.242032527923584, "Z_threshold0.15_of": 47433.65584041576, "Z_threshold0.15_time": 4.884101629257202, "Z_threshold0.2_of": 47234.83607645051, "Z_threshold0.2_time": 5.534803152084351, "Z_threshold0.25_of": 46917.84591615375, "Z_threshold0.25_time": 2.419194221496582, "Z_threshold0.3_of": 46512.065169204965, "Z_threshold0.3_time": 1.6815640926361084, "Z_threshold0.35_of": 46012.54747875175, "Z_threshold0.35_time": 0.6608552932739258, "Z_threshold0.4_of": 45252.14818204287, "Z_threshold0.4_time": 0.76300048828125, "Z_threshold0.45_of": 44667.00207953205, "Z_threshold0.45_time": 0.7674126625061035, "Z_threshold0.5_of": 44517.79948934138, "Z_threshold0.5_time": 0.6374990940093994}