{"name": "E_1300_263_8232.956.json", "BaldoML_of": 34541.47136265847, "BaldoML_time": 3.4990010261535645, "BaldoGA_of": 32971.48934944707, "BaldoGA_time": 6.173488616943359, "Solver_of": 34793.35642426189, "Solver_time": 9.06259536743164, "Z_threshold0.05_of": 34735.58601852601, "Z_threshold0.05_time": 4.432787895202637}