{"name": "E_1300_745_8222.696.json", "BaldoML_of": 32928.41382705947, "BaldoML_time": 0.6121785640716553, "BaldoGA_of": 32483.803796073666, "BaldoGA_time": 3.194131851196289, "Solver_of": 33253.80558220167, "Solver_time": 1.3845593929290771, "Z_threshold0.05_of": 32495.083395653135, "Z_threshold0.05_time": 1.1492834091186523}