{"name": "E_1300_266_11018.516.json", "BaldoML_of": 37890.81497493621, "BaldoML_time": 3.551225423812866, "BaldoGA_of": 36461.63191592549, "BaldoGA_time": 6.487307071685791, "Solver_of": 38387.709426381756, "Solver_time": 14.038353681564331, "Z_threshold0.05_of": 38335.51636568739, "Z_threshold0.05_time": 3.7705488204956055, "Z_threshold0.1_of": 38193.82849642814, "Z_threshold0.1_time": 3.771620988845825, "Z_threshold0.15_of": 38075.93057073969, "Z_threshold0.15_time": 2.7600185871124268, "Z_threshold0.2_of": 37656.009055218994, "Z_threshold0.2_time": 1.8344717025756836, "Z_threshold0.25_of": 37429.080834411725, "Z_threshold0.25_time": 1.3802995681762695, "Z_threshold0.3_of": 36610.188772586036, "Z_threshold0.3_time": 0.6392872333526611, "Z_threshold0.35_of": 36146.39856834593, "Z_threshold0.35_time": 0.6424739360809326, "Z_threshold0.4_of": 35743.273001605536, "Z_threshold0.4_time": 0.6283845901489258, "Z_threshold0.45_of": 35532.38302571465, "Z_threshold0.45_time": 0.6249523162841797, "Z_threshold0.5_of": 35169.995554119036, "Z_threshold0.5_time": 0.6195850372314453}