{"name": "E_1300_711_8389.883.json", "BaldoML_of": 32528.220789574338, "BaldoML_time": 0.5840296745300293, "BaldoGA_of": 32045.199560367826, "BaldoGA_time": 3.1892943382263184, "Solver_of": 32775.3436631103, "Solver_time": 2.379727363586426, "Z_threshold0.05_of": 32045.199560367862, "Z_threshold0.05_time": 1.3132898807525635, "Z_threshold0.1_of": 32045.199560367862, "Z_threshold0.1_time": 1.2226676940917969, "Z_threshold0.15_of": 32045.199560367862, "Z_threshold0.15_time": 1.2152421474456787, "Z_threshold0.2_of": 32045.199560367862, "Z_threshold0.2_time": 1.2936999797821045}