{"name": "E_1300_578_11148.271.json", "BaldoML_of": 35693.10746686618, "BaldoML_time": 0.9874210357666016, "BaldoGA_of": 35018.570007362905, "BaldoGA_time": 8.523774862289429, "Solver_of": 36273.641268532374, "Solver_time": 19.728541374206543, "Z_threshold0.05_of": 35405.46444767176, "Z_threshold0.05_time": 1.7050681114196777, "Z_threshold0.1_of": 34329.30881983388, "Z_threshold0.1_time": 1.2692415714263916, "Z_threshold0.15_of": 33777.222255309236, "Z_threshold0.15_time": 1.3283352851867676, "Z_threshold0.2_of": 33611.49830191816, "Z_threshold0.2_time": 1.2396137714385986, "Z_threshold0.25_of": 33531.44367360064, "Z_threshold0.25_time": 1.2428569793701172}