{"name": "E_1300_279_8286.748.json", "BaldoML_of": 33577.666724838746, "BaldoML_time": 3.4148240089416504, "BaldoGA_of": 32306.37671651716, "BaldoGA_time": 6.074795246124268, "Solver_of": 33811.389009580336, "Solver_time": 9.2344229221344, "Z_threshold0.05_of": 33777.58910941774, "Z_threshold0.05_time": 3.3726532459259033, "Z_threshold0.1_of": 33535.19628206222, "Z_threshold0.1_time": 2.761911153793335, "Z_threshold0.15_of": 33385.49459515777, "Z_threshold0.15_time": 2.9435648918151855, "Z_threshold0.2_of": 33135.26459292783, "Z_threshold0.2_time": 1.7363336086273193, "Z_threshold0.25_of": 32800.2464180802, "Z_threshold0.25_time": 1.2871100902557373}