{"name": "E_1300_275_16363.435.json", "BaldoML_of": 48249.69954534469, "BaldoML_time": 17.420210123062134, "BaldoGA_of": 45969.79181473125, "BaldoGA_time": 8.809300184249878, "Solver_of": 48249.699545526775, "Solver_time": 20.632489681243896, "Z_threshold0.05_of": 48171.87189763431, "Z_threshold0.05_time": 7.679632186889648, "Z_threshold0.1_of": 48045.770122772636, "Z_threshold0.1_time": 7.154881954193115, "Z_threshold0.15_of": 48026.322372347015, "Z_threshold0.15_time": 6.002306699752808, "Z_threshold0.2_of": 47930.34997979796, "Z_threshold0.2_time": 5.44663667678833, "Z_threshold0.25_of": 47778.608379171004, "Z_threshold0.25_time": 3.6577916145324707, "Z_threshold0.3_of": 47563.04645435729, "Z_threshold0.3_time": 3.024664878845215, "Z_threshold0.35_of": 47280.73492283497, "Z_threshold0.35_time": 1.9000258445739746, "Z_threshold0.4_of": 46560.34146343401, "Z_threshold0.4_time": 1.3305010795593262, "Z_threshold0.45_of": 46153.57073912693, "Z_threshold0.45_time": 1.2728846073150635, "Z_threshold0.5_of": 45847.35544645746, "Z_threshold0.5_time": 1.2993290424346924}