{"name": "E_1300_676_16461.408.json", "BaldoML_of": 44359.18820549732, "BaldoML_time": 1.325343132019043, "BaldoGA_of": 43953.42613742397, "BaldoGA_time": 13.745093822479248, "Solver_of": 45067.63563142899, "Solver_time": 26.02800440788269, "Z_threshold0.05_of": 44478.45792990097, "Z_threshold0.05_time": 5.174472332000732, "Z_threshold0.1_of": 43775.470005611016, "Z_threshold0.1_time": 1.47001314163208, "Z_threshold0.15_of": 42697.010297842695, "Z_threshold0.15_time": 1.4568214416503906, "Z_threshold0.2_of": 42253.838362207425, "Z_threshold0.2_time": 1.3713147640228271}