{"name": "E_1300_707_11000.252.json", "BaldoML_of": 37339.332623646864, "BaldoML_time": 1.2141709327697754, "BaldoGA_of": 36877.97497056647, "BaldoGA_time": 10.749874114990234, "Solver_of": 37720.3410560906, "Solver_time": 4.458605051040649, "Z_threshold0.05_of": 36455.55012996552, "Z_threshold0.05_time": 1.0368988513946533}