{"name": "E_1300_572_10965.359.json", "BaldoML_of": 35907.53117014894, "BaldoML_time": 1.5792231559753418, "BaldoGA_of": 35371.306172873235, "BaldoGA_time": 9.006688117980957, "Solver_of": 36333.85841424888, "Solver_time": 22.598336458206177, "Z_threshold0.05_of": 35933.86515794011, "Z_threshold0.05_time": 2.9011905193328857, "Z_threshold0.1_of": 34888.10839479584, "Z_threshold0.1_time": 1.2690558433532715, "Z_threshold0.15_of": 34105.34218012272, "Z_threshold0.15_time": 1.3030602931976318, "Z_threshold0.2_of": 33824.10955955995, "Z_threshold0.2_time": 1.3518249988555908}