{"name": "E_1300_373_16423.106.json", "BaldoML_of": 47473.385791904635, "BaldoML_time": 4.0144360065460205, "BaldoGA_of": 45769.843141658814, "BaldoGA_time": 6.995163679122925, "Solver_of": 48015.51888478175, "Solver_time": 42.376911878585815, "Z_threshold0.05_of": 47960.174665842, "Z_threshold0.05_time": 15.769627571105957, "Z_threshold0.1_of": 47877.30054004001, "Z_threshold0.1_time": 8.429379940032959, "Z_threshold0.15_of": 47681.43995062287, "Z_threshold0.15_time": 4.136369705200195, "Z_threshold0.2_of": 47070.68918416514, "Z_threshold0.2_time": 2.9303741455078125, "Z_threshold0.25_of": 46516.283292762404, "Z_threshold0.25_time": 1.3727538585662842}