{"name": "E_1300_307_8402.958.json", "BaldoML_of": 32417.884368235478, "BaldoML_time": 2.991034984588623, "BaldoGA_of": 30983.462739708186, "BaldoGA_time": 5.892246961593628, "Solver_of": 32640.5458555965, "Solver_time": 21.462011337280273, "Z_threshold0.05_of": 32574.220431122652, "Z_threshold0.05_time": 3.180290460586548, "Z_threshold0.1_of": 32367.148173632682, "Z_threshold0.1_time": 2.971428871154785, "Z_threshold0.15_of": 31984.047499886645, "Z_threshold0.15_time": 1.3389246463775635, "Z_threshold0.2_of": 31679.09798900102, "Z_threshold0.2_time": 0.7279512882232666, "Z_threshold0.25_of": 30932.399292363, "Z_threshold0.25_time": 0.7025213241577148, "Z_threshold0.3_of": 30358.60489888974, "Z_threshold0.3_time": 0.6559109687805176, "Z_threshold0.35_of": 30050.27093564218, "Z_threshold0.35_time": 0.6454782485961914, "Z_threshold0.4_of": 29924.198286479404, "Z_threshold0.4_time": 0.6485552787780762, "Z_threshold0.45_of": 29925.42569796879, "Z_threshold0.45_time": 0.7713022232055664, "Z_threshold0.5_of": 29925.42569796879, "Z_threshold0.5_time": 0.7660114765167236}