{"name": "E_1300_550_16918.258.json", "BaldoML_of": 43255.460551769975, "BaldoML_time": 1.2428085803985596, "BaldoGA_of": 42444.05182822966, "BaldoGA_time": 8.805042266845703, "Solver_of": 44394.764004865625, "Solver_time": 20.844514846801758, "Z_threshold0.05_of": 44203.214027942726, "Z_threshold0.05_time": 10.911361932754517, "Z_threshold0.1_of": 43714.297597625045, "Z_threshold0.1_time": 3.1757311820983887, "Z_threshold0.15_of": 43215.45002397651, "Z_threshold0.15_time": 2.499945640563965, "Z_threshold0.2_of": 42730.69752221397, "Z_threshold0.2_time": 1.3769829273223877}