{"name": "E_1300_508_16956.586.json", "BaldoML_of": 42818.495174990334, "BaldoML_time": 1.311326503753662, "BaldoGA_of": 41689.892805052594, "BaldoGA_time": 7.739388465881348, "Solver_of": 44082.31549250758, "Solver_time": 24.69027328491211, "Z_threshold0.05_of": 43927.98583163958, "Z_threshold0.05_time": 7.302325248718262}