{"name": "E_1300_364_16369.774.json", "BaldoML_of": 46846.03696627479, "BaldoML_time": 2.8203182220458984, "BaldoGA_of": 45396.221092193584, "BaldoGA_time": 8.128616571426392, "Solver_of": 47656.80299384488, "Solver_time": 19.28974723815918, "Z_threshold0.05_of": 47573.07761079677, "Z_threshold0.05_time": 6.057631731033325, "Z_threshold0.1_of": 47498.41628949719, "Z_threshold0.1_time": 6.106771945953369, "Z_threshold0.15_of": 47186.23448375455, "Z_threshold0.15_time": 4.51609468460083, "Z_threshold0.2_of": 46910.469993987186, "Z_threshold0.2_time": 1.9878730773925781, "Z_threshold0.25_of": 46675.78152316299, "Z_threshold0.25_time": 2.7444207668304443, "Z_threshold0.3_of": 46503.88414296428, "Z_threshold0.3_time": 1.5994343757629395, "Z_threshold0.35_of": 46019.378149561424, "Z_threshold0.35_time": 0.7334671020507812, "Z_threshold0.4_of": 45439.3523423014, "Z_threshold0.4_time": 0.7067015171051025, "Z_threshold0.45_of": 45277.149444983006, "Z_threshold0.45_time": 0.7106645107269287, "Z_threshold0.5_of": 45077.9165621634, "Z_threshold0.5_time": 0.7495946884155273}