{"name": "E_1300_563_11271.001.json", "BaldoML_of": 36049.70672178667, "BaldoML_time": 2.344165563583374, "BaldoGA_of": 35216.771693715506, "BaldoGA_time": 8.91336441040039, "Solver_of": 36483.81954436338, "Solver_time": 21.735028505325317, "Z_threshold0.05_of": 35837.890898299156, "Z_threshold0.05_time": 1.048659086227417, "Z_threshold0.1_of": 35221.39175184082, "Z_threshold0.1_time": 0.6650021076202393, "Z_threshold0.15_of": 34418.89089150798, "Z_threshold0.15_time": 0.6464431285858154, "Z_threshold0.2_of": 34102.13537775091, "Z_threshold0.2_time": 0.6488757133483887, "Z_threshold0.25_of": 34023.20716342727, "Z_threshold0.25_time": 0.7718110084533691, "Z_threshold0.3_of": 33981.307197414906, "Z_threshold0.3_time": 0.6390984058380127, "Z_threshold0.35_of": 33957.339563145426, "Z_threshold0.35_time": 0.6505389213562012, "Z_threshold0.4_of": 33907.53193529962, "Z_threshold0.4_time": 0.6770541667938232, "Z_threshold0.45_of": 33907.53193529962, "Z_threshold0.45_time": 0.6432430744171143, "Z_threshold0.5_of": 33907.53193529962, "Z_threshold0.5_time": 0.6499178409576416}