{"name": "E_1300_562_11198.776.json", "BaldoML_of": 35782.34303088818, "BaldoML_time": 1.316378116607666, "BaldoGA_of": 35163.03315367286, "BaldoGA_time": 8.560487270355225, "Solver_of": 36311.35886308872, "Solver_time": 18.94672179222107, "Z_threshold0.05_of": 35761.43314798676, "Z_threshold0.05_time": 3.6735360622406006}