{"name": "E_1300_485_16547.65.json", "BaldoML_of": 43878.10449612825, "BaldoML_time": 1.773728847503662, "BaldoGA_of": 42514.83439724811, "BaldoGA_time": 9.208224058151245, "Solver_of": 44988.39079409568, "Solver_time": 27.80654811859131, "Z_threshold0.05_of": 44785.75068299473, "Z_threshold0.05_time": 7.258894443511963, "Z_threshold0.1_of": 44540.72351905357, "Z_threshold0.1_time": 3.349902868270874, "Z_threshold0.15_of": 44079.32730850513, "Z_threshold0.15_time": 2.5555381774902344, "Z_threshold0.2_of": 43741.35194769934, "Z_threshold0.2_time": 2.2068893909454346, "Z_threshold0.25_of": 42984.53060053143, "Z_threshold0.25_time": 1.2611088752746582}