{"name": "E_1300_331_8086.988.json", "BaldoML_of": 31834.174210167806, "BaldoML_time": 3.817842483520508, "BaldoGA_of": 30882.193663969207, "BaldoGA_time": 4.920639991760254, "Solver_of": 32187.482199482074, "Solver_time": 18.192989349365234, "Z_threshold0.05_of": 32132.261082276807, "Z_threshold0.05_time": 4.430498361587524}