{"name": "E_1300_523_16504.72.json", "BaldoML_of": 43734.32366369062, "BaldoML_time": 1.3227863311767578, "BaldoGA_of": 43147.47265778667, "BaldoGA_time": 8.247684001922607, "Solver_of": 45373.6877961031, "Solver_time": 23.704667329788208, "Z_threshold0.05_of": 45101.26784669579, "Z_threshold0.05_time": 9.981412887573242}