{"name": "E_1300_546_11196.071.json", "BaldoML_of": 36871.752744290156, "BaldoML_time": 2.067659616470337, "BaldoGA_of": 36111.20934018532, "BaldoGA_time": 8.409956932067871, "Solver_of": 37182.10484884559, "Solver_time": 28.71553087234497, "Z_threshold0.05_of": 36840.72086966036, "Z_threshold0.05_time": 1.6922354698181152, "Z_threshold0.1_of": 36367.37393212232, "Z_threshold0.1_time": 0.7100014686584473, "Z_threshold0.15_of": 35393.49591340117, "Z_threshold0.15_time": 0.6527934074401855, "Z_threshold0.2_of": 34935.291223921304, "Z_threshold0.2_time": 0.7734754085540771, "Z_threshold0.25_of": 34679.76809963527, "Z_threshold0.25_time": 0.6320099830627441, "Z_threshold0.3_of": 34554.93985106577, "Z_threshold0.3_time": 0.6293702125549316, "Z_threshold0.35_of": 34533.28412048381, "Z_threshold0.35_time": 0.6282973289489746, "Z_threshold0.4_of": 34498.8662011171, "Z_threshold0.4_time": 0.6325397491455078, "Z_threshold0.45_of": 34498.8662011171, "Z_threshold0.45_time": 0.6227662563323975, "Z_threshold0.5_of": 34498.8662011171, "Z_threshold0.5_time": 0.6287240982055664}