{"name": "E_1300_389_10871.312.json", "BaldoML_of": 40316.33285022184, "BaldoML_time": 2.945096969604492, "BaldoGA_of": 39255.76250361724, "BaldoGA_time": 7.6953125, "Solver_of": 40557.227832537064, "Solver_time": 14.874006271362305, "Z_threshold0.05_of": 40526.1674738377, "Z_threshold0.05_time": 7.152803659439087, "Z_threshold0.1_of": 40337.854310955256, "Z_threshold0.1_time": 2.3663387298583984, "Z_threshold0.15_of": 40126.15463859005, "Z_threshold0.15_time": 1.3690006732940674, "Z_threshold0.2_of": 39899.33278606437, "Z_threshold0.2_time": 1.3676433563232422, "Z_threshold0.25_of": 39629.30446977747, "Z_threshold0.25_time": 0.6463718414306641, "Z_threshold0.3_of": 39225.525447761305, "Z_threshold0.3_time": 0.6084821224212646, "Z_threshold0.35_of": 38566.012727080786, "Z_threshold0.35_time": 0.5951359272003174, "Z_threshold0.4_of": 38011.20267715499, "Z_threshold0.4_time": 0.6035196781158447, "Z_threshold0.45_of": 37578.405388585044, "Z_threshold0.45_time": 0.5903997421264648, "Z_threshold0.5_of": 37233.514986427734, "Z_threshold0.5_time": 0.5882642269134521}