{"name": "E_1300_735_8261.144.json", "BaldoML_of": 32420.497631692742, "BaldoML_time": 0.7362558841705322, "BaldoGA_of": 32130.252915390065, "BaldoGA_time": 3.366694450378418, "Solver_of": 32779.227772798135, "Solver_time": 2.259981870651245, "Z_threshold0.05_of": 32130.2529153901, "Z_threshold0.05_time": 1.2732112407684326, "Z_threshold0.1_of": 32130.2529153901, "Z_threshold0.1_time": 1.251845359802246, "Z_threshold0.15_of": 32130.2529153901, "Z_threshold0.15_time": 1.3288979530334473, "Z_threshold0.2_of": 32130.2529153901, "Z_threshold0.2_time": 1.2492671012878418}