{"name": "E_1300_766_10958.504.json", "BaldoML_of": 36851.047833884404, "BaldoML_time": 2.4291789531707764, "BaldoGA_of": 36063.65443271675, "BaldoGA_time": 3.8546674251556396, "Solver_of": 36851.047833884404, "Solver_time": 3.186495780944824, "Z_threshold0.05_of": 36435.54987473576, "Z_threshold0.05_time": 1.1421501636505127, "Z_threshold0.1_of": 36435.54987473576, "Z_threshold0.1_time": 1.1389410495758057, "Z_threshold0.15_of": 36435.54987473576, "Z_threshold0.15_time": 1.1277952194213867, "Z_threshold0.2_of": 36435.54987473576, "Z_threshold0.2_time": 1.1096453666687012, "Z_threshold0.25_of": 36435.54987473576, "Z_threshold0.25_time": 1.1143815517425537, "Z_threshold0.3_of": 36435.54987473576, "Z_threshold0.3_time": 1.1434004306793213, "Z_threshold0.35_of": 36435.54987473576, "Z_threshold0.35_time": 1.0991334915161133, "Z_threshold0.4_of": 36435.54987473576, "Z_threshold0.4_time": 1.1480045318603516, "Z_threshold0.45_of": 36435.54987473576, "Z_threshold0.45_time": 1.2349770069122314, "Z_threshold0.5_of": 36435.54987473576, "Z_threshold0.5_time": 1.1081852912902832}