{"name": "E_1300_279_8286.748.json", "BaldoML_of": 33577.666724838746, "BaldoML_time": 3.4148240089416504, "BaldoGA_of": 32306.37671651716, "BaldoGA_time": 6.074795246124268, "Solver_of": 33811.389009580336, "Solver_time": 9.2344229221344, "Z_threshold0.05_of": 33776.95584060923, "Z_threshold0.05_time": 3.6140406131744385, "Z_threshold0.1_of": 33535.19628206222, "Z_threshold0.1_time": 3.0604288578033447, "Z_threshold0.15_of": 33385.49459515777, "Z_threshold0.15_time": 3.03322172164917, "Z_threshold0.2_of": 33135.26459292783, "Z_threshold0.2_time": 1.8618550300598145}