{"name": "E_1300_450_8174.479.json", "BaldoML_of": 32236.621668647924, "BaldoML_time": 2.5975863933563232, "BaldoGA_of": 31580.39266067585, "BaldoGA_time": 5.44597315788269, "Solver_of": 32514.55625469064, "Solver_time": 14.623166561126709, "Z_threshold0.05_of": 32198.294623080285, "Z_threshold0.05_time": 3.259932279586792, "Z_threshold0.1_of": 31711.147001600966, "Z_threshold0.1_time": 1.6285083293914795, "Z_threshold0.15_of": 30472.265067703007, "Z_threshold0.15_time": 1.2592236995697021, "Z_threshold0.2_of": 30101.76882942133, "Z_threshold0.2_time": 1.2353792190551758, "Z_threshold0.25_of": 29829.475199583616, "Z_threshold0.25_time": 1.2688918113708496}