{"name": "E_1300_674_16966.789.json", "BaldoML_of": 41055.7299719792, "BaldoML_time": 1.8081867694854736, "BaldoGA_of": 40532.924756860324, "BaldoGA_time": 11.801323413848877, "Solver_of": 41859.74853740507, "Solver_time": 31.06306552886963, "Z_threshold0.05_of": 41358.59480104339, "Z_threshold0.05_time": 7.110148906707764, "Z_threshold0.1_of": 40737.29423576178, "Z_threshold0.1_time": 1.839484691619873, "Z_threshold0.15_of": 39657.23922035772, "Z_threshold0.15_time": 1.291632890701294, "Z_threshold0.2_of": 39114.43439831712, "Z_threshold0.2_time": 1.2855982780456543}