{"name": "E_1300_392_16225.245.json", "BaldoML_of": 46736.619434147586, "BaldoML_time": 4.536515474319458, "BaldoGA_of": 45103.00634577298, "BaldoGA_time": 9.582967519760132, "Solver_of": 47222.53378187223, "Solver_time": 15.577943801879883, "Z_threshold0.05_of": 47095.94431450792, "Z_threshold0.05_time": 8.806313037872314, "Z_threshold0.1_of": 46976.09022700183, "Z_threshold0.1_time": 5.011306524276733, "Z_threshold0.15_of": 46805.087396356, "Z_threshold0.15_time": 5.212275505065918, "Z_threshold0.2_of": 46654.79134700659, "Z_threshold0.2_time": 3.328416347503662, "Z_threshold0.25_of": 46390.2044554349, "Z_threshold0.25_time": 2.345886707305908}