{"name": "E_1300_757_16649.825.json", "BaldoML_of": 42989.162954324056, "BaldoML_time": 0.6082489490509033, "BaldoGA_of": 42472.393414448765, "BaldoGA_time": 12.98757815361023, "Solver_of": 43817.55652321659, "Solver_time": 22.48468017578125, "Z_threshold0.05_of": 42867.478476412725, "Z_threshold0.05_time": 0.7257699966430664, "Z_threshold0.1_of": 42299.80125048074, "Z_threshold0.1_time": 0.6079282760620117, "Z_threshold0.15_of": 42263.40879224591, "Z_threshold0.15_time": 0.6116628646850586, "Z_threshold0.2_of": 42263.40879224591, "Z_threshold0.2_time": 0.6241495609283447, "Z_threshold0.25_of": 42263.40879224591, "Z_threshold0.25_time": 0.6117377281188965, "Z_threshold0.3_of": 42263.40879224591, "Z_threshold0.3_time": 0.6128854751586914, "Z_threshold0.35_of": 42263.40879224591, "Z_threshold0.35_time": 0.6144125461578369, "Z_threshold0.4_of": 42263.40879224591, "Z_threshold0.4_time": 0.611147403717041, "Z_threshold0.45_of": 42263.40879224591, "Z_threshold0.45_time": 0.6138808727264404, "Z_threshold0.5_of": 42263.40879224591, "Z_threshold0.5_time": 0.6326761245727539}