{"name": "E_1300_595_11018.932.json", "BaldoML_of": 36048.009295080505, "BaldoML_time": 0.7773857116699219, "BaldoGA_of": 35534.483229667705, "BaldoGA_time": 9.496925592422485, "Solver_of": 36587.141351828715, "Solver_time": 12.508654117584229, "Z_threshold0.05_of": 35774.47058970089, "Z_threshold0.05_time": 1.7618498802185059, "Z_threshold0.1_of": 34390.649003073246, "Z_threshold0.1_time": 1.2069435119628906, "Z_threshold0.15_of": 34038.09340853621, "Z_threshold0.15_time": 1.2080812454223633, "Z_threshold0.2_of": 33990.257208914176, "Z_threshold0.2_time": 1.209826946258545, "Z_threshold0.25_of": 33990.257208914176, "Z_threshold0.25_time": 1.1967720985412598}