{"name": "E_1300_378_11006.926.json", "BaldoML_of": 38163.33019007884, "BaldoML_time": 3.0140535831451416, "BaldoGA_of": 37066.25675229826, "BaldoGA_time": 7.312107086181641, "Solver_of": 38676.23550245677, "Solver_time": 6.458463430404663, "Z_threshold0.05_of": 38611.20108737727, "Z_threshold0.05_time": 9.373030424118042, "Z_threshold0.1_of": 38154.66218662006, "Z_threshold0.1_time": 3.491154670715332, "Z_threshold0.15_of": 37791.1858974928, "Z_threshold0.15_time": 2.3380801677703857, "Z_threshold0.2_of": 37713.54925540333, "Z_threshold0.2_time": 1.7437009811401367, "Z_threshold0.25_of": 37076.82147701251, "Z_threshold0.25_time": 1.2977733612060547}