{"name": "E_1300_364_16369.774.json", "BaldoML_of": 46846.03696627479, "BaldoML_time": 2.8203182220458984, "BaldoGA_of": 45396.221092193584, "BaldoGA_time": 8.128616571426392, "Solver_of": 47656.80299384488, "Solver_time": 19.28974723815918, "Z_threshold0.05_of": 47574.180937738274, "Z_threshold0.05_time": 10.02424931526184}