{"name": "E_1300_600_8348.06.json", "BaldoML_of": 30637.58073323712, "BaldoML_time": 0.7854049205780029, "BaldoGA_of": 30131.73807107566, "BaldoGA_time": 7.842226505279541, "Solver_of": 30875.104759618236, "Solver_time": 4.8183958530426025, "Z_threshold0.05_of": 29642.17150039763, "Z_threshold0.05_time": 1.1391136646270752}