{"name": "E_1300_578_8174.761.json", "BaldoML_of": 32118.41550189665, "BaldoML_time": 0.9184675216674805, "BaldoGA_of": 31676.490506832874, "BaldoGA_time": 9.417248487472534, "Solver_of": 32521.437601070633, "Solver_time": 4.428102254867554, "Z_threshold0.05_of": 31240.780196802596, "Z_threshold0.05_time": 0.6446599960327148, "Z_threshold0.1_of": 31144.45982587278, "Z_threshold0.1_time": 0.6467902660369873, "Z_threshold0.15_of": 31144.45982587278, "Z_threshold0.15_time": 0.6440844535827637, "Z_threshold0.2_of": 31144.45982587278, "Z_threshold0.2_time": 0.6632122993469238, "Z_threshold0.25_of": 31144.45982587278, "Z_threshold0.25_time": 0.6221983432769775, "Z_threshold0.3_of": 31144.45982587278, "Z_threshold0.3_time": 0.6221415996551514, "Z_threshold0.35_of": 31061.148170411496, "Z_threshold0.35_time": 0.6216812133789062, "Z_threshold0.4_of": 31061.148170411496, "Z_threshold0.4_time": 0.624373197555542, "Z_threshold0.45_of": 31061.148170411496, "Z_threshold0.45_time": 0.6209869384765625, "Z_threshold0.5_of": 31061.148170411496, "Z_threshold0.5_time": 0.6298375129699707}