{"name": "E_1300_507_8164.519.json", "BaldoML_of": 31841.99072701644, "BaldoML_time": 1.540921688079834, "BaldoGA_of": 31175.185393985565, "BaldoGA_time": 7.104778528213501, "Solver_of": 32207.512148620706, "Solver_time": 22.156143188476562, "Z_threshold0.05_of": 31600.597497448925, "Z_threshold0.05_time": 0.7331573963165283, "Z_threshold0.1_of": 30542.77832827528, "Z_threshold0.1_time": 0.6079139709472656, "Z_threshold0.15_of": 30211.37211089612, "Z_threshold0.15_time": 0.617992639541626, "Z_threshold0.2_of": 29946.879346086873, "Z_threshold0.2_time": 0.6047866344451904, "Z_threshold0.25_of": 29920.974566884055, "Z_threshold0.25_time": 0.6065189838409424, "Z_threshold0.3_of": 29920.974566884055, "Z_threshold0.3_time": 0.6039490699768066, "Z_threshold0.35_of": 29920.974566884055, "Z_threshold0.35_time": 0.7344136238098145, "Z_threshold0.4_of": 29920.974566884055, "Z_threshold0.4_time": 0.6109597682952881, "Z_threshold0.45_of": 29920.974566884055, "Z_threshold0.45_time": 0.6161141395568848, "Z_threshold0.5_of": 29920.974566884055, "Z_threshold0.5_time": 0.6069340705871582}