{"name": "E_1300_613_16515.962.json", "BaldoML_of": 42976.50514834512, "BaldoML_time": 1.3651371002197266, "BaldoGA_of": 42116.95211979209, "BaldoGA_time": 10.880874872207642, "Solver_of": 43842.14348480509, "Solver_time": 41.512351751327515, "Z_threshold0.05_of": 43797.96240963402, "Z_threshold0.05_time": 13.501694440841675, "Z_threshold0.1_of": 43019.7348212825, "Z_threshold0.1_time": 2.8088974952697754, "Z_threshold0.15_of": 42578.492252034615, "Z_threshold0.15_time": 1.51664137840271, "Z_threshold0.2_of": 41815.97751949047, "Z_threshold0.2_time": 1.4521479606628418}