{"name": "E_1300_528_8237.455.json", "BaldoML_of": 31936.289251018334, "BaldoML_time": 0.708540678024292, "BaldoGA_of": 31386.954937190647, "BaldoGA_time": 8.24611496925354, "Solver_of": 32172.511382487173, "Solver_time": 16.944876432418823, "Z_threshold0.05_of": 31495.928897466732, "Z_threshold0.05_time": 0.7247517108917236, "Z_threshold0.1_of": 30629.038455264636, "Z_threshold0.1_time": 0.780104398727417, "Z_threshold0.15_of": 30629.038455264636, "Z_threshold0.15_time": 0.6341574192047119, "Z_threshold0.2_of": 30629.038455264636, "Z_threshold0.2_time": 0.6312470436096191, "Z_threshold0.25_of": 30629.038455264636, "Z_threshold0.25_time": 0.6173927783966064, "Z_threshold0.3_of": 30629.038455264636, "Z_threshold0.3_time": 0.6153390407562256, "Z_threshold0.35_of": 30629.038455264636, "Z_threshold0.35_time": 0.6122255325317383, "Z_threshold0.4_of": 30629.038455264636, "Z_threshold0.4_time": 0.6138598918914795, "Z_threshold0.45_of": 30629.038455264636, "Z_threshold0.45_time": 0.61155104637146, "Z_threshold0.5_of": 30629.038455264636, "Z_threshold0.5_time": 0.6275627613067627}