{"name": "E_1300_714_8384.089.json", "BaldoML_of": 30858.082268932605, "BaldoML_time": 0.642266035079956, "BaldoGA_of": 30474.414377462068, "BaldoGA_time": 2.985905647277832, "Solver_of": 31206.896836912532, "Solver_time": 2.7823915481567383, "Z_threshold0.05_of": 30483.595006061867, "Z_threshold0.05_time": 1.2144787311553955, "Z_threshold0.1_of": 30483.595006061867, "Z_threshold0.1_time": 1.210036277770996, "Z_threshold0.15_of": 30483.595006061867, "Z_threshold0.15_time": 1.2125203609466553, "Z_threshold0.2_of": 30483.595006061867, "Z_threshold0.2_time": 1.238694190979004, "Z_threshold0.25_of": 30483.595006061867, "Z_threshold0.25_time": 1.2558393478393555}