{"name": "E_1300_594_10974.698.json", "BaldoML_of": 37735.14303735507, "BaldoML_time": 14.019579887390137, "BaldoGA_of": 36774.9593932442, "BaldoGA_time": 9.279073476791382, "Solver_of": 37735.099389167175, "Solver_time": 13.877559423446655, "Z_threshold0.05_of": 37217.64848121358, "Z_threshold0.05_time": 1.444542646408081, "Z_threshold0.1_of": 36228.32787248687, "Z_threshold0.1_time": 1.2856929302215576, "Z_threshold0.15_of": 36075.234292460984, "Z_threshold0.15_time": 1.2871901988983154, "Z_threshold0.2_of": 36043.788031395896, "Z_threshold0.2_time": 1.3647880554199219, "Z_threshold0.25_of": 36010.99425835022, "Z_threshold0.25_time": 1.3414344787597656, "Z_threshold0.3_of": 36010.99425835022, "Z_threshold0.3_time": 1.2901623249053955, "Z_threshold0.35_of": 36010.99425835022, "Z_threshold0.35_time": 1.2475025653839111, "Z_threshold0.4_of": 36010.99425835022, "Z_threshold0.4_time": 1.2864809036254883, "Z_threshold0.45_of": 36010.99425835022, "Z_threshold0.45_time": 1.2431361675262451, "Z_threshold0.5_of": 36010.99425835022, "Z_threshold0.5_time": 1.304039478302002}