{"name": "E_1300_384_16700.53.json", "BaldoML_of": 45299.24669965009, "BaldoML_time": 6.696373224258423, "BaldoGA_of": 43295.733954414056, "BaldoGA_time": 8.249505043029785, "Solver_of": 45931.26726830278, "Solver_time": 21.540432691574097, "Z_threshold0.05_of": 45855.27483388905, "Z_threshold0.05_time": 5.905794143676758, "Z_threshold0.1_of": 45709.72016299873, "Z_threshold0.1_time": 6.435976028442383, "Z_threshold0.15_of": 45378.58964504006, "Z_threshold0.15_time": 4.86296820640564, "Z_threshold0.2_of": 44928.03797246039, "Z_threshold0.2_time": 3.0708916187286377}