{"name": "E_1300_613_8272.763.json", "BaldoML_of": 31241.488621055643, "BaldoML_time": 0.6347160339355469, "BaldoGA_of": 30871.785669511624, "BaldoGA_time": 3.3397912979125977, "Solver_of": 31498.121998529135, "Solver_time": 6.405755043029785, "Z_threshold0.05_of": 30995.69266051421, "Z_threshold0.05_time": 0.641242265701294, "Z_threshold0.1_of": 30995.69266051421, "Z_threshold0.1_time": 0.5677516460418701, "Z_threshold0.15_of": 30995.69266051421, "Z_threshold0.15_time": 0.5730113983154297, "Z_threshold0.2_of": 30995.69266051421, "Z_threshold0.2_time": 0.570763349533081, "Z_threshold0.25_of": 30995.69266051421, "Z_threshold0.25_time": 0.5779569149017334, "Z_threshold0.3_of": 30995.69266051421, "Z_threshold0.3_time": 0.561976432800293, "Z_threshold0.35_of": 30995.69266051421, "Z_threshold0.35_time": 0.5779266357421875, "Z_threshold0.4_of": 30995.69266051421, "Z_threshold0.4_time": 0.5695245265960693, "Z_threshold0.45_of": 30995.69266051421, "Z_threshold0.45_time": 0.568493127822876, "Z_threshold0.5_of": 30995.69266051421, "Z_threshold0.5_time": 0.571232795715332}