{"name": "E_1300_740_11408.187.json", "BaldoML_of": 35137.40925487533, "BaldoML_time": 1.152956247329712, "BaldoGA_of": 34683.40017246478, "BaldoGA_time": 3.574585199356079, "Solver_of": 35626.25666581516, "Solver_time": 3.320552110671997, "Z_threshold0.05_of": 34702.54400891941, "Z_threshold0.05_time": 1.2643918991088867, "Z_threshold0.1_of": 34702.54400891941, "Z_threshold0.1_time": 1.3467230796813965, "Z_threshold0.15_of": 34702.54400891941, "Z_threshold0.15_time": 1.2529261112213135, "Z_threshold0.2_of": 34702.54400891941, "Z_threshold0.2_time": 1.2552950382232666, "Z_threshold0.25_of": 34702.54400891941, "Z_threshold0.25_time": 1.3292317390441895}