{"name": "E_1300_578_8174.761.json", "BaldoML_of": 32118.41550189665, "BaldoML_time": 0.9184675216674805, "BaldoGA_of": 31676.490506832874, "BaldoGA_time": 9.417248487472534, "Solver_of": 32521.437601070633, "Solver_time": 4.428102254867554, "Z_threshold0.05_of": 30790.581804938993, "Z_threshold0.05_time": 1.1813182830810547, "Z_threshold0.1_of": 30688.204114636337, "Z_threshold0.1_time": 1.1828911304473877, "Z_threshold0.15_of": 30610.555550341083, "Z_threshold0.15_time": 1.1770946979522705, "Z_threshold0.2_of": 30610.555550341083, "Z_threshold0.2_time": 1.1814379692077637, "Z_threshold0.25_of": 30610.555550341083, "Z_threshold0.25_time": 1.2510027885437012}