{"name": "E_1300_457_16112.198.json", "BaldoML_of": 45630.837223964365, "BaldoML_time": 1.718013048171997, "BaldoGA_of": 44358.603696248094, "BaldoGA_time": 8.608304262161255, "Solver_of": 46621.204990923776, "Solver_time": 23.2940354347229, "Z_threshold0.05_of": 46576.812633073285, "Z_threshold0.05_time": 7.411164045333862, "Z_threshold0.1_of": 46262.19366336631, "Z_threshold0.1_time": 4.186173439025879, "Z_threshold0.15_of": 46066.86343992971, "Z_threshold0.15_time": 2.6625611782073975, "Z_threshold0.2_of": 45939.51888060694, "Z_threshold0.2_time": 2.2100143432617188, "Z_threshold0.25_of": 45840.56309145858, "Z_threshold0.25_time": 1.5222995281219482, "Z_threshold0.3_of": 45377.73328202238, "Z_threshold0.3_time": 0.7042417526245117, "Z_threshold0.35_of": 45207.811890587545, "Z_threshold0.35_time": 0.6987152099609375, "Z_threshold0.4_of": 44960.17531979422, "Z_threshold0.4_time": 0.7006466388702393, "Z_threshold0.45_of": 44631.22576268167, "Z_threshold0.45_time": 0.699643611907959, "Z_threshold0.5_of": 44067.799971119144, "Z_threshold0.5_time": 0.7051403522491455}