{"name": "E_1300_384_16700.53.json", "BaldoML_of": 45299.24669965009, "BaldoML_time": 6.696373224258423, "BaldoGA_of": 43295.733954414056, "BaldoGA_time": 8.249505043029785, "Solver_of": 45931.26726830278, "Solver_time": 21.540432691574097, "Z_threshold0.05_of": 45855.27483388905, "Z_threshold0.05_time": 5.721233606338501, "Z_threshold0.1_of": 45709.72016299873, "Z_threshold0.1_time": 6.0818774700164795, "Z_threshold0.15_of": 45368.72050746775, "Z_threshold0.15_time": 4.610948085784912, "Z_threshold0.2_of": 44928.12087827144, "Z_threshold0.2_time": 2.542609691619873, "Z_threshold0.25_of": 44587.933503715656, "Z_threshold0.25_time": 2.076374053955078}