{"name": "E_1300_698_16555.562.json", "BaldoML_of": 42775.053543332666, "BaldoML_time": 1.8001856803894043, "BaldoGA_of": 42066.19666428587, "BaldoGA_time": 12.665612697601318, "Solver_of": 43537.51440928841, "Solver_time": 17.723255157470703, "Z_threshold0.05_of": 42984.79387404955, "Z_threshold0.05_time": 7.303135633468628, "Z_threshold0.1_of": 42298.57068191763, "Z_threshold0.1_time": 1.4675233364105225, "Z_threshold0.15_of": 41120.68288965768, "Z_threshold0.15_time": 1.2450623512268066, "Z_threshold0.2_of": 40584.66600244577, "Z_threshold0.2_time": 1.320793867111206}