{"name": "E_1300_754_10737.434.json", "BaldoML_of": 36408.97753293477, "BaldoML_time": 0.7385973930358887, "BaldoGA_of": 35976.8895554826, "BaldoGA_time": 4.493434429168701, "Solver_of": 36736.20094462058, "Solver_time": 2.1706292629241943, "Z_threshold0.05_of": 35986.30341668762, "Z_threshold0.05_time": 1.1469402313232422}