{"name": "E_1300_280_16720.256.json", "BaldoML_of": 48979.22726317046, "BaldoML_time": 20.921149492263794, "BaldoGA_of": 46383.32305985642, "BaldoGA_time": 7.431113958358765, "Solver_of": 48980.14383987719, "Solver_time": 28.111964225769043, "Z_threshold0.05_of": 48822.25574566319, "Z_threshold0.05_time": 4.365202903747559, "Z_threshold0.1_of": 48806.5312634466, "Z_threshold0.1_time": 5.851151466369629, "Z_threshold0.15_of": 48759.82110063701, "Z_threshold0.15_time": 4.285192012786865, "Z_threshold0.2_of": 48703.77934144339, "Z_threshold0.2_time": 5.3773486614227295, "Z_threshold0.25_of": 48622.27845094941, "Z_threshold0.25_time": 4.217127799987793, "Z_threshold0.3_of": 48496.92404390958, "Z_threshold0.3_time": 3.3590805530548096, "Z_threshold0.35_of": 48323.77491105701, "Z_threshold0.35_time": 2.6558656692504883, "Z_threshold0.4_of": 47843.778253201795, "Z_threshold0.4_time": 1.2592494487762451, "Z_threshold0.45_of": 47418.94075492234, "Z_threshold0.45_time": 1.2913928031921387, "Z_threshold0.5_of": 46644.46216077612, "Z_threshold0.5_time": 1.3738999366760254}