{"name": "E_1300_559_11119.957.json", "BaldoML_of": 34104.29600624212, "BaldoML_time": 1.7374444007873535, "BaldoGA_of": 33506.45430948744, "BaldoGA_time": 7.258096218109131, "Solver_of": 34969.82749014849, "Solver_time": 24.174673795700073, "Z_threshold0.05_of": 34340.328903305846, "Z_threshold0.05_time": 4.580660581588745}