{"name": "E_1300_537_16563.682.json", "BaldoML_of": 44284.523613906385, "BaldoML_time": 1.5892701148986816, "BaldoGA_of": 43675.24567901151, "BaldoGA_time": 9.135875225067139, "Solver_of": 45285.46418831079, "Solver_time": 25.445485591888428, "Z_threshold0.05_of": 45165.92810544315, "Z_threshold0.05_time": 14.782610416412354, "Z_threshold0.1_of": 44812.220526875, "Z_threshold0.1_time": 4.242654800415039, "Z_threshold0.15_of": 44347.16990319988, "Z_threshold0.15_time": 1.912761926651001, "Z_threshold0.2_of": 43871.531019980066, "Z_threshold0.2_time": 1.6347787380218506}