{"name": "E_1300_376_8175.839.json", "BaldoML_of": 32518.24376428937, "BaldoML_time": 4.139301776885986, "BaldoGA_of": 31563.188686839378, "BaldoGA_time": 5.378208160400391, "Solver_of": 32920.16288076839, "Solver_time": 13.880196571350098, "Z_threshold0.05_of": 32816.561441638456, "Z_threshold0.05_time": 2.32529616355896, "Z_threshold0.1_of": 32512.69557877331, "Z_threshold0.1_time": 1.5118401050567627, "Z_threshold0.15_of": 32284.786820235564, "Z_threshold0.15_time": 0.9472870826721191, "Z_threshold0.2_of": 31806.492273481563, "Z_threshold0.2_time": 0.6035752296447754, "Z_threshold0.25_of": 31198.93617125443, "Z_threshold0.25_time": 0.6297023296356201, "Z_threshold0.3_of": 30621.371169012633, "Z_threshold0.3_time": 0.5933654308319092, "Z_threshold0.35_of": 30397.612743479476, "Z_threshold0.35_time": 0.5953733921051025, "Z_threshold0.4_of": 30361.866920023054, "Z_threshold0.4_time": 0.654611349105835, "Z_threshold0.45_of": 30361.866920023054, "Z_threshold0.45_time": 0.617668867111206, "Z_threshold0.5_of": 30361.866920023054, "Z_threshold0.5_time": 0.5976009368896484}