{"name": "E_1300_559_11119.957.json", "BaldoML_of": 34104.29600624212, "BaldoML_time": 1.7374444007873535, "BaldoGA_of": 33506.45430948744, "BaldoGA_time": 7.258096218109131, "Solver_of": 34969.82749014849, "Solver_time": 24.174673795700073, "Z_threshold0.05_of": 34349.228479749116, "Z_threshold0.05_time": 5.121995210647583, "Z_threshold0.1_of": 32897.85821072578, "Z_threshold0.1_time": 1.4387567043304443, "Z_threshold0.15_of": 31958.005538703925, "Z_threshold0.15_time": 1.3419148921966553, "Z_threshold0.2_of": 31623.395558787397, "Z_threshold0.2_time": 1.3239467144012451}