{"name": "E_1300_411_8219.47.json", "BaldoML_of": 31935.870140535993, "BaldoML_time": 2.261054039001465, "BaldoGA_of": 31135.39631399929, "BaldoGA_time": 5.71277642250061, "Solver_of": 32202.788464337227, "Solver_time": 22.499231576919556, "Z_threshold0.05_of": 32112.4153188592, "Z_threshold0.05_time": 7.271402835845947, "Z_threshold0.1_of": 31798.135179691257, "Z_threshold0.1_time": 1.541973352432251, "Z_threshold0.15_of": 31692.709823723024, "Z_threshold0.15_time": 0.7780420780181885, "Z_threshold0.2_of": 30974.15573925341, "Z_threshold0.2_time": 0.7017130851745605, "Z_threshold0.25_of": 30397.693682181252, "Z_threshold0.25_time": 0.5760047435760498, "Z_threshold0.3_of": 30020.01601451902, "Z_threshold0.3_time": 0.5584518909454346, "Z_threshold0.35_of": 30020.01601451902, "Z_threshold0.35_time": 0.6057519912719727, "Z_threshold0.4_of": 30020.01601451902, "Z_threshold0.4_time": 0.5628421306610107, "Z_threshold0.45_of": 30020.01601451902, "Z_threshold0.45_time": 0.5571513175964355, "Z_threshold0.5_of": 30020.01601451902, "Z_threshold0.5_time": 0.5583927631378174}