{"name": "E_1300_527_11122.798.json", "BaldoML_of": 37316.06793513317, "BaldoML_time": 18.84028697013855, "BaldoGA_of": 36045.42415762624, "BaldoGA_time": 8.38819169998169, "Solver_of": 37315.79241849383, "Solver_time": 18.418962955474854, "Z_threshold0.05_of": 36798.05103407377, "Z_threshold0.05_time": 5.153655290603638, "Z_threshold0.1_of": 36551.3889033177, "Z_threshold0.1_time": 1.3393561840057373, "Z_threshold0.15_of": 35709.00573407905, "Z_threshold0.15_time": 1.1930193901062012, "Z_threshold0.2_of": 34884.67236393809, "Z_threshold0.2_time": 1.1774728298187256, "Z_threshold0.25_of": 34250.43373140409, "Z_threshold0.25_time": 1.1533310413360596, "Z_threshold0.3_of": 34087.83660040062, "Z_threshold0.3_time": 1.1561322212219238, "Z_threshold0.35_of": 34007.87712672901, "Z_threshold0.35_time": 1.1671082973480225, "Z_threshold0.4_of": 34007.87712672901, "Z_threshold0.4_time": 1.1554110050201416, "Z_threshold0.45_of": 33932.210599448146, "Z_threshold0.45_time": 1.184173822402954, "Z_threshold0.5_of": 33902.9653311694, "Z_threshold0.5_time": 1.1567747592926025}