{"name": "E_1300_703_8278.738.json", "BaldoML_of": 32599.21603536767, "BaldoML_time": 0.6184437274932861, "BaldoGA_of": 32285.1909889913, "BaldoGA_time": 3.1387298107147217, "Solver_of": 32856.96083230595, "Solver_time": 1.9805591106414795, "Z_threshold0.05_of": 32285.190988991297, "Z_threshold0.05_time": 1.1993403434753418, "Z_threshold0.1_of": 32285.190988991297, "Z_threshold0.1_time": 1.286008358001709, "Z_threshold0.15_of": 32285.190988991297, "Z_threshold0.15_time": 1.1772925853729248, "Z_threshold0.2_of": 32285.190988991297, "Z_threshold0.2_time": 1.1767451763153076}