{"name": "E_1300_466_8657.207.json", "BaldoML_of": 30294.962116492065, "BaldoML_time": 3.363898277282715, "BaldoGA_of": 29716.77842033537, "BaldoGA_time": 6.799584627151489, "Solver_of": 30652.724128145102, "Solver_time": 31.583979845046997, "Z_threshold0.05_of": 30116.60184695721, "Z_threshold0.05_time": 2.4931716918945312, "Z_threshold0.1_of": 29717.663266389714, "Z_threshold0.1_time": 1.29726243019104, "Z_threshold0.15_of": 28930.216844582414, "Z_threshold0.15_time": 1.2224516868591309, "Z_threshold0.2_of": 28792.128926658734, "Z_threshold0.2_time": 1.3438701629638672, "Z_threshold0.25_of": 28452.02563812065, "Z_threshold0.25_time": 1.3573517799377441}