{"name": "E_1300_495_16871.412.json", "BaldoML_of": 43873.65732032342, "BaldoML_time": 2.0604441165924072, "BaldoGA_of": 42351.039810481445, "BaldoGA_time": 8.421932697296143, "Solver_of": 44821.076378756574, "Solver_time": 24.51339602470398, "Z_threshold0.05_of": 44737.42191458749, "Z_threshold0.05_time": 4.07127833366394}