{"name": "E_1300_406_8376.461.json", "BaldoML_of": 32007.439579675276, "BaldoML_time": 3.031754732131958, "BaldoGA_of": 31177.803985975785, "BaldoGA_time": 5.7659149169921875, "Solver_of": 32222.38446222713, "Solver_time": 20.69040870666504, "Z_threshold0.05_of": 32052.044913729176, "Z_threshold0.05_time": 5.435846567153931, "Z_threshold0.1_of": 31696.145704612583, "Z_threshold0.1_time": 1.839045763015747, "Z_threshold0.15_of": 31188.58606284095, "Z_threshold0.15_time": 1.198833703994751, "Z_threshold0.2_of": 30438.015290151823, "Z_threshold0.2_time": 1.2034153938293457, "Z_threshold0.25_of": 30478.06992011354, "Z_threshold0.25_time": 1.1989290714263916}