{"name": "E_1300_313_8570.498.json", "BaldoML_of": 33167.94160827042, "BaldoML_time": 2.6493635177612305, "BaldoGA_of": 32006.32878818704, "BaldoGA_time": 5.719344854354858, "Solver_of": 33274.452707839584, "Solver_time": 6.963048219680786, "Z_threshold0.05_of": 33235.80771297503, "Z_threshold0.05_time": 3.773432731628418, "Z_threshold0.1_of": 33063.24719097749, "Z_threshold0.1_time": 2.412916421890259, "Z_threshold0.15_of": 32846.2527163376, "Z_threshold0.15_time": 1.9166591167449951, "Z_threshold0.2_of": 32382.869763739964, "Z_threshold0.2_time": 1.2581593990325928, "Z_threshold0.25_of": 31953.335721502826, "Z_threshold0.25_time": 1.2039828300476074}