{"name": "E_1300_415_10796.825.json", "BaldoML_of": 38199.256472635185, "BaldoML_time": 1.945281744003296, "BaldoGA_of": 37352.70619199625, "BaldoGA_time": 7.359928131103516, "Solver_of": 38754.80203350647, "Solver_time": 25.101715803146362, "Z_threshold0.05_of": 38597.46485427542, "Z_threshold0.05_time": 7.717801809310913, "Z_threshold0.1_of": 38225.546215626564, "Z_threshold0.1_time": 2.1570591926574707, "Z_threshold0.15_of": 37852.21289820744, "Z_threshold0.15_time": 0.9252293109893799, "Z_threshold0.2_of": 37590.575881857876, "Z_threshold0.2_time": 0.6666955947875977, "Z_threshold0.25_of": 37153.09367845405, "Z_threshold0.25_time": 0.6654877662658691, "Z_threshold0.3_of": 36916.851852919215, "Z_threshold0.3_time": 0.692887544631958, "Z_threshold0.35_of": 36650.096558245874, "Z_threshold0.35_time": 0.6357367038726807, "Z_threshold0.4_of": 36420.32928690322, "Z_threshold0.4_time": 0.6312136650085449, "Z_threshold0.45_of": 35973.839096571995, "Z_threshold0.45_time": 0.6255795955657959, "Z_threshold0.5_of": 35479.00531164913, "Z_threshold0.5_time": 0.627448320388794}