{"name": "E_1300_274_16469.97.json", "BaldoML_of": 48196.40406752305, "BaldoML_time": 4.431320667266846, "BaldoGA_of": 46345.493968602066, "BaldoGA_time": 6.845395803451538, "Solver_of": 48800.04941099638, "Solver_time": 26.666969299316406, "Z_threshold0.05_of": 48659.89703107419, "Z_threshold0.05_time": 6.686729192733765, "Z_threshold0.1_of": 48529.666230291594, "Z_threshold0.1_time": 6.855311393737793, "Z_threshold0.15_of": 48446.81513405559, "Z_threshold0.15_time": 5.98103141784668, "Z_threshold0.2_of": 48222.319514973446, "Z_threshold0.2_time": 6.021396636962891, "Z_threshold0.25_of": 47865.022321612225, "Z_threshold0.25_time": 4.31679105758667}