{"name": "E_1300_753_11425.367.json", "BaldoML_of": 34322.53903801256, "BaldoML_time": 0.6961319446563721, "BaldoGA_of": 33884.73109979627, "BaldoGA_time": 4.04676079750061, "Solver_of": 34923.7553654612, "Solver_time": 2.6622507572174072, "Z_threshold0.05_of": 34212.325940067625, "Z_threshold0.05_time": 0.7067070007324219, "Z_threshold0.1_of": 34212.325940067625, "Z_threshold0.1_time": 0.702751874923706, "Z_threshold0.15_of": 34212.325940067625, "Z_threshold0.15_time": 0.731816291809082, "Z_threshold0.2_of": 34212.325940067625, "Z_threshold0.2_time": 0.7021512985229492, "Z_threshold0.25_of": 34212.325940067625, "Z_threshold0.25_time": 0.7011773586273193, "Z_threshold0.3_of": 34212.325940067625, "Z_threshold0.3_time": 0.7060801982879639, "Z_threshold0.35_of": 34212.325940067625, "Z_threshold0.35_time": 0.7044336795806885, "Z_threshold0.4_of": 34212.325940067625, "Z_threshold0.4_time": 0.7077369689941406, "Z_threshold0.45_of": 34212.325940067625, "Z_threshold0.45_time": 0.7137246131896973, "Z_threshold0.5_of": 34212.325940067625, "Z_threshold0.5_time": 0.7099368572235107}