{"name": "E_1300_376_8175.839.json", "BaldoML_of": 32518.24376428937, "BaldoML_time": 4.139301776885986, "BaldoGA_of": 31563.188686839378, "BaldoGA_time": 5.378208160400391, "Solver_of": 32920.16288076839, "Solver_time": 13.880196571350098, "Z_threshold0.05_of": 32769.882502475986, "Z_threshold0.05_time": 4.396884441375732, "Z_threshold0.1_of": 32187.54038628683, "Z_threshold0.1_time": 2.417823553085327, "Z_threshold0.15_of": 31796.99990248686, "Z_threshold0.15_time": 1.4767096042633057, "Z_threshold0.2_of": 31321.776517639002, "Z_threshold0.2_time": 1.2151169776916504, "Z_threshold0.25_of": 30898.0194140572, "Z_threshold0.25_time": 1.2904083728790283}