{"name": "E_1300_735_8261.144.json", "BaldoML_of": 32420.497631692742, "BaldoML_time": 0.7362558841705322, "BaldoGA_of": 32130.252915390065, "BaldoGA_time": 3.366694450378418, "Solver_of": 32779.227772798135, "Solver_time": 2.259981870651245, "Z_threshold0.05_of": 32300.33046517478, "Z_threshold0.05_time": 0.5765781402587891, "Z_threshold0.1_of": 32300.33046517478, "Z_threshold0.1_time": 0.5687136650085449, "Z_threshold0.15_of": 32300.33046517478, "Z_threshold0.15_time": 0.574232816696167, "Z_threshold0.2_of": 32300.33046517478, "Z_threshold0.2_time": 0.5678832530975342, "Z_threshold0.25_of": 32300.33046517478, "Z_threshold0.25_time": 0.5688161849975586, "Z_threshold0.3_of": 32300.33046517478, "Z_threshold0.3_time": 0.5711839199066162, "Z_threshold0.35_of": 32300.33046517478, "Z_threshold0.35_time": 0.5664310455322266, "Z_threshold0.4_of": 32300.33046517478, "Z_threshold0.4_time": 0.5676648616790771, "Z_threshold0.45_of": 32300.33046517478, "Z_threshold0.45_time": 0.5748014450073242, "Z_threshold0.5_of": 32300.33046517478, "Z_threshold0.5_time": 0.5726344585418701}