{"name": "E_1300_389_10871.312.json", "BaldoML_of": 40316.33285022184, "BaldoML_time": 2.945096969604492, "BaldoGA_of": 39255.76250361724, "BaldoGA_time": 7.6953125, "Solver_of": 40557.227832537064, "Solver_time": 14.874006271362305, "Z_threshold0.05_of": 40492.467782008374, "Z_threshold0.05_time": 7.147806644439697, "Z_threshold0.1_of": 40185.526687880134, "Z_threshold0.1_time": 2.58252215385437, "Z_threshold0.15_of": 39866.95948106128, "Z_threshold0.15_time": 2.2743237018585205, "Z_threshold0.2_of": 39567.17613419057, "Z_threshold0.2_time": 1.7424750328063965}