{"name": "E_1300_552_8287.127.json", "BaldoML_of": 32365.25900488281, "BaldoML_time": 1.14381742477417, "BaldoGA_of": 31953.981631760467, "BaldoGA_time": 7.863851070404053, "Solver_of": 32779.259162415365, "Solver_time": 3.6481516361236572, "Z_threshold0.05_of": 31274.52358615903, "Z_threshold0.05_time": 1.2896595001220703, "Z_threshold0.1_of": 30895.052749735634, "Z_threshold0.1_time": 1.202446460723877, "Z_threshold0.15_of": 30895.052749735634, "Z_threshold0.15_time": 1.1952857971191406, "Z_threshold0.2_of": 30895.052749735634, "Z_threshold0.2_time": 1.2125616073608398, "Z_threshold0.25_of": 30895.052749735634, "Z_threshold0.25_time": 1.1917521953582764}