{"name": "E_1300_748_16616.796.json", "BaldoML_of": 42005.69076165585, "BaldoML_time": 0.6103672981262207, "BaldoGA_of": 41443.349335242805, "BaldoGA_time": 14.723609447479248, "Solver_of": 42730.037761969856, "Solver_time": 25.706269025802612, "Z_threshold0.05_of": 42049.09626461095, "Z_threshold0.05_time": 0.6611814498901367, "Z_threshold0.1_of": 41688.74224204877, "Z_threshold0.1_time": 0.644446849822998, "Z_threshold0.15_of": 41688.74224204877, "Z_threshold0.15_time": 0.651749849319458, "Z_threshold0.2_of": 41688.74224204877, "Z_threshold0.2_time": 0.6465508937835693, "Z_threshold0.25_of": 41688.74224204877, "Z_threshold0.25_time": 0.7192447185516357, "Z_threshold0.3_of": 41688.74224204877, "Z_threshold0.3_time": 0.6512269973754883, "Z_threshold0.35_of": 41593.9526923104, "Z_threshold0.35_time": 0.7824344635009766, "Z_threshold0.4_of": 41593.9526923104, "Z_threshold0.4_time": 0.6460850238800049, "Z_threshold0.45_of": 41593.9526923104, "Z_threshold0.45_time": 0.6471512317657471, "Z_threshold0.5_of": 41593.9526923104, "Z_threshold0.5_time": 0.6549656391143799}