{"name": "E_1300_296_16637.189.json", "BaldoML_of": 47488.97426510397, "BaldoML_time": 3.672464370727539, "BaldoGA_of": 44943.539683320036, "BaldoGA_time": 6.587149143218994, "Solver_of": 48181.9761003796, "Solver_time": 14.760047912597656, "Z_threshold0.05_of": 48116.66764816929, "Z_threshold0.05_time": 5.9308531284332275, "Z_threshold0.1_of": 48093.19941004488, "Z_threshold0.1_time": 12.436593294143677, "Z_threshold0.15_of": 47879.65252242624, "Z_threshold0.15_time": 6.146310329437256, "Z_threshold0.2_of": 47599.81613988163, "Z_threshold0.2_time": 5.846729755401611}