{"name": "E_1300_280_10874.969.json", "BaldoML_of": 38526.83055620766, "BaldoML_time": 3.943150758743286, "BaldoGA_of": 37241.511908861496, "BaldoGA_time": 6.336116313934326, "Solver_of": 39051.581566813984, "Solver_time": 12.482844829559326, "Z_threshold0.05_of": 38961.63659197078, "Z_threshold0.05_time": 4.533772230148315, "Z_threshold0.1_of": 38813.47053277172, "Z_threshold0.1_time": 4.1631081104278564, "Z_threshold0.15_of": 38595.00431127994, "Z_threshold0.15_time": 3.1962063312530518, "Z_threshold0.2_of": 38402.25025535572, "Z_threshold0.2_time": 2.3697915077209473, "Z_threshold0.25_of": 38054.25773638479, "Z_threshold0.25_time": 1.5168089866638184, "Z_threshold0.3_of": 37518.73363853064, "Z_threshold0.3_time": 0.6685864925384521, "Z_threshold0.35_of": 37125.90375115694, "Z_threshold0.35_time": 0.6624147891998291, "Z_threshold0.4_of": 36848.22436198391, "Z_threshold0.4_time": 0.6638412475585938, "Z_threshold0.45_of": 36273.78555328501, "Z_threshold0.45_time": 0.6607022285461426, "Z_threshold0.5_of": 35544.5221019166, "Z_threshold0.5_time": 0.656644344329834}