{"name": "E_1300_521_16946.895.json", "BaldoML_of": 43010.01527871094, "BaldoML_time": 1.2583513259887695, "BaldoGA_of": 42449.15383520606, "BaldoGA_time": 8.927011966705322, "Solver_of": 44094.31415042761, "Solver_time": 30.761729955673218, "Z_threshold0.05_of": 44027.65518647545, "Z_threshold0.05_time": 13.93584680557251, "Z_threshold0.1_of": 43652.73312080322, "Z_threshold0.1_time": 4.477448225021362, "Z_threshold0.15_of": 43252.283922809445, "Z_threshold0.15_time": 2.541325330734253, "Z_threshold0.2_of": 42893.25276517083, "Z_threshold0.2_time": 2.0050995349884033, "Z_threshold0.25_of": 42383.8634611608, "Z_threshold0.25_time": 1.337632179260254}