{"name": "E_1300_703_8278.738.json", "BaldoML_of": 32836.95019199947, "BaldoML_time": 2.124896287918091, "BaldoGA_of": 32285.1909889913, "BaldoGA_time": 3.1387298107147217, "Solver_of": 32856.96083230595, "Solver_time": 1.9805591106414795, "Z_threshold0.05_of": 32416.96296980249, "Z_threshold0.05_time": 1.233020544052124, "Z_threshold0.1_of": 32416.96296980249, "Z_threshold0.1_time": 1.25870680809021, "Z_threshold0.15_of": 32416.96296980249, "Z_threshold0.15_time": 1.2699313163757324, "Z_threshold0.2_of": 32416.96296980249, "Z_threshold0.2_time": 1.3896453380584717, "Z_threshold0.25_of": 32416.96296980249, "Z_threshold0.25_time": 1.3025517463684082, "Z_threshold0.3_of": 32416.96296980249, "Z_threshold0.3_time": 1.265089511871338, "Z_threshold0.35_of": 32416.96296980249, "Z_threshold0.35_time": 1.2242779731750488, "Z_threshold0.4_of": 32416.96296980249, "Z_threshold0.4_time": 1.260845422744751, "Z_threshold0.45_of": 32416.96296980249, "Z_threshold0.45_time": 1.2487425804138184, "Z_threshold0.5_of": 32416.96296980249, "Z_threshold0.5_time": 1.2587964534759521}