{"name": "E_1300_300_16575.462.json", "BaldoML_of": 48256.702465844864, "BaldoML_time": 4.146158695220947, "BaldoGA_of": 46625.62612631212, "BaldoGA_time": 6.198189735412598, "Solver_of": 48780.757591310474, "Solver_time": 16.584705591201782, "Z_threshold0.05_of": 48755.50375495699, "Z_threshold0.05_time": 4.662991285324097}