{"name": "E_1300_573_11380.506.json", "BaldoML_of": 35665.5437682894, "BaldoML_time": 1.3398852348327637, "BaldoGA_of": 35152.53185126474, "BaldoGA_time": 8.572233200073242, "Solver_of": 36097.358051347685, "Solver_time": 17.399030685424805, "Z_threshold0.05_of": 35599.780771108046, "Z_threshold0.05_time": 1.997307538986206}