{"name": "E_1300_594_8252.955.json", "BaldoML_of": 32905.9411416606, "BaldoML_time": 0.6192893981933594, "BaldoGA_of": 32356.831369148447, "BaldoGA_time": 8.711321830749512, "Solver_of": 33176.760275528664, "Solver_time": 4.814393520355225, "Z_threshold0.05_of": 32090.07754353093, "Z_threshold0.05_time": 0.6438939571380615, "Z_threshold0.1_of": 32090.07754353093, "Z_threshold0.1_time": 0.6271417140960693, "Z_threshold0.15_of": 32090.07754353093, "Z_threshold0.15_time": 0.6120400428771973, "Z_threshold0.2_of": 32090.07754353093, "Z_threshold0.2_time": 0.6088497638702393, "Z_threshold0.25_of": 32090.07754353093, "Z_threshold0.25_time": 0.6106915473937988, "Z_threshold0.3_of": 32090.07754353093, "Z_threshold0.3_time": 0.6223182678222656, "Z_threshold0.35_of": 32090.07754353093, "Z_threshold0.35_time": 0.6078915596008301, "Z_threshold0.4_of": 32090.07754353093, "Z_threshold0.4_time": 0.6132385730743408, "Z_threshold0.45_of": 32090.07754353093, "Z_threshold0.45_time": 0.6105217933654785, "Z_threshold0.5_of": 32090.07754353093, "Z_threshold0.5_time": 0.6055030822753906}