{"name": "E_1500_640_12681.475.json", "BaldoML_of": 41780.26317552301, "BaldoML_time": 3.7210772037506104, "BaldoGA_of": 40989.67693652972, "BaldoGA_time": 10.684603691101074, "Solver_of": 42441.99702508787, "Solver_time": 40.044843673706055, "Z_threshold0.05_of": 41797.577635670874, "Z_threshold0.05_time": 5.325265884399414, "Z_threshold0.1_of": 40501.212653502385, "Z_threshold0.1_time": 1.4745373725891113, "Z_threshold0.15_of": 39387.49698260457, "Z_threshold0.15_time": 1.529919147491455, "Z_threshold0.2_of": 39129.672001093895, "Z_threshold0.2_time": 1.471634864807129, "Z_threshold0.25_of": 39087.29513960478, "Z_threshold0.25_time": 1.535813331604004}