{"name": "E_1500_354_19010.626.json", "BaldoML_of": 56034.2792950224, "BaldoML_time": 5.40258264541626, "BaldoGA_of": 52962.304762998465, "BaldoGA_time": 9.87353253364563, "Solver_of": 56458.77967864917, "Solver_time": 27.462716341018677, "Z_threshold0.05_of": 56362.77906395757, "Z_threshold0.05_time": 12.878286361694336, "Z_threshold0.1_of": 56224.47601077777, "Z_threshold0.1_time": 6.462647914886475, "Z_threshold0.15_of": 55874.3795546161, "Z_threshold0.15_time": 5.531066417694092, "Z_threshold0.2_of": 55405.63487784896, "Z_threshold0.2_time": 4.054597854614258}