{"name": "E_1500_861_19440.918.json", "BaldoML_of": 49185.1588600239, "BaldoML_time": 0.8448495864868164, "BaldoGA_of": 48435.82527866443, "BaldoGA_time": 17.368395805358887, "Solver_of": 50054.87514804968, "Solver_time": 16.931079626083374, "Z_threshold0.05_of": 49457.65311268838, "Z_threshold0.05_time": 2.604771852493286, "Z_threshold0.1_of": 47535.52205940232, "Z_threshold0.1_time": 1.4661500453948975, "Z_threshold0.15_of": 46752.05006482305, "Z_threshold0.15_time": 1.5444893836975098, "Z_threshold0.2_of": 46555.79521889385, "Z_threshold0.2_time": 1.451230525970459, "Z_threshold0.25_of": 46482.55633084509, "Z_threshold0.25_time": 1.5378167629241943}