{"name": "E_1500_314_9593.729.json", "BaldoML_of": 38941.61396255086, "BaldoML_time": 5.755450963973999, "BaldoGA_of": 37598.26154272838, "BaldoGA_time": 6.3938539028167725, "Solver_of": 39210.20698548109, "Solver_time": 7.977410316467285, "Z_threshold0.05_of": 39080.73650913783, "Z_threshold0.05_time": 5.282548189163208, "Z_threshold0.1_of": 38916.86482819692, "Z_threshold0.1_time": 4.66567325592041, "Z_threshold0.15_of": 38616.86111142357, "Z_threshold0.15_time": 2.9610164165496826, "Z_threshold0.2_of": 38532.19313681258, "Z_threshold0.2_time": 2.7173001766204834}