{"name": "E_1500_810_9632.096.json", "BaldoML_of": 37138.55318420613, "BaldoML_time": 0.8226275444030762, "BaldoGA_of": 36697.3650437555, "BaldoGA_time": 4.608383655548096, "Solver_of": 37540.37008728131, "Solver_time": 2.6909000873565674, "Z_threshold0.05_of": 36932.2616088795, "Z_threshold0.05_time": 0.8898468017578125, "Z_threshold0.1_of": 36932.2616088795, "Z_threshold0.1_time": 0.7863028049468994, "Z_threshold0.15_of": 36932.2616088795, "Z_threshold0.15_time": 0.7952561378479004, "Z_threshold0.2_of": 36932.2616088795, "Z_threshold0.2_time": 0.8522939682006836, "Z_threshold0.25_of": 36932.2616088795, "Z_threshold0.25_time": 0.8658945560455322, "Z_threshold0.3_of": 36932.2616088795, "Z_threshold0.3_time": 0.9926345348358154, "Z_threshold0.35_of": 36932.2616088795, "Z_threshold0.35_time": 0.836766242980957, "Z_threshold0.4_of": 36932.2616088795, "Z_threshold0.4_time": 0.8550779819488525, "Z_threshold0.45_of": 36932.2616088795, "Z_threshold0.45_time": 0.8504559993743896, "Z_threshold0.5_of": 36932.2616088795, "Z_threshold0.5_time": 0.8528270721435547}