{"name": "E_1500_460_9491.007.json", "BaldoML_of": 37169.46279150476, "BaldoML_time": 3.004188060760498, "BaldoGA_of": 36139.58122397133, "BaldoGA_time": 6.996880292892456, "Solver_of": 37492.32330577557, "Solver_time": 16.400660037994385, "Z_threshold0.05_of": 37349.029586080826, "Z_threshold0.05_time": 4.484221696853638}