{"name": "E_1500_883_18953.113.json", "BaldoML_of": 50939.98126114567, "BaldoML_time": 0.7754426002502441, "BaldoGA_of": 50424.3026826597, "BaldoGA_time": 16.68289589881897, "Solver_of": 51771.39870574914, "Solver_time": 25.272918939590454, "Z_threshold0.05_of": 50686.776348147076, "Z_threshold0.05_time": 0.7455253601074219, "Z_threshold0.1_of": 50592.204892523696, "Z_threshold0.1_time": 0.7501406669616699, "Z_threshold0.15_of": 50592.204892523696, "Z_threshold0.15_time": 0.766812801361084, "Z_threshold0.2_of": 50592.204892523696, "Z_threshold0.2_time": 0.751244306564331, "Z_threshold0.25_of": 50592.204892523696, "Z_threshold0.25_time": 0.7447166442871094, "Z_threshold0.3_of": 50592.204892523696, "Z_threshold0.3_time": 0.7533140182495117, "Z_threshold0.35_of": 50592.204892523696, "Z_threshold0.35_time": 0.9011659622192383, "Z_threshold0.4_of": 50592.204892523696, "Z_threshold0.4_time": 0.7716472148895264, "Z_threshold0.45_of": 50592.204892523696, "Z_threshold0.45_time": 0.7474720478057861, "Z_threshold0.5_of": 50592.204892523696, "Z_threshold0.5_time": 0.7437717914581299}