{"name": "E_1500_482_19098.13.json", "BaldoML_of": 52859.07439610151, "BaldoML_time": 23.521438121795654, "BaldoGA_of": 50020.17011104056, "BaldoGA_time": 9.612868785858154, "Solver_of": 52880.30642120888, "Solver_time": 28.514605045318604, "Z_threshold0.05_of": 52642.95772640157, "Z_threshold0.05_time": 6.628875494003296, "Z_threshold0.1_of": 52526.107344831624, "Z_threshold0.1_time": 8.322170734405518, "Z_threshold0.15_of": 52315.28162222518, "Z_threshold0.15_time": 4.927408218383789, "Z_threshold0.2_of": 52071.39004981456, "Z_threshold0.2_time": 3.431562900543213, "Z_threshold0.25_of": 51741.11571811683, "Z_threshold0.25_time": 3.0183396339416504, "Z_threshold0.3_of": 51284.001574562244, "Z_threshold0.3_time": 1.6416141986846924, "Z_threshold0.35_of": 50774.32359147639, "Z_threshold0.35_time": 1.8536622524261475, "Z_threshold0.4_of": 50545.97446867801, "Z_threshold0.4_time": 1.7182002067565918, "Z_threshold0.45_of": 49986.16942330515, "Z_threshold0.45_time": 1.7366211414337158, "Z_threshold0.5_of": 49639.25386390987, "Z_threshold0.5_time": 1.7365615367889404}