{"name": "E_1500_708_12721.463.json", "BaldoML_of": 40651.30563764934, "BaldoML_time": 0.8220946788787842, "BaldoGA_of": 39923.29119742812, "BaldoGA_time": 11.291436672210693, "Solver_of": 41376.08899920789, "Solver_time": 21.008930921554565, "Z_threshold0.05_of": 40496.171302512295, "Z_threshold0.05_time": 1.841707468032837, "Z_threshold0.1_of": 38445.68387320052, "Z_threshold0.1_time": 1.468019962310791, "Z_threshold0.15_of": 38039.111378555055, "Z_threshold0.15_time": 1.4637503623962402, "Z_threshold0.2_of": 37913.54511400085, "Z_threshold0.2_time": 1.5420267581939697, "Z_threshold0.25_of": 37861.95144138731, "Z_threshold0.25_time": 1.4713168144226074}