{"name": "E_1500_631_12625.378.json", "BaldoML_of": 42183.142142769284, "BaldoML_time": 3.1492574214935303, "BaldoGA_of": 41411.0351437632, "BaldoGA_time": 10.225085020065308, "Solver_of": 42661.5559178069, "Solver_time": 22.775182962417603, "Z_threshold0.05_of": 42220.921258262206, "Z_threshold0.05_time": 4.481698274612427}