{"name": "E_1500_734_9754.322.json", "BaldoML_of": 36844.31092237166, "BaldoML_time": 2.836071491241455, "BaldoGA_of": 35890.22709200058, "BaldoGA_time": 4.195880889892578, "Solver_of": 36854.14221821308, "Solver_time": 2.9631223678588867, "Z_threshold0.05_of": 36189.770526016066, "Z_threshold0.05_time": 1.670705795288086, "Z_threshold0.1_of": 36189.770526016066, "Z_threshold0.1_time": 1.5636236667633057, "Z_threshold0.15_of": 36189.770526016066, "Z_threshold0.15_time": 1.5568253993988037, "Z_threshold0.2_of": 36189.770526016066, "Z_threshold0.2_time": 1.5882649421691895, "Z_threshold0.25_of": 36189.770526016066, "Z_threshold0.25_time": 1.6691062450408936, "Z_threshold0.3_of": 36189.770526016066, "Z_threshold0.3_time": 1.6084544658660889, "Z_threshold0.35_of": 36189.770526016066, "Z_threshold0.35_time": 1.6029894351959229, "Z_threshold0.4_of": 36189.770526016066, "Z_threshold0.4_time": 1.6969871520996094, "Z_threshold0.45_of": 36189.770526016066, "Z_threshold0.45_time": 1.714625597000122, "Z_threshold0.5_of": 36189.770526016066, "Z_threshold0.5_time": 1.6511785984039307}