{"name": "E_1500_690_19493.507.json", "BaldoML_of": 49807.48012370646, "BaldoML_time": 1.8499901294708252, "BaldoGA_of": 48960.59252768717, "BaldoGA_time": 10.553660154342651, "Solver_of": 51226.01458346279, "Solver_time": 36.86753511428833, "Z_threshold0.05_of": 50987.5241568785, "Z_threshold0.05_time": 12.476739645004272}