{"name": "E_1500_813_12740.574.json", "BaldoML_of": 41331.58006350828, "BaldoML_time": 1.0871751308441162, "BaldoGA_of": 40847.31626381691, "BaldoGA_time": 13.172571182250977, "Solver_of": 41769.73027951481, "Solver_time": 7.0188493728637695, "Z_threshold0.05_of": 40567.91532620229, "Z_threshold0.05_time": 1.4550957679748535, "Z_threshold0.1_of": 40567.91532620229, "Z_threshold0.1_time": 1.442293405532837, "Z_threshold0.15_of": 40567.91532620229, "Z_threshold0.15_time": 1.4416530132293701, "Z_threshold0.2_of": 40567.91532620229, "Z_threshold0.2_time": 1.4596898555755615}