{"name": "E_1500_878_12572.182.json", "BaldoML_of": 43586.010693861244, "BaldoML_time": 2.489870548248291, "BaldoGA_of": 42610.64742094955, "BaldoGA_time": 5.663070201873779, "Solver_of": 43588.00090751987, "Solver_time": 2.410176992416382, "Z_threshold0.05_of": 43022.58261674084, "Z_threshold0.05_time": 1.6626653671264648, "Z_threshold0.1_of": 43022.58261674084, "Z_threshold0.1_time": 1.589141845703125, "Z_threshold0.15_of": 43022.58261674084, "Z_threshold0.15_time": 1.6858882904052734, "Z_threshold0.2_of": 43022.58261674084, "Z_threshold0.2_time": 1.6200685501098633, "Z_threshold0.25_of": 43022.58261674084, "Z_threshold0.25_time": 1.5887889862060547, "Z_threshold0.3_of": 43022.58261674084, "Z_threshold0.3_time": 1.728093147277832, "Z_threshold0.35_of": 43022.58261674084, "Z_threshold0.35_time": 1.6493282318115234, "Z_threshold0.4_of": 43022.58261674084, "Z_threshold0.4_time": 1.6497938632965088, "Z_threshold0.45_of": 43022.58261674084, "Z_threshold0.45_time": 1.6318044662475586, "Z_threshold0.5_of": 43022.58261674084, "Z_threshold0.5_time": 1.6251418590545654}