{"name": "E_1500_368_12973.744.json", "BaldoML_of": 43698.5030970676, "BaldoML_time": 3.9546902179718018, "BaldoGA_of": 41949.74297745125, "BaldoGA_time": 7.2331461906433105, "Solver_of": 44089.67788161588, "Solver_time": 11.18895936012268, "Z_threshold0.05_of": 43963.37477804433, "Z_threshold0.05_time": 6.465682506561279, "Z_threshold0.1_of": 43787.49105346547, "Z_threshold0.1_time": 5.486558198928833, "Z_threshold0.15_of": 43319.531860635914, "Z_threshold0.15_time": 3.446018934249878, "Z_threshold0.2_of": 42893.287422718226, "Z_threshold0.2_time": 2.2902188301086426}