{"name": "E_1500_874_19261.444.json", "BaldoML_of": 50121.541139233035, "BaldoML_time": 1.3718900680541992, "BaldoGA_of": 49613.511285575405, "BaldoGA_time": 18.675178050994873, "Solver_of": 50861.32459659385, "Solver_time": 31.16714358329773, "Z_threshold0.05_of": 50006.516829297376, "Z_threshold0.05_time": 0.885918378829956, "Z_threshold0.1_of": 49384.58129619348, "Z_threshold0.1_time": 0.7507743835449219, "Z_threshold0.15_of": 49365.97787503838, "Z_threshold0.15_time": 0.7933189868927002, "Z_threshold0.2_of": 49365.97787503838, "Z_threshold0.2_time": 0.7544286251068115, "Z_threshold0.25_of": 49365.97787503838, "Z_threshold0.25_time": 0.7666583061218262, "Z_threshold0.3_of": 49327.885566655226, "Z_threshold0.3_time": 0.7567856311798096, "Z_threshold0.35_of": 49327.885566655226, "Z_threshold0.35_time": 0.7599091529846191, "Z_threshold0.4_of": 49327.885566655226, "Z_threshold0.4_time": 0.7798056602478027, "Z_threshold0.45_of": 49327.885566655226, "Z_threshold0.45_time": 0.755443811416626, "Z_threshold0.5_of": 49327.885566655226, "Z_threshold0.5_time": 0.9019613265991211}