{"name": "E_1500_465_12942.387.json", "BaldoML_of": 41349.65669642812, "BaldoML_time": 3.0138235092163086, "BaldoGA_of": 40017.85520505023, "BaldoGA_time": 7.509197235107422, "Solver_of": 42110.6537854884, "Solver_time": 29.377967357635498, "Z_threshold0.05_of": 41984.26990038975, "Z_threshold0.05_time": 11.385592699050903, "Z_threshold0.1_of": 41574.690899080946, "Z_threshold0.1_time": 3.966479778289795, "Z_threshold0.15_of": 40974.90618189003, "Z_threshold0.15_time": 2.294475555419922, "Z_threshold0.2_of": 40596.053183411306, "Z_threshold0.2_time": 1.4792265892028809, "Z_threshold0.25_of": 39413.1709973837, "Z_threshold0.25_time": 1.5268242359161377}