{"name": "E_1500_437_19141.945.json", "BaldoML_of": 53614.12192660141, "BaldoML_time": 3.770921230316162, "BaldoGA_of": 50897.69223094608, "BaldoGA_time": 7.64560604095459, "Solver_of": 54451.81733312386, "Solver_time": 15.525639533996582, "Z_threshold0.05_of": 54309.01527446781, "Z_threshold0.05_time": 15.564561128616333, "Z_threshold0.1_of": 54167.25055800236, "Z_threshold0.1_time": 9.908887147903442, "Z_threshold0.15_of": 53726.882251823416, "Z_threshold0.15_time": 8.41033148765564, "Z_threshold0.2_of": 53469.06301734818, "Z_threshold0.2_time": 3.957034111022949}