{"name": "E_1500_524_19086.523.json", "BaldoML_of": 50990.93231535862, "BaldoML_time": 3.8059632778167725, "BaldoGA_of": 49572.01432286273, "BaldoGA_time": 9.345991849899292, "Solver_of": 51981.75809471851, "Solver_time": 35.57747840881348, "Z_threshold0.05_of": 51826.96573006784, "Z_threshold0.05_time": 11.058092832565308, "Z_threshold0.1_of": 51696.132544544496, "Z_threshold0.1_time": 3.739168167114258, "Z_threshold0.15_of": 51435.98267013677, "Z_threshold0.15_time": 2.604670763015747, "Z_threshold0.2_of": 51167.06778822361, "Z_threshold0.2_time": 2.5204875469207764, "Z_threshold0.25_of": 51037.840167574876, "Z_threshold0.25_time": 1.633589506149292, "Z_threshold0.3_of": 50724.1645586128, "Z_threshold0.3_time": 0.7745449542999268, "Z_threshold0.35_of": 49983.494856382866, "Z_threshold0.35_time": 0.7775547504425049, "Z_threshold0.4_of": 49502.75820791747, "Z_threshold0.4_time": 0.7720949649810791, "Z_threshold0.45_of": 49218.167581366826, "Z_threshold0.45_time": 0.7742304801940918, "Z_threshold0.5_of": 48792.76599150768, "Z_threshold0.5_time": 0.7748725414276123}