{"name": "E_1500_819_12628.217.json", "BaldoML_of": 42224.00457201752, "BaldoML_time": 0.9436013698577881, "BaldoGA_of": 41811.93588461332, "BaldoGA_time": 5.380786418914795, "Solver_of": 42799.384547619324, "Solver_time": 8.282894849777222, "Z_threshold0.05_of": 41859.9191002844, "Z_threshold0.05_time": 1.5520336627960205, "Z_threshold0.1_of": 41859.9191002844, "Z_threshold0.1_time": 1.4598844051361084, "Z_threshold0.15_of": 41786.030497338725, "Z_threshold0.15_time": 1.5296249389648438, "Z_threshold0.2_of": 41786.030497338725, "Z_threshold0.2_time": 1.454155683517456}