{"name": "E_1500_469_9476.886.json", "BaldoML_of": 37781.73542648604, "BaldoML_time": 3.075509548187256, "BaldoGA_of": 36855.58821506281, "BaldoGA_time": 7.489788055419922, "Solver_of": 38129.693960991164, "Solver_time": 17.883793592453003, "Z_threshold0.05_of": 37948.25571309073, "Z_threshold0.05_time": 2.920933723449707, "Z_threshold0.1_of": 37447.051132179724, "Z_threshold0.1_time": 1.2931768894195557, "Z_threshold0.15_of": 36925.98119373825, "Z_threshold0.15_time": 0.7047345638275146, "Z_threshold0.2_of": 36277.883143046114, "Z_threshold0.2_time": 0.693544864654541, "Z_threshold0.25_of": 36277.883143046114, "Z_threshold0.25_time": 0.6947722434997559, "Z_threshold0.3_of": 36277.883143046114, "Z_threshold0.3_time": 0.8685758113861084, "Z_threshold0.35_of": 36277.883143046114, "Z_threshold0.35_time": 0.7026078701019287, "Z_threshold0.4_of": 36277.883143046114, "Z_threshold0.4_time": 0.7031443119049072, "Z_threshold0.45_of": 36277.883143046114, "Z_threshold0.45_time": 0.6967906951904297, "Z_threshold0.5_of": 36277.883143046114, "Z_threshold0.5_time": 0.6972332000732422}