{"name": "E_1500_509_19123.965.json", "BaldoML_of": 51048.322494624175, "BaldoML_time": 2.7824811935424805, "BaldoGA_of": 48942.07662421749, "BaldoGA_time": 9.991044044494629, "Solver_of": 52114.47353192849, "Solver_time": 44.3089439868927, "Z_threshold0.05_of": 52041.023332667246, "Z_threshold0.05_time": 13.16605830192566, "Z_threshold0.1_of": 51641.1586429647, "Z_threshold0.1_time": 6.184847354888916, "Z_threshold0.15_of": 50952.839154684974, "Z_threshold0.15_time": 3.3751940727233887, "Z_threshold0.2_of": 50024.78197321971, "Z_threshold0.2_time": 1.6233675479888916, "Z_threshold0.25_of": 49242.28358664347, "Z_threshold0.25_time": 1.5283169746398926}