{"name": "E_1500_850_12727.453.json", "BaldoML_of": 42444.55444487471, "BaldoML_time": 1.0916061401367188, "BaldoGA_of": 42068.529425522705, "BaldoGA_time": 5.042847394943237, "Solver_of": 43084.53459808432, "Solver_time": 2.914691209793091, "Z_threshold0.05_of": 42085.08200187283, "Z_threshold0.05_time": 1.4693458080291748, "Z_threshold0.1_of": 42085.08200187283, "Z_threshold0.1_time": 1.5417187213897705, "Z_threshold0.15_of": 42085.08200187283, "Z_threshold0.15_time": 1.4763920307159424, "Z_threshold0.2_of": 42085.08200187283, "Z_threshold0.2_time": 1.5476455688476562}