{"name": "E_1500_702_18979.451.json", "BaldoML_of": 51097.76329103334, "BaldoML_time": 1.3605663776397705, "BaldoGA_of": 50225.4141875938, "BaldoGA_time": 11.62798810005188, "Solver_of": 52342.80574202347, "Solver_time": 32.8847496509552, "Z_threshold0.05_of": 52148.01921761183, "Z_threshold0.05_time": 6.4538352489471436, "Z_threshold0.1_of": 51629.08428168345, "Z_threshold0.1_time": 1.7713279724121094, "Z_threshold0.15_of": 51301.62198360958, "Z_threshold0.15_time": 1.001523494720459, "Z_threshold0.2_of": 50607.31498645045, "Z_threshold0.2_time": 0.7821953296661377, "Z_threshold0.25_of": 50108.55463310457, "Z_threshold0.25_time": 0.8465487957000732, "Z_threshold0.3_of": 49822.557100839236, "Z_threshold0.3_time": 0.7582194805145264, "Z_threshold0.35_of": 49710.626986764975, "Z_threshold0.35_time": 0.7624475955963135, "Z_threshold0.4_of": 49642.40430692154, "Z_threshold0.4_time": 0.7606334686279297, "Z_threshold0.45_of": 49444.00101994094, "Z_threshold0.45_time": 0.7536888122558594, "Z_threshold0.5_of": 49409.6551462037, "Z_threshold0.5_time": 0.781670093536377}