{"name": "E_1500_727_12858.924.json", "BaldoML_of": 40739.41151172673, "BaldoML_time": 1.0819690227508545, "BaldoGA_of": 40109.90405486187, "BaldoGA_time": 13.460736989974976, "Solver_of": 41115.43914908382, "Solver_time": 23.28845500946045, "Z_threshold0.05_of": 39699.544286156946, "Z_threshold0.05_time": 1.5135843753814697, "Z_threshold0.1_of": 38904.98729869686, "Z_threshold0.1_time": 1.4185349941253662, "Z_threshold0.15_of": 38825.48287661167, "Z_threshold0.15_time": 1.4164409637451172, "Z_threshold0.2_of": 38825.48287661167, "Z_threshold0.2_time": 1.40828275680542}