{"name": "E_1500_404_12700.04.json", "BaldoML_of": 44205.78928905252, "BaldoML_time": 3.9980108737945557, "BaldoGA_of": 42410.47258640874, "BaldoGA_time": 8.221466064453125, "Solver_of": 44575.67905290973, "Solver_time": 25.872533559799194, "Z_threshold0.05_of": 44554.37626333159, "Z_threshold0.05_time": 5.169875621795654, "Z_threshold0.1_of": 44280.55799584605, "Z_threshold0.1_time": 3.143643617630005, "Z_threshold0.15_of": 44075.104917657416, "Z_threshold0.15_time": 2.074354887008667, "Z_threshold0.2_of": 43697.768778959355, "Z_threshold0.2_time": 1.877234935760498, "Z_threshold0.25_of": 43205.3571487852, "Z_threshold0.25_time": 0.8245558738708496, "Z_threshold0.3_of": 42754.043010277695, "Z_threshold0.3_time": 0.8166837692260742, "Z_threshold0.35_of": 42056.66320635212, "Z_threshold0.35_time": 0.835782527923584, "Z_threshold0.4_of": 41101.37228687403, "Z_threshold0.4_time": 0.814129114151001, "Z_threshold0.45_of": 40818.38031895166, "Z_threshold0.45_time": 0.807999849319458, "Z_threshold0.5_of": 40386.0194645607, "Z_threshold0.5_time": 0.8083596229553223}