{"name": "E_1500_861_19440.918.json", "BaldoML_of": 50050.28125474468, "BaldoML_time": 19.460344314575195, "BaldoGA_of": 48435.82527866443, "BaldoGA_time": 17.368395805358887, "Solver_of": 50054.87514804968, "Solver_time": 16.931079626083374, "Z_threshold0.05_of": 49129.295553627766, "Z_threshold0.05_time": 1.8839221000671387, "Z_threshold0.1_of": 48348.68706187615, "Z_threshold0.1_time": 1.6181061267852783, "Z_threshold0.15_of": 48259.17854126527, "Z_threshold0.15_time": 1.507153034210205, "Z_threshold0.2_of": 48241.24992801452, "Z_threshold0.2_time": 1.6520922183990479, "Z_threshold0.25_of": 48241.24992801452, "Z_threshold0.25_time": 1.7120282649993896, "Z_threshold0.3_of": 48241.24992801452, "Z_threshold0.3_time": 1.6450378894805908, "Z_threshold0.35_of": 48241.24992801452, "Z_threshold0.35_time": 1.6098880767822266, "Z_threshold0.4_of": 48241.24992801452, "Z_threshold0.4_time": 1.5770256519317627, "Z_threshold0.45_of": 48241.24992801452, "Z_threshold0.45_time": 1.6033353805541992, "Z_threshold0.5_of": 48241.24992801452, "Z_threshold0.5_time": 1.5425703525543213}