{"name": "E_1500_526_19148.915.json", "BaldoML_of": 52500.605568856605, "BaldoML_time": 2.947814464569092, "BaldoGA_of": 51017.76341731937, "BaldoGA_time": 9.070436477661133, "Solver_of": 53333.10003350925, "Solver_time": 42.948193311691284, "Z_threshold0.05_of": 53289.32626991635, "Z_threshold0.05_time": 7.430685043334961, "Z_threshold0.1_of": 52926.893902840544, "Z_threshold0.1_time": 5.112241744995117, "Z_threshold0.15_of": 52540.74421922964, "Z_threshold0.15_time": 6.023917198181152, "Z_threshold0.2_of": 52136.04989890707, "Z_threshold0.2_time": 2.524134874343872, "Z_threshold0.25_of": 51863.18104175724, "Z_threshold0.25_time": 2.6376800537109375}