{"name": "E_1500_725_12571.709.json", "BaldoML_of": 42045.48978026629, "BaldoML_time": 1.0072779655456543, "BaldoGA_of": 41418.755927166996, "BaldoGA_time": 11.958024024963379, "Solver_of": 42497.69542595369, "Solver_time": 7.190742254257202, "Z_threshold0.05_of": 41495.71738887362, "Z_threshold0.05_time": 1.6919951438903809, "Z_threshold0.1_of": 40075.52842056344, "Z_threshold0.1_time": 1.4113616943359375, "Z_threshold0.15_of": 39974.1113870367, "Z_threshold0.15_time": 1.4858574867248535, "Z_threshold0.2_of": 39890.74984364104, "Z_threshold0.2_time": 1.4144320487976074}