{"name": "E_1500_441_12764.155.json", "BaldoML_of": 42884.29300517387, "BaldoML_time": 3.1158769130706787, "BaldoGA_of": 41286.10642324339, "BaldoGA_time": 8.080541372299194, "Solver_of": 43397.155216974774, "Solver_time": 29.62091875076294, "Z_threshold0.05_of": 43324.404071688616, "Z_threshold0.05_time": 6.040010213851929, "Z_threshold0.1_of": 43134.37511436927, "Z_threshold0.1_time": 4.673309087753296, "Z_threshold0.15_of": 42588.28519524074, "Z_threshold0.15_time": 2.8229310512542725, "Z_threshold0.2_of": 42169.804966462936, "Z_threshold0.2_time": 2.1976425647735596}