{"name": "E_1500_818_9526.02.json", "BaldoML_of": 36183.4545237562, "BaldoML_time": 0.9509379863739014, "BaldoGA_of": 35676.931124176954, "BaldoGA_time": 4.053188800811768, "Solver_of": 36666.11069400991, "Solver_time": 2.061053991317749, "Z_threshold0.05_of": 35704.48970751563, "Z_threshold0.05_time": 1.7595341205596924, "Z_threshold0.1_of": 35704.48970751563, "Z_threshold0.1_time": 1.6765706539154053, "Z_threshold0.15_of": 35704.48970751563, "Z_threshold0.15_time": 1.7494165897369385, "Z_threshold0.2_of": 35704.48970751563, "Z_threshold0.2_time": 1.6711153984069824, "Z_threshold0.25_of": 35704.48970751563, "Z_threshold0.25_time": 1.7619128227233887}