{"name": "E_1500_524_19086.523.json", "BaldoML_of": 50990.93231535862, "BaldoML_time": 3.8059632778167725, "BaldoGA_of": 49572.01432286273, "BaldoGA_time": 9.345991849899292, "Solver_of": 51981.75809471851, "Solver_time": 35.57747840881348, "Z_threshold0.05_of": 51830.28221155784, "Z_threshold0.05_time": 10.619014739990234}