{"name": "E_1500_401_18945.907.json", "BaldoML_of": 55696.28610851023, "BaldoML_time": 5.000499486923218, "BaldoGA_of": 53415.5072355368, "BaldoGA_time": 9.691887140274048, "Solver_of": 56142.39486373207, "Solver_time": 19.29750394821167, "Z_threshold0.05_of": 56084.02929364063, "Z_threshold0.05_time": 6.457324504852295, "Z_threshold0.1_of": 56046.76514425071, "Z_threshold0.1_time": 8.049657821655273, "Z_threshold0.15_of": 55745.481909466354, "Z_threshold0.15_time": 6.011650085449219, "Z_threshold0.2_of": 55310.78608393423, "Z_threshold0.2_time": 4.399873971939087}