{"name": "E_1500_381_10071.878.json", "BaldoML_of": 36752.80392260609, "BaldoML_time": 4.673490524291992, "BaldoGA_of": 35288.813093960525, "BaldoGA_time": 6.675986289978027, "Solver_of": 37006.871851395204, "Solver_time": 26.93015193939209, "Z_threshold0.05_of": 36947.78639362909, "Z_threshold0.05_time": 4.707765817642212, "Z_threshold0.1_of": 36547.2159164901, "Z_threshold0.1_time": 2.9797792434692383, "Z_threshold0.15_of": 36100.788672454364, "Z_threshold0.15_time": 1.8599932193756104, "Z_threshold0.2_of": 35332.021061135354, "Z_threshold0.2_time": 1.5156946182250977, "Z_threshold0.25_of": 35271.55414230819, "Z_threshold0.25_time": 1.4640486240386963}