{"name": "E_1500_872_13083.113.json", "BaldoML_of": 40285.73096008098, "BaldoML_time": 0.8342792987823486, "BaldoGA_of": 39999.9803505676, "BaldoGA_time": 5.592682361602783, "Solver_of": 40822.21681421542, "Solver_time": 4.519540548324585, "Z_threshold0.05_of": 40012.91901130862, "Z_threshold0.05_time": 1.2703471183776855}