{"name": "E_1500_670_9641.993.json", "BaldoML_of": 36177.188440640835, "BaldoML_time": 3.322381019592285, "BaldoGA_of": 35099.727051976035, "BaldoGA_time": 10.428844451904297, "Solver_of": 36176.952790326985, "Solver_time": 3.886261224746704, "Z_threshold0.05_of": 35106.22945985064, "Z_threshold0.05_time": 1.5930025577545166, "Z_threshold0.1_of": 35106.22945985064, "Z_threshold0.1_time": 1.5183351039886475, "Z_threshold0.15_of": 35106.22945985064, "Z_threshold0.15_time": 1.5076267719268799, "Z_threshold0.2_of": 35106.22945985064, "Z_threshold0.2_time": 1.5682060718536377, "Z_threshold0.25_of": 35106.22945985064, "Z_threshold0.25_time": 1.5286548137664795, "Z_threshold0.3_of": 35106.22945985064, "Z_threshold0.3_time": 1.5234811305999756, "Z_threshold0.35_of": 35106.22945985064, "Z_threshold0.35_time": 1.5487408638000488, "Z_threshold0.4_of": 35106.22945985064, "Z_threshold0.4_time": 1.4899284839630127, "Z_threshold0.45_of": 35106.22945985064, "Z_threshold0.45_time": 1.5325853824615479, "Z_threshold0.5_of": 35106.22945985064, "Z_threshold0.5_time": 1.5977766513824463}