{"name": "E_1500_446_19100.357.json", "BaldoML_of": 54037.357875503716, "BaldoML_time": 4.322312831878662, "BaldoGA_of": 52372.17871675892, "BaldoGA_time": 8.085159540176392, "Solver_of": 54914.42619862397, "Solver_time": 17.452115058898926, "Z_threshold0.05_of": 54747.152391151954, "Z_threshold0.05_time": 5.198641777038574}