{"name": "E_1500_756_12849.032.json", "BaldoML_of": 41215.18902848993, "BaldoML_time": 1.0042376518249512, "BaldoGA_of": 40488.127279831075, "BaldoGA_time": 12.010940790176392, "Solver_of": 41839.12713439412, "Solver_time": 6.770328521728516, "Z_threshold0.05_of": 39579.458940149256, "Z_threshold0.05_time": 1.5343573093414307, "Z_threshold0.1_of": 39449.65661333867, "Z_threshold0.1_time": 1.588972568511963, "Z_threshold0.15_of": 39449.65661333867, "Z_threshold0.15_time": 1.405766248703003, "Z_threshold0.2_of": 39449.65661333867, "Z_threshold0.2_time": 1.408804178237915}