{"name": "E_1500_488_19172.793.json", "BaldoML_of": 52717.76268112105, "BaldoML_time": 3.8919708728790283, "BaldoGA_of": 50865.53826724642, "BaldoGA_time": 10.642267227172852, "Solver_of": 53546.34365475361, "Solver_time": 22.294330596923828, "Z_threshold0.05_of": 53428.456920823985, "Z_threshold0.05_time": 6.939959526062012}