{"name": "E_1500_571_13044.706.json", "BaldoML_of": 41158.004538666864, "BaldoML_time": 2.161214828491211, "BaldoGA_of": 40046.343431825415, "BaldoGA_time": 8.306891679763794, "Solver_of": 41595.31589503582, "Solver_time": 24.083788633346558, "Z_threshold0.05_of": 41489.44126539792, "Z_threshold0.05_time": 8.101271152496338, "Z_threshold0.1_of": 41036.08395249994, "Z_threshold0.1_time": 1.2014751434326172, "Z_threshold0.15_of": 40677.60934617247, "Z_threshold0.15_time": 0.9247667789459229, "Z_threshold0.2_of": 39971.8750413254, "Z_threshold0.2_time": 0.7941441535949707, "Z_threshold0.25_of": 39121.92886756488, "Z_threshold0.25_time": 0.7895660400390625, "Z_threshold0.3_of": 38691.77934512155, "Z_threshold0.3_time": 0.7863953113555908, "Z_threshold0.35_of": 38377.27470671521, "Z_threshold0.35_time": 0.7893886566162109, "Z_threshold0.4_of": 38153.212420144075, "Z_threshold0.4_time": 0.7766740322113037, "Z_threshold0.45_of": 38127.38074802544, "Z_threshold0.45_time": 0.7744386196136475, "Z_threshold0.5_of": 37994.10701248137, "Z_threshold0.5_time": 0.7798690795898438}