{"name": "E_1500_883_18953.113.json", "BaldoML_of": 51760.7663821363, "BaldoML_time": 26.19283938407898, "BaldoGA_of": 50424.3026826597, "BaldoGA_time": 16.68289589881897, "Solver_of": 51771.39870574914, "Solver_time": 25.272918939590454, "Z_threshold0.05_of": 50958.21998785192, "Z_threshold0.05_time": 1.5420763492584229, "Z_threshold0.1_of": 50592.204892523696, "Z_threshold0.1_time": 1.5649347305297852, "Z_threshold0.15_of": 50592.204892523696, "Z_threshold0.15_time": 1.5056958198547363, "Z_threshold0.2_of": 50592.204892523696, "Z_threshold0.2_time": 1.664180040359497, "Z_threshold0.25_of": 50592.204892523696, "Z_threshold0.25_time": 1.598569631576538, "Z_threshold0.3_of": 50592.204892523696, "Z_threshold0.3_time": 1.6348474025726318, "Z_threshold0.35_of": 50592.204892523696, "Z_threshold0.35_time": 1.5191576480865479, "Z_threshold0.4_of": 50592.204892523696, "Z_threshold0.4_time": 1.5405409336090088, "Z_threshold0.45_of": 50592.204892523696, "Z_threshold0.45_time": 1.5385727882385254, "Z_threshold0.5_of": 50592.204892523696, "Z_threshold0.5_time": 1.4305164813995361}