{"name": "E_1500_848_9499.992.json", "BaldoML_of": 37855.14101473536, "BaldoML_time": 0.9404311180114746, "BaldoGA_of": 37517.882497492596, "BaldoGA_time": 4.002167701721191, "Solver_of": 38278.83063715742, "Solver_time": 2.1815359592437744, "Z_threshold0.05_of": 37541.95972122945, "Z_threshold0.05_time": 1.5310626029968262, "Z_threshold0.1_of": 37541.95972122945, "Z_threshold0.1_time": 1.4317800998687744, "Z_threshold0.15_of": 37541.95972122945, "Z_threshold0.15_time": 1.5460543632507324, "Z_threshold0.2_of": 37541.95972122945, "Z_threshold0.2_time": 1.4439237117767334}