{"name": "E_1500_494_18610.536.json", "BaldoML_of": 53221.732581767246, "BaldoML_time": 3.256093978881836, "BaldoGA_of": 51006.8619029396, "BaldoGA_time": 9.301675796508789, "Solver_of": 54156.79029309417, "Solver_time": 22.51479434967041, "Z_threshold0.05_of": 54090.96086060926, "Z_threshold0.05_time": 8.871499300003052, "Z_threshold0.1_of": 53844.5638952807, "Z_threshold0.1_time": 7.585566997528076, "Z_threshold0.15_of": 53675.876788284964, "Z_threshold0.15_time": 4.425820350646973, "Z_threshold0.2_of": 53027.91665221959, "Z_threshold0.2_time": 4.305330038070679, "Z_threshold0.25_of": 52589.91450252595, "Z_threshold0.25_time": 2.1166470050811768}