{"name": "E_1500_505_12765.728.json", "BaldoML_of": 42247.97933157327, "BaldoML_time": 25.65125823020935, "BaldoGA_of": 40458.68059312743, "BaldoGA_time": 8.437848806381226, "Solver_of": 42247.97933157327, "Solver_time": 30.25773596763611, "Z_threshold0.05_of": 42165.50818908128, "Z_threshold0.05_time": 10.397825479507446, "Z_threshold0.1_of": 41749.91811449034, "Z_threshold0.1_time": 3.941800594329834, "Z_threshold0.15_of": 41421.481126314575, "Z_threshold0.15_time": 1.952991008758545, "Z_threshold0.2_of": 41162.6963469989, "Z_threshold0.2_time": 1.7810912132263184, "Z_threshold0.25_of": 40493.65978424658, "Z_threshold0.25_time": 1.5888240337371826, "Z_threshold0.3_of": 39850.033631866805, "Z_threshold0.3_time": 1.4834671020507812, "Z_threshold0.35_of": 39290.351697652244, "Z_threshold0.35_time": 1.5009593963623047, "Z_threshold0.4_of": 38869.77537025962, "Z_threshold0.4_time": 1.67983078956604, "Z_threshold0.45_of": 38484.58674095316, "Z_threshold0.45_time": 1.6475410461425781, "Z_threshold0.5_of": 38021.485660450606, "Z_threshold0.5_time": 1.6254158020019531}