{"name": "E_1500_696_12477.123.json", "BaldoML_of": 44014.86361013788, "BaldoML_time": 23.73130464553833, "BaldoGA_of": 42988.57879997854, "BaldoGA_time": 12.717145442962646, "Solver_of": 44014.86361013788, "Solver_time": 16.215604066848755, "Z_threshold0.05_of": 43287.08948337694, "Z_threshold0.05_time": 1.865717887878418, "Z_threshold0.1_of": 41980.60787716856, "Z_threshold0.1_time": 1.6785850524902344, "Z_threshold0.15_of": 41718.486330573265, "Z_threshold0.15_time": 1.5748810768127441, "Z_threshold0.2_of": 41695.15098505845, "Z_threshold0.2_time": 1.8185291290283203, "Z_threshold0.25_of": 41695.15098505845, "Z_threshold0.25_time": 1.601503849029541, "Z_threshold0.3_of": 41695.15098505845, "Z_threshold0.3_time": 1.6147785186767578, "Z_threshold0.35_of": 41695.15098505845, "Z_threshold0.35_time": 1.6809418201446533, "Z_threshold0.4_of": 41695.15098505845, "Z_threshold0.4_time": 1.6145329475402832, "Z_threshold0.45_of": 41695.15098505845, "Z_threshold0.45_time": 1.5723233222961426, "Z_threshold0.5_of": 41695.15098505845, "Z_threshold0.5_time": 1.7352924346923828}