{"name": "E_1500_526_12657.346.json", "BaldoML_of": 42208.49682057611, "BaldoML_time": 3.1364173889160156, "BaldoGA_of": 41335.17541360893, "BaldoGA_time": 7.443136930465698, "Solver_of": 43098.17575720462, "Solver_time": 17.864977598190308, "Z_threshold0.05_of": 42879.201007376956, "Z_threshold0.05_time": 13.383127689361572, "Z_threshold0.1_of": 42136.07813392203, "Z_threshold0.1_time": 3.1288974285125732, "Z_threshold0.15_of": 41788.422077731346, "Z_threshold0.15_time": 2.1819138526916504, "Z_threshold0.2_of": 40980.27836928874, "Z_threshold0.2_time": 1.5822594165802002}