{"name": "E_1500_368_12973.744.json", "BaldoML_of": 43698.5030970676, "BaldoML_time": 3.9546902179718018, "BaldoGA_of": 41949.74297745125, "BaldoGA_time": 7.2331461906433105, "Solver_of": 44089.67788161588, "Solver_time": 11.18895936012268, "Z_threshold0.05_of": 43938.62999145412, "Z_threshold0.05_time": 6.637599229812622, "Z_threshold0.1_of": 43787.49105346547, "Z_threshold0.1_time": 5.1964757442474365, "Z_threshold0.15_of": 43319.531860635914, "Z_threshold0.15_time": 3.3704307079315186, "Z_threshold0.2_of": 42893.287422718226, "Z_threshold0.2_time": 2.230379819869995, "Z_threshold0.25_of": 42577.444575272486, "Z_threshold0.25_time": 1.4929442405700684}