{"name": "E_1500_367_19312.097.json", "BaldoML_of": 54124.064720159826, "BaldoML_time": 5.308835983276367, "BaldoGA_of": 52076.49769355575, "BaldoGA_time": 8.240724802017212, "Solver_of": 54669.836073299186, "Solver_time": 41.95779252052307, "Z_threshold0.05_of": 54544.98144209049, "Z_threshold0.05_time": 10.564069271087646, "Z_threshold0.1_of": 54437.822415044, "Z_threshold0.1_time": 8.671258449554443, "Z_threshold0.15_of": 54321.95748727932, "Z_threshold0.15_time": 9.185243129730225, "Z_threshold0.2_of": 53860.98115083928, "Z_threshold0.2_time": 5.200372934341431}