{"name": "E_1500_806_19144.634.json", "BaldoML_of": 50635.99239430325, "BaldoML_time": 2.0746445655822754, "BaldoGA_of": 50161.35409901864, "BaldoGA_time": 16.70616340637207, "Solver_of": 51587.52168437338, "Solver_time": 32.15299940109253, "Z_threshold0.05_of": 50830.95251755876, "Z_threshold0.05_time": 1.133901834487915, "Z_threshold0.1_of": 50209.76760063524, "Z_threshold0.1_time": 0.994354248046875, "Z_threshold0.15_of": 49857.3055153379, "Z_threshold0.15_time": 0.8357956409454346, "Z_threshold0.2_of": 49687.95746382762, "Z_threshold0.2_time": 0.8620946407318115, "Z_threshold0.25_of": 49615.76764863695, "Z_threshold0.25_time": 0.8431336879730225, "Z_threshold0.3_of": 49615.76764863695, "Z_threshold0.3_time": 0.8380944728851318, "Z_threshold0.35_of": 49615.76764863695, "Z_threshold0.35_time": 0.8372995853424072, "Z_threshold0.4_of": 49554.614402685605, "Z_threshold0.4_time": 0.8387928009033203, "Z_threshold0.45_of": 49554.614402685605, "Z_threshold0.45_time": 0.8509044647216797, "Z_threshold0.5_of": 49554.614402685605, "Z_threshold0.5_time": 0.83685302734375}