{"name": "E_1500_527_12745.609.json", "BaldoML_of": 42085.30772717522, "BaldoML_time": 2.9241058826446533, "BaldoGA_of": 41105.01115185616, "BaldoGA_time": 8.898049354553223, "Solver_of": 42530.18539184144, "Solver_time": 31.94129514694214, "Z_threshold0.05_of": 42405.33543273183, "Z_threshold0.05_time": 9.32568645477295, "Z_threshold0.1_of": 41859.38807999925, "Z_threshold0.1_time": 2.5225226879119873, "Z_threshold0.15_of": 41306.97530043417, "Z_threshold0.15_time": 1.5609288215637207, "Z_threshold0.2_of": 40540.98813277784, "Z_threshold0.2_time": 1.5166354179382324, "Z_threshold0.25_of": 39904.919652943754, "Z_threshold0.25_time": 1.5087661743164062}