{"name": "E_1500_850_19100.858.json", "BaldoML_of": 51184.39341052752, "BaldoML_time": 28.282987594604492, "BaldoGA_of": 49720.28369638982, "BaldoGA_time": 17.451088905334473, "Solver_of": 51188.90735634019, "Solver_time": 17.976196765899658, "Z_threshold0.05_of": 50250.57192975877, "Z_threshold0.05_time": 1.8139533996582031, "Z_threshold0.1_of": 49536.58014744427, "Z_threshold0.1_time": 1.6474456787109375, "Z_threshold0.15_of": 49209.16451521676, "Z_threshold0.15_time": 1.635167121887207, "Z_threshold0.2_of": 49191.908124685986, "Z_threshold0.2_time": 1.5045504570007324, "Z_threshold0.25_of": 49116.282066649175, "Z_threshold0.25_time": 1.6232874393463135, "Z_threshold0.3_of": 49116.282066649175, "Z_threshold0.3_time": 1.5669527053833008, "Z_threshold0.35_of": 49116.282066649175, "Z_threshold0.35_time": 1.5596964359283447, "Z_threshold0.4_of": 49116.282066649175, "Z_threshold0.4_time": 1.4867000579833984, "Z_threshold0.45_of": 49116.282066649175, "Z_threshold0.45_time": 1.596388816833496, "Z_threshold0.5_of": 49116.282066649175, "Z_threshold0.5_time": 1.505147933959961}