{"name": "E_1500_452_19386.307.json", "BaldoML_of": 54073.93497271873, "BaldoML_time": 30.350395917892456, "BaldoGA_of": 51387.670053322465, "BaldoGA_time": 10.431745052337646, "Solver_of": 54074.02114076577, "Solver_time": 12.031113147735596, "Z_threshold0.05_of": 53905.73388003186, "Z_threshold0.05_time": 6.233274698257446, "Z_threshold0.1_of": 53810.94857900091, "Z_threshold0.1_time": 8.806612491607666, "Z_threshold0.15_of": 53571.09834357785, "Z_threshold0.15_time": 5.193355560302734, "Z_threshold0.2_of": 53378.621913148694, "Z_threshold0.2_time": 3.9096572399139404, "Z_threshold0.25_of": 53136.59657899254, "Z_threshold0.25_time": 2.9393815994262695, "Z_threshold0.3_of": 52945.852820251515, "Z_threshold0.3_time": 2.1481661796569824, "Z_threshold0.35_of": 52880.87165180993, "Z_threshold0.35_time": 1.5798275470733643, "Z_threshold0.4_of": 52555.18788263373, "Z_threshold0.4_time": 1.6428236961364746, "Z_threshold0.45_of": 51877.223077987896, "Z_threshold0.45_time": 1.6672325134277344, "Z_threshold0.5_of": 51449.61603807557, "Z_threshold0.5_time": 1.5991685390472412}