{"name": "E_1500_577_12570.404.json", "BaldoML_of": 41624.428729280415, "BaldoML_time": 2.957611322402954, "BaldoGA_of": 40767.56359996778, "BaldoGA_time": 7.716014623641968, "Solver_of": 42226.85156420858, "Solver_time": 22.386359214782715, "Z_threshold0.05_of": 42018.08538024236, "Z_threshold0.05_time": 8.628714799880981, "Z_threshold0.1_of": 41288.00631062596, "Z_threshold0.1_time": 2.4294376373291016, "Z_threshold0.15_of": 40515.10834417147, "Z_threshold0.15_time": 1.534980297088623, "Z_threshold0.2_of": 39713.55157918808, "Z_threshold0.2_time": 1.4457077980041504, "Z_threshold0.25_of": 38951.056303043835, "Z_threshold0.25_time": 1.4447853565216064}