{"name": "E_1500_698_9419.174.json", "BaldoML_of": 38169.79954484539, "BaldoML_time": 3.7414755821228027, "BaldoGA_of": 37182.11285700388, "BaldoGA_time": 5.520369052886963, "Solver_of": 38170.42651081212, "Solver_time": 4.705466032028198, "Z_threshold0.05_of": 37461.94952971376, "Z_threshold0.05_time": 1.5096015930175781, "Z_threshold0.1_of": 37461.94952971376, "Z_threshold0.1_time": 1.5678937435150146, "Z_threshold0.15_of": 37461.94952971376, "Z_threshold0.15_time": 1.5381526947021484, "Z_threshold0.2_of": 37461.94952971376, "Z_threshold0.2_time": 1.719956636428833, "Z_threshold0.25_of": 37461.94952971376, "Z_threshold0.25_time": 1.506572961807251, "Z_threshold0.3_of": 37461.94952971376, "Z_threshold0.3_time": 1.5001187324523926, "Z_threshold0.35_of": 37461.94952971376, "Z_threshold0.35_time": 1.6090497970581055, "Z_threshold0.4_of": 37461.94952971376, "Z_threshold0.4_time": 1.5676300525665283, "Z_threshold0.45_of": 37461.94952971376, "Z_threshold0.45_time": 1.5378942489624023, "Z_threshold0.5_of": 37461.94952971376, "Z_threshold0.5_time": 1.472693920135498}