{"name": "E_1500_852_9321.649.json", "BaldoML_of": 38551.057897621904, "BaldoML_time": 0.6741244792938232, "BaldoGA_of": 38182.64808208369, "BaldoGA_time": 4.574359893798828, "Solver_of": 39005.51290541126, "Solver_time": 2.5528512001037598, "Z_threshold0.05_of": 38532.50749533133, "Z_threshold0.05_time": 0.7942032814025879, "Z_threshold0.1_of": 38532.50749533133, "Z_threshold0.1_time": 0.783405065536499, "Z_threshold0.15_of": 38532.50749533133, "Z_threshold0.15_time": 0.7915594577789307, "Z_threshold0.2_of": 38532.50749533133, "Z_threshold0.2_time": 0.7984557151794434, "Z_threshold0.25_of": 38520.23307723211, "Z_threshold0.25_time": 0.7137525081634521, "Z_threshold0.3_of": 38520.23307723211, "Z_threshold0.3_time": 0.7143752574920654, "Z_threshold0.35_of": 38520.23307723211, "Z_threshold0.35_time": 0.7179343700408936, "Z_threshold0.4_of": 38520.23307723211, "Z_threshold0.4_time": 0.7126808166503906, "Z_threshold0.45_of": 38520.23307723211, "Z_threshold0.45_time": 0.7107260227203369, "Z_threshold0.5_of": 38520.23307723211, "Z_threshold0.5_time": 0.753870964050293}