{"name": "E_1500_558_19413.115.json", "BaldoML_of": 51093.32435967122, "BaldoML_time": 37.72599768638611, "BaldoGA_of": 48397.17156903432, "BaldoGA_time": 8.466034173965454, "Solver_of": 51105.25392570648, "Solver_time": 32.80468034744263, "Z_threshold0.05_of": 50986.1865033791, "Z_threshold0.05_time": 9.078064918518066, "Z_threshold0.1_of": 50702.58009104325, "Z_threshold0.1_time": 7.372695207595825, "Z_threshold0.15_of": 50345.34768003105, "Z_threshold0.15_time": 3.63999342918396, "Z_threshold0.2_of": 50114.7760119682, "Z_threshold0.2_time": 3.1110002994537354, "Z_threshold0.25_of": 49933.734848380635, "Z_threshold0.25_time": 2.064331293106079, "Z_threshold0.3_of": 49468.735674576965, "Z_threshold0.3_time": 1.7857556343078613, "Z_threshold0.35_of": 49116.58657103356, "Z_threshold0.35_time": 1.6857473850250244, "Z_threshold0.4_of": 48730.14162682693, "Z_threshold0.4_time": 1.7200937271118164, "Z_threshold0.45_of": 48198.50067569856, "Z_threshold0.45_time": 1.651289939880371, "Z_threshold0.5_of": 47942.50515159862, "Z_threshold0.5_time": 1.687596321105957}