{"name": "E_1500_322_12707.11.json", "BaldoML_of": 45847.95916517931, "BaldoML_time": 3.4841854572296143, "BaldoGA_of": 43915.24528505367, "BaldoGA_time": 6.980239152908325, "Solver_of": 46093.38086514174, "Solver_time": 21.411919593811035, "Z_threshold0.05_of": 45996.90334195579, "Z_threshold0.05_time": 4.577852964401245}