{"name": "E_1500_803_19169.194.json", "BaldoML_of": 49747.96018895858, "BaldoML_time": 2.4066741466522217, "BaldoGA_of": 49119.828563932344, "BaldoGA_time": 16.09291100502014, "Solver_of": 50715.968160327095, "Solver_time": 42.443827867507935, "Z_threshold0.05_of": 50082.849015062515, "Z_threshold0.05_time": 7.444231986999512, "Z_threshold0.1_of": 48906.59427145847, "Z_threshold0.1_time": 1.5809578895568848, "Z_threshold0.15_of": 47771.815982130436, "Z_threshold0.15_time": 1.6452717781066895, "Z_threshold0.2_of": 47343.01150492852, "Z_threshold0.2_time": 1.5454833507537842}