{"name": "E_1500_504_12883.685.json", "BaldoML_of": 41030.824876205515, "BaldoML_time": 3.624835729598999, "BaldoGA_of": 39767.43578244342, "BaldoGA_time": 8.311445236206055, "Solver_of": 41535.384072465626, "Solver_time": 46.87595987319946, "Z_threshold0.05_of": 41425.44947619425, "Z_threshold0.05_time": 9.192927598953247, "Z_threshold0.1_of": 40953.451737355266, "Z_threshold0.1_time": 3.186095714569092, "Z_threshold0.15_of": 40419.70390027241, "Z_threshold0.15_time": 2.2752106189727783, "Z_threshold0.2_of": 39729.50430018766, "Z_threshold0.2_time": 1.5253307819366455}