{"name": "E_1500_417_19334.023.json", "BaldoML_of": 53506.11590694513, "BaldoML_time": 4.2944724559783936, "BaldoGA_of": 50924.518582671204, "BaldoGA_time": 7.227167844772339, "Solver_of": 54192.15319200561, "Solver_time": 15.326219081878662, "Z_threshold0.05_of": 54125.50789821173, "Z_threshold0.05_time": 16.54890251159668}