{"name": "E_1500_572_13082.173.json", "BaldoML_of": 41295.74927022601, "BaldoML_time": 2.6790544986724854, "BaldoGA_of": 40505.924225044706, "BaldoGA_time": 7.516273498535156, "Solver_of": 41915.697102199134, "Solver_time": 21.020097494125366, "Z_threshold0.05_of": 41712.50239763687, "Z_threshold0.05_time": 11.573186159133911, "Z_threshold0.1_of": 41089.751601340315, "Z_threshold0.1_time": 2.2671496868133545, "Z_threshold0.15_of": 40355.1014930477, "Z_threshold0.15_time": 1.546109676361084, "Z_threshold0.2_of": 39406.510354474565, "Z_threshold0.2_time": 1.4460198879241943}