{"name": "E_1500_448_19022.432.json", "BaldoML_of": 52211.18358805215, "BaldoML_time": 5.952840328216553, "BaldoGA_of": 50394.21194531968, "BaldoGA_time": 9.136369466781616, "Solver_of": 53075.26272462112, "Solver_time": 29.798848628997803, "Z_threshold0.05_of": 53020.53970920063, "Z_threshold0.05_time": 17.657731294631958, "Z_threshold0.1_of": 52730.68031450537, "Z_threshold0.1_time": 17.945006132125854, "Z_threshold0.15_of": 52256.173205140076, "Z_threshold0.15_time": 6.362768650054932, "Z_threshold0.2_of": 51968.92834487874, "Z_threshold0.2_time": 4.288614988327026, "Z_threshold0.25_of": 51724.011226301445, "Z_threshold0.25_time": 3.3203821182250977}