{"name": "E_1500_870_18917.786.json", "BaldoML_of": 50223.215598954026, "BaldoML_time": 0.7949810028076172, "BaldoGA_of": 49567.31098341448, "BaldoGA_time": 16.178797483444214, "Solver_of": 51017.18203916234, "Solver_time": 19.371474027633667, "Z_threshold0.05_of": 50068.189020970356, "Z_threshold0.05_time": 1.6825053691864014}