{"name": "E_1500_381_10071.878.json", "BaldoML_of": 36752.80392260609, "BaldoML_time": 4.673490524291992, "BaldoGA_of": 35288.813093960525, "BaldoGA_time": 6.675986289978027, "Solver_of": 37006.871851395204, "Solver_time": 26.93015193939209, "Z_threshold0.05_of": 36946.58974788651, "Z_threshold0.05_time": 4.697753667831421}