{"name": "E_1500_407_12988.553.json", "BaldoML_of": 44322.67755580955, "BaldoML_time": 4.98354434967041, "BaldoGA_of": 42392.95102988098, "BaldoGA_time": 7.26968240737915, "Solver_of": 44727.54443063287, "Solver_time": 18.583311557769775, "Z_threshold0.05_of": 44664.3051433017, "Z_threshold0.05_time": 5.144999742507935, "Z_threshold0.1_of": 44440.14090294308, "Z_threshold0.1_time": 4.1401331424713135, "Z_threshold0.15_of": 44172.28808522201, "Z_threshold0.15_time": 3.5936126708984375, "Z_threshold0.2_of": 43711.45921852455, "Z_threshold0.2_time": 2.2709100246429443}