{"name": "E_1500_477_12925.481.json", "BaldoML_of": 41845.49006952271, "BaldoML_time": 3.1806161403656006, "BaldoGA_of": 40539.344580310455, "BaldoGA_time": 7.694395542144775, "Solver_of": 42304.08687990088, "Solver_time": 27.798506498336792, "Z_threshold0.05_of": 42228.92479191862, "Z_threshold0.05_time": 4.702674388885498}