{"name": "E_1500_714_18801.638.json", "BaldoML_of": 50482.98731896028, "BaldoML_time": 2.15565824508667, "BaldoGA_of": 49695.204301797996, "BaldoGA_time": 13.047185182571411, "Solver_of": 51729.339953227434, "Solver_time": 32.04597568511963, "Z_threshold0.05_of": 51456.38328182668, "Z_threshold0.05_time": 9.482096433639526, "Z_threshold0.1_of": 50762.56287482138, "Z_threshold0.1_time": 1.3321826457977295, "Z_threshold0.15_of": 49956.29595125107, "Z_threshold0.15_time": 0.8893005847930908, "Z_threshold0.2_of": 49484.06969871157, "Z_threshold0.2_time": 0.8698444366455078, "Z_threshold0.25_of": 49287.4067026942, "Z_threshold0.25_time": 0.8621280193328857, "Z_threshold0.3_of": 49203.49483750623, "Z_threshold0.3_time": 0.8650498390197754, "Z_threshold0.35_of": 49072.73622469018, "Z_threshold0.35_time": 0.8626220226287842, "Z_threshold0.4_of": 49017.38519744366, "Z_threshold0.4_time": 0.8718302249908447, "Z_threshold0.45_of": 48988.38566852543, "Z_threshold0.45_time": 0.8629586696624756, "Z_threshold0.5_of": 48988.38566852543, "Z_threshold0.5_time": 0.8617196083068848}