{"name": "E_1500_493_12808.766.json", "BaldoML_of": 43099.30637986417, "BaldoML_time": 3.8672237396240234, "BaldoGA_of": 41847.675331822415, "BaldoGA_time": 8.266705989837646, "Solver_of": 43613.88924320472, "Solver_time": 23.956480503082275, "Z_threshold0.05_of": 43485.77378035417, "Z_threshold0.05_time": 10.972357749938965}