{"name": "E_1500_819_12628.217.json", "BaldoML_of": 42224.00457201752, "BaldoML_time": 0.9436013698577881, "BaldoGA_of": 41811.93588461332, "BaldoGA_time": 5.380786418914795, "Solver_of": 42799.384547619324, "Solver_time": 8.282894849777222, "Z_threshold0.05_of": 41859.9191002844, "Z_threshold0.05_time": 1.4160988330841064, "Z_threshold0.1_of": 41859.9191002844, "Z_threshold0.1_time": 1.416550636291504, "Z_threshold0.15_of": 41786.030497338725, "Z_threshold0.15_time": 1.4044759273529053, "Z_threshold0.2_of": 41786.030497338725, "Z_threshold0.2_time": 1.3930749893188477, "Z_threshold0.25_of": 41786.030497338725, "Z_threshold0.25_time": 1.3970797061920166}