{"name": "E_1500_372_19022.328.json", "BaldoML_of": 54935.954878846074, "BaldoML_time": 5.3762428760528564, "BaldoGA_of": 53076.61221182491, "BaldoGA_time": 8.33155369758606, "Solver_of": 55825.57331929536, "Solver_time": 11.874307632446289, "Z_threshold0.05_of": 55743.03662156017, "Z_threshold0.05_time": 6.779237270355225, "Z_threshold0.1_of": 55589.246735423556, "Z_threshold0.1_time": 6.986191272735596, "Z_threshold0.15_of": 55314.56666949414, "Z_threshold0.15_time": 8.80060887336731, "Z_threshold0.2_of": 54978.15715967686, "Z_threshold0.2_time": 4.85582160949707}