{"name": "E_1500_607_9450.237.json", "BaldoML_of": 38177.86330703863, "BaldoML_time": 1.051663875579834, "BaldoGA_of": 37566.968058333376, "BaldoGA_time": 9.453977584838867, "Solver_of": 38527.83987738465, "Solver_time": 22.552614212036133, "Z_threshold0.05_of": 37502.40378337831, "Z_threshold0.05_time": 1.4084346294403076, "Z_threshold0.1_of": 36426.28968407442, "Z_threshold0.1_time": 1.3880877494812012, "Z_threshold0.15_of": 36426.28968407442, "Z_threshold0.15_time": 1.3922784328460693, "Z_threshold0.2_of": 36400.991289152495, "Z_threshold0.2_time": 1.5436978340148926, "Z_threshold0.25_of": 36350.93128632629, "Z_threshold0.25_time": 1.5412514209747314}