{"name": "E_1500_467_19671.906.json", "BaldoML_of": 51760.3700444833, "BaldoML_time": 4.985006093978882, "BaldoGA_of": 49906.443240739485, "BaldoGA_time": 9.632036447525024, "Solver_of": 52787.675902167386, "Solver_time": 45.27626180648804, "Z_threshold0.05_of": 52706.659673836184, "Z_threshold0.05_time": 10.677852153778076, "Z_threshold0.1_of": 52512.99576218123, "Z_threshold0.1_time": 8.434143781661987, "Z_threshold0.15_of": 52114.33941640901, "Z_threshold0.15_time": 5.522411108016968, "Z_threshold0.2_of": 51662.9836784822, "Z_threshold0.2_time": 3.8426153659820557, "Z_threshold0.25_of": 51005.1774605898, "Z_threshold0.25_time": 2.0750629901885986}