{"name": "E_1500_406_12892.89.json", "BaldoML_of": 42570.88419960724, "BaldoML_time": 4.790629863739014, "BaldoGA_of": 40591.6042777347, "BaldoGA_time": 7.61557936668396, "Solver_of": 43059.552191146606, "Solver_time": 17.23137903213501, "Z_threshold0.05_of": 43013.50545315508, "Z_threshold0.05_time": 9.694432735443115, "Z_threshold0.1_of": 42713.14897276502, "Z_threshold0.1_time": 4.663751840591431, "Z_threshold0.15_of": 42275.183084399105, "Z_threshold0.15_time": 3.162200689315796, "Z_threshold0.2_of": 41756.29737879797, "Z_threshold0.2_time": 1.9387707710266113}