{"name": "E_1500_803_19169.194.json", "BaldoML_of": 50708.54383850395, "BaldoML_time": 41.77069091796875, "BaldoGA_of": 49119.828563932344, "BaldoGA_time": 16.09291100502014, "Solver_of": 50715.968160327095, "Solver_time": 42.443827867507935, "Z_threshold0.05_of": 49873.13632504792, "Z_threshold0.05_time": 2.047203540802002, "Z_threshold0.1_of": 49350.91475932969, "Z_threshold0.1_time": 1.5448219776153564, "Z_threshold0.15_of": 48910.161475151304, "Z_threshold0.15_time": 1.5685791969299316, "Z_threshold0.2_of": 48790.494686314916, "Z_threshold0.2_time": 1.6047234535217285, "Z_threshold0.25_of": 48765.417237266316, "Z_threshold0.25_time": 1.528608798980713, "Z_threshold0.3_of": 48765.417237266316, "Z_threshold0.3_time": 1.5207467079162598, "Z_threshold0.35_of": 48765.417237266316, "Z_threshold0.35_time": 1.8356339931488037, "Z_threshold0.4_of": 48765.417237266316, "Z_threshold0.4_time": 1.545255422592163, "Z_threshold0.45_of": 48765.417237266316, "Z_threshold0.45_time": 1.5701353549957275, "Z_threshold0.5_of": 48765.417237266316, "Z_threshold0.5_time": 1.5267648696899414}