{"name": "E_1500_469_9476.886.json", "BaldoML_of": 38129.71816522495, "BaldoML_time": 22.66272497177124, "BaldoGA_of": 36855.58821506281, "BaldoGA_time": 7.489788055419922, "Solver_of": 38129.693960991164, "Solver_time": 17.883793592453003, "Z_threshold0.05_of": 37843.35636389858, "Z_threshold0.05_time": 3.3009743690490723, "Z_threshold0.1_of": 37421.5027561317, "Z_threshold0.1_time": 2.851412057876587, "Z_threshold0.15_of": 36909.607646178934, "Z_threshold0.15_time": 1.60807466506958, "Z_threshold0.2_of": 36267.57445945132, "Z_threshold0.2_time": 1.5579853057861328, "Z_threshold0.25_of": 36267.57445945132, "Z_threshold0.25_time": 1.592012882232666, "Z_threshold0.3_of": 36267.57445945132, "Z_threshold0.3_time": 1.4635753631591797, "Z_threshold0.35_of": 36267.57445945132, "Z_threshold0.35_time": 1.4256782531738281, "Z_threshold0.4_of": 36267.57445945132, "Z_threshold0.4_time": 1.4358160495758057, "Z_threshold0.45_of": 36267.57445945132, "Z_threshold0.45_time": 1.436615228652954, "Z_threshold0.5_of": 36267.57445945132, "Z_threshold0.5_time": 1.4065489768981934}