{"name": "E_1500_686_9643.875.json", "BaldoML_of": 36450.76543238711, "BaldoML_time": 1.422642707824707, "BaldoGA_of": 35922.7703336304, "BaldoGA_time": 10.636825323104858, "Solver_of": 36811.314398417715, "Solver_time": 9.620123147964478, "Z_threshold0.05_of": 35458.32090095748, "Z_threshold0.05_time": 1.6336801052093506, "Z_threshold0.1_of": 35394.48805243444, "Z_threshold0.1_time": 1.5523602962493896, "Z_threshold0.15_of": 35394.48805243444, "Z_threshold0.15_time": 1.6562275886535645, "Z_threshold0.2_of": 35394.48805243444, "Z_threshold0.2_time": 1.5746862888336182, "Z_threshold0.25_of": 35394.48805243444, "Z_threshold0.25_time": 1.5603611469268799}