{"name": "E_1500_555_12647.267.json", "BaldoML_of": 42852.735082223495, "BaldoML_time": 2.4104714393615723, "BaldoGA_of": 41700.949268759, "BaldoGA_time": 7.432521343231201, "Solver_of": 43376.91692659632, "Solver_time": 30.210987329483032, "Z_threshold0.05_of": 43187.73813444603, "Z_threshold0.05_time": 9.208467960357666, "Z_threshold0.1_of": 42595.3183736854, "Z_threshold0.1_time": 2.404639482498169, "Z_threshold0.15_of": 41531.117001850915, "Z_threshold0.15_time": 1.4829015731811523, "Z_threshold0.2_of": 40673.89680684659, "Z_threshold0.2_time": 1.473569631576538, "Z_threshold0.25_of": 39894.61459625912, "Z_threshold0.25_time": 1.5430748462677002}