{"name": "E_1500_347_19380.084.json", "BaldoML_of": 54372.6805210061, "BaldoML_time": 4.579024314880371, "BaldoGA_of": 51303.31115812234, "BaldoGA_time": 7.129680395126343, "Solver_of": 55183.0923315499, "Solver_time": 32.96374583244324, "Z_threshold0.05_of": 55053.818825106806, "Z_threshold0.05_time": 12.738399982452393, "Z_threshold0.1_of": 54940.709506820545, "Z_threshold0.1_time": 7.3929526805877686, "Z_threshold0.15_of": 54883.26673972734, "Z_threshold0.15_time": 5.624813556671143, "Z_threshold0.2_of": 54712.991156801014, "Z_threshold0.2_time": 5.033955097198486, "Z_threshold0.25_of": 54443.648309296776, "Z_threshold0.25_time": 3.5079660415649414, "Z_threshold0.3_of": 54152.581680669704, "Z_threshold0.3_time": 2.89448618888855, "Z_threshold0.35_of": 53825.33086344124, "Z_threshold0.35_time": 0.8495597839355469, "Z_threshold0.4_of": 53270.3045460205, "Z_threshold0.4_time": 0.886113166809082, "Z_threshold0.45_of": 52384.33053687948, "Z_threshold0.45_time": 0.8245384693145752, "Z_threshold0.5_of": 51821.211534896385, "Z_threshold0.5_time": 0.8257808685302734}