{"name": "E_1500_448_19022.432.json", "BaldoML_of": 52211.18358805215, "BaldoML_time": 5.952840328216553, "BaldoGA_of": 50394.21194531968, "BaldoGA_time": 9.136369466781616, "Solver_of": 53075.26272462112, "Solver_time": 29.798848628997803, "Z_threshold0.05_of": 53019.11641962209, "Z_threshold0.05_time": 16.343652486801147, "Z_threshold0.1_of": 52730.68031450537, "Z_threshold0.1_time": 19.33032536506653, "Z_threshold0.15_of": 52247.64705697523, "Z_threshold0.15_time": 6.000551700592041, "Z_threshold0.2_of": 51968.92834487874, "Z_threshold0.2_time": 4.632900953292847}