{"name": "E_1500_507_18671.052.json", "BaldoML_of": 51846.584964429654, "BaldoML_time": 2.688706398010254, "BaldoGA_of": 49961.097277466404, "BaldoGA_time": 8.608504295349121, "Solver_of": 52813.73219658586, "Solver_time": 59.003904581069946, "Z_threshold0.05_of": 52713.31783786509, "Z_threshold0.05_time": 18.958449125289917, "Z_threshold0.1_of": 52288.50201507517, "Z_threshold0.1_time": 6.901552438735962, "Z_threshold0.15_of": 51915.50987604647, "Z_threshold0.15_time": 4.289970636367798, "Z_threshold0.2_of": 51529.91328330044, "Z_threshold0.2_time": 2.675725221633911, "Z_threshold0.25_of": 51027.05926644881, "Z_threshold0.25_time": 1.7460150718688965}