{"name": "E_1500_423_12549.092.json", "BaldoML_of": 43111.026997519024, "BaldoML_time": 5.5240092277526855, "BaldoGA_of": 41675.207203506165, "BaldoGA_time": 7.38456392288208, "Solver_of": 43764.72040998284, "Solver_time": 32.95927667617798, "Z_threshold0.05_of": 43694.732187113324, "Z_threshold0.05_time": 13.388463258743286, "Z_threshold0.1_of": 43398.0890275091, "Z_threshold0.1_time": 4.29404354095459, "Z_threshold0.15_of": 42896.880791249176, "Z_threshold0.15_time": 3.3123795986175537, "Z_threshold0.2_of": 42518.30909265802, "Z_threshold0.2_time": 2.3113372325897217}