{"name": "E_1500_467_19671.906.json", "BaldoML_of": 51760.3700444833, "BaldoML_time": 4.985006093978882, "BaldoGA_of": 49906.443240739485, "BaldoGA_time": 9.632036447525024, "Solver_of": 52787.675902167386, "Solver_time": 45.27626180648804, "Z_threshold0.05_of": 52705.36139108751, "Z_threshold0.05_time": 8.19595742225647, "Z_threshold0.1_of": 52568.2222293571, "Z_threshold0.1_time": 17.58976650238037, "Z_threshold0.15_of": 52249.09549277523, "Z_threshold0.15_time": 5.15238356590271, "Z_threshold0.2_of": 51951.85048333737, "Z_threshold0.2_time": 3.611234664916992, "Z_threshold0.25_of": 51624.8849364464, "Z_threshold0.25_time": 2.356079339981079, "Z_threshold0.3_of": 51325.992890784975, "Z_threshold0.3_time": 0.8708040714263916, "Z_threshold0.35_of": 51064.72267245967, "Z_threshold0.35_time": 0.7897984981536865, "Z_threshold0.4_of": 50518.89839964952, "Z_threshold0.4_time": 0.7885053157806396, "Z_threshold0.45_of": 50226.775301550246, "Z_threshold0.45_time": 0.7992713451385498, "Z_threshold0.5_of": 49685.08688102064, "Z_threshold0.5_time": 0.7842884063720703}