{"name": "E_1500_464_18753.881.json", "BaldoML_of": 54990.848825909496, "BaldoML_time": 2.5990545749664307, "BaldoGA_of": 53294.94883844936, "BaldoGA_time": 10.396236896514893, "Solver_of": 56147.32577859015, "Solver_time": 17.782290935516357, "Z_threshold0.05_of": 56073.81498749356, "Z_threshold0.05_time": 9.857108354568481, "Z_threshold0.1_of": 55856.48762044118, "Z_threshold0.1_time": 4.658324480056763, "Z_threshold0.15_of": 55570.24305147238, "Z_threshold0.15_time": 3.5094192028045654, "Z_threshold0.2_of": 55285.84056218184, "Z_threshold0.2_time": 2.107395648956299, "Z_threshold0.25_of": 55069.73309126505, "Z_threshold0.25_time": 1.7543001174926758, "Z_threshold0.3_of": 54742.373602020314, "Z_threshold0.3_time": 0.8038492202758789, "Z_threshold0.35_of": 54313.58080548405, "Z_threshold0.35_time": 0.8030660152435303, "Z_threshold0.4_of": 53858.50861769867, "Z_threshold0.4_time": 0.7903971672058105, "Z_threshold0.45_of": 53509.69943830819, "Z_threshold0.45_time": 0.8236668109893799, "Z_threshold0.5_of": 53383.10008237805, "Z_threshold0.5_time": 0.7907092571258545}