{"name": "E_1500_400_18464.79.json", "BaldoML_of": 55475.49858696299, "BaldoML_time": 6.201540231704712, "BaldoGA_of": 53182.92604549932, "BaldoGA_time": 9.813472032546997, "Solver_of": 56065.426953005874, "Solver_time": 10.123388528823853, "Z_threshold0.05_of": 56023.619350614856, "Z_threshold0.05_time": 11.751573324203491, "Z_threshold0.1_of": 55798.99012113032, "Z_threshold0.1_time": 8.834448337554932, "Z_threshold0.15_of": 55405.50139303006, "Z_threshold0.15_time": 4.968453407287598, "Z_threshold0.2_of": 54972.56293130864, "Z_threshold0.2_time": 4.434870481491089}