{"name": "E_1500_436_12747.194.json", "BaldoML_of": 43637.63364126694, "BaldoML_time": 6.886953353881836, "BaldoGA_of": 41896.63750907353, "BaldoGA_time": 7.190415620803833, "Solver_of": 43959.75025471465, "Solver_time": 17.948968648910522, "Z_threshold0.05_of": 43867.827487268216, "Z_threshold0.05_time": 9.422473907470703}