{"name": "E_1500_404_19512.214.json", "BaldoML_of": 52373.579274410295, "BaldoML_time": 4.913897275924683, "BaldoGA_of": 49925.43819396989, "BaldoGA_time": 8.026071310043335, "Solver_of": 53281.179456662736, "Solver_time": 39.24624514579773, "Z_threshold0.05_of": 53171.92112484798, "Z_threshold0.05_time": 9.098435878753662}