{"name": "E_1500_850_12727.453.json", "BaldoML_of": 43076.53279264346, "BaldoML_time": 2.707814931869507, "BaldoGA_of": 42068.529425522705, "BaldoGA_time": 5.042847394943237, "Solver_of": 43084.53459808432, "Solver_time": 2.914691209793091, "Z_threshold0.05_of": 42607.44335833265, "Z_threshold0.05_time": 1.6211209297180176, "Z_threshold0.1_of": 42607.44335833265, "Z_threshold0.1_time": 1.5854859352111816, "Z_threshold0.15_of": 42607.44335833265, "Z_threshold0.15_time": 1.8278648853302002, "Z_threshold0.2_of": 42525.73603679341, "Z_threshold0.2_time": 1.6093215942382812, "Z_threshold0.25_of": 42525.73603679341, "Z_threshold0.25_time": 1.5597333908081055, "Z_threshold0.3_of": 42525.73603679341, "Z_threshold0.3_time": 1.6709449291229248, "Z_threshold0.35_of": 42525.73603679341, "Z_threshold0.35_time": 1.665466070175171, "Z_threshold0.4_of": 42525.73603679341, "Z_threshold0.4_time": 1.5287299156188965, "Z_threshold0.45_of": 42525.73603679341, "Z_threshold0.45_time": 1.5673184394836426, "Z_threshold0.5_of": 42525.73603679341, "Z_threshold0.5_time": 1.5930540561676025}