{"name": "E_1500_499_9490.648.json", "BaldoML_of": 37614.306162368295, "BaldoML_time": 16.323965549468994, "BaldoGA_of": 36293.39965790335, "BaldoGA_time": 7.401108026504517, "Solver_of": 37612.09215523171, "Solver_time": 20.984087705612183, "Z_threshold0.05_of": 37181.29561509831, "Z_threshold0.05_time": 3.914729118347168, "Z_threshold0.1_of": 36838.84572827004, "Z_threshold0.1_time": 1.8573479652404785, "Z_threshold0.15_of": 35938.401769744225, "Z_threshold0.15_time": 1.4912352561950684, "Z_threshold0.2_of": 35413.81171274916, "Z_threshold0.2_time": 1.3762714862823486, "Z_threshold0.25_of": 35413.81171274916, "Z_threshold0.25_time": 1.3732731342315674, "Z_threshold0.3_of": 35413.81171274916, "Z_threshold0.3_time": 1.441389560699463, "Z_threshold0.35_of": 35413.81171274916, "Z_threshold0.35_time": 1.4846725463867188, "Z_threshold0.4_of": 35413.81171274916, "Z_threshold0.4_time": 1.4264426231384277, "Z_threshold0.45_of": 35413.81171274916, "Z_threshold0.45_time": 1.3846921920776367, "Z_threshold0.5_of": 35413.81171274916, "Z_threshold0.5_time": 1.3986425399780273}