{"name": "E_1500_380_9643.91.json", "BaldoML_of": 37265.00963913778, "BaldoML_time": 5.577200174331665, "BaldoGA_of": 35750.777528975734, "BaldoGA_time": 5.993350982666016, "Solver_of": 37495.04681593581, "Solver_time": 24.5564181804657, "Z_threshold0.05_of": 37350.11740488874, "Z_threshold0.05_time": 3.368446111679077, "Z_threshold0.1_of": 37157.05336001375, "Z_threshold0.1_time": 2.4104790687561035, "Z_threshold0.15_of": 36900.225924594146, "Z_threshold0.15_time": 2.1340150833129883, "Z_threshold0.2_of": 36600.45257958049, "Z_threshold0.2_time": 1.3733668327331543, "Z_threshold0.25_of": 36175.11965120085, "Z_threshold0.25_time": 0.7642917633056641, "Z_threshold0.3_of": 35753.03811457434, "Z_threshold0.3_time": 0.75465989112854, "Z_threshold0.35_of": 35441.79120040324, "Z_threshold0.35_time": 0.902277946472168, "Z_threshold0.4_of": 35441.79120040324, "Z_threshold0.4_time": 0.7553215026855469, "Z_threshold0.45_of": 35441.79120040324, "Z_threshold0.45_time": 0.7611415386199951, "Z_threshold0.5_of": 35441.79120040324, "Z_threshold0.5_time": 0.7638812065124512}