{"name": "E_1500_452_19386.307.json", "BaldoML_of": 53212.96183276731, "BaldoML_time": 3.4709789752960205, "BaldoGA_of": 51387.670053322465, "BaldoGA_time": 10.431745052337646, "Solver_of": 54074.02114076577, "Solver_time": 12.031113147735596, "Z_threshold0.05_of": 54001.56113891452, "Z_threshold0.05_time": 6.044285535812378, "Z_threshold0.1_of": 53802.33343194972, "Z_threshold0.1_time": 5.670444011688232, "Z_threshold0.15_of": 53538.744132143765, "Z_threshold0.15_time": 3.4821979999542236, "Z_threshold0.2_of": 53336.034696091716, "Z_threshold0.2_time": 2.4481003284454346, "Z_threshold0.25_of": 53135.95737625185, "Z_threshold0.25_time": 1.8141460418701172, "Z_threshold0.3_of": 52931.31472402585, "Z_threshold0.3_time": 1.2628076076507568, "Z_threshold0.35_of": 52600.91194311188, "Z_threshold0.35_time": 0.7976224422454834, "Z_threshold0.4_of": 52132.339609419454, "Z_threshold0.4_time": 0.8071589469909668, "Z_threshold0.45_of": 51676.91548792066, "Z_threshold0.45_time": 0.7931077480316162, "Z_threshold0.5_of": 51187.19119275611, "Z_threshold0.5_time": 0.7872087955474854}