{"name": "E_1500_313_9609.694.json", "BaldoML_of": 37760.91507586769, "BaldoML_time": 25.227693557739258, "BaldoGA_of": 35984.33993221729, "BaldoGA_time": 5.905999183654785, "Solver_of": 37760.9150758677, "Solver_time": 26.816047191619873, "Z_threshold0.05_of": 37690.18359017999, "Z_threshold0.05_time": 7.2669148445129395, "Z_threshold0.1_of": 37582.91173131059, "Z_threshold0.1_time": 3.988055467605591, "Z_threshold0.15_of": 37437.79408657642, "Z_threshold0.15_time": 3.579890012741089, "Z_threshold0.2_of": 37280.70600589312, "Z_threshold0.2_time": 2.900150775909424, "Z_threshold0.25_of": 37099.467997679865, "Z_threshold0.25_time": 2.183753490447998, "Z_threshold0.3_of": 36704.32661905905, "Z_threshold0.3_time": 1.852212905883789, "Z_threshold0.35_of": 36148.42300774391, "Z_threshold0.35_time": 1.5660176277160645, "Z_threshold0.4_of": 35547.67758300395, "Z_threshold0.4_time": 1.6147420406341553, "Z_threshold0.45_of": 35435.7840674461, "Z_threshold0.45_time": 1.6569855213165283, "Z_threshold0.5_of": 35435.7840674461, "Z_threshold0.5_time": 1.5432894229888916}