{"name": "E_1500_577_12570.404.json", "BaldoML_of": 42226.85235489983, "BaldoML_time": 35.5739471912384, "BaldoGA_of": 40767.56359996778, "BaldoGA_time": 7.716014623641968, "Solver_of": 42226.85156420858, "Solver_time": 22.386359214782715, "Z_threshold0.05_of": 42015.16037911331, "Z_threshold0.05_time": 8.139830350875854, "Z_threshold0.1_of": 41566.97611677798, "Z_threshold0.1_time": 2.8683807849884033, "Z_threshold0.15_of": 41230.23450633687, "Z_threshold0.15_time": 1.7176573276519775, "Z_threshold0.2_of": 40233.81347407369, "Z_threshold0.2_time": 1.573514461517334, "Z_threshold0.25_of": 39498.31305391282, "Z_threshold0.25_time": 1.5673747062683105, "Z_threshold0.3_of": 39084.9019596404, "Z_threshold0.3_time": 1.6552927494049072, "Z_threshold0.35_of": 38956.58387117606, "Z_threshold0.35_time": 1.57096266746521, "Z_threshold0.4_of": 38602.779785670275, "Z_threshold0.4_time": 1.5840895175933838, "Z_threshold0.45_of": 38572.428444228186, "Z_threshold0.45_time": 1.6084809303283691, "Z_threshold0.5_of": 38572.428444228186, "Z_threshold0.5_time": 1.5242979526519775}