{"name": "E_1500_381_18658.358.json", "BaldoML_of": 55000.56704585082, "BaldoML_time": 5.3982861042022705, "BaldoGA_of": 52462.42422651918, "BaldoGA_time": 9.738964080810547, "Solver_of": 55807.523733677524, "Solver_time": 25.68773317337036, "Z_threshold0.05_of": 55747.34988187356, "Z_threshold0.05_time": 8.51384425163269, "Z_threshold0.1_of": 55688.08354369376, "Z_threshold0.1_time": 11.079185009002686, "Z_threshold0.15_of": 55300.084272945205, "Z_threshold0.15_time": 6.86019229888916, "Z_threshold0.2_of": 54680.18404581209, "Z_threshold0.2_time": 4.782127141952515, "Z_threshold0.25_of": 54315.211331916136, "Z_threshold0.25_time": 2.7583982944488525}