{"name": "E_1500_423_12549.092.json", "BaldoML_of": 43111.026997519024, "BaldoML_time": 5.5240092277526855, "BaldoGA_of": 41675.207203506165, "BaldoGA_time": 7.38456392288208, "Solver_of": 43764.72040998284, "Solver_time": 32.95927667617798, "Z_threshold0.05_of": 43694.267226669675, "Z_threshold0.05_time": 8.36059832572937, "Z_threshold0.1_of": 43396.95874362999, "Z_threshold0.1_time": 5.7600321769714355, "Z_threshold0.15_of": 42896.880791249176, "Z_threshold0.15_time": 3.1243038177490234, "Z_threshold0.2_of": 42518.30909265802, "Z_threshold0.2_time": 2.090850830078125, "Z_threshold0.25_of": 41772.955938863975, "Z_threshold0.25_time": 1.4230051040649414}