{"name": "E_1500_743_19604.69.json", "BaldoML_of": 47937.46661569723, "BaldoML_time": 2.0849945545196533, "BaldoGA_of": 47269.377802977026, "BaldoGA_time": 12.660141468048096, "Solver_of": 49160.26357144632, "Solver_time": 37.43202877044678, "Z_threshold0.05_of": 48689.97912436947, "Z_threshold0.05_time": 4.183157444000244, "Z_threshold0.1_of": 48274.8616074335, "Z_threshold0.1_time": 0.9465255737304688, "Z_threshold0.15_of": 47367.96611472149, "Z_threshold0.15_time": 0.8386824131011963, "Z_threshold0.2_of": 46817.02694621409, "Z_threshold0.2_time": 0.7973425388336182, "Z_threshold0.25_of": 46557.60520594644, "Z_threshold0.25_time": 0.7950088977813721, "Z_threshold0.3_of": 46431.039776293714, "Z_threshold0.3_time": 0.7941052913665771, "Z_threshold0.35_of": 46366.03956526122, "Z_threshold0.35_time": 0.8291857242584229, "Z_threshold0.4_of": 46323.522893636145, "Z_threshold0.4_time": 0.8036491870880127, "Z_threshold0.45_of": 46323.522893636145, "Z_threshold0.45_time": 0.8007156848907471, "Z_threshold0.5_of": 46323.522893636145, "Z_threshold0.5_time": 0.7941341400146484}