{"name": "E_1500_463_13009.315.json", "BaldoML_of": 41554.06325995824, "BaldoML_time": 3.2499144077301025, "BaldoGA_of": 40482.14541331048, "BaldoGA_time": 7.741478443145752, "Solver_of": 42095.372201234655, "Solver_time": 33.08761405944824, "Z_threshold0.05_of": 42054.43806676076, "Z_threshold0.05_time": 17.998438358306885, "Z_threshold0.1_of": 41655.690833592766, "Z_threshold0.1_time": 3.731079578399658, "Z_threshold0.15_of": 41255.51765790441, "Z_threshold0.15_time": 2.2120792865753174, "Z_threshold0.2_of": 40991.96499194565, "Z_threshold0.2_time": 2.0577049255371094}