{"name": "E_1500_883_18953.113.json", "BaldoML_of": 50939.98126114567, "BaldoML_time": 0.7754426002502441, "BaldoGA_of": 50424.3026826597, "BaldoGA_time": 16.68289589881897, "Solver_of": 51771.39870574914, "Solver_time": 25.272918939590454, "Z_threshold0.05_of": 50760.38410317496, "Z_threshold0.05_time": 2.003009080886841, "Z_threshold0.1_of": 49280.50035461989, "Z_threshold0.1_time": 1.5121419429779053, "Z_threshold0.15_of": 49037.174191898805, "Z_threshold0.15_time": 1.444732904434204, "Z_threshold0.2_of": 48953.65745767892, "Z_threshold0.2_time": 1.4846062660217285}