{"name": "E_1500_350_9699.548.json", "BaldoML_of": 37570.115195927276, "BaldoML_time": 4.716541528701782, "BaldoGA_of": 36177.94675904275, "BaldoGA_time": 6.551294565200806, "Solver_of": 37958.674610681126, "Solver_time": 15.036502122879028, "Z_threshold0.05_of": 37825.26186926121, "Z_threshold0.05_time": 3.5365803241729736, "Z_threshold0.1_of": 37525.07237829467, "Z_threshold0.1_time": 3.4518351554870605, "Z_threshold0.15_of": 37247.007102316216, "Z_threshold0.15_time": 2.535691499710083, "Z_threshold0.2_of": 36865.48973444972, "Z_threshold0.2_time": 1.9817578792572021, "Z_threshold0.25_of": 36118.311223213466, "Z_threshold0.25_time": 1.4780282974243164}