{"name": "E_1500_831_18590.959.json", "BaldoML_of": 50524.61893352529, "BaldoML_time": 1.3868257999420166, "BaldoGA_of": 49783.003379493144, "BaldoGA_time": 15.870805025100708, "Solver_of": 51505.1640267278, "Solver_time": 22.242820978164673, "Z_threshold0.05_of": 50724.71821200367, "Z_threshold0.05_time": 0.8857157230377197, "Z_threshold0.1_of": 50185.12967368753, "Z_threshold0.1_time": 0.7526681423187256, "Z_threshold0.15_of": 49918.04762350753, "Z_threshold0.15_time": 0.7545435428619385, "Z_threshold0.2_of": 49854.283043436, "Z_threshold0.2_time": 0.7542464733123779, "Z_threshold0.25_of": 49814.28378123674, "Z_threshold0.25_time": 0.77718186378479, "Z_threshold0.3_of": 49814.28378123674, "Z_threshold0.3_time": 0.8897879123687744, "Z_threshold0.35_of": 49814.28378123674, "Z_threshold0.35_time": 0.7538242340087891, "Z_threshold0.4_of": 49814.28378123674, "Z_threshold0.4_time": 0.7531473636627197, "Z_threshold0.45_of": 49814.28378123674, "Z_threshold0.45_time": 0.7560129165649414, "Z_threshold0.5_of": 49814.28378123674, "Z_threshold0.5_time": 0.76361083984375}