{"name": "E_1500_743_19604.69.json", "BaldoML_of": 49158.65109769146, "BaldoML_time": 30.63185429573059, "BaldoGA_of": 47269.377802977026, "BaldoGA_time": 12.660141468048096, "Solver_of": 49160.26357144632, "Solver_time": 37.43202877044678, "Z_threshold0.05_of": 48751.87221104741, "Z_threshold0.05_time": 9.469505786895752, "Z_threshold0.1_of": 48320.929419081585, "Z_threshold0.1_time": 1.728855848312378, "Z_threshold0.15_of": 47553.96912873894, "Z_threshold0.15_time": 1.498117446899414, "Z_threshold0.2_of": 46987.30918907612, "Z_threshold0.2_time": 1.560800552368164, "Z_threshold0.25_of": 46610.85182758931, "Z_threshold0.25_time": 1.4863698482513428, "Z_threshold0.3_of": 46554.021635406556, "Z_threshold0.3_time": 1.4989616870880127, "Z_threshold0.35_of": 46427.45620575381, "Z_threshold0.35_time": 1.5290110111236572, "Z_threshold0.4_of": 46362.45599472132, "Z_threshold0.4_time": 1.6034643650054932, "Z_threshold0.45_of": 46319.939323096245, "Z_threshold0.45_time": 1.7086381912231445, "Z_threshold0.5_of": 46319.939323096245, "Z_threshold0.5_time": 1.4829607009887695}