{"name": "E_1500_526_19148.915.json", "BaldoML_of": 52500.605568856605, "BaldoML_time": 2.947814464569092, "BaldoGA_of": 51017.76341731937, "BaldoGA_time": 9.070436477661133, "Solver_of": 53333.10003350925, "Solver_time": 42.948193311691284, "Z_threshold0.05_of": 53290.47050044694, "Z_threshold0.05_time": 9.52809476852417, "Z_threshold0.1_of": 52924.98334352383, "Z_threshold0.1_time": 5.747526407241821, "Z_threshold0.15_of": 52540.74421922964, "Z_threshold0.15_time": 6.680417060852051, "Z_threshold0.2_of": 52114.40280099406, "Z_threshold0.2_time": 3.0370066165924072}