{"name": "E_1500_407_12988.553.json", "BaldoML_of": 44322.67755580955, "BaldoML_time": 4.98354434967041, "BaldoGA_of": 42392.95102988098, "BaldoGA_time": 7.26968240737915, "Solver_of": 44727.54443063287, "Solver_time": 18.583311557769775, "Z_threshold0.05_of": 44659.26267479083, "Z_threshold0.05_time": 4.063628196716309, "Z_threshold0.1_of": 44385.33296932883, "Z_threshold0.1_time": 4.439324140548706, "Z_threshold0.15_of": 44089.55995314782, "Z_threshold0.15_time": 2.4171035289764404, "Z_threshold0.2_of": 43765.20479311589, "Z_threshold0.2_time": 1.281635046005249, "Z_threshold0.25_of": 43563.99663527747, "Z_threshold0.25_time": 0.9335305690765381, "Z_threshold0.3_of": 43197.466358979895, "Z_threshold0.3_time": 0.8390405178070068, "Z_threshold0.35_of": 42899.26566243307, "Z_threshold0.35_time": 0.8303773403167725, "Z_threshold0.4_of": 42325.461458614845, "Z_threshold0.4_time": 0.8252520561218262, "Z_threshold0.45_of": 41830.13494842023, "Z_threshold0.45_time": 0.8148517608642578, "Z_threshold0.5_of": 41466.26300980085, "Z_threshold0.5_time": 0.8297076225280762}