{"name": "E_1500_750_18769.424.json", "BaldoML_of": 50353.933596136165, "BaldoML_time": 1.6992559432983398, "BaldoGA_of": 49551.0215372338, "BaldoGA_time": 13.201758861541748, "Solver_of": 51245.27268822421, "Solver_time": 35.7222945690155, "Z_threshold0.05_of": 51147.599307183984, "Z_threshold0.05_time": 13.165802001953125, "Z_threshold0.1_of": 50228.22255253198, "Z_threshold0.1_time": 3.3414769172668457, "Z_threshold0.15_of": 49031.55696705424, "Z_threshold0.15_time": 1.632228136062622, "Z_threshold0.2_of": 48279.16092734548, "Z_threshold0.2_time": 1.7033424377441406, "Z_threshold0.25_of": 47814.51966193094, "Z_threshold0.25_time": 1.598680019378662}