{"name": "E_1500_463_13009.315.json", "BaldoML_of": 41554.06325995824, "BaldoML_time": 3.2499144077301025, "BaldoGA_of": 40482.14541331048, "BaldoGA_time": 7.741478443145752, "Solver_of": 42095.372201234655, "Solver_time": 33.08761405944824, "Z_threshold0.05_of": 42056.064791866935, "Z_threshold0.05_time": 11.567655324935913, "Z_threshold0.1_of": 41602.071083451454, "Z_threshold0.1_time": 3.4872043132781982, "Z_threshold0.15_of": 41240.739026524854, "Z_threshold0.15_time": 1.8490147590637207, "Z_threshold0.2_of": 40962.539064400844, "Z_threshold0.2_time": 1.3724546432495117, "Z_threshold0.25_of": 40444.516952271115, "Z_threshold0.25_time": 0.7305896282196045, "Z_threshold0.3_of": 39317.12302752809, "Z_threshold0.3_time": 0.7642269134521484, "Z_threshold0.35_of": 38997.26145427692, "Z_threshold0.35_time": 0.7314548492431641, "Z_threshold0.4_of": 38535.85792898852, "Z_threshold0.4_time": 0.7259221076965332, "Z_threshold0.45_of": 37840.545110260624, "Z_threshold0.45_time": 0.7184860706329346, "Z_threshold0.5_of": 37423.79994145665, "Z_threshold0.5_time": 0.725121259689331}