{"name": "E_1500_695_19585.046.json", "BaldoML_of": 48235.270289871696, "BaldoML_time": 1.6082024574279785, "BaldoGA_of": 47413.07744045989, "BaldoGA_time": 12.524251937866211, "Solver_of": 49670.802191587936, "Solver_time": 45.92249774932861, "Z_threshold0.05_of": 49501.29107404991, "Z_threshold0.05_time": 16.687286853790283, "Z_threshold0.1_of": 48773.74438786604, "Z_threshold0.1_time": 1.384793758392334, "Z_threshold0.15_of": 48421.76194731758, "Z_threshold0.15_time": 0.9762618541717529, "Z_threshold0.2_of": 47581.86778779934, "Z_threshold0.2_time": 0.7977807521820068, "Z_threshold0.25_of": 46977.229898649835, "Z_threshold0.25_time": 0.9324479103088379, "Z_threshold0.3_of": 46730.95793296527, "Z_threshold0.3_time": 0.7970731258392334, "Z_threshold0.35_of": 46542.07833532123, "Z_threshold0.35_time": 0.812999963760376, "Z_threshold0.4_of": 46509.94784883947, "Z_threshold0.4_time": 0.7970223426818848, "Z_threshold0.45_of": 46509.94784883947, "Z_threshold0.45_time": 0.7905097007751465, "Z_threshold0.5_of": 46446.020463937595, "Z_threshold0.5_time": 0.7883555889129639}