{"name": "E_1500_510_19221.909.json", "BaldoML_of": 51766.76191032785, "BaldoML_time": 3.311483144760132, "BaldoGA_of": 49922.33471160396, "BaldoGA_time": 6.869489669799805, "Solver_of": 52832.176543320245, "Solver_time": 44.37835431098938, "Z_threshold0.05_of": 52745.95437308644, "Z_threshold0.05_time": 21.053787231445312, "Z_threshold0.1_of": 52532.29024432405, "Z_threshold0.1_time": 6.612070322036743, "Z_threshold0.15_of": 51992.61218735119, "Z_threshold0.15_time": 4.280201196670532, "Z_threshold0.2_of": 51464.317772089766, "Z_threshold0.2_time": 3.109140157699585, "Z_threshold0.25_of": 50781.09674061657, "Z_threshold0.25_time": 1.5909805297851562}