{"name": "E_1500_493_12808.766.json", "BaldoML_of": 43099.30637986417, "BaldoML_time": 3.8672237396240234, "BaldoGA_of": 41847.675331822415, "BaldoGA_time": 8.266705989837646, "Solver_of": 43613.88924320472, "Solver_time": 23.956480503082275, "Z_threshold0.05_of": 43537.3589276314, "Z_threshold0.05_time": 9.103451490402222, "Z_threshold0.1_of": 42971.50633439097, "Z_threshold0.1_time": 1.6001384258270264, "Z_threshold0.15_of": 42216.44206889388, "Z_threshold0.15_time": 0.8148598670959473, "Z_threshold0.2_of": 41692.813524867925, "Z_threshold0.2_time": 0.8092553615570068, "Z_threshold0.25_of": 41158.96432414721, "Z_threshold0.25_time": 0.807842493057251, "Z_threshold0.3_of": 40774.29302650693, "Z_threshold0.3_time": 0.7982072830200195, "Z_threshold0.35_of": 40467.91404151248, "Z_threshold0.35_time": 0.8089940547943115, "Z_threshold0.4_of": 40222.2037763075, "Z_threshold0.4_time": 0.794572114944458, "Z_threshold0.45_of": 40018.858545923154, "Z_threshold0.45_time": 0.768418550491333, "Z_threshold0.5_of": 39857.47324130017, "Z_threshold0.5_time": 0.7319376468658447}