{"name": "E_1500_769_9521.655.json", "BaldoML_of": 36233.30165515964, "BaldoML_time": 0.7696459293365479, "BaldoGA_of": 35702.014190186324, "BaldoGA_time": 4.042630434036255, "Solver_of": 36832.3880845419, "Solver_time": 2.243795394897461, "Z_threshold0.05_of": 36311.350940896686, "Z_threshold0.05_time": 0.8468523025512695, "Z_threshold0.1_of": 36311.350940896686, "Z_threshold0.1_time": 0.7894513607025146, "Z_threshold0.15_of": 36311.350940896686, "Z_threshold0.15_time": 0.7934772968292236, "Z_threshold0.2_of": 36311.350940896686, "Z_threshold0.2_time": 0.7862164974212646, "Z_threshold0.25_of": 36311.350940896686, "Z_threshold0.25_time": 0.8436439037322998, "Z_threshold0.3_of": 36311.350940896686, "Z_threshold0.3_time": 0.7852287292480469, "Z_threshold0.35_of": 36311.350940896686, "Z_threshold0.35_time": 0.7846786975860596, "Z_threshold0.4_of": 36311.350940896686, "Z_threshold0.4_time": 0.788440465927124, "Z_threshold0.45_of": 36311.350940896686, "Z_threshold0.45_time": 0.7865350246429443, "Z_threshold0.5_of": 36311.350940896686, "Z_threshold0.5_time": 0.8121023178100586}