{"name": "E_1500_841_19040.664.json", "BaldoML_of": 52110.35772467298, "BaldoML_time": 25.616480588912964, "BaldoGA_of": 50676.588183136206, "BaldoGA_time": 17.887158393859863, "Solver_of": 52110.35772467298, "Solver_time": 20.090548753738403, "Z_threshold0.05_of": 51368.899085286685, "Z_threshold0.05_time": 1.83742356300354, "Z_threshold0.1_of": 50307.01288133233, "Z_threshold0.1_time": 1.5794618129730225, "Z_threshold0.15_of": 50265.55299305107, "Z_threshold0.15_time": 1.707474708557129, "Z_threshold0.2_of": 50181.507420964226, "Z_threshold0.2_time": 1.657895565032959, "Z_threshold0.25_of": 50161.46447975012, "Z_threshold0.25_time": 1.6155116558074951, "Z_threshold0.3_of": 50161.46447975012, "Z_threshold0.3_time": 1.6189630031585693, "Z_threshold0.35_of": 50161.46447975012, "Z_threshold0.35_time": 1.584827184677124, "Z_threshold0.4_of": 50161.46447975012, "Z_threshold0.4_time": 1.474186658859253, "Z_threshold0.45_of": 50161.46447975012, "Z_threshold0.45_time": 1.779984951019287, "Z_threshold0.5_of": 50161.46447975012, "Z_threshold0.5_time": 1.6681098937988281}