{"name": "E_1500_592_19080.215.json", "BaldoML_of": 52360.43669140565, "BaldoML_time": 62.04470658302307, "BaldoGA_of": 50173.01714132966, "BaldoGA_time": 10.696492433547974, "Solver_of": 52358.114528506994, "Solver_time": 35.53867197036743, "Z_threshold0.05_of": 52247.67017372336, "Z_threshold0.05_time": 7.2187652587890625, "Z_threshold0.1_of": 52020.86853606065, "Z_threshold0.1_time": 4.920953989028931, "Z_threshold0.15_of": 51819.585933465656, "Z_threshold0.15_time": 3.592611074447632, "Z_threshold0.2_of": 51617.80316120059, "Z_threshold0.2_time": 3.352484703063965, "Z_threshold0.25_of": 51522.771195387446, "Z_threshold0.25_time": 2.657343864440918, "Z_threshold0.3_of": 51385.978802857506, "Z_threshold0.3_time": 2.4788897037506104, "Z_threshold0.35_of": 51060.32398268856, "Z_threshold0.35_time": 1.6411676406860352, "Z_threshold0.4_of": 50390.3354830159, "Z_threshold0.4_time": 1.581972360610962, "Z_threshold0.45_of": 50034.13227885016, "Z_threshold0.45_time": 1.684222936630249, "Z_threshold0.5_of": 49652.105905481905, "Z_threshold0.5_time": 1.5757975578308105}