{"name": "E_1500_844_9711.459.json", "BaldoML_of": 36466.738445608935, "BaldoML_time": 2.7160980701446533, "BaldoGA_of": 35554.29591376237, "BaldoGA_time": 4.252527713775635, "Solver_of": 36497.49118931786, "Solver_time": 1.4542899131774902, "Z_threshold0.05_of": 35913.63433109288, "Z_threshold0.05_time": 1.540379524230957, "Z_threshold0.1_of": 35913.63433109288, "Z_threshold0.1_time": 1.7168002128601074, "Z_threshold0.15_of": 35913.63433109288, "Z_threshold0.15_time": 1.7245235443115234, "Z_threshold0.2_of": 35913.63433109288, "Z_threshold0.2_time": 1.7757134437561035, "Z_threshold0.25_of": 35913.63433109288, "Z_threshold0.25_time": 1.76495361328125, "Z_threshold0.3_of": 35913.63433109288, "Z_threshold0.3_time": 1.6898329257965088, "Z_threshold0.35_of": 35913.63433109288, "Z_threshold0.35_time": 1.709627628326416, "Z_threshold0.4_of": 35913.63433109288, "Z_threshold0.4_time": 1.7139973640441895, "Z_threshold0.45_of": 35913.63433109288, "Z_threshold0.45_time": 1.6956872940063477, "Z_threshold0.5_of": 35913.63433109288, "Z_threshold0.5_time": 1.7328753471374512}