{"name": "E_1500_592_19080.215.json", "BaldoML_of": 51401.531892945444, "BaldoML_time": 1.9017918109893799, "BaldoGA_of": 50173.01714132966, "BaldoGA_time": 10.696492433547974, "Solver_of": 52358.114528506994, "Solver_time": 35.53867197036743, "Z_threshold0.05_of": 52256.989523317694, "Z_threshold0.05_time": 8.466901779174805}