{"name": "E_1500_644_19110.569.json", "BaldoML_of": 50394.51214499292, "BaldoML_time": 1.899552822113037, "BaldoGA_of": 49310.86606775109, "BaldoGA_time": 11.90188217163086, "Solver_of": 51256.03750333977, "Solver_time": 34.6184868812561, "Z_threshold0.05_of": 51197.6993598385, "Z_threshold0.05_time": 14.242112636566162, "Z_threshold0.1_of": 50878.37253383617, "Z_threshold0.1_time": 3.4364399909973145, "Z_threshold0.15_of": 50669.78586802639, "Z_threshold0.15_time": 1.509643316268921, "Z_threshold0.2_of": 50382.85562101593, "Z_threshold0.2_time": 0.8396115303039551, "Z_threshold0.25_of": 49985.68070224465, "Z_threshold0.25_time": 0.8282601833343506, "Z_threshold0.3_of": 49415.90976604712, "Z_threshold0.3_time": 0.824833869934082, "Z_threshold0.35_of": 49030.2724201238, "Z_threshold0.35_time": 0.838231086730957, "Z_threshold0.4_of": 48712.58831988429, "Z_threshold0.4_time": 0.8417186737060547, "Z_threshold0.45_of": 48641.06402755848, "Z_threshold0.45_time": 0.8180887699127197, "Z_threshold0.5_of": 48551.93914036925, "Z_threshold0.5_time": 0.8229105472564697}