{"name": "E_1500_350_9699.548.json", "BaldoML_of": 37570.115195927276, "BaldoML_time": 4.716541528701782, "BaldoGA_of": 36177.94675904275, "BaldoGA_time": 6.551294565200806, "Solver_of": 37958.674610681126, "Solver_time": 15.036502122879028, "Z_threshold0.05_of": 37874.91871886824, "Z_threshold0.05_time": 6.086984395980835, "Z_threshold0.1_of": 37609.8170212796, "Z_threshold0.1_time": 3.584658145904541, "Z_threshold0.15_of": 37346.81335431618, "Z_threshold0.15_time": 2.1849029064178467, "Z_threshold0.2_of": 37013.27867923084, "Z_threshold0.2_time": 1.9171769618988037, "Z_threshold0.25_of": 36458.18496627455, "Z_threshold0.25_time": 0.785224199295044, "Z_threshold0.3_of": 35834.271836499574, "Z_threshold0.3_time": 0.7723252773284912, "Z_threshold0.35_of": 35346.10095759542, "Z_threshold0.35_time": 0.7681198120117188, "Z_threshold0.4_of": 35276.78100937041, "Z_threshold0.4_time": 0.770831823348999, "Z_threshold0.45_of": 35276.78100937041, "Z_threshold0.45_time": 0.7799673080444336, "Z_threshold0.5_of": 35346.10095759542, "Z_threshold0.5_time": 0.9129416942596436}