{"name": "E_1500_480_12798.784.json", "BaldoML_of": 43772.16162495373, "BaldoML_time": 3.0916621685028076, "BaldoGA_of": 42564.682178349845, "BaldoGA_time": 7.553699254989624, "Solver_of": 44322.71046502394, "Solver_time": 32.91579866409302, "Z_threshold0.05_of": 44226.28834823962, "Z_threshold0.05_time": 7.06174111366272, "Z_threshold0.1_of": 43815.35211232935, "Z_threshold0.1_time": 2.831163167953491, "Z_threshold0.15_of": 43433.453069203475, "Z_threshold0.15_time": 2.540813684463501, "Z_threshold0.2_of": 42586.60802635441, "Z_threshold0.2_time": 1.528515338897705, "Z_threshold0.25_of": 41839.76516591036, "Z_threshold0.25_time": 1.5961732864379883}