{"name": "E_1500_730_12852.257.json", "BaldoML_of": 40458.54999639114, "BaldoML_time": 0.880054235458374, "BaldoGA_of": 39872.2365360425, "BaldoGA_time": 13.388728380203247, "Solver_of": 41109.14133642739, "Solver_time": 12.226943492889404, "Z_threshold0.05_of": 39478.55918245453, "Z_threshold0.05_time": 1.405287265777588, "Z_threshold0.1_of": 38457.950129957615, "Z_threshold0.1_time": 1.3920457363128662, "Z_threshold0.15_of": 38431.89163102207, "Z_threshold0.15_time": 1.401817798614502, "Z_threshold0.2_of": 38431.89163102207, "Z_threshold0.2_time": 1.393735647201538, "Z_threshold0.25_of": 38431.89163102207, "Z_threshold0.25_time": 1.403278112411499}