{"name": "E_1500_588_19240.587.json", "BaldoML_of": 52388.2601356754, "BaldoML_time": 2.1670470237731934, "BaldoGA_of": 51277.27224096595, "BaldoGA_time": 12.248538255691528, "Solver_of": 53183.06731736904, "Solver_time": 34.58531355857849, "Z_threshold0.05_of": 53123.41941894147, "Z_threshold0.05_time": 7.979004859924316, "Z_threshold0.1_of": 52795.959767907545, "Z_threshold0.1_time": 6.334193706512451, "Z_threshold0.15_of": 52392.72095086747, "Z_threshold0.15_time": 3.673124074935913, "Z_threshold0.2_of": 52009.37647817881, "Z_threshold0.2_time": 2.204876661300659}