{"name": "E_1500_318_9208.447.json", "BaldoML_of": 40524.65260592509, "BaldoML_time": 4.203198432922363, "BaldoGA_of": 38755.687488912634, "BaldoGA_time": 6.387163400650024, "Solver_of": 40732.62815700217, "Solver_time": 11.692238807678223, "Z_threshold0.05_of": 40702.29586534575, "Z_threshold0.05_time": 5.431351900100708, "Z_threshold0.1_of": 40499.125554941704, "Z_threshold0.1_time": 3.188828706741333, "Z_threshold0.15_of": 40085.69432947102, "Z_threshold0.15_time": 2.8174760341644287, "Z_threshold0.2_of": 39820.67695888238, "Z_threshold0.2_time": 2.6093521118164062}