{"name": "E_1500_448_9578.988.json", "BaldoML_of": 37721.11663444149, "BaldoML_time": 4.601208925247192, "BaldoGA_of": 36716.33062253297, "BaldoGA_time": 6.503612279891968, "Solver_of": 38066.47492076526, "Solver_time": 20.562227964401245, "Z_threshold0.05_of": 37846.36215428073, "Z_threshold0.05_time": 5.159740209579468, "Z_threshold0.1_of": 37343.00288829964, "Z_threshold0.1_time": 2.4815890789031982, "Z_threshold0.15_of": 36979.33769880132, "Z_threshold0.15_time": 1.7071988582611084, "Z_threshold0.2_of": 36157.00325661805, "Z_threshold0.2_time": 1.5167043209075928, "Z_threshold0.25_of": 35967.84148856991, "Z_threshold0.25_time": 1.4437479972839355}