{"name": "E_1500_865_9664.977.json", "BaldoML_of": 36763.06128788794, "BaldoML_time": 0.9112980365753174, "BaldoGA_of": 36428.604193117375, "BaldoGA_time": 4.267685174942017, "Solver_of": 37113.566440676674, "Solver_time": 2.929382085800171, "Z_threshold0.05_of": 36705.30743156758, "Z_threshold0.05_time": 0.7437770366668701, "Z_threshold0.1_of": 36705.30743156758, "Z_threshold0.1_time": 0.7498722076416016, "Z_threshold0.15_of": 36705.30743156758, "Z_threshold0.15_time": 0.8313586711883545, "Z_threshold0.2_of": 36705.30743156758, "Z_threshold0.2_time": 0.8232481479644775, "Z_threshold0.25_of": 36675.128294784736, "Z_threshold0.25_time": 0.7278053760528564, "Z_threshold0.3_of": 36675.128294784736, "Z_threshold0.3_time": 0.7251675128936768, "Z_threshold0.35_of": 36675.128294784736, "Z_threshold0.35_time": 0.7200303077697754, "Z_threshold0.4_of": 36675.128294784736, "Z_threshold0.4_time": 0.8755185604095459, "Z_threshold0.45_of": 36675.128294784736, "Z_threshold0.45_time": 0.7167692184448242, "Z_threshold0.5_of": 36675.128294784736, "Z_threshold0.5_time": 0.7268164157867432}