{"name": "E_1500_877_9679.004.json", "BaldoML_of": 36328.574716006355, "BaldoML_time": 2.165031671524048, "BaldoGA_of": 35603.97604565603, "BaldoGA_time": 4.323685169219971, "Solver_of": 36330.433317870134, "Solver_time": 1.6619150638580322, "Z_threshold0.05_of": 35840.02700364927, "Z_threshold0.05_time": 1.6868963241577148, "Z_threshold0.1_of": 35840.02700364927, "Z_threshold0.1_time": 1.6801538467407227, "Z_threshold0.15_of": 35840.02700364927, "Z_threshold0.15_time": 1.6646220684051514, "Z_threshold0.2_of": 35840.02700364927, "Z_threshold0.2_time": 1.6778347492218018, "Z_threshold0.25_of": 35840.02700364927, "Z_threshold0.25_time": 1.8238353729248047, "Z_threshold0.3_of": 35840.02700364927, "Z_threshold0.3_time": 1.6477735042572021, "Z_threshold0.35_of": 35840.02700364927, "Z_threshold0.35_time": 1.6745328903198242, "Z_threshold0.4_of": 35840.02700364927, "Z_threshold0.4_time": 1.7331764698028564, "Z_threshold0.45_of": 35840.02700364927, "Z_threshold0.45_time": 1.6147258281707764, "Z_threshold0.5_of": 35840.02700364927, "Z_threshold0.5_time": 1.6378216743469238}