{"name": "E_1500_521_12914.921.json", "BaldoML_of": 41660.742518065796, "BaldoML_time": 2.8997466564178467, "BaldoGA_of": 40260.43155228424, "BaldoGA_time": 8.198941469192505, "Solver_of": 42287.768333568354, "Solver_time": 51.47445607185364, "Z_threshold0.05_of": 42063.93076273329, "Z_threshold0.05_time": 9.853479623794556, "Z_threshold0.1_of": 41559.42551309125, "Z_threshold0.1_time": 3.114713191986084, "Z_threshold0.15_of": 41105.4344942945, "Z_threshold0.15_time": 1.7624232769012451, "Z_threshold0.2_of": 39995.28294824498, "Z_threshold0.2_time": 1.5234873294830322, "Z_threshold0.25_of": 39266.99556584898, "Z_threshold0.25_time": 1.4384667873382568}