{"name": "E_1500_417_19334.023.json", "BaldoML_of": 53506.11590694513, "BaldoML_time": 4.2944724559783936, "BaldoGA_of": 50924.518582671204, "BaldoGA_time": 7.227167844772339, "Solver_of": 54192.15319200561, "Solver_time": 15.326219081878662, "Z_threshold0.05_of": 54119.54783996086, "Z_threshold0.05_time": 12.174214363098145, "Z_threshold0.1_of": 54071.34036832823, "Z_threshold0.1_time": 9.539218425750732, "Z_threshold0.15_of": 53746.630596484145, "Z_threshold0.15_time": 5.375450849533081, "Z_threshold0.2_of": 53519.665206586964, "Z_threshold0.2_time": 3.732848644256592, "Z_threshold0.25_of": 53322.718867546835, "Z_threshold0.25_time": 2.259493350982666, "Z_threshold0.3_of": 53009.8412535446, "Z_threshold0.3_time": 2.1173853874206543, "Z_threshold0.35_of": 52510.825875198614, "Z_threshold0.35_time": 0.8496968746185303, "Z_threshold0.4_of": 51954.28763864388, "Z_threshold0.4_time": 0.8404817581176758, "Z_threshold0.45_of": 51266.59327988578, "Z_threshold0.45_time": 0.8430962562561035, "Z_threshold0.5_of": 50551.948568922104, "Z_threshold0.5_time": 0.8585209846496582}