{"name": "E_1500_333_9454.612.json", "BaldoML_of": 38734.452949165054, "BaldoML_time": 5.399653673171997, "BaldoGA_of": 37171.85474822927, "BaldoGA_time": 6.436688423156738, "Solver_of": 39002.242848134585, "Solver_time": 7.044567108154297, "Z_threshold0.05_of": 38873.713529292414, "Z_threshold0.05_time": 4.846328258514404, "Z_threshold0.1_of": 38721.56270438328, "Z_threshold0.1_time": 3.4984288215637207, "Z_threshold0.15_of": 38364.566543762456, "Z_threshold0.15_time": 2.6349058151245117, "Z_threshold0.2_of": 37990.98958092571, "Z_threshold0.2_time": 2.160080671310425}