{"name": "E_1500_698_9419.174.json", "BaldoML_of": 37824.27979167792, "BaldoML_time": 1.1584959030151367, "BaldoGA_of": 37182.11285700388, "BaldoGA_time": 5.520369052886963, "Solver_of": 38170.42651081212, "Solver_time": 4.705466032028198, "Z_threshold0.05_of": 37162.60834448088, "Z_threshold0.05_time": 1.46578049659729, "Z_threshold0.1_of": 37162.60834448088, "Z_threshold0.1_time": 1.4520025253295898, "Z_threshold0.15_of": 37162.60834448088, "Z_threshold0.15_time": 1.4550929069519043, "Z_threshold0.2_of": 37162.60834448088, "Z_threshold0.2_time": 1.4340317249298096}