{"name": "E_1500_725_12571.709.json", "BaldoML_of": 42488.85916272543, "BaldoML_time": 13.624914169311523, "BaldoGA_of": 41418.755927166996, "BaldoGA_time": 11.958024024963379, "Solver_of": 42497.69542595369, "Solver_time": 7.190742254257202, "Z_threshold0.05_of": 41636.88479627462, "Z_threshold0.05_time": 1.6599597930908203, "Z_threshold0.1_of": 40397.90931128987, "Z_threshold0.1_time": 1.5796737670898438, "Z_threshold0.15_of": 40319.25579136306, "Z_threshold0.15_time": 1.5244474411010742, "Z_threshold0.2_of": 40186.735037416685, "Z_threshold0.2_time": 1.4705801010131836, "Z_threshold0.25_of": 40186.735037416685, "Z_threshold0.25_time": 1.6646301746368408, "Z_threshold0.3_of": 40186.735037416685, "Z_threshold0.3_time": 1.5002670288085938, "Z_threshold0.35_of": 40186.735037416685, "Z_threshold0.35_time": 1.5320603847503662, "Z_threshold0.4_of": 40186.735037416685, "Z_threshold0.4_time": 1.5066542625427246, "Z_threshold0.45_of": 40186.735037416685, "Z_threshold0.45_time": 1.5569705963134766, "Z_threshold0.5_of": 40186.735037416685, "Z_threshold0.5_time": 1.541872262954712}