{"name": "E_1500_482_12876.851.json", "BaldoML_of": 42510.43497230439, "BaldoML_time": 3.5984551906585693, "BaldoGA_of": 41191.003277201366, "BaldoGA_time": 8.062878131866455, "Solver_of": 43131.737290353994, "Solver_time": 29.76590871810913, "Z_threshold0.05_of": 42934.22652860134, "Z_threshold0.05_time": 8.31399416923523, "Z_threshold0.1_of": 42563.66708406463, "Z_threshold0.1_time": 2.971555233001709, "Z_threshold0.15_of": 42063.25526914117, "Z_threshold0.15_time": 1.3329999446868896, "Z_threshold0.2_of": 41692.127574419974, "Z_threshold0.2_time": 0.7449941635131836, "Z_threshold0.25_of": 40876.48574811887, "Z_threshold0.25_time": 0.8055281639099121, "Z_threshold0.3_of": 40519.24101952518, "Z_threshold0.3_time": 0.7310974597930908, "Z_threshold0.35_of": 39720.80599236953, "Z_threshold0.35_time": 0.7288985252380371, "Z_threshold0.4_of": 39439.50617679286, "Z_threshold0.4_time": 0.7326967716217041, "Z_threshold0.45_of": 39152.73419245964, "Z_threshold0.45_time": 0.727658748626709, "Z_threshold0.5_of": 38891.672399793264, "Z_threshold0.5_time": 0.8435711860656738}