{"name": "E_1500_482_19098.13.json", "BaldoML_of": 52054.037449577845, "BaldoML_time": 3.400786876678467, "BaldoGA_of": 50020.17011104056, "BaldoGA_time": 9.612868785858154, "Solver_of": 52880.30642120888, "Solver_time": 28.514605045318604, "Z_threshold0.05_of": 52677.579336752926, "Z_threshold0.05_time": 7.071216583251953}