{"name": "E_1500_480_12798.784.json", "BaldoML_of": 43772.16162495373, "BaldoML_time": 3.0916621685028076, "BaldoGA_of": 42564.682178349845, "BaldoGA_time": 7.553699254989624, "Solver_of": 44322.71046502394, "Solver_time": 32.91579866409302, "Z_threshold0.05_of": 44244.57625262522, "Z_threshold0.05_time": 4.503649473190308, "Z_threshold0.1_of": 43840.751566965235, "Z_threshold0.1_time": 2.6705098152160645, "Z_threshold0.15_of": 43467.84220285649, "Z_threshold0.15_time": 1.6602563858032227, "Z_threshold0.2_of": 43124.49645851798, "Z_threshold0.2_time": 0.8249518871307373, "Z_threshold0.25_of": 42234.57237598581, "Z_threshold0.25_time": 0.7924594879150391, "Z_threshold0.3_of": 41564.17641120164, "Z_threshold0.3_time": 0.7809100151062012, "Z_threshold0.35_of": 40966.4188415632, "Z_threshold0.35_time": 0.7787604331970215, "Z_threshold0.4_of": 40729.990005751904, "Z_threshold0.4_time": 0.9346792697906494, "Z_threshold0.45_of": 40301.945536915344, "Z_threshold0.45_time": 0.7598519325256348, "Z_threshold0.5_of": 40135.12527508605, "Z_threshold0.5_time": 0.7652053833007812}