{"name": "E_1500_314_9511.681.json", "BaldoML_of": 39622.280638496144, "BaldoML_time": 3.661078691482544, "BaldoGA_of": 38145.04015757153, "BaldoGA_time": 6.855285406112671, "Solver_of": 39813.144741220094, "Solver_time": 19.460482597351074, "Z_threshold0.05_of": 39797.35098426481, "Z_threshold0.05_time": 3.726612091064453, "Z_threshold0.1_of": 39625.75311441772, "Z_threshold0.1_time": 3.7656190395355225, "Z_threshold0.15_of": 39417.076432006914, "Z_threshold0.15_time": 1.8837096691131592, "Z_threshold0.2_of": 39101.51439256631, "Z_threshold0.2_time": 1.841395616531372, "Z_threshold0.25_of": 38534.34757111684, "Z_threshold0.25_time": 0.763514518737793, "Z_threshold0.3_of": 37825.4501756449, "Z_threshold0.3_time": 0.7454369068145752, "Z_threshold0.35_of": 37513.12717213022, "Z_threshold0.35_time": 0.7512319087982178, "Z_threshold0.4_of": 37310.80289039408, "Z_threshold0.4_time": 0.7524516582489014, "Z_threshold0.45_of": 36837.1900028274, "Z_threshold0.45_time": 0.739945650100708, "Z_threshold0.5_of": 36799.49349035, "Z_threshold0.5_time": 0.7404539585113525}