{"name": "E_1500_350_9699.548.json", "BaldoML_of": 37570.115195927276, "BaldoML_time": 4.716541528701782, "BaldoGA_of": 36177.94675904275, "BaldoGA_time": 6.551294565200806, "Solver_of": 37958.674610681126, "Solver_time": 15.036502122879028, "Z_threshold0.05_of": 37827.856292924655, "Z_threshold0.05_time": 8.178914070129395}