{"name": "E_1500_423_12549.092.json", "BaldoML_of": 43111.026997519024, "BaldoML_time": 5.5240092277526855, "BaldoGA_of": 41675.207203506165, "BaldoGA_time": 7.38456392288208, "Solver_of": 43764.72040998284, "Solver_time": 32.95927667617798, "Z_threshold0.05_of": 43696.74173945492, "Z_threshold0.05_time": 13.735169172286987, "Z_threshold0.1_of": 43509.55740867978, "Z_threshold0.1_time": 4.830818176269531, "Z_threshold0.15_of": 43045.36179979222, "Z_threshold0.15_time": 2.1883695125579834, "Z_threshold0.2_of": 42795.21154789116, "Z_threshold0.2_time": 1.6250152587890625, "Z_threshold0.25_of": 42187.5713107559, "Z_threshold0.25_time": 0.8241574764251709, "Z_threshold0.3_of": 41174.76597104601, "Z_threshold0.3_time": 0.8310515880584717, "Z_threshold0.35_of": 40455.004370187744, "Z_threshold0.35_time": 0.8137016296386719, "Z_threshold0.4_of": 39911.58386266452, "Z_threshold0.4_time": 0.8060603141784668, "Z_threshold0.45_of": 39652.35515250666, "Z_threshold0.45_time": 0.8062596321105957, "Z_threshold0.5_of": 39463.68175346331, "Z_threshold0.5_time": 0.7969613075256348}