{"name": "E_1500_466_12733.86.json", "BaldoML_of": 41676.170963250464, "BaldoML_time": 3.063830852508545, "BaldoGA_of": 40268.52308812071, "BaldoGA_time": 7.760733366012573, "Solver_of": 42397.436584134426, "Solver_time": 25.09850573539734, "Z_threshold0.05_of": 42390.194386313895, "Z_threshold0.05_time": 7.663226366043091, "Z_threshold0.1_of": 41907.56063193891, "Z_threshold0.1_time": 4.079855680465698, "Z_threshold0.15_of": 41312.78000525285, "Z_threshold0.15_time": 1.8287456035614014, "Z_threshold0.2_of": 40801.000754333894, "Z_threshold0.2_time": 0.8299872875213623, "Z_threshold0.25_of": 40063.902807191946, "Z_threshold0.25_time": 0.8278830051422119, "Z_threshold0.3_of": 39451.14668087784, "Z_threshold0.3_time": 0.8261654376983643, "Z_threshold0.35_of": 39071.25906800194, "Z_threshold0.35_time": 0.8165936470031738, "Z_threshold0.4_of": 38479.15327945789, "Z_threshold0.4_time": 0.8250422477722168, "Z_threshold0.45_of": 38378.763019842816, "Z_threshold0.45_time": 0.8173627853393555, "Z_threshold0.5_of": 37913.300868335034, "Z_threshold0.5_time": 0.8120646476745605}