{"name": "E_1500_692_12988.737.json", "BaldoML_of": 41394.749808122375, "BaldoML_time": 0.8938767910003662, "BaldoGA_of": 40773.67000201342, "BaldoGA_time": 13.283852815628052, "Solver_of": 41894.70175810611, "Solver_time": 20.310086011886597, "Z_threshold0.05_of": 41139.57869157069, "Z_threshold0.05_time": 0.9261856079101562, "Z_threshold0.1_of": 39714.18820126401, "Z_threshold0.1_time": 0.7850873470306396, "Z_threshold0.15_of": 39454.95351066572, "Z_threshold0.15_time": 0.8850173950195312, "Z_threshold0.2_of": 39385.375933403455, "Z_threshold0.2_time": 0.8251838684082031, "Z_threshold0.25_of": 39339.67035277971, "Z_threshold0.25_time": 0.8105964660644531, "Z_threshold0.3_of": 39317.95486364616, "Z_threshold0.3_time": 0.8056018352508545, "Z_threshold0.35_of": 39317.95486364616, "Z_threshold0.35_time": 0.8045458793640137, "Z_threshold0.4_of": 39317.95486364616, "Z_threshold0.4_time": 0.8938002586364746, "Z_threshold0.45_of": 39317.95486364616, "Z_threshold0.45_time": 0.7755939960479736, "Z_threshold0.5_of": 39317.95486364616, "Z_threshold0.5_time": 0.775322675704956}