{"name": "E_1500_324_12797.774.json", "BaldoML_of": 43921.67313544999, "BaldoML_time": 3.916663646697998, "BaldoGA_of": 42125.46200121494, "BaldoGA_time": 7.583611249923706, "Solver_of": 44291.483622157466, "Solver_time": 24.237523078918457, "Z_threshold0.05_of": 44229.47962414086, "Z_threshold0.05_time": 7.1153271198272705, "Z_threshold0.1_of": 44095.38559001692, "Z_threshold0.1_time": 7.768711805343628, "Z_threshold0.15_of": 43790.65166322223, "Z_threshold0.15_time": 3.9786365032196045, "Z_threshold0.2_of": 43401.57028188417, "Z_threshold0.2_time": 2.499356985092163, "Z_threshold0.25_of": 42660.783733336524, "Z_threshold0.25_time": 0.8018019199371338, "Z_threshold0.3_of": 42027.40609918875, "Z_threshold0.3_time": 0.8073389530181885, "Z_threshold0.35_of": 41166.2167587408, "Z_threshold0.35_time": 0.7995522022247314, "Z_threshold0.4_of": 40927.12960232867, "Z_threshold0.4_time": 0.7936620712280273, "Z_threshold0.45_of": 40582.786543295195, "Z_threshold0.45_time": 0.7917947769165039, "Z_threshold0.5_of": 40322.51852186438, "Z_threshold0.5_time": 0.7898275852203369}