{"name": "E_1500_670_9641.993.json", "BaldoML_of": 35784.92231963561, "BaldoML_time": 1.373133897781372, "BaldoGA_of": 35099.727051976035, "BaldoGA_time": 10.428844451904297, "Solver_of": 36176.952790326985, "Solver_time": 3.886261224746704, "Z_threshold0.05_of": 34798.23960245361, "Z_threshold0.05_time": 1.4086933135986328, "Z_threshold0.1_of": 34348.42789249071, "Z_threshold0.1_time": 1.5682287216186523, "Z_threshold0.15_of": 34348.42789249071, "Z_threshold0.15_time": 1.5615003108978271, "Z_threshold0.2_of": 34348.42789249071, "Z_threshold0.2_time": 1.649179458618164}