{"name": "E_1500_555_9755.381.json", "BaldoML_of": 37837.02144777913, "BaldoML_time": 2.1267988681793213, "BaldoGA_of": 37060.81918937964, "BaldoGA_time": 7.635892868041992, "Solver_of": 38300.66228671273, "Solver_time": 18.93728542327881, "Z_threshold0.05_of": 37445.79682959591, "Z_threshold0.05_time": 2.843158006668091, "Z_threshold0.1_of": 35780.56875597552, "Z_threshold0.1_time": 1.4452183246612549, "Z_threshold0.15_of": 35780.56875597552, "Z_threshold0.15_time": 1.4552488327026367, "Z_threshold0.2_of": 35501.10507680029, "Z_threshold0.2_time": 1.7070562839508057, "Z_threshold0.25_of": 35214.25751909827, "Z_threshold0.25_time": 1.6027052402496338}