{"name": "E_1500_452_19386.307.json", "BaldoML_of": 53212.96183276731, "BaldoML_time": 3.4709789752960205, "BaldoGA_of": 51387.670053322465, "BaldoGA_time": 10.431745052337646, "Solver_of": 54074.02114076577, "Solver_time": 12.031113147735596, "Z_threshold0.05_of": 53999.51815794366, "Z_threshold0.05_time": 5.486141920089722, "Z_threshold0.1_of": 53702.79135583746, "Z_threshold0.1_time": 7.964446067810059, "Z_threshold0.15_of": 53277.094027486426, "Z_threshold0.15_time": 3.5411887168884277, "Z_threshold0.2_of": 52827.58879904792, "Z_threshold0.2_time": 3.5358235836029053, "Z_threshold0.25_of": 52402.58364196172, "Z_threshold0.25_time": 1.7957820892333984}