{"name": "E_1500_864_9493.669.json", "BaldoML_of": 36496.355638157904, "BaldoML_time": 0.902977466583252, "BaldoGA_of": 36048.30497837192, "BaldoGA_time": 3.9588396549224854, "Solver_of": 37163.63990838219, "Solver_time": 1.5026395320892334, "Z_threshold0.05_of": 36408.898897406434, "Z_threshold0.05_time": 0.8366880416870117, "Z_threshold0.1_of": 36408.898897406434, "Z_threshold0.1_time": 0.8119432926177979, "Z_threshold0.15_of": 36408.898897406434, "Z_threshold0.15_time": 0.8111073970794678, "Z_threshold0.2_of": 36408.898897406434, "Z_threshold0.2_time": 0.846123218536377, "Z_threshold0.25_of": 36408.898897406434, "Z_threshold0.25_time": 0.8170089721679688, "Z_threshold0.3_of": 36408.898897406434, "Z_threshold0.3_time": 0.9528439044952393, "Z_threshold0.35_of": 36408.898897406434, "Z_threshold0.35_time": 0.8085966110229492, "Z_threshold0.4_of": 36408.898897406434, "Z_threshold0.4_time": 0.8420095443725586, "Z_threshold0.45_of": 36408.898897406434, "Z_threshold0.45_time": 0.8162977695465088, "Z_threshold0.5_of": 36408.898897406434, "Z_threshold0.5_time": 0.8186991214752197}