{"name": "E_1500_826_9489.097.json", "BaldoML_of": 36327.05219742654, "BaldoML_time": 1.0070273876190186, "BaldoGA_of": 35797.69387033831, "BaldoGA_time": 3.960299253463745, "Solver_of": 36679.12256642018, "Solver_time": 1.0046367645263672, "Z_threshold0.05_of": 35808.7200651531, "Z_threshold0.05_time": 1.4893620014190674, "Z_threshold0.1_of": 35808.7200651531, "Z_threshold0.1_time": 1.5318992137908936, "Z_threshold0.15_of": 35808.7200651531, "Z_threshold0.15_time": 1.4612126350402832, "Z_threshold0.2_of": 35808.7200651531, "Z_threshold0.2_time": 1.5261285305023193, "Z_threshold0.25_of": 35808.7200651531, "Z_threshold0.25_time": 1.4444267749786377}