{"name": "E_1500_558_19413.115.json", "BaldoML_of": 49961.94023322516, "BaldoML_time": 2.2002506256103516, "BaldoGA_of": 48397.17156903432, "BaldoGA_time": 8.466034173965454, "Solver_of": 51105.25392570648, "Solver_time": 32.80468034744263, "Z_threshold0.05_of": 51048.80146374117, "Z_threshold0.05_time": 6.75239109992981, "Z_threshold0.1_of": 50652.23403661793, "Z_threshold0.1_time": 3.8004281520843506, "Z_threshold0.15_of": 50300.60616148132, "Z_threshold0.15_time": 2.3745992183685303, "Z_threshold0.2_of": 50017.1572754259, "Z_threshold0.2_time": 1.8935987949371338, "Z_threshold0.25_of": 49815.44579833283, "Z_threshold0.25_time": 1.0228888988494873, "Z_threshold0.3_of": 49260.02169043452, "Z_threshold0.3_time": 1.0028631687164307, "Z_threshold0.35_of": 48933.121621852915, "Z_threshold0.35_time": 0.8526222705841064, "Z_threshold0.4_of": 48198.50067569856, "Z_threshold0.4_time": 0.8685297966003418, "Z_threshold0.45_of": 47942.50515159862, "Z_threshold0.45_time": 0.8503496646881104, "Z_threshold0.5_of": 47536.56692796032, "Z_threshold0.5_time": 0.8518033027648926}