{"name": "E_1500_418_12608.693.json", "BaldoML_of": 44686.80173441533, "BaldoML_time": 3.6177875995635986, "BaldoGA_of": 43805.86184761732, "BaldoGA_time": 7.18851637840271, "Solver_of": 45198.18338066939, "Solver_time": 10.846659898757935, "Z_threshold0.05_of": 45139.43265503914, "Z_threshold0.05_time": 6.560139417648315, "Z_threshold0.1_of": 44760.66211173651, "Z_threshold0.1_time": 4.339258909225464, "Z_threshold0.15_of": 44417.61528459637, "Z_threshold0.15_time": 3.2997243404388428, "Z_threshold0.2_of": 43881.30006018765, "Z_threshold0.2_time": 2.1753146648406982, "Z_threshold0.25_of": 43366.31168456811, "Z_threshold0.25_time": 1.5672426223754883}