{"name": "E_1500_836_9528.137.json", "BaldoML_of": 38144.972716494, "BaldoML_time": 2.5882294178009033, "BaldoGA_of": 37159.601905111704, "BaldoGA_time": 4.417473077774048, "Solver_of": 38142.62386170651, "Solver_time": 2.7124075889587402, "Z_threshold0.05_of": 37578.59898550524, "Z_threshold0.05_time": 1.63551926612854, "Z_threshold0.1_of": 37578.59898550524, "Z_threshold0.1_time": 1.5835168361663818, "Z_threshold0.15_of": 37578.59898550524, "Z_threshold0.15_time": 1.7286627292633057, "Z_threshold0.2_of": 37578.59898550524, "Z_threshold0.2_time": 1.6244573593139648, "Z_threshold0.25_of": 37554.315162490726, "Z_threshold0.25_time": 1.566986322402954, "Z_threshold0.3_of": 37554.315162490726, "Z_threshold0.3_time": 1.6494669914245605, "Z_threshold0.35_of": 37554.315162490726, "Z_threshold0.35_time": 1.614469289779663, "Z_threshold0.4_of": 37554.315162490726, "Z_threshold0.4_time": 1.6260225772857666, "Z_threshold0.45_of": 37554.315162490726, "Z_threshold0.45_time": 1.6869521141052246, "Z_threshold0.5_of": 37554.315162490726, "Z_threshold0.5_time": 1.7156541347503662}