{"name": "E_1500_420_9684.908.json", "BaldoML_of": 37583.12026689884, "BaldoML_time": 6.485919952392578, "BaldoGA_of": 36408.94946516493, "BaldoGA_time": 6.102441072463989, "Solver_of": 37926.301365595195, "Solver_time": 29.098010301589966, "Z_threshold0.05_of": 37814.50829827257, "Z_threshold0.05_time": 5.549131631851196}