{"name": "E_1500_640_12546.744.json", "BaldoML_of": 41281.62332469757, "BaldoML_time": 3.730323076248169, "BaldoGA_of": 40345.76782251059, "BaldoGA_time": 9.230316638946533, "Solver_of": 41981.47443802074, "Solver_time": 30.450828552246094, "Z_threshold0.05_of": 41434.326946121524, "Z_threshold0.05_time": 7.630745887756348, "Z_threshold0.1_of": 40251.83458104687, "Z_threshold0.1_time": 1.4839222431182861, "Z_threshold0.15_of": 38738.66967016285, "Z_threshold0.15_time": 1.4542920589447021, "Z_threshold0.2_of": 38417.10060963341, "Z_threshold0.2_time": 1.4424715042114258}