{"name": "E_1500_872_13083.113.json", "BaldoML_of": 40285.73096008098, "BaldoML_time": 0.8342792987823486, "BaldoGA_of": 39999.9803505676, "BaldoGA_time": 5.592682361602783, "Solver_of": 40822.21681421542, "Solver_time": 4.519540548324585, "Z_threshold0.05_of": 40012.91901130862, "Z_threshold0.05_time": 1.3897249698638916, "Z_threshold0.1_of": 40012.91901130862, "Z_threshold0.1_time": 1.5117089748382568, "Z_threshold0.15_of": 40012.91901130862, "Z_threshold0.15_time": 1.4163691997528076, "Z_threshold0.2_of": 40012.91901130862, "Z_threshold0.2_time": 1.506242036819458, "Z_threshold0.25_of": 39987.26570442312, "Z_threshold0.25_time": 1.4025969505310059}