{"name": "E_1500_553_12794.132.json", "BaldoML_of": 40852.3900854877, "BaldoML_time": 2.567300796508789, "BaldoGA_of": 39797.63151476584, "BaldoGA_time": 7.702672243118286, "Solver_of": 41538.15184514058, "Solver_time": 41.119345903396606, "Z_threshold0.05_of": 41456.61924289513, "Z_threshold0.05_time": 11.957337379455566}