{"name": "E_1500_551_19168.407.json", "BaldoML_of": 51677.0079023707, "BaldoML_time": 2.479816198348999, "BaldoGA_of": 50048.60387167621, "BaldoGA_time": 9.950718641281128, "Solver_of": 52684.01029643475, "Solver_time": 34.27872014045715, "Z_threshold0.05_of": 52502.7656245233, "Z_threshold0.05_time": 4.951913833618164}