{"name": "E_1500_404_19512.214.json", "BaldoML_of": 52373.579274410295, "BaldoML_time": 4.913897275924683, "BaldoGA_of": 49925.43819396989, "BaldoGA_time": 8.026071310043335, "Solver_of": 53281.179456662736, "Solver_time": 39.24624514579773, "Z_threshold0.05_of": 53173.05164322602, "Z_threshold0.05_time": 15.463204383850098, "Z_threshold0.1_of": 53011.456850672424, "Z_threshold0.1_time": 12.07295536994934, "Z_threshold0.15_of": 52641.82394489543, "Z_threshold0.15_time": 9.946021318435669, "Z_threshold0.2_of": 52219.80649454906, "Z_threshold0.2_time": 3.4810402393341064, "Z_threshold0.25_of": 51690.38652757423, "Z_threshold0.25_time": 3.0025432109832764}