{"name": "E_1500_679_19482.213.json", "BaldoML_of": 48670.09917416602, "BaldoML_time": 1.509531021118164, "BaldoGA_of": 47736.026033611604, "BaldoGA_time": 10.90629506111145, "Solver_of": 49977.339067849105, "Solver_time": 67.12802720069885, "Z_threshold0.05_of": 49845.42646352667, "Z_threshold0.05_time": 11.23552417755127, "Z_threshold0.1_of": 49227.405162936804, "Z_threshold0.1_time": 5.189623832702637, "Z_threshold0.15_of": 48631.24112208317, "Z_threshold0.15_time": 2.3306503295898438, "Z_threshold0.2_of": 47717.800364134986, "Z_threshold0.2_time": 1.5486557483673096, "Z_threshold0.25_of": 46748.98167767331, "Z_threshold0.25_time": 1.610438585281372}