{"name": "E_1500_489_19196.274.json", "BaldoML_of": 51500.31351494461, "BaldoML_time": 3.53117036819458, "BaldoGA_of": 49439.660202016516, "BaldoGA_time": 11.275442361831665, "Solver_of": 52438.05658767706, "Solver_time": 63.41680312156677, "Z_threshold0.05_of": 52387.925637516724, "Z_threshold0.05_time": 14.194472074508667, "Z_threshold0.1_of": 52088.816322180144, "Z_threshold0.1_time": 7.921424388885498, "Z_threshold0.15_of": 51657.51053266369, "Z_threshold0.15_time": 4.4327614307403564, "Z_threshold0.2_of": 51241.11675425658, "Z_threshold0.2_time": 3.354586601257324}