{"name": "E_1500_454_12704.157.json", "BaldoML_of": 42876.092859696255, "BaldoML_time": 2.871320962905884, "BaldoGA_of": 41004.001231221584, "BaldoGA_time": 7.506397724151611, "Solver_of": 43367.38431471497, "Solver_time": 24.063164949417114, "Z_threshold0.05_of": 43316.085511790225, "Z_threshold0.05_time": 4.059999704360962, "Z_threshold0.1_of": 42990.644683565006, "Z_threshold0.1_time": 4.893524408340454, "Z_threshold0.15_of": 42490.98196862292, "Z_threshold0.15_time": 2.7886290550231934, "Z_threshold0.2_of": 41696.21509951014, "Z_threshold0.2_time": 1.7546677589416504, "Z_threshold0.25_of": 40940.71682465155, "Z_threshold0.25_time": 1.455639123916626}