{"name": "E_1500_466_12733.86.json", "BaldoML_of": 41676.170963250464, "BaldoML_time": 3.063830852508545, "BaldoGA_of": 40268.52308812071, "BaldoGA_time": 7.760733366012573, "Solver_of": 42397.436584134426, "Solver_time": 25.09850573539734, "Z_threshold0.05_of": 42356.61511383686, "Z_threshold0.05_time": 5.628236293792725, "Z_threshold0.1_of": 41815.88371324953, "Z_threshold0.1_time": 4.021348237991333, "Z_threshold0.15_of": 41289.03668774291, "Z_threshold0.15_time": 2.6243093013763428, "Z_threshold0.2_of": 40631.87115678051, "Z_threshold0.2_time": 1.630927324295044, "Z_threshold0.25_of": 39769.0042499524, "Z_threshold0.25_time": 1.510772466659546}