{"name": "E_1500_836_9528.137.json", "BaldoML_of": 37734.582979875115, "BaldoML_time": 0.9063301086425781, "BaldoGA_of": 37159.601905111704, "BaldoGA_time": 4.417473077774048, "Solver_of": 38142.62386170651, "Solver_time": 2.7124075889587402, "Z_threshold0.05_of": 37618.385985714376, "Z_threshold0.05_time": 0.8064491748809814, "Z_threshold0.1_of": 37618.385985714376, "Z_threshold0.1_time": 0.7839429378509521, "Z_threshold0.15_of": 37618.385985714376, "Z_threshold0.15_time": 0.7875065803527832, "Z_threshold0.2_of": 37618.385985714376, "Z_threshold0.2_time": 0.7848036289215088, "Z_threshold0.25_of": 37618.385985714376, "Z_threshold0.25_time": 0.7881035804748535, "Z_threshold0.3_of": 37618.385985714376, "Z_threshold0.3_time": 0.7934672832489014, "Z_threshold0.35_of": 37618.385985714376, "Z_threshold0.35_time": 0.7880895137786865, "Z_threshold0.4_of": 37618.385985714376, "Z_threshold0.4_time": 0.7791702747344971, "Z_threshold0.45_of": 37618.385985714376, "Z_threshold0.45_time": 0.7783422470092773, "Z_threshold0.5_of": 37574.21876498697, "Z_threshold0.5_time": 0.7828948497772217}