{"name": "E_1500_610_12619.067.json", "BaldoML_of": 43302.774749142736, "BaldoML_time": 24.212501764297485, "BaldoGA_of": 41827.263887728695, "BaldoGA_time": 9.511231422424316, "Solver_of": 43302.77474914273, "Solver_time": 23.61501932144165, "Z_threshold0.05_of": 42968.11590571598, "Z_threshold0.05_time": 6.744507789611816, "Z_threshold0.1_of": 42285.79134633956, "Z_threshold0.1_time": 2.024782419204712, "Z_threshold0.15_of": 41507.94007842291, "Z_threshold0.15_time": 1.6005480289459229, "Z_threshold0.2_of": 40542.88968711851, "Z_threshold0.2_time": 1.5622215270996094, "Z_threshold0.25_of": 40137.81291253444, "Z_threshold0.25_time": 1.6626384258270264, "Z_threshold0.3_of": 39887.50827870325, "Z_threshold0.3_time": 1.6151914596557617, "Z_threshold0.35_of": 39723.79500963711, "Z_threshold0.35_time": 1.5440592765808105, "Z_threshold0.4_of": 39650.510628801494, "Z_threshold0.4_time": 1.584531307220459, "Z_threshold0.45_of": 39611.62455310233, "Z_threshold0.45_time": 1.5799689292907715, "Z_threshold0.5_of": 39611.62455310233, "Z_threshold0.5_time": 1.5625121593475342}