{"name": "E_1500_679_19482.213.json", "BaldoML_of": 48670.09917416602, "BaldoML_time": 1.509531021118164, "BaldoGA_of": 47736.026033611604, "BaldoGA_time": 10.90629506111145, "Solver_of": 49977.339067849105, "Solver_time": 67.12802720069885, "Z_threshold0.05_of": 49812.90539196911, "Z_threshold0.05_time": 12.772050619125366, "Z_threshold0.1_of": 49218.32172058598, "Z_threshold0.1_time": 2.3264694213867188, "Z_threshold0.15_of": 48851.584274638684, "Z_threshold0.15_time": 1.1409437656402588, "Z_threshold0.2_of": 48442.743652640915, "Z_threshold0.2_time": 0.7781763076782227, "Z_threshold0.25_of": 47749.131567906334, "Z_threshold0.25_time": 0.7854433059692383, "Z_threshold0.3_of": 47279.96935611698, "Z_threshold0.3_time": 0.8420970439910889, "Z_threshold0.35_of": 46834.653715082975, "Z_threshold0.35_time": 0.8225798606872559, "Z_threshold0.4_of": 46541.84492573749, "Z_threshold0.4_time": 0.9743468761444092, "Z_threshold0.45_of": 46395.24081531976, "Z_threshold0.45_time": 0.8248388767242432, "Z_threshold0.5_of": 46198.29505683347, "Z_threshold0.5_time": 0.8436286449432373}