{"name": "E_1500_507_18671.052.json", "BaldoML_of": 51846.584964429654, "BaldoML_time": 2.688706398010254, "BaldoGA_of": 49961.097277466404, "BaldoGA_time": 8.608504295349121, "Solver_of": 52813.73219658586, "Solver_time": 59.003904581069946, "Z_threshold0.05_of": 52704.88820459362, "Z_threshold0.05_time": 22.379111289978027, "Z_threshold0.1_of": 52493.433370354425, "Z_threshold0.1_time": 4.807179689407349, "Z_threshold0.15_of": 52264.529822318465, "Z_threshold0.15_time": 3.3768625259399414, "Z_threshold0.2_of": 51992.47561897968, "Z_threshold0.2_time": 2.3395607471466064, "Z_threshold0.25_of": 51808.155520474014, "Z_threshold0.25_time": 1.969099521636963, "Z_threshold0.3_of": 51428.488572089205, "Z_threshold0.3_time": 0.7828230857849121, "Z_threshold0.35_of": 51011.8569918794, "Z_threshold0.35_time": 0.775914192199707, "Z_threshold0.4_of": 50734.62661884501, "Z_threshold0.4_time": 0.8372931480407715, "Z_threshold0.45_of": 50081.38488444668, "Z_threshold0.45_time": 0.7762055397033691, "Z_threshold0.5_of": 49631.192794136594, "Z_threshold0.5_time": 0.7874395847320557}