{"name": "E_1500_686_9643.875.json", "BaldoML_of": 36450.76543238711, "BaldoML_time": 1.422642707824707, "BaldoGA_of": 35922.7703336304, "BaldoGA_time": 10.636825323104858, "Solver_of": 36811.314398417715, "Solver_time": 9.620123147964478, "Z_threshold0.05_of": 35760.90176382303, "Z_threshold0.05_time": 0.837045431137085, "Z_threshold0.1_of": 35760.90176382303, "Z_threshold0.1_time": 0.7789363861083984, "Z_threshold0.15_of": 35760.90176382303, "Z_threshold0.15_time": 0.7759125232696533, "Z_threshold0.2_of": 35760.90176382303, "Z_threshold0.2_time": 0.7736470699310303, "Z_threshold0.25_of": 35760.90176382303, "Z_threshold0.25_time": 0.7726573944091797, "Z_threshold0.3_of": 35760.90176382303, "Z_threshold0.3_time": 0.7838215827941895, "Z_threshold0.35_of": 35760.90176382303, "Z_threshold0.35_time": 0.7732815742492676, "Z_threshold0.4_of": 35760.90176382303, "Z_threshold0.4_time": 0.7767906188964844, "Z_threshold0.45_of": 35760.90176382303, "Z_threshold0.45_time": 0.774132251739502, "Z_threshold0.5_of": 35760.90176382303, "Z_threshold0.5_time": 0.7742488384246826}