{"name": "E_1500_831_18590.959.json", "BaldoML_of": 50524.61893352529, "BaldoML_time": 1.3868257999420166, "BaldoGA_of": 49783.003379493144, "BaldoGA_time": 15.870805025100708, "Solver_of": 51505.1640267278, "Solver_time": 22.242820978164673, "Z_threshold0.05_of": 51023.45121214878, "Z_threshold0.05_time": 5.514944314956665, "Z_threshold0.1_of": 49764.70742784788, "Z_threshold0.1_time": 1.4855904579162598, "Z_threshold0.15_of": 48210.84287095296, "Z_threshold0.15_time": 1.4594433307647705, "Z_threshold0.2_of": 48098.629369455135, "Z_threshold0.2_time": 1.4429657459259033}