{"name": "E_1500_545_9840.557.json", "BaldoML_of": 36286.165888930125, "BaldoML_time": 3.713380813598633, "BaldoGA_of": 35600.73732470972, "BaldoGA_time": 7.994316577911377, "Solver_of": 36571.522439216904, "Solver_time": 31.054369688034058, "Z_threshold0.05_of": 36091.3516560821, "Z_threshold0.05_time": 1.2786891460418701, "Z_threshold0.1_of": 35406.07478444075, "Z_threshold0.1_time": 0.7590522766113281, "Z_threshold0.15_of": 35406.07478444075, "Z_threshold0.15_time": 0.7725772857666016, "Z_threshold0.2_of": 35406.07478444075, "Z_threshold0.2_time": 0.7585530281066895, "Z_threshold0.25_of": 35406.07478444075, "Z_threshold0.25_time": 0.7543678283691406, "Z_threshold0.3_of": 35406.07478444075, "Z_threshold0.3_time": 0.7471761703491211, "Z_threshold0.35_of": 35435.160790545735, "Z_threshold0.35_time": 0.7535243034362793, "Z_threshold0.4_of": 35406.07478444075, "Z_threshold0.4_time": 0.7787668704986572, "Z_threshold0.45_of": 35406.07478444075, "Z_threshold0.45_time": 0.7495565414428711, "Z_threshold0.5_of": 35406.07478444075, "Z_threshold0.5_time": 0.7495558261871338}