{"name": "E_1500_448_9666.802.json", "BaldoML_of": 37003.72891557347, "BaldoML_time": 3.8024957180023193, "BaldoGA_of": 35928.669302247705, "BaldoGA_time": 7.16027045249939, "Solver_of": 37203.46985353725, "Solver_time": 19.66546130180359, "Z_threshold0.05_of": 37086.63467636092, "Z_threshold0.05_time": 3.6205859184265137, "Z_threshold0.1_of": 36569.4417030419, "Z_threshold0.1_time": 2.3770194053649902, "Z_threshold0.15_of": 36104.38987346884, "Z_threshold0.15_time": 1.5171844959259033, "Z_threshold0.2_of": 35494.015180036644, "Z_threshold0.2_time": 1.5527064800262451, "Z_threshold0.25_of": 34971.17303914891, "Z_threshold0.25_time": 1.4469246864318848}