{"name": "E_1500_630_18903.952.json", "BaldoML_of": 50061.74258039053, "BaldoML_time": 1.3041491508483887, "BaldoGA_of": 48880.3604657921, "BaldoGA_time": 9.061689376831055, "Solver_of": 51468.49584117897, "Solver_time": 49.022512674331665, "Z_threshold0.05_of": 51238.48884585157, "Z_threshold0.05_time": 7.795994758605957}