{"name": "E_1500_465_12942.387.json", "BaldoML_of": 41349.65669642812, "BaldoML_time": 3.0138235092163086, "BaldoGA_of": 40017.85520505023, "BaldoGA_time": 7.509197235107422, "Solver_of": 42110.6537854884, "Solver_time": 29.377967357635498, "Z_threshold0.05_of": 41984.26990038975, "Z_threshold0.05_time": 10.35030221939087}