{"name": "E_1500_565_18901.56.json", "BaldoML_of": 51882.3389361247, "BaldoML_time": 2.2014267444610596, "BaldoGA_of": 50626.975526113136, "BaldoGA_time": 9.246925354003906, "Solver_of": 53110.19726418858, "Solver_time": 25.749345302581787, "Z_threshold0.05_of": 53016.46460737538, "Z_threshold0.05_time": 11.506145000457764, "Z_threshold0.1_of": 52685.75191500607, "Z_threshold0.1_time": 2.9148612022399902, "Z_threshold0.15_of": 52449.326051584896, "Z_threshold0.15_time": 2.352827310562134, "Z_threshold0.2_of": 52196.16342419849, "Z_threshold0.2_time": 1.3907439708709717, "Z_threshold0.25_of": 51747.99427037791, "Z_threshold0.25_time": 0.772754430770874, "Z_threshold0.3_of": 51136.007952974665, "Z_threshold0.3_time": 0.7731161117553711, "Z_threshold0.35_of": 50550.90177542196, "Z_threshold0.35_time": 0.760958194732666, "Z_threshold0.4_of": 50186.32752009891, "Z_threshold0.4_time": 0.8063931465148926, "Z_threshold0.45_of": 49742.03510410101, "Z_threshold0.45_time": 0.7692074775695801, "Z_threshold0.5_of": 49525.14697558621, "Z_threshold0.5_time": 0.7663533687591553}