{"name": "E_1500_631_9511.322.json", "BaldoML_of": 36179.72199912494, "BaldoML_time": 0.8272213935852051, "BaldoGA_of": 35460.441153575855, "BaldoGA_time": 10.514878273010254, "Solver_of": 36445.37842054268, "Solver_time": 16.695420265197754, "Z_threshold0.05_of": 35069.33354439202, "Z_threshold0.05_time": 1.5776116847991943, "Z_threshold0.1_of": 34628.87259332909, "Z_threshold0.1_time": 1.680696725845337, "Z_threshold0.15_of": 34226.91489599727, "Z_threshold0.15_time": 1.6630618572235107, "Z_threshold0.2_of": 34197.26671613859, "Z_threshold0.2_time": 1.6520466804504395}