{"name": "E_1500_874_19261.444.json", "BaldoML_of": 50121.541139233035, "BaldoML_time": 1.3718900680541992, "BaldoGA_of": 49613.511285575405, "BaldoGA_time": 18.675178050994873, "Solver_of": 50861.32459659385, "Solver_time": 31.16714358329773, "Z_threshold0.05_of": 50077.628892825014, "Z_threshold0.05_time": 1.8969805240631104, "Z_threshold0.1_of": 48314.70905771314, "Z_threshold0.1_time": 1.5441219806671143, "Z_threshold0.15_of": 48128.86664369734, "Z_threshold0.15_time": 1.4548346996307373, "Z_threshold0.2_of": 48032.18713563308, "Z_threshold0.2_time": 1.538545846939087}