{"name": "E_1500_591_12736.885.json", "BaldoML_of": 41669.93950457082, "BaldoML_time": 6.167764663696289, "BaldoGA_of": 40945.73732865655, "BaldoGA_time": 8.809173345565796, "Solver_of": 42306.024270021575, "Solver_time": 34.71005940437317, "Z_threshold0.05_of": 42019.88865381105, "Z_threshold0.05_time": 11.32460641860962, "Z_threshold0.1_of": 41400.309748049, "Z_threshold0.1_time": 3.145446538925171, "Z_threshold0.15_of": 40215.4426770735, "Z_threshold0.15_time": 1.6093230247497559, "Z_threshold0.2_of": 39229.86511628931, "Z_threshold0.2_time": 1.4872081279754639, "Z_threshold0.25_of": 38692.0942955832, "Z_threshold0.25_time": 1.6020312309265137}