{"name": "E_1500_467_19671.906.json", "BaldoML_of": 52788.13962931514, "BaldoML_time": 50.901023149490356, "BaldoGA_of": 49906.443240739485, "BaldoGA_time": 9.632036447525024, "Solver_of": 52787.675902167386, "Solver_time": 45.27626180648804, "Z_threshold0.05_of": 52626.019338658974, "Z_threshold0.05_time": 11.935295343399048, "Z_threshold0.1_of": 52568.2222293571, "Z_threshold0.1_time": 19.911234140396118, "Z_threshold0.15_of": 52277.80022635065, "Z_threshold0.15_time": 6.722437143325806, "Z_threshold0.2_of": 52104.52404427359, "Z_threshold0.2_time": 4.263768672943115, "Z_threshold0.25_of": 51740.314998223155, "Z_threshold0.25_time": 3.381601095199585, "Z_threshold0.3_of": 51429.56114088375, "Z_threshold0.3_time": 2.279796838760376, "Z_threshold0.35_of": 51126.072307325674, "Z_threshold0.35_time": 1.58815598487854, "Z_threshold0.4_of": 50928.36212164018, "Z_threshold0.4_time": 1.7511250972747803, "Z_threshold0.45_of": 50426.25045281787, "Z_threshold0.45_time": 1.608788251876831, "Z_threshold0.5_of": 50226.775301550246, "Z_threshold0.5_time": 1.5806055068969727}