{"name": "E_1500_314_9511.681.json", "BaldoML_of": 39813.13705278094, "BaldoML_time": 14.52795124053955, "BaldoGA_of": 38145.04015757153, "BaldoGA_time": 6.855285406112671, "Solver_of": 39813.144741220094, "Solver_time": 19.460482597351074, "Z_threshold0.05_of": 39800.63204508226, "Z_threshold0.05_time": 4.918912172317505, "Z_threshold0.1_of": 39571.42520128601, "Z_threshold0.1_time": 3.9229369163513184, "Z_threshold0.15_of": 39410.6694086479, "Z_threshold0.15_time": 2.74190616607666, "Z_threshold0.2_of": 39024.27735244541, "Z_threshold0.2_time": 2.4314322471618652, "Z_threshold0.25_of": 38412.417025576324, "Z_threshold0.25_time": 1.4942152500152588, "Z_threshold0.3_of": 37846.85768448133, "Z_threshold0.3_time": 1.5146703720092773, "Z_threshold0.35_of": 37435.67317021487, "Z_threshold0.35_time": 1.5365626811981201, "Z_threshold0.4_of": 37060.67237640741, "Z_threshold0.4_time": 1.5098319053649902, "Z_threshold0.45_of": 36838.849833769455, "Z_threshold0.45_time": 1.6684012413024902, "Z_threshold0.5_of": 36632.74783649055, "Z_threshold0.5_time": 1.5115764141082764}