{"name": "E_1500_683_19360.789.json", "BaldoML_of": 47942.32966778505, "BaldoML_time": 1.7950897216796875, "BaldoGA_of": 47265.10856340599, "BaldoGA_time": 10.41321325302124, "Solver_of": 49203.423241923134, "Solver_time": 101.36483407020569, "Z_threshold0.05_of": 49069.59043832485, "Z_threshold0.05_time": 10.995076656341553, "Z_threshold0.1_of": 48259.62659214838, "Z_threshold0.1_time": 3.681941032409668, "Z_threshold0.15_of": 47553.24774427605, "Z_threshold0.15_time": 1.692939043045044, "Z_threshold0.2_of": 46649.3155723933, "Z_threshold0.2_time": 1.5187525749206543, "Z_threshold0.25_of": 45536.35019040423, "Z_threshold0.25_time": 1.5177204608917236}