{"name": "E_1500_436_12747.194.json", "BaldoML_of": 43637.63364126694, "BaldoML_time": 6.886953353881836, "BaldoGA_of": 41896.63750907353, "BaldoGA_time": 7.190415620803833, "Solver_of": 43959.75025471465, "Solver_time": 17.948968648910522, "Z_threshold0.05_of": 43867.298990595926, "Z_threshold0.05_time": 5.3620829582214355, "Z_threshold0.1_of": 43624.922040887905, "Z_threshold0.1_time": 4.589130878448486, "Z_threshold0.15_of": 43258.21679563669, "Z_threshold0.15_time": 2.3894717693328857, "Z_threshold0.2_of": 42850.780241343615, "Z_threshold0.2_time": 2.2091872692108154, "Z_threshold0.25_of": 42707.95408417891, "Z_threshold0.25_time": 1.6260695457458496}