{"name": "E_1500_819_12628.217.json", "BaldoML_of": 42224.00457201752, "BaldoML_time": 0.9436013698577881, "BaldoGA_of": 41811.93588461332, "BaldoGA_time": 5.380786418914795, "Solver_of": 42799.384547619324, "Solver_time": 8.282894849777222, "Z_threshold0.05_of": 42140.969559132674, "Z_threshold0.05_time": 0.9411716461181641, "Z_threshold0.1_of": 42140.969559132674, "Z_threshold0.1_time": 0.7869126796722412, "Z_threshold0.15_of": 42140.969559132674, "Z_threshold0.15_time": 0.7999382019042969, "Z_threshold0.2_of": 42140.969559132674, "Z_threshold0.2_time": 0.7851173877716064, "Z_threshold0.25_of": 42140.969559132674, "Z_threshold0.25_time": 0.7827198505401611, "Z_threshold0.3_of": 42140.969559132674, "Z_threshold0.3_time": 0.7832772731781006, "Z_threshold0.35_of": 42140.969559132674, "Z_threshold0.35_time": 0.7817704677581787, "Z_threshold0.4_of": 42140.969559132674, "Z_threshold0.4_time": 0.8005733489990234, "Z_threshold0.45_of": 42140.969559132674, "Z_threshold0.45_time": 0.7459807395935059, "Z_threshold0.5_of": 42140.969559132674, "Z_threshold0.5_time": 0.7857069969177246}