{"name": "E_1500_363_9516.922.json", "BaldoML_of": 38034.68409832435, "BaldoML_time": 20.0398371219635, "BaldoGA_of": 36282.02126207445, "BaldoGA_time": 6.508228540420532, "Solver_of": 38034.776173304024, "Solver_time": 23.575462818145752, "Z_threshold0.05_of": 37892.747221536025, "Z_threshold0.05_time": 6.572345733642578, "Z_threshold0.1_of": 37578.908218952194, "Z_threshold0.1_time": 3.362215280532837, "Z_threshold0.15_of": 37284.71929010672, "Z_threshold0.15_time": 2.6879444122314453, "Z_threshold0.2_of": 36892.667028587224, "Z_threshold0.2_time": 1.6250829696655273, "Z_threshold0.25_of": 36379.18237620278, "Z_threshold0.25_time": 1.5560786724090576, "Z_threshold0.3_of": 36019.45586720512, "Z_threshold0.3_time": 1.4395697116851807, "Z_threshold0.35_of": 35582.00906149291, "Z_threshold0.35_time": 1.5287692546844482, "Z_threshold0.4_of": 35423.428866066904, "Z_threshold0.4_time": 1.4442994594573975, "Z_threshold0.45_of": 35423.428866066904, "Z_threshold0.45_time": 1.4668214321136475, "Z_threshold0.5_of": 35423.428866066904, "Z_threshold0.5_time": 1.5176684856414795}