{"name": "E_1500_482_12876.851.json", "BaldoML_of": 42510.43497230439, "BaldoML_time": 3.5984551906585693, "BaldoGA_of": 41191.003277201366, "BaldoGA_time": 8.062878131866455, "Solver_of": 43131.737290353994, "Solver_time": 29.76590871810913, "Z_threshold0.05_of": 42980.138033483396, "Z_threshold0.05_time": 6.621230840682983, "Z_threshold0.1_of": 42484.87475311652, "Z_threshold0.1_time": 3.0653491020202637, "Z_threshold0.15_of": 42004.425518730844, "Z_threshold0.15_time": 2.21028733253479, "Z_threshold0.2_of": 41458.3391482356, "Z_threshold0.2_time": 1.4676518440246582, "Z_threshold0.25_of": 40420.33016214484, "Z_threshold0.25_time": 1.5505573749542236}