{"name": "E_1500_630_18903.952.json", "BaldoML_of": 50061.74258039053, "BaldoML_time": 1.3041491508483887, "BaldoGA_of": 48880.3604657921, "BaldoGA_time": 9.061689376831055, "Solver_of": 51468.49584117897, "Solver_time": 49.022512674331665, "Z_threshold0.05_of": 51237.99576857251, "Z_threshold0.05_time": 14.624776601791382, "Z_threshold0.1_of": 50850.73648634298, "Z_threshold0.1_time": 3.9295852184295654, "Z_threshold0.15_of": 50317.48782988265, "Z_threshold0.15_time": 2.7079241275787354, "Z_threshold0.2_of": 49589.987035979844, "Z_threshold0.2_time": 1.4844911098480225}