{"name": "E_1500_401_18945.907.json", "BaldoML_of": 55696.28610851023, "BaldoML_time": 5.000499486923218, "BaldoGA_of": 53415.5072355368, "BaldoGA_time": 9.691887140274048, "Solver_of": 56142.39486373207, "Solver_time": 19.29750394821167, "Z_threshold0.05_of": 56083.5544175437, "Z_threshold0.05_time": 6.490985155105591}