{"name": "E_1500_313_9609.694.json", "BaldoML_of": 37612.59686243115, "BaldoML_time": 4.332764625549316, "BaldoGA_of": 35984.33993221729, "BaldoGA_time": 5.905999183654785, "Solver_of": 37760.9150758677, "Solver_time": 26.816047191619873, "Z_threshold0.05_of": 37681.81188369484, "Z_threshold0.05_time": 3.6777544021606445}