{"name": "E_1500_484_18833.38.json", "BaldoML_of": 54526.162344103584, "BaldoML_time": 3.0307438373565674, "BaldoGA_of": 52407.214740982025, "BaldoGA_time": 11.111370086669922, "Solver_of": 55366.1403969259, "Solver_time": 13.02147650718689, "Z_threshold0.05_of": 55313.13256737029, "Z_threshold0.05_time": 8.496723413467407, "Z_threshold0.1_of": 54962.747798852855, "Z_threshold0.1_time": 6.793506145477295, "Z_threshold0.15_of": 54466.98818486536, "Z_threshold0.15_time": 3.566812038421631, "Z_threshold0.2_of": 53873.49289664652, "Z_threshold0.2_time": 2.3045661449432373, "Z_threshold0.25_of": 53206.36190552252, "Z_threshold0.25_time": 1.532275676727295}