{"name": "E_1500_423_18868.095.json", "BaldoML_of": 53232.48710092593, "BaldoML_time": 3.31996488571167, "BaldoGA_of": 51175.61702795569, "BaldoGA_time": 9.442171812057495, "Solver_of": 54160.51832558878, "Solver_time": 23.622086763381958, "Z_threshold0.05_of": 54121.458628499655, "Z_threshold0.05_time": 7.768738508224487, "Z_threshold0.1_of": 53978.05425157595, "Z_threshold0.1_time": 7.97470760345459, "Z_threshold0.15_of": 53484.77456345859, "Z_threshold0.15_time": 5.578720808029175, "Z_threshold0.2_of": 53052.216101349535, "Z_threshold0.2_time": 3.3174893856048584}