{"name": "E_1500_690_19493.507.json", "BaldoML_of": 49807.48012370646, "BaldoML_time": 1.8499901294708252, "BaldoGA_of": 48960.59252768717, "BaldoGA_time": 10.553660154342651, "Solver_of": 51226.01458346279, "Solver_time": 36.86753511428833, "Z_threshold0.05_of": 50987.17979278264, "Z_threshold0.05_time": 15.636416912078857, "Z_threshold0.1_of": 49998.933805590525, "Z_threshold0.1_time": 3.61917781829834, "Z_threshold0.15_of": 49276.0735052434, "Z_threshold0.15_time": 1.7092535495758057, "Z_threshold0.2_of": 48327.24305897917, "Z_threshold0.2_time": 1.600252628326416}