{"name": "E_1500_475_12802.35.json", "BaldoML_of": 42758.70825464158, "BaldoML_time": 3.912402629852295, "BaldoGA_of": 41715.175777955425, "BaldoGA_time": 7.310593128204346, "Solver_of": 43274.48530189685, "Solver_time": 28.85058283805847, "Z_threshold0.05_of": 43211.7659480046, "Z_threshold0.05_time": 10.88556981086731, "Z_threshold0.1_of": 42875.14856856961, "Z_threshold0.1_time": 2.7691595554351807, "Z_threshold0.15_of": 42551.14388779338, "Z_threshold0.15_time": 1.7173006534576416, "Z_threshold0.2_of": 42249.729709835505, "Z_threshold0.2_time": 0.8657567501068115, "Z_threshold0.25_of": 41052.94273894213, "Z_threshold0.25_time": 0.7893991470336914, "Z_threshold0.3_of": 40505.09541254811, "Z_threshold0.3_time": 0.7832663059234619, "Z_threshold0.35_of": 39993.18344336838, "Z_threshold0.35_time": 0.7798166275024414, "Z_threshold0.4_of": 39839.832441150895, "Z_threshold0.4_time": 0.7938437461853027, "Z_threshold0.45_of": 39605.814411430605, "Z_threshold0.45_time": 0.7751774787902832, "Z_threshold0.5_of": 39236.615189781034, "Z_threshold0.5_time": 0.7747976779937744}