{"name": "E_1500_427_19719.759.json", "BaldoML_of": 53035.23187153104, "BaldoML_time": 4.519329309463501, "BaldoGA_of": 51072.723079084826, "BaldoGA_time": 8.292247295379639, "Solver_of": 53827.22591422573, "Solver_time": 18.179754734039307, "Z_threshold0.05_of": 53704.45608382385, "Z_threshold0.05_time": 7.838135004043579, "Z_threshold0.1_of": 53495.77951603748, "Z_threshold0.1_time": 7.733550548553467, "Z_threshold0.15_of": 53185.645313033514, "Z_threshold0.15_time": 5.039553880691528, "Z_threshold0.2_of": 52677.58052303284, "Z_threshold0.2_time": 3.4530375003814697, "Z_threshold0.25_of": 52353.18210885033, "Z_threshold0.25_time": 1.969233512878418}