{"name": "E_1500_444_12844.114.json", "BaldoML_of": 41747.468493241926, "BaldoML_time": 2.950188398361206, "BaldoGA_of": 40097.925756192584, "BaldoGA_time": 6.370513677597046, "Solver_of": 42214.85592800876, "Solver_time": 28.740928173065186, "Z_threshold0.05_of": 42173.2741517958, "Z_threshold0.05_time": 6.265733957290649, "Z_threshold0.1_of": 41956.18138151203, "Z_threshold0.1_time": 4.797680139541626, "Z_threshold0.15_of": 41505.81521301984, "Z_threshold0.15_time": 2.0347814559936523, "Z_threshold0.2_of": 41149.469985632466, "Z_threshold0.2_time": 1.3163175582885742, "Z_threshold0.25_of": 40729.24244931873, "Z_threshold0.25_time": 0.73952317237854, "Z_threshold0.3_of": 39881.72797458771, "Z_threshold0.3_time": 0.7369296550750732, "Z_threshold0.35_of": 39308.29758109081, "Z_threshold0.35_time": 0.8287346363067627, "Z_threshold0.4_of": 38731.57267822872, "Z_threshold0.4_time": 0.8262319564819336, "Z_threshold0.45_of": 38385.509666517755, "Z_threshold0.45_time": 0.8139948844909668, "Z_threshold0.5_of": 38034.0427515389, "Z_threshold0.5_time": 0.8086915016174316}