{"name": "E_1500_853_9451.978.json", "BaldoML_of": 38116.92227217759, "BaldoML_time": 0.9730045795440674, "BaldoGA_of": 37583.257029703265, "BaldoGA_time": 4.219196319580078, "Solver_of": 38491.75833849475, "Solver_time": 1.5567731857299805, "Z_threshold0.05_of": 37986.03698095618, "Z_threshold0.05_time": 0.7922859191894531, "Z_threshold0.1_of": 37986.03698095618, "Z_threshold0.1_time": 0.7819480895996094, "Z_threshold0.15_of": 37986.03698095618, "Z_threshold0.15_time": 0.7720687389373779, "Z_threshold0.2_of": 37986.03698095618, "Z_threshold0.2_time": 0.7632343769073486, "Z_threshold0.25_of": 37986.03698095618, "Z_threshold0.25_time": 0.7546370029449463, "Z_threshold0.3_of": 37986.03698095618, "Z_threshold0.3_time": 0.7499463558197021, "Z_threshold0.35_of": 37986.03698095618, "Z_threshold0.35_time": 0.8815484046936035, "Z_threshold0.4_of": 37986.03698095618, "Z_threshold0.4_time": 0.7415657043457031, "Z_threshold0.45_of": 37986.03698095618, "Z_threshold0.45_time": 0.7788481712341309, "Z_threshold0.5_of": 37986.03698095618, "Z_threshold0.5_time": 0.7798163890838623}