{"name": "E_1500_836_9528.137.json", "BaldoML_of": 37734.582979875115, "BaldoML_time": 0.9063301086425781, "BaldoGA_of": 37159.601905111704, "BaldoGA_time": 4.417473077774048, "Solver_of": 38142.62386170651, "Solver_time": 2.7124075889587402, "Z_threshold0.05_of": 37174.6459519844, "Z_threshold0.05_time": 1.507296085357666, "Z_threshold0.1_of": 37174.6459519844, "Z_threshold0.1_time": 1.606212854385376, "Z_threshold0.15_of": 37174.6459519844, "Z_threshold0.15_time": 1.5024504661560059, "Z_threshold0.2_of": 37174.6459519844, "Z_threshold0.2_time": 1.5107016563415527, "Z_threshold0.25_of": 37174.6459519844, "Z_threshold0.25_time": 1.5211915969848633}