{"name": "E_1500_692_12988.737.json", "BaldoML_of": 41394.749808122375, "BaldoML_time": 0.8938767910003662, "BaldoGA_of": 40773.67000201342, "BaldoGA_time": 13.283852815628052, "Solver_of": 41894.70175810611, "Solver_time": 20.310086011886597, "Z_threshold0.05_of": 41165.54226613085, "Z_threshold0.05_time": 1.4801115989685059}