{"name": "E_1500_444_12844.114.json", "BaldoML_of": 41747.468493241926, "BaldoML_time": 2.950188398361206, "BaldoGA_of": 40097.925756192584, "BaldoGA_time": 6.370513677597046, "Solver_of": 42214.85592800876, "Solver_time": 28.740928173065186, "Z_threshold0.05_of": 42149.16795759803, "Z_threshold0.05_time": 9.417739629745483, "Z_threshold0.1_of": 41923.376112380654, "Z_threshold0.1_time": 3.323277235031128, "Z_threshold0.15_of": 41469.74600839382, "Z_threshold0.15_time": 3.096099376678467, "Z_threshold0.2_of": 41069.020904882724, "Z_threshold0.2_time": 2.486082077026367, "Z_threshold0.25_of": 40467.385493219386, "Z_threshold0.25_time": 1.59763765335083}