{"name": "E_1500_551_19168.407.json", "BaldoML_of": 51677.0079023707, "BaldoML_time": 2.479816198348999, "BaldoGA_of": 50048.60387167621, "BaldoGA_time": 9.950718641281128, "Solver_of": 52684.01029643475, "Solver_time": 34.27872014045715, "Z_threshold0.05_of": 52502.7656245233, "Z_threshold0.05_time": 5.350568532943726, "Z_threshold0.1_of": 52063.076058453335, "Z_threshold0.1_time": 5.682121753692627, "Z_threshold0.15_of": 51557.34946706209, "Z_threshold0.15_time": 3.182922840118408, "Z_threshold0.2_of": 51006.054796433265, "Z_threshold0.2_time": 1.5997943878173828}