{"name": "E_1500_850_19100.858.json", "BaldoML_of": 50221.82445673471, "BaldoML_time": 0.7728326320648193, "BaldoGA_of": 49720.28369638982, "BaldoGA_time": 17.451088905334473, "Solver_of": 51188.90735634019, "Solver_time": 17.976196765899658, "Z_threshold0.05_of": 50257.266639803696, "Z_threshold0.05_time": 1.0526978969573975, "Z_threshold0.1_of": 49399.85097319375, "Z_threshold0.1_time": 0.7485246658325195, "Z_threshold0.15_of": 49201.14913218662, "Z_threshold0.15_time": 0.7463328838348389, "Z_threshold0.2_of": 49142.849182684775, "Z_threshold0.2_time": 0.7524979114532471, "Z_threshold0.25_of": 49125.52307414981, "Z_threshold0.25_time": 0.7482068538665771, "Z_threshold0.3_of": 49125.52307414981, "Z_threshold0.3_time": 0.7964255809783936, "Z_threshold0.35_of": 49125.52307414981, "Z_threshold0.35_time": 0.7516369819641113, "Z_threshold0.4_of": 49125.52307414981, "Z_threshold0.4_time": 0.7631382942199707, "Z_threshold0.45_of": 49125.52307414981, "Z_threshold0.45_time": 0.7528657913208008, "Z_threshold0.5_of": 49125.52307414981, "Z_threshold0.5_time": 0.7519621849060059}