{"name": "E_1500_448_19022.432.json", "BaldoML_of": 52211.18358805215, "BaldoML_time": 5.952840328216553, "BaldoGA_of": 50394.21194531968, "BaldoGA_time": 9.136369466781616, "Solver_of": 53075.26272462112, "Solver_time": 29.798848628997803, "Z_threshold0.05_of": 53002.205209099266, "Z_threshold0.05_time": 14.875781297683716, "Z_threshold0.1_of": 52842.43469244935, "Z_threshold0.1_time": 8.773211240768433, "Z_threshold0.15_of": 52501.472093304925, "Z_threshold0.15_time": 4.659526586532593, "Z_threshold0.2_of": 52219.63952897012, "Z_threshold0.2_time": 3.318840742111206, "Z_threshold0.25_of": 52082.06961583722, "Z_threshold0.25_time": 3.4173991680145264, "Z_threshold0.3_of": 51851.593976346296, "Z_threshold0.3_time": 1.981058120727539, "Z_threshold0.35_of": 51338.05125349534, "Z_threshold0.35_time": 0.7845158576965332, "Z_threshold0.4_of": 50854.093724663304, "Z_threshold0.4_time": 0.7795360088348389, "Z_threshold0.45_of": 50131.94847360319, "Z_threshold0.45_time": 0.7861430644989014, "Z_threshold0.5_of": 49740.024100811745, "Z_threshold0.5_time": 0.8372833728790283}