{"name": "E_1500_551_19168.407.json", "BaldoML_of": 51677.0079023707, "BaldoML_time": 2.479816198348999, "BaldoGA_of": 50048.60387167621, "BaldoGA_time": 9.950718641281128, "Solver_of": 52684.01029643475, "Solver_time": 34.27872014045715, "Z_threshold0.05_of": 52501.064078841766, "Z_threshold0.05_time": 5.227360248565674, "Z_threshold0.1_of": 52064.162555442905, "Z_threshold0.1_time": 4.866026163101196, "Z_threshold0.15_of": 51557.34946706209, "Z_threshold0.15_time": 2.988168478012085, "Z_threshold0.2_of": 51006.054796433265, "Z_threshold0.2_time": 1.586632490158081, "Z_threshold0.25_of": 50313.59084274376, "Z_threshold0.25_time": 1.4651286602020264}