{"name": "E_1500_454_12704.157.json", "BaldoML_of": 42876.092859696255, "BaldoML_time": 2.871320962905884, "BaldoGA_of": 41004.001231221584, "BaldoGA_time": 7.506397724151611, "Solver_of": 43367.38431471497, "Solver_time": 24.063164949417114, "Z_threshold0.05_of": 43316.085511790225, "Z_threshold0.05_time": 5.190230846405029}