{"name": "E_1500_715_12657.443.json", "BaldoML_of": 41674.44216488658, "BaldoML_time": 0.8918871879577637, "BaldoGA_of": 41056.91847105084, "BaldoGA_time": 12.016276836395264, "Solver_of": 42127.78276931958, "Solver_time": 26.77846908569336, "Z_threshold0.05_of": 41445.12718433786, "Z_threshold0.05_time": 1.7270348072052002, "Z_threshold0.1_of": 39845.434683849315, "Z_threshold0.1_time": 1.4028112888336182, "Z_threshold0.15_of": 39578.202082794225, "Z_threshold0.15_time": 1.4032182693481445, "Z_threshold0.2_of": 39456.22652479822, "Z_threshold0.2_time": 1.4169187545776367}