{"name": "E_1500_756_12849.032.json", "BaldoML_of": 41215.18902848993, "BaldoML_time": 1.0042376518249512, "BaldoGA_of": 40488.127279831075, "BaldoGA_time": 12.010940790176392, "Solver_of": 41839.12713439412, "Solver_time": 6.770328521728516, "Z_threshold0.05_of": 40100.4949189236, "Z_threshold0.05_time": 0.7520191669464111, "Z_threshold0.1_of": 39948.31861914627, "Z_threshold0.1_time": 0.7373383045196533, "Z_threshold0.15_of": 39948.31861914627, "Z_threshold0.15_time": 0.7363018989562988, "Z_threshold0.2_of": 39948.31861914627, "Z_threshold0.2_time": 0.7499964237213135, "Z_threshold0.25_of": 39948.31861914627, "Z_threshold0.25_time": 0.742711067199707, "Z_threshold0.3_of": 39948.31861914627, "Z_threshold0.3_time": 0.7340586185455322, "Z_threshold0.35_of": 39948.31861914627, "Z_threshold0.35_time": 0.7375421524047852, "Z_threshold0.4_of": 39948.31861914627, "Z_threshold0.4_time": 0.7350833415985107, "Z_threshold0.45_of": 39948.31861914627, "Z_threshold0.45_time": 0.8102116584777832, "Z_threshold0.5_of": 39948.31861914627, "Z_threshold0.5_time": 0.8073523044586182}