{"name": "E_1500_683_19360.789.json", "BaldoML_of": 47942.32966778505, "BaldoML_time": 1.7950897216796875, "BaldoGA_of": 47265.10856340599, "BaldoGA_time": 10.41321325302124, "Solver_of": 49203.423241923134, "Solver_time": 101.36483407020569, "Z_threshold0.05_of": 49103.35145429392, "Z_threshold0.05_time": 19.052603006362915, "Z_threshold0.1_of": 48492.324207551384, "Z_threshold0.1_time": 1.5926487445831299, "Z_threshold0.15_of": 48137.11967148465, "Z_threshold0.15_time": 0.9570655822753906, "Z_threshold0.2_of": 47625.06972603173, "Z_threshold0.2_time": 0.7713937759399414, "Z_threshold0.25_of": 47000.281969175834, "Z_threshold0.25_time": 0.778165340423584, "Z_threshold0.3_of": 46486.170646817605, "Z_threshold0.3_time": 0.7598068714141846, "Z_threshold0.35_of": 46301.652159708945, "Z_threshold0.35_time": 0.7767720222473145, "Z_threshold0.4_of": 46186.217734191254, "Z_threshold0.4_time": 0.7540972232818604, "Z_threshold0.45_of": 45844.42546474648, "Z_threshold0.45_time": 0.9055745601654053, "Z_threshold0.5_of": 45784.65776133919, "Z_threshold0.5_time": 0.7614588737487793}