{"name": "E_1500_318_9208.447.json", "BaldoML_of": 40734.241742928476, "BaldoML_time": 13.661515951156616, "BaldoGA_of": 38755.687488912634, "BaldoGA_time": 6.387163400650024, "Solver_of": 40732.62815700217, "Solver_time": 11.692238807678223, "Z_threshold0.05_of": 40657.54714912454, "Z_threshold0.05_time": 5.433155536651611, "Z_threshold0.1_of": 40567.37827037026, "Z_threshold0.1_time": 3.9279818534851074, "Z_threshold0.15_of": 40247.080008502235, "Z_threshold0.15_time": 3.1827964782714844, "Z_threshold0.2_of": 40163.03187266279, "Z_threshold0.2_time": 2.7541556358337402, "Z_threshold0.25_of": 39883.21963865072, "Z_threshold0.25_time": 2.155217409133911, "Z_threshold0.3_of": 39076.3446377936, "Z_threshold0.3_time": 1.6655728816986084, "Z_threshold0.35_of": 38496.90987590955, "Z_threshold0.35_time": 1.597834587097168, "Z_threshold0.4_of": 37956.65775814878, "Z_threshold0.4_time": 1.6371862888336182, "Z_threshold0.45_of": 37708.01686493708, "Z_threshold0.45_time": 1.5520668029785156, "Z_threshold0.5_of": 37345.631348267, "Z_threshold0.5_time": 1.632293462753296}