{"name": "E_1500_725_12571.709.json", "BaldoML_of": 42045.48978026629, "BaldoML_time": 1.0072779655456543, "BaldoGA_of": 41418.755927166996, "BaldoGA_time": 11.958024024963379, "Solver_of": 42497.69542595369, "Solver_time": 7.190742254257202, "Z_threshold0.05_of": 41636.78974584063, "Z_threshold0.05_time": 0.863065242767334, "Z_threshold0.1_of": 40396.02299557797, "Z_threshold0.1_time": 0.720238447189331, "Z_threshold0.15_of": 40317.36947565116, "Z_threshold0.15_time": 0.7188136577606201, "Z_threshold0.2_of": 40184.84872170479, "Z_threshold0.2_time": 0.7266509532928467, "Z_threshold0.25_of": 40184.84872170479, "Z_threshold0.25_time": 0.7191171646118164, "Z_threshold0.3_of": 40135.67482867263, "Z_threshold0.3_time": 0.7243454456329346, "Z_threshold0.35_of": 40135.67482867263, "Z_threshold0.35_time": 0.7333791255950928, "Z_threshold0.4_of": 40135.67482867263, "Z_threshold0.4_time": 0.7270088195800781, "Z_threshold0.45_of": 40135.67482867263, "Z_threshold0.45_time": 0.7190492153167725, "Z_threshold0.5_of": 40135.67482867263, "Z_threshold0.5_time": 0.7098708152770996}