{"name": "E_1500_580_19472.861.json", "BaldoML_of": 50133.94685544495, "BaldoML_time": 2.4031729698181152, "BaldoGA_of": 48627.04338256825, "BaldoGA_time": 8.21863317489624, "Solver_of": 51231.12150627471, "Solver_time": 33.75675439834595, "Z_threshold0.05_of": 51022.52442297009, "Z_threshold0.05_time": 9.677391290664673, "Z_threshold0.1_of": 50949.56149229571, "Z_threshold0.1_time": 3.6447131633758545, "Z_threshold0.15_of": 50670.72348714591, "Z_threshold0.15_time": 2.717928409576416, "Z_threshold0.2_of": 50358.45290034429, "Z_threshold0.2_time": 1.5612051486968994, "Z_threshold0.25_of": 50219.08593817614, "Z_threshold0.25_time": 1.3153481483459473, "Z_threshold0.3_of": 49700.34413303991, "Z_threshold0.3_time": 0.771061897277832, "Z_threshold0.35_of": 49239.12033942801, "Z_threshold0.35_time": 0.7655298709869385, "Z_threshold0.4_of": 48669.085548916475, "Z_threshold0.4_time": 0.7714896202087402, "Z_threshold0.45_of": 48181.5978461285, "Z_threshold0.45_time": 0.7684988975524902, "Z_threshold0.5_of": 47757.473578209945, "Z_threshold0.5_time": 1.0558526515960693}