{"name": "E_1500_754_12964.73.json", "BaldoML_of": 41392.616839851966, "BaldoML_time": 16.47511601448059, "BaldoGA_of": 40419.620191367794, "BaldoGA_time": 12.9282066822052, "Solver_of": 41392.616763780185, "Solver_time": 20.18746256828308, "Z_threshold0.05_of": 40083.944308136066, "Z_threshold0.05_time": 1.7665610313415527, "Z_threshold0.1_of": 39520.664965547636, "Z_threshold0.1_time": 1.8333821296691895, "Z_threshold0.15_of": 39520.664965547636, "Z_threshold0.15_time": 1.621549367904663, "Z_threshold0.2_of": 39520.664965547636, "Z_threshold0.2_time": 1.6771421432495117, "Z_threshold0.25_of": 39520.664965547636, "Z_threshold0.25_time": 1.7002995014190674, "Z_threshold0.3_of": 39520.664965547636, "Z_threshold0.3_time": 1.681969165802002, "Z_threshold0.35_of": 39520.664965547636, "Z_threshold0.35_time": 1.633819580078125, "Z_threshold0.4_of": 39520.664965547636, "Z_threshold0.4_time": 1.704540729522705, "Z_threshold0.45_of": 39520.664965547636, "Z_threshold0.45_time": 1.6393938064575195, "Z_threshold0.5_of": 39520.664965547636, "Z_threshold0.5_time": 1.6848046779632568}