{"name": "E_1500_690_19493.507.json", "BaldoML_of": 49807.48012370646, "BaldoML_time": 1.8499901294708252, "BaldoGA_of": 48960.59252768717, "BaldoGA_time": 10.553660154342651, "Solver_of": 51226.01458346279, "Solver_time": 36.86753511428833, "Z_threshold0.05_of": 50954.595613085236, "Z_threshold0.05_time": 8.769899368286133, "Z_threshold0.1_of": 50372.588059051355, "Z_threshold0.1_time": 1.6181902885437012, "Z_threshold0.15_of": 49989.6774985763, "Z_threshold0.15_time": 0.9300625324249268, "Z_threshold0.2_of": 49420.697148240644, "Z_threshold0.2_time": 0.7756094932556152, "Z_threshold0.25_of": 48837.879765737074, "Z_threshold0.25_time": 0.7718122005462646, "Z_threshold0.3_of": 48542.22189650615, "Z_threshold0.3_time": 0.7687315940856934, "Z_threshold0.35_of": 48413.01758487529, "Z_threshold0.35_time": 0.7931826114654541, "Z_threshold0.4_of": 48277.481233158986, "Z_threshold0.4_time": 0.765068769454956, "Z_threshold0.45_of": 48202.04655644673, "Z_threshold0.45_time": 0.7636055946350098, "Z_threshold0.5_of": 48202.04655644673, "Z_threshold0.5_time": 0.7619729042053223}