{"name": "E_1500_722_19238.974.json", "BaldoML_of": 49790.9944280671, "BaldoML_time": 2.0916824340820312, "BaldoGA_of": 48824.781639022585, "BaldoGA_time": 12.493263483047485, "Solver_of": 50687.12557081362, "Solver_time": 38.53707027435303, "Z_threshold0.05_of": 50395.2776392692, "Z_threshold0.05_time": 9.150577783584595, "Z_threshold0.1_of": 49978.2488477421, "Z_threshold0.1_time": 1.081437110900879, "Z_threshold0.15_of": 49351.78508714746, "Z_threshold0.15_time": 0.8112993240356445, "Z_threshold0.2_of": 48791.0971231324, "Z_threshold0.2_time": 0.7598481178283691, "Z_threshold0.25_of": 48372.12516571396, "Z_threshold0.25_time": 0.920006513595581, "Z_threshold0.3_of": 48182.59672361553, "Z_threshold0.3_time": 0.7568221092224121, "Z_threshold0.35_of": 48096.32032440751, "Z_threshold0.35_time": 0.761195182800293, "Z_threshold0.4_of": 47946.942417767306, "Z_threshold0.4_time": 0.8159105777740479, "Z_threshold0.45_of": 47946.942417767306, "Z_threshold0.45_time": 0.7579503059387207, "Z_threshold0.5_of": 47846.049747961595, "Z_threshold0.5_time": 0.7632946968078613}