{"name": "E_1500_679_19482.213.json", "BaldoML_of": 48670.09917416602, "BaldoML_time": 1.509531021118164, "BaldoGA_of": 47736.026033611604, "BaldoGA_time": 10.90629506111145, "Solver_of": 49977.339067849105, "Solver_time": 67.12802720069885, "Z_threshold0.05_of": 49845.81255000822, "Z_threshold0.05_time": 18.978920459747314, "Z_threshold0.1_of": 49212.4161303398, "Z_threshold0.1_time": 4.976679086685181, "Z_threshold0.15_of": 48631.24112208317, "Z_threshold0.15_time": 2.18086838722229, "Z_threshold0.2_of": 47717.800364134986, "Z_threshold0.2_time": 1.4878323078155518}