{"name": "E_1500_666_9643.415.json", "BaldoML_of": 36982.38696131242, "BaldoML_time": 4.2833545207977295, "BaldoGA_of": 35951.91638469792, "BaldoGA_time": 10.533950805664062, "Solver_of": 36982.25376184395, "Solver_time": 6.766669988632202, "Z_threshold0.05_of": 35973.38571041155, "Z_threshold0.05_time": 1.481877088546753, "Z_threshold0.1_of": 35973.38571041155, "Z_threshold0.1_time": 1.569901704788208, "Z_threshold0.15_of": 35973.38571041155, "Z_threshold0.15_time": 1.4523723125457764, "Z_threshold0.2_of": 35973.38571041155, "Z_threshold0.2_time": 1.4897568225860596, "Z_threshold0.25_of": 35973.38571041155, "Z_threshold0.25_time": 1.5834193229675293, "Z_threshold0.3_of": 35973.38571041155, "Z_threshold0.3_time": 1.5143375396728516, "Z_threshold0.35_of": 35973.38571041155, "Z_threshold0.35_time": 1.4676334857940674, "Z_threshold0.4_of": 35973.38571041155, "Z_threshold0.4_time": 1.4530227184295654, "Z_threshold0.45_of": 35973.38571041155, "Z_threshold0.45_time": 1.4427671432495117, "Z_threshold0.5_of": 35973.38571041155, "Z_threshold0.5_time": 1.469480037689209}