{"name": "E_1500_540_9748.615.json", "BaldoML_of": 37594.32580713496, "BaldoML_time": 22.71424436569214, "BaldoGA_of": 36742.294920168235, "BaldoGA_time": 8.141905784606934, "Solver_of": 37596.226543593126, "Solver_time": 26.85508704185486, "Z_threshold0.05_of": 37178.12633539669, "Z_threshold0.05_time": 3.0340189933776855, "Z_threshold0.1_of": 36429.652731968185, "Z_threshold0.1_time": 1.5185601711273193, "Z_threshold0.15_of": 36180.29921668168, "Z_threshold0.15_time": 1.4907569885253906, "Z_threshold0.2_of": 36180.29921668168, "Z_threshold0.2_time": 1.6703550815582275, "Z_threshold0.25_of": 36180.29921668168, "Z_threshold0.25_time": 1.6592917442321777, "Z_threshold0.3_of": 36180.29921668168, "Z_threshold0.3_time": 1.4808547496795654, "Z_threshold0.35_of": 36180.29921668168, "Z_threshold0.35_time": 1.5688421726226807, "Z_threshold0.4_of": 36180.29921668168, "Z_threshold0.4_time": 1.474609613418579, "Z_threshold0.45_of": 36180.29921668168, "Z_threshold0.45_time": 1.5337772369384766, "Z_threshold0.5_of": 36180.29921668168, "Z_threshold0.5_time": 1.6243860721588135}