{"name": "E_1500_544_13046.133.json", "BaldoML_of": 41854.03066833638, "BaldoML_time": 29.548293590545654, "BaldoGA_of": 39984.86528048579, "BaldoGA_time": 9.065865516662598, "Solver_of": 41854.09934881365, "Solver_time": 21.68406343460083, "Z_threshold0.05_of": 41599.373600802064, "Z_threshold0.05_time": 8.54932713508606, "Z_threshold0.1_of": 40947.30160988326, "Z_threshold0.1_time": 2.5647382736206055, "Z_threshold0.15_of": 40280.56634018544, "Z_threshold0.15_time": 1.8086798191070557, "Z_threshold0.2_of": 39795.31445917287, "Z_threshold0.2_time": 1.6265268325805664, "Z_threshold0.25_of": 39348.23239078827, "Z_threshold0.25_time": 1.7277915477752686, "Z_threshold0.3_of": 38714.82008597613, "Z_threshold0.3_time": 1.7722032070159912, "Z_threshold0.35_of": 38618.109485556655, "Z_threshold0.35_time": 1.7219913005828857, "Z_threshold0.4_of": 38265.26465510758, "Z_threshold0.4_time": 1.6403930187225342, "Z_threshold0.45_of": 38150.982438127525, "Z_threshold0.45_time": 1.7668983936309814, "Z_threshold0.5_of": 37979.6834991639, "Z_threshold0.5_time": 1.7316858768463135}