{"name": "E_1500_470_9446.008.json", "BaldoML_of": 37545.91820950696, "BaldoML_time": 30.949705600738525, "BaldoGA_of": 36119.845466674575, "BaldoGA_time": 6.943341016769409, "Solver_of": 37547.57467045582, "Solver_time": 21.29522681236267, "Z_threshold0.05_of": 37287.104231439036, "Z_threshold0.05_time": 5.015501499176025, "Z_threshold0.1_of": 36915.81035568366, "Z_threshold0.1_time": 2.2168290615081787, "Z_threshold0.15_of": 36545.8580929552, "Z_threshold0.15_time": 1.6607201099395752, "Z_threshold0.2_of": 35895.679307453865, "Z_threshold0.2_time": 1.5719749927520752, "Z_threshold0.25_of": 35895.679307453865, "Z_threshold0.25_time": 1.5951595306396484, "Z_threshold0.3_of": 35895.679307453865, "Z_threshold0.3_time": 1.719411849975586, "Z_threshold0.35_of": 35895.679307453865, "Z_threshold0.35_time": 1.6624891757965088, "Z_threshold0.4_of": 35895.679307453865, "Z_threshold0.4_time": 1.6800811290740967, "Z_threshold0.45_of": 35895.679307453865, "Z_threshold0.45_time": 1.620676040649414, "Z_threshold0.5_of": 35895.679307453865, "Z_threshold0.5_time": 1.6207785606384277}