{"name": "E_1500_449_12710.616.json", "BaldoML_of": 41576.98347536651, "BaldoML_time": 3.054593563079834, "BaldoGA_of": 40313.02986010052, "BaldoGA_time": 7.6830809116363525, "Solver_of": 42344.00884173055, "Solver_time": 39.97832894325256, "Z_threshold0.05_of": 42075.839234776635, "Z_threshold0.05_time": 5.325814247131348, "Z_threshold0.1_of": 41605.65201842234, "Z_threshold0.1_time": 4.104297161102295, "Z_threshold0.15_of": 41338.906848799816, "Z_threshold0.15_time": 2.7840583324432373, "Z_threshold0.2_of": 40984.084928614124, "Z_threshold0.2_time": 1.8016142845153809}