{"name": "E_1500_372_19022.328.json", "BaldoML_of": 54935.954878846074, "BaldoML_time": 5.3762428760528564, "BaldoGA_of": 53076.61221182491, "BaldoGA_time": 8.33155369758606, "Solver_of": 55825.57331929536, "Solver_time": 11.874307632446289, "Z_threshold0.05_of": 55738.834126121474, "Z_threshold0.05_time": 12.828595638275146, "Z_threshold0.1_of": 55614.37914151763, "Z_threshold0.1_time": 6.1294028759002686, "Z_threshold0.15_of": 55430.24214344137, "Z_threshold0.15_time": 6.325327157974243, "Z_threshold0.2_of": 55254.82090323954, "Z_threshold0.2_time": 4.418921947479248, "Z_threshold0.25_of": 55113.63044660474, "Z_threshold0.25_time": 3.638742685317993, "Z_threshold0.3_of": 54908.90031732178, "Z_threshold0.3_time": 2.3049700260162354, "Z_threshold0.35_of": 54542.97286651278, "Z_threshold0.35_time": 1.1020410060882568, "Z_threshold0.4_of": 53762.92091639676, "Z_threshold0.4_time": 0.8758516311645508, "Z_threshold0.45_of": 53295.98090807339, "Z_threshold0.45_time": 0.85044264793396, "Z_threshold0.5_of": 53041.87196467027, "Z_threshold0.5_time": 0.8452913761138916}