{"name": "E_1500_527_12745.609.json", "BaldoML_of": 42085.30772717522, "BaldoML_time": 2.9241058826446533, "BaldoGA_of": 41105.01115185616, "BaldoGA_time": 8.898049354553223, "Solver_of": 42530.18539184144, "Solver_time": 31.94129514694214, "Z_threshold0.05_of": 42460.43716797953, "Z_threshold0.05_time": 5.977550029754639, "Z_threshold0.1_of": 42010.16498991742, "Z_threshold0.1_time": 1.940523386001587, "Z_threshold0.15_of": 41561.71008495156, "Z_threshold0.15_time": 0.8299598693847656, "Z_threshold0.2_of": 40736.72607563294, "Z_threshold0.2_time": 0.7912721633911133, "Z_threshold0.25_of": 40050.703264114076, "Z_threshold0.25_time": 0.8266880512237549, "Z_threshold0.3_of": 39590.45831572912, "Z_threshold0.3_time": 0.7922921180725098, "Z_threshold0.35_of": 39018.3809666219, "Z_threshold0.35_time": 0.7961516380310059, "Z_threshold0.4_of": 38942.82668718469, "Z_threshold0.4_time": 0.7786920070648193, "Z_threshold0.45_of": 38772.39826051687, "Z_threshold0.45_time": 0.7805671691894531, "Z_threshold0.5_of": 38650.83642126577, "Z_threshold0.5_time": 0.7888844013214111}