{"name": "E_1500_348_19469.035.json", "BaldoML_of": 53207.65952582334, "BaldoML_time": 6.6831910610198975, "BaldoGA_of": 50636.17136207046, "BaldoGA_time": 8.74202561378479, "Solver_of": 53966.080457857985, "Solver_time": 53.37470769882202, "Z_threshold0.05_of": 53831.63936575205, "Z_threshold0.05_time": 20.747313737869263, "Z_threshold0.1_of": 53721.34920672635, "Z_threshold0.1_time": 15.39026427268982, "Z_threshold0.15_of": 53497.12075422167, "Z_threshold0.15_time": 9.55709981918335, "Z_threshold0.2_of": 53203.31677948972, "Z_threshold0.2_time": 6.554702043533325, "Z_threshold0.25_of": 52986.3867314993, "Z_threshold0.25_time": 4.14913272857666}