{"name": "E_1500_354_19010.626.json", "BaldoML_of": 56458.354795602856, "BaldoML_time": 24.622700214385986, "BaldoGA_of": 52962.304762998465, "BaldoGA_time": 9.87353253364563, "Solver_of": 56458.77967864917, "Solver_time": 27.462716341018677, "Z_threshold0.05_of": 56363.06624668259, "Z_threshold0.05_time": 15.44060230255127, "Z_threshold0.1_of": 56255.631878017295, "Z_threshold0.1_time": 8.006611347198486, "Z_threshold0.15_of": 56125.016546011415, "Z_threshold0.15_time": 5.795017242431641, "Z_threshold0.2_of": 56013.36197016349, "Z_threshold0.2_time": 5.067074537277222, "Z_threshold0.25_of": 55771.54764709795, "Z_threshold0.25_time": 4.137657165527344, "Z_threshold0.3_of": 55432.017312312375, "Z_threshold0.3_time": 2.821577548980713, "Z_threshold0.35_of": 54918.71563329982, "Z_threshold0.35_time": 1.7342925071716309, "Z_threshold0.4_of": 54491.022439492765, "Z_threshold0.4_time": 1.6591691970825195, "Z_threshold0.45_of": 53991.64954069549, "Z_threshold0.45_time": 1.749037742614746, "Z_threshold0.5_of": 53598.71366407966, "Z_threshold0.5_time": 1.5679831504821777}