{"name": "E_1500_418_9579.463.json", "BaldoML_of": 37170.61851277322, "BaldoML_time": 6.171202182769775, "BaldoGA_of": 36146.98224027113, "BaldoGA_time": 6.256549119949341, "Solver_of": 37586.615218940366, "Solver_time": 28.502504348754883, "Z_threshold0.05_of": 37551.19080938111, "Z_threshold0.05_time": 5.343530893325806, "Z_threshold0.1_of": 36949.879380795035, "Z_threshold0.1_time": 3.3923897743225098, "Z_threshold0.15_of": 36755.5883921593, "Z_threshold0.15_time": 2.2793922424316406, "Z_threshold0.2_of": 36433.19833578153, "Z_threshold0.2_time": 1.765606164932251}