{"name": "E_1500_610_12619.067.json", "BaldoML_of": 42692.064195988256, "BaldoML_time": 2.3013195991516113, "BaldoGA_of": 41827.263887728695, "BaldoGA_time": 9.511231422424316, "Solver_of": 43302.77474914273, "Solver_time": 23.61501932144165, "Z_threshold0.05_of": 42986.38444720699, "Z_threshold0.05_time": 9.783740043640137, "Z_threshold0.1_of": 42365.66481859192, "Z_threshold0.1_time": 1.764963150024414, "Z_threshold0.15_of": 41317.7873434274, "Z_threshold0.15_time": 1.5135624408721924, "Z_threshold0.2_of": 40257.1175286184, "Z_threshold0.2_time": 1.7151927947998047}