{"name": "E_1500_702_18979.451.json", "BaldoML_of": 51097.76329103334, "BaldoML_time": 1.3605663776397705, "BaldoGA_of": 50225.4141875938, "BaldoGA_time": 11.62798810005188, "Solver_of": 52342.80574202347, "Solver_time": 32.8847496509552, "Z_threshold0.05_of": 52132.22031772444, "Z_threshold0.05_time": 14.207796096801758, "Z_threshold0.1_of": 51327.49716143243, "Z_threshold0.1_time": 3.269969940185547, "Z_threshold0.15_of": 50620.91917850619, "Z_threshold0.15_time": 1.923527479171753, "Z_threshold0.2_of": 49598.20685541715, "Z_threshold0.2_time": 1.5913395881652832, "Z_threshold0.25_of": 48793.21419638525, "Z_threshold0.25_time": 1.5168073177337646}