{"name": "E_1500_733_19134.77.json", "BaldoML_of": 48911.75331651139, "BaldoML_time": 1.8568575382232666, "BaldoGA_of": 48099.88180991651, "BaldoGA_time": 12.205525398254395, "Solver_of": 49984.56032458331, "Solver_time": 31.015327215194702, "Z_threshold0.05_of": 49736.41619180051, "Z_threshold0.05_time": 16.251383543014526, "Z_threshold0.1_of": 49057.70188806347, "Z_threshold0.1_time": 3.3140268325805664, "Z_threshold0.15_of": 48039.68745923426, "Z_threshold0.15_time": 1.6422367095947266, "Z_threshold0.2_of": 46906.98796028319, "Z_threshold0.2_time": 1.5343012809753418}