{"name": "E_1500_401_18945.907.json", "BaldoML_of": 55696.28610851023, "BaldoML_time": 5.000499486923218, "BaldoGA_of": 53415.5072355368, "BaldoGA_time": 9.691887140274048, "Solver_of": 56142.39486373207, "Solver_time": 19.29750394821167, "Z_threshold0.05_of": 56061.166385770746, "Z_threshold0.05_time": 5.818193197250366, "Z_threshold0.1_of": 56065.83422084269, "Z_threshold0.1_time": 7.038211822509766, "Z_threshold0.15_of": 55795.615885748244, "Z_threshold0.15_time": 5.481178522109985, "Z_threshold0.2_of": 55538.95253605721, "Z_threshold0.2_time": 4.209062099456787, "Z_threshold0.25_of": 55297.270950199476, "Z_threshold0.25_time": 2.8542425632476807, "Z_threshold0.3_of": 55032.28386961317, "Z_threshold0.3_time": 2.047693967819214, "Z_threshold0.35_of": 54497.706371267086, "Z_threshold0.35_time": 0.7907664775848389, "Z_threshold0.4_of": 53962.60238532937, "Z_threshold0.4_time": 0.7901401519775391, "Z_threshold0.45_of": 53177.99102061877, "Z_threshold0.45_time": 0.7818784713745117, "Z_threshold0.5_of": 52953.944951222395, "Z_threshold0.5_time": 0.8025078773498535}