{"name": "E_1500_877_9679.004.json", "BaldoML_of": 35920.512926444426, "BaldoML_time": 0.9585301876068115, "BaldoGA_of": 35603.97604565603, "BaldoGA_time": 4.323685169219971, "Solver_of": 36330.433317870134, "Solver_time": 1.6619150638580322, "Z_threshold0.05_of": 35596.689205958304, "Z_threshold0.05_time": 1.4452834129333496, "Z_threshold0.1_of": 35596.689205958304, "Z_threshold0.1_time": 1.3628709316253662, "Z_threshold0.15_of": 35596.689205958304, "Z_threshold0.15_time": 1.3659148216247559, "Z_threshold0.2_of": 35596.689205958304, "Z_threshold0.2_time": 1.362210988998413}