{"name": "E_1500_592_12880.962.json", "BaldoML_of": 41959.5479604351, "BaldoML_time": 67.11163544654846, "BaldoGA_of": 40401.69406079993, "BaldoGA_time": 9.68582272529602, "Solver_of": 41959.905441192896, "Solver_time": 42.91174793243408, "Z_threshold0.05_of": 41805.427816450465, "Z_threshold0.05_time": 7.2687828540802, "Z_threshold0.1_of": 41352.648740074204, "Z_threshold0.1_time": 2.292306661605835, "Z_threshold0.15_of": 40824.92766920844, "Z_threshold0.15_time": 1.6224839687347412, "Z_threshold0.2_of": 39993.607256418676, "Z_threshold0.2_time": 1.7480099201202393, "Z_threshold0.25_of": 39122.99478175537, "Z_threshold0.25_time": 1.7775027751922607, "Z_threshold0.3_of": 38685.683645557045, "Z_threshold0.3_time": 1.5769238471984863, "Z_threshold0.35_of": 38282.28389949797, "Z_threshold0.35_time": 1.5476768016815186, "Z_threshold0.4_of": 38249.59504147762, "Z_threshold0.4_time": 1.6473314762115479, "Z_threshold0.45_of": 38249.59504147762, "Z_threshold0.45_time": 1.5529980659484863, "Z_threshold0.5_of": 38249.59504147762, "Z_threshold0.5_time": 1.5737156867980957}