{"name": "E_1500_734_9754.322.json", "BaldoML_of": 36438.502733943904, "BaldoML_time": 1.0496680736541748, "BaldoGA_of": 35890.22709200058, "BaldoGA_time": 4.195880889892578, "Solver_of": 36854.14221821308, "Solver_time": 2.9631223678588867, "Z_threshold0.05_of": 35898.41740212435, "Z_threshold0.05_time": 1.4730796813964844, "Z_threshold0.1_of": 35898.41740212435, "Z_threshold0.1_time": 1.4624974727630615, "Z_threshold0.15_of": 35898.41740212435, "Z_threshold0.15_time": 1.480501651763916, "Z_threshold0.2_of": 35898.41740212435, "Z_threshold0.2_time": 1.4554893970489502, "Z_threshold0.25_of": 35898.41740212435, "Z_threshold0.25_time": 1.542602777481079}