{"name": "E_1500_466_12733.86.json", "BaldoML_of": 41676.170963250464, "BaldoML_time": 3.063830852508545, "BaldoGA_of": 40268.52308812071, "BaldoGA_time": 7.760733366012573, "Solver_of": 42397.436584134426, "Solver_time": 25.09850573539734, "Z_threshold0.05_of": 42387.11498083477, "Z_threshold0.05_time": 7.538362979888916, "Z_threshold0.1_of": 41825.128506330206, "Z_threshold0.1_time": 3.852905750274658, "Z_threshold0.15_of": 41289.03668774291, "Z_threshold0.15_time": 2.8611156940460205, "Z_threshold0.2_of": 40631.87115678051, "Z_threshold0.2_time": 1.6239278316497803}