{"name": "E_1500_444_12483.06.json", "BaldoML_of": 44304.13641000365, "BaldoML_time": 3.9796886444091797, "BaldoGA_of": 43059.03519433089, "BaldoGA_time": 8.212826251983643, "Solver_of": 44849.741556988825, "Solver_time": 38.46484923362732, "Z_threshold0.05_of": 44765.44096697747, "Z_threshold0.05_time": 4.971282720565796, "Z_threshold0.1_of": 44464.900974266886, "Z_threshold0.1_time": 4.365647077560425, "Z_threshold0.15_of": 43944.20425568383, "Z_threshold0.15_time": 2.8202648162841797, "Z_threshold0.2_of": 43730.586625102995, "Z_threshold0.2_time": 1.9862089157104492, "Z_threshold0.25_of": 43484.1213172349, "Z_threshold0.25_time": 1.6279692649841309}