{"name": "E_1500_484_19725.175.json", "BaldoML_of": 50615.658368369724, "BaldoML_time": 3.5571155548095703, "BaldoGA_of": 48237.87250231615, "BaldoGA_time": 7.429411172866821, "Solver_of": 51648.90304083188, "Solver_time": 27.251076221466064, "Z_threshold0.05_of": 51461.08801228736, "Z_threshold0.05_time": 6.738515138626099, "Z_threshold0.1_of": 51381.481563552305, "Z_threshold0.1_time": 4.995474815368652, "Z_threshold0.15_of": 51037.24843708274, "Z_threshold0.15_time": 4.521669626235962, "Z_threshold0.2_of": 50535.392670748886, "Z_threshold0.2_time": 3.2217369079589844, "Z_threshold0.25_of": 50265.06479000527, "Z_threshold0.25_time": 2.135683059692383, "Z_threshold0.3_of": 49972.59262113214, "Z_threshold0.3_time": 1.6613917350769043, "Z_threshold0.35_of": 49756.77484008896, "Z_threshold0.35_time": 0.7817249298095703, "Z_threshold0.4_of": 49445.791727255906, "Z_threshold0.4_time": 0.7665777206420898, "Z_threshold0.45_of": 48956.885581061455, "Z_threshold0.45_time": 0.7672696113586426, "Z_threshold0.5_of": 48376.80776781267, "Z_threshold0.5_time": 0.810938835144043}