{"name": "E_1500_679_19482.213.json", "BaldoML_of": 48670.09917416602, "BaldoML_time": 1.509531021118164, "BaldoGA_of": 47736.026033611604, "BaldoGA_time": 10.90629506111145, "Solver_of": 49977.339067849105, "Solver_time": 67.12802720069885, "Z_threshold0.05_of": 49845.426463502234, "Z_threshold0.05_time": 15.557419776916504}