{"name": "E_1500_561_9671.299.json", "BaldoML_of": 36469.897977950845, "BaldoML_time": 18.8350932598114, "BaldoGA_of": 35238.24642835025, "BaldoGA_time": 6.228795766830444, "Solver_of": 36469.92429839986, "Solver_time": 16.26407504081726, "Z_threshold0.05_of": 36043.42206186086, "Z_threshold0.05_time": 1.93709135055542, "Z_threshold0.1_of": 35562.728419797015, "Z_threshold0.1_time": 1.4762721061706543, "Z_threshold0.15_of": 35562.728419797015, "Z_threshold0.15_time": 1.4791069030761719, "Z_threshold0.2_of": 35562.728419797015, "Z_threshold0.2_time": 1.6378529071807861, "Z_threshold0.25_of": 35562.728419797015, "Z_threshold0.25_time": 1.6610949039459229, "Z_threshold0.3_of": 35562.728419797015, "Z_threshold0.3_time": 1.6105999946594238, "Z_threshold0.35_of": 35562.728419797015, "Z_threshold0.35_time": 1.5925929546356201, "Z_threshold0.4_of": 35562.728419797015, "Z_threshold0.4_time": 1.7870087623596191, "Z_threshold0.45_of": 35562.728419797015, "Z_threshold0.45_time": 1.568136215209961, "Z_threshold0.5_of": 35562.728419797015, "Z_threshold0.5_time": 1.5819172859191895}