{"name": "E_1500_656_9694.602.json", "BaldoML_of": 35980.53946131983, "BaldoML_time": 4.023307800292969, "BaldoGA_of": 35376.15707768606, "BaldoGA_time": 11.441471099853516, "Solver_of": 35978.8231818418, "Solver_time": 4.947177886962891, "Z_threshold0.05_of": 35171.73482880316, "Z_threshold0.05_time": 1.6039111614227295, "Z_threshold0.1_of": 35171.73482880316, "Z_threshold0.1_time": 1.5287487506866455, "Z_threshold0.15_of": 35171.73482880316, "Z_threshold0.15_time": 1.5157501697540283, "Z_threshold0.2_of": 35171.73482880316, "Z_threshold0.2_time": 1.7837841510772705, "Z_threshold0.25_of": 35171.73482880316, "Z_threshold0.25_time": 1.4944179058074951, "Z_threshold0.3_of": 35171.73482880316, "Z_threshold0.3_time": 1.4940452575683594, "Z_threshold0.35_of": 35171.73482880316, "Z_threshold0.35_time": 1.5414271354675293, "Z_threshold0.4_of": 35171.73482880316, "Z_threshold0.4_time": 1.5456223487854004, "Z_threshold0.45_of": 35171.73482880316, "Z_threshold0.45_time": 1.5292978286743164, "Z_threshold0.5_of": 35171.73482880316, "Z_threshold0.5_time": 1.5626940727233887}