{"name": "E_1500_491_12799.143.json", "BaldoML_of": 43178.20817362992, "BaldoML_time": 4.839326620101929, "BaldoGA_of": 42149.71772229533, "BaldoGA_time": 7.20319390296936, "Solver_of": 43784.337384151724, "Solver_time": 31.946882963180542, "Z_threshold0.05_of": 43676.59716523865, "Z_threshold0.05_time": 11.444075584411621, "Z_threshold0.1_of": 43062.15437514335, "Z_threshold0.1_time": 2.6571764945983887, "Z_threshold0.15_of": 42671.975579455924, "Z_threshold0.15_time": 2.7761123180389404, "Z_threshold0.2_of": 42122.71812889155, "Z_threshold0.2_time": 1.494783878326416, "Z_threshold0.25_of": 41276.35979102814, "Z_threshold0.25_time": 1.5275192260742188}