{"name": "E_1500_423_18868.095.json", "BaldoML_of": 53232.48710092593, "BaldoML_time": 3.31996488571167, "BaldoGA_of": 51175.61702795569, "BaldoGA_time": 9.442171812057495, "Solver_of": 54160.51832558878, "Solver_time": 23.622086763381958, "Z_threshold0.05_of": 54121.91052705122, "Z_threshold0.05_time": 9.55820894241333, "Z_threshold0.1_of": 54030.79333960312, "Z_threshold0.1_time": 6.806281566619873, "Z_threshold0.15_of": 53858.41798503006, "Z_threshold0.15_time": 5.3139214515686035, "Z_threshold0.2_of": 53377.30259967075, "Z_threshold0.2_time": 2.9031293392181396, "Z_threshold0.25_of": 53074.22058726177, "Z_threshold0.25_time": 1.8493232727050781, "Z_threshold0.3_of": 52620.499065193006, "Z_threshold0.3_time": 0.9132568836212158, "Z_threshold0.35_of": 52168.11871822694, "Z_threshold0.35_time": 0.8788356781005859, "Z_threshold0.4_of": 51755.83870341652, "Z_threshold0.4_time": 0.8772618770599365, "Z_threshold0.45_of": 51265.6041860199, "Z_threshold0.45_time": 1.0179400444030762, "Z_threshold0.5_of": 50895.011316541095, "Z_threshold0.5_time": 0.8859233856201172}