{"name": "E_1500_441_12764.155.json", "BaldoML_of": 42884.29300517387, "BaldoML_time": 3.1158769130706787, "BaldoGA_of": 41286.10642324339, "BaldoGA_time": 8.080541372299194, "Solver_of": 43397.155216974774, "Solver_time": 29.62091875076294, "Z_threshold0.05_of": 43331.64365177894, "Z_threshold0.05_time": 3.7902309894561768, "Z_threshold0.1_of": 43077.79574105226, "Z_threshold0.1_time": 3.2141013145446777, "Z_threshold0.15_of": 42687.394256416446, "Z_threshold0.15_time": 2.2425897121429443, "Z_threshold0.2_of": 42377.4183361319, "Z_threshold0.2_time": 1.5540904998779297, "Z_threshold0.25_of": 41905.10764268652, "Z_threshold0.25_time": 0.7617557048797607, "Z_threshold0.3_of": 41149.219591115594, "Z_threshold0.3_time": 0.7555534839630127, "Z_threshold0.35_of": 40151.55466220133, "Z_threshold0.35_time": 0.7511751651763916, "Z_threshold0.4_of": 39768.00380420903, "Z_threshold0.4_time": 0.7616233825683594, "Z_threshold0.45_of": 39496.0105331564, "Z_threshold0.45_time": 0.7818546295166016, "Z_threshold0.5_of": 39219.6867906244, "Z_threshold0.5_time": 0.7538573741912842}