{"name": "E_1500_853_9451.978.json", "BaldoML_of": 38116.92227217759, "BaldoML_time": 0.9730045795440674, "BaldoGA_of": 37583.257029703265, "BaldoGA_time": 4.219196319580078, "Solver_of": 38491.75833849475, "Solver_time": 1.5567731857299805, "Z_threshold0.05_of": 37588.93130825729, "Z_threshold0.05_time": 1.587310791015625, "Z_threshold0.1_of": 37588.93130825729, "Z_threshold0.1_time": 1.4125425815582275, "Z_threshold0.15_of": 37588.93130825729, "Z_threshold0.15_time": 1.4888687133789062, "Z_threshold0.2_of": 37588.93130825729, "Z_threshold0.2_time": 1.3995115756988525, "Z_threshold0.25_of": 37583.257029703265, "Z_threshold0.25_time": 1.4656445980072021}