{"name": "E_1500_850_19100.858.json", "BaldoML_of": 50221.82445673471, "BaldoML_time": 0.7728326320648193, "BaldoGA_of": 49720.28369638982, "BaldoGA_time": 17.451088905334473, "Solver_of": 51188.90735634019, "Solver_time": 17.976196765899658, "Z_threshold0.05_of": 50319.75004442338, "Z_threshold0.05_time": 2.6739139556884766, "Z_threshold0.1_of": 48658.054023850345, "Z_threshold0.1_time": 1.5903515815734863, "Z_threshold0.15_of": 48173.6671217702, "Z_threshold0.15_time": 1.5090794563293457, "Z_threshold0.2_of": 48099.79454120128, "Z_threshold0.2_time": 1.5026092529296875, "Z_threshold0.25_of": 48058.62942316176, "Z_threshold0.25_time": 1.4939210414886475}