{"name": "L_100_53_624.457.json", "BaldoML_of": 2576.3215893392294, "BaldoML_time": 0.08423089981079102, "BaldoGA_of": 2632.624490051089, "BaldoGA_time": 0.14234256744384766, "Solver_of": 2673.636022094605, "Solver_time": 0.28098320960998535, "Z_threshold0.05_of": 2632.624490051089, "Z_threshold0.05_time": 0.13031649589538574, "Z_threshold0.1_of": 2632.624490051089, "Z_threshold0.1_time": 0.13662457466125488, "Z_threshold0.15_of": 2632.624490051089, "Z_threshold0.15_time": 0.12859058380126953, "Z_threshold0.2_of": 2632.624490051089, "Z_threshold0.2_time": 0.12993121147155762}