{"name": "L_100_48_875.22.json", "BaldoML_of": 2772.749178612667, "BaldoML_time": 0.09198856353759766, "BaldoGA_of": 2772.7491786126666, "BaldoGA_time": 0.36620664596557617, "Solver_of": 2817.203208969425, "Solver_time": 0.4252018928527832, "Z_threshold0.05_of": 2598.9378453940826, "Z_threshold0.05_time": 0.023937702178955078, "Z_threshold0.1_of": 2549.2937121415976, "Z_threshold0.1_time": 0.0234529972076416, "Z_threshold0.15_of": 2549.2937121415976, "Z_threshold0.15_time": 0.025372743606567383, "Z_threshold0.2_of": 2549.2937121415976, "Z_threshold0.2_time": 0.026684999465942383, "Z_threshold0.25_of": 2549.2937121415976, "Z_threshold0.25_time": 0.026397228240966797, "Z_threshold0.3_of": 2549.2937121415976, "Z_threshold0.3_time": 0.027276039123535156, "Z_threshold0.35_of": 2549.2937121415976, "Z_threshold0.35_time": 0.026627302169799805, "Z_threshold0.4_of": 2549.2937121415976, "Z_threshold0.4_time": 0.02448272705078125, "Z_threshold0.45_of": 2549.2937121415976, "Z_threshold0.45_time": 0.02302265167236328, "Z_threshold0.5_of": 2549.2937121415976, "Z_threshold0.5_time": 0.0235137939453125}