{"name": "L_100_33_609.502.json", "BaldoML_of": 2847.084244023317, "BaldoML_time": 0.09702658653259277, "BaldoGA_of": 2854.8901151592213, "BaldoGA_time": 0.2590951919555664, "Solver_of": 2882.1060936407066, "Solver_time": 1.2391839027404785, "Z_threshold0.05_of": 2689.660741785648, "Z_threshold0.05_time": 0.023167133331298828, "Z_threshold0.1_of": 2633.3461657796756, "Z_threshold0.1_time": 0.026024341583251953, "Z_threshold0.15_of": 2633.3461657796756, "Z_threshold0.15_time": 0.024077892303466797, "Z_threshold0.2_of": 2633.3461657796756, "Z_threshold0.2_time": 0.021260738372802734, "Z_threshold0.25_of": 2633.3461657796756, "Z_threshold0.25_time": 0.02123546600341797, "Z_threshold0.3_of": 2633.3461657796756, "Z_threshold0.3_time": 0.02122187614440918, "Z_threshold0.35_of": 2633.3461657796756, "Z_threshold0.35_time": 0.023730039596557617, "Z_threshold0.4_of": 2633.3461657796756, "Z_threshold0.4_time": 0.025933504104614258, "Z_threshold0.45_of": 2633.3461657796756, "Z_threshold0.45_time": 0.025656461715698242, "Z_threshold0.5_of": 2633.3461657796756, "Z_threshold0.5_time": 0.026279926300048828}