{"name": "L_100_28_864.619.json", "BaldoML_of": 3236.2947358945867, "BaldoML_time": 0.11201834678649902, "BaldoGA_of": 3206.591270243704, "BaldoGA_time": 0.48992395401000977, "Solver_of": 3266.598524437063, "Solver_time": 0.9600460529327393, "Z_threshold0.05_of": 3236.2947358945867, "Z_threshold0.05_time": 0.24201059341430664, "Z_threshold0.1_of": 3236.2947358945867, "Z_threshold0.1_time": 0.22381830215454102, "Z_threshold0.15_of": 3236.2947358945867, "Z_threshold0.15_time": 0.18210649490356445, "Z_threshold0.2_of": 3164.446686313252, "Z_threshold0.2_time": 0.12470650672912598, "Z_threshold0.25_of": 3164.446686313252, "Z_threshold0.25_time": 0.12444257736206055}