{"name": "L_100_59_788.591.json", "BaldoML_of": 3603.4462108371317, "BaldoML_time": 0.1916213035583496, "BaldoGA_of": 3556.8594362767185, "BaldoGA_time": 0.1804196834564209, "Solver_of": 3640.9913401584527, "Solver_time": 0.4343140125274658, "Z_threshold0.05_of": 3579.122593922654, "Z_threshold0.05_time": 0.0476384162902832, "Z_threshold0.1_of": 3579.122593922654, "Z_threshold0.1_time": 0.05543112754821777, "Z_threshold0.15_of": 3481.0831321968817, "Z_threshold0.15_time": 0.04271388053894043, "Z_threshold0.2_of": 3481.0831321968817, "Z_threshold0.2_time": 0.04317593574523926, "Z_threshold0.25_of": 3481.0831321968817, "Z_threshold0.25_time": 0.043630361557006836, "Z_threshold0.3_of": 3481.0831321968817, "Z_threshold0.3_time": 0.0430452823638916, "Z_threshold0.35_of": 3481.0831321968817, "Z_threshold0.35_time": 0.04337573051452637, "Z_threshold0.4_of": 3481.0831321968817, "Z_threshold0.4_time": 0.04417133331298828, "Z_threshold0.45_of": 3481.0831321968817, "Z_threshold0.45_time": 0.043567657470703125, "Z_threshold0.5_of": 3481.0831321968817, "Z_threshold0.5_time": 0.04290127754211426}