{"name": "L_100_58_699.464.json", "BaldoML_of": 2527.300457738742, "BaldoML_time": 0.08582854270935059, "BaldoGA_of": 2539.861796814116, "BaldoGA_time": 0.10887813568115234, "Solver_of": 2574.6436451880204, "Solver_time": 0.3895294666290283, "Z_threshold0.05_of": 2527.300457738742, "Z_threshold0.05_time": 0.12093162536621094, "Z_threshold0.1_of": 2527.300457738742, "Z_threshold0.1_time": 0.11948394775390625, "Z_threshold0.15_of": 2527.300457738742, "Z_threshold0.15_time": 0.12238788604736328, "Z_threshold0.2_of": 2527.300457738742, "Z_threshold0.2_time": 0.11929011344909668, "Z_threshold0.25_of": 2527.300457738742, "Z_threshold0.25_time": 0.11507272720336914}