{"name": "L_100_42_1185.463.json", "BaldoML_of": 4053.9149917780396, "BaldoML_time": 0.736971378326416, "BaldoGA_of": 3978.327724360387, "BaldoGA_time": 0.5369613170623779, "Solver_of": 4053.9149917780396, "Solver_time": 1.2553484439849854, "Z_threshold0.05_of": 4000.5981986552633, "Z_threshold0.05_time": 0.13985061645507812, "Z_threshold0.1_of": 3883.6964839214197, "Z_threshold0.1_time": 0.05819058418273926, "Z_threshold0.15_of": 3742.2387101553195, "Z_threshold0.15_time": 0.04433584213256836, "Z_threshold0.2_of": 3742.2387101553195, "Z_threshold0.2_time": 0.04390406608581543, "Z_threshold0.25_of": 3691.7487000148913, "Z_threshold0.25_time": 0.04649543762207031, "Z_threshold0.3_of": 3691.7487000148913, "Z_threshold0.3_time": 0.04950404167175293, "Z_threshold0.35_of": 3691.7487000148913, "Z_threshold0.35_time": 0.04973912239074707, "Z_threshold0.4_of": 3691.7487000148913, "Z_threshold0.4_time": 0.04996180534362793, "Z_threshold0.45_of": 3691.7487000148913, "Z_threshold0.45_time": 0.04351687431335449, "Z_threshold0.5_of": 3691.7487000148913, "Z_threshold0.5_time": 0.0500032901763916}