{"name": "L_100_29_825.665.json", "BaldoML_of": 3092.8396060058667, "BaldoML_time": 0.10320115089416504, "BaldoGA_of": 3134.5119757310777, "BaldoGA_time": 0.4403970241546631, "Solver_of": 3179.2144427328276, "Solver_time": 1.1673784255981445, "Z_threshold0.05_of": 3160.334152143066, "Z_threshold0.05_time": 0.2846825122833252, "Z_threshold0.1_of": 3122.7904525396866, "Z_threshold0.1_time": 0.2009141445159912, "Z_threshold0.15_of": 3020.142186221022, "Z_threshold0.15_time": 0.1329030990600586, "Z_threshold0.2_of": 2966.014022616695, "Z_threshold0.2_time": 0.12644696235656738, "Z_threshold0.25_of": 2870.571331536462, "Z_threshold0.25_time": 0.12258028984069824}