{"name": "L_100_56_1243.053.json", "BaldoML_of": 4251.999867284099, "BaldoML_time": 0.10814690589904785, "BaldoGA_of": 4299.518480993885, "BaldoGA_time": 0.5050384998321533, "Solver_of": 4337.791577913225, "Solver_time": 0.9578878879547119, "Z_threshold0.05_of": 4290.6387392123725, "Z_threshold0.05_time": 0.18638944625854492, "Z_threshold0.1_of": 4087.759755636746, "Z_threshold0.1_time": 0.15012764930725098, "Z_threshold0.15_of": 4087.759755636746, "Z_threshold0.15_time": 0.1430654525756836, "Z_threshold0.2_of": 4047.1403861857557, "Z_threshold0.2_time": 0.1468961238861084}