{"name": "L_100_22_1338.229.json", "BaldoML_of": 3695.063452027248, "BaldoML_time": 0.11943697929382324, "BaldoGA_of": 3702.353450997283, "BaldoGA_time": 0.6294965744018555, "Solver_of": 3811.1958082647657, "Solver_time": 1.1886820793151855, "Z_threshold0.05_of": 3811.195808264766, "Z_threshold0.05_time": 0.25656795501708984, "Z_threshold0.1_of": 3810.3938164705824, "Z_threshold0.1_time": 0.09705591201782227, "Z_threshold0.15_of": 3779.3088230170038, "Z_threshold0.15_time": 0.15799736976623535, "Z_threshold0.2_of": 3779.3088230170038, "Z_threshold0.2_time": 0.1599283218383789, "Z_threshold0.25_of": 3779.3088230170038, "Z_threshold0.25_time": 0.1247415542602539, "Z_threshold0.3_of": 3726.3879238066893, "Z_threshold0.3_time": 0.1250598430633545, "Z_threshold0.35_of": 3713.8021872904724, "Z_threshold0.35_time": 0.12699460983276367, "Z_threshold0.4_of": 3565.2626090773383, "Z_threshold0.4_time": 0.041787147521972656, "Z_threshold0.45_of": 3565.2626090773383, "Z_threshold0.45_time": 0.0431363582611084, "Z_threshold0.5_of": 3468.3107169889554, "Z_threshold0.5_time": 0.02871108055114746}