{"name": "L_100_53_656.011.json", "BaldoML_of": 2837.9217930013506, "BaldoML_time": 0.08638930320739746, "BaldoGA_of": 2837.9217930013515, "BaldoGA_time": 0.13472318649291992, "Solver_of": 2875.808070927968, "Solver_time": 0.25365710258483887, "Z_threshold0.05_of": 2837.9217930013506, "Z_threshold0.05_time": 0.12343311309814453, "Z_threshold0.1_of": 2837.9217930013506, "Z_threshold0.1_time": 0.12405204772949219, "Z_threshold0.15_of": 2837.9217930013506, "Z_threshold0.15_time": 0.12697362899780273, "Z_threshold0.2_of": 2837.9217930013506, "Z_threshold0.2_time": 0.12571215629577637}