{"name": "L_100_23_1088.939.json", "BaldoML_of": 4299.3000104820485, "BaldoML_time": 0.10815620422363281, "BaldoGA_of": 4331.618813528777, "BaldoGA_time": 0.7694668769836426, "Solver_of": 4419.866871566502, "Solver_time": 0.7016685009002686, "Z_threshold0.05_of": 4360.645015082475, "Z_threshold0.05_time": 0.23674225807189941}