{"name": "L_100_59_788.591.json", "BaldoML_of": 3481.0831321968835, "BaldoML_time": 0.11234927177429199, "BaldoGA_of": 3556.8594362767185, "BaldoGA_time": 0.1804196834564209, "Solver_of": 3640.9913401584527, "Solver_time": 0.4343140125274658, "Z_threshold0.05_of": 3579.122593922655, "Z_threshold0.05_time": 0.12322068214416504, "Z_threshold0.1_of": 3579.122593922655, "Z_threshold0.1_time": 0.12489604949951172, "Z_threshold0.15_of": 3481.0831321968835, "Z_threshold0.15_time": 0.1276242733001709, "Z_threshold0.2_of": 3481.0831321968835, "Z_threshold0.2_time": 0.11842846870422363}