{"name": "L_100_40_651.999.json", "BaldoML_of": 2258.9020483110494, "BaldoML_time": 0.10963034629821777, "BaldoGA_of": 2323.269785098646, "BaldoGA_time": 0.19731402397155762, "Solver_of": 2423.056369996689, "Solver_time": 0.41390228271484375, "Z_threshold0.05_of": 2203.0998900735963, "Z_threshold0.05_time": 0.027308940887451172, "Z_threshold0.1_of": 2136.7837430630807, "Z_threshold0.1_time": 0.025856733322143555, "Z_threshold0.15_of": 2136.7837430630807, "Z_threshold0.15_time": 0.02255392074584961, "Z_threshold0.2_of": 2136.7837430630807, "Z_threshold0.2_time": 0.02184319496154785, "Z_threshold0.25_of": 2136.7837430630807, "Z_threshold0.25_time": 0.022399187088012695, "Z_threshold0.3_of": 2136.7837430630807, "Z_threshold0.3_time": 0.022244930267333984, "Z_threshold0.35_of": 2136.7837430630807, "Z_threshold0.35_time": 0.027101993560791016, "Z_threshold0.4_of": 2136.7837430630807, "Z_threshold0.4_time": 0.024210691452026367, "Z_threshold0.45_of": 2136.7837430630807, "Z_threshold0.45_time": 0.02399301528930664, "Z_threshold0.5_of": 2136.7837430630807, "Z_threshold0.5_time": 0.022402286529541016}