{"name": "L_100_40_901.85.json", "BaldoML_of": 2793.959883801673, "BaldoML_time": 0.09557557106018066, "BaldoGA_of": 2793.9598838016723, "BaldoGA_time": 0.3196249008178711, "Solver_of": 2841.4886788053527, "Solver_time": 0.7808575630187988, "Z_threshold0.05_of": 2660.2204367404083, "Z_threshold0.05_time": 0.02506852149963379, "Z_threshold0.1_of": 2618.0511462992954, "Z_threshold0.1_time": 0.023943424224853516, "Z_threshold0.15_of": 2618.0511462992954, "Z_threshold0.15_time": 0.023911714553833008, "Z_threshold0.2_of": 2618.0511462992954, "Z_threshold0.2_time": 0.023929834365844727, "Z_threshold0.25_of": 2618.0511462992954, "Z_threshold0.25_time": 0.024045944213867188, "Z_threshold0.3_of": 2618.0511462992954, "Z_threshold0.3_time": 0.0239410400390625, "Z_threshold0.35_of": 2618.0511462992954, "Z_threshold0.35_time": 0.027709484100341797, "Z_threshold0.4_of": 2618.0511462992954, "Z_threshold0.4_time": 0.02578258514404297, "Z_threshold0.45_of": 2618.0511462992954, "Z_threshold0.45_time": 0.025044918060302734, "Z_threshold0.5_of": 2618.0511462992954, "Z_threshold0.5_time": 0.024237632751464844}