{"name": "L_100_42_1243.254.json", "BaldoML_of": 4036.0714943811163, "BaldoML_time": 0.09330558776855469, "BaldoGA_of": 4180.721373067676, "BaldoGA_time": 0.6796653270721436, "Solver_of": 4208.018658283942, "Solver_time": 1.485994815826416, "Z_threshold0.05_of": 4184.512595001885, "Z_threshold0.05_time": 0.28277015686035156, "Z_threshold0.1_of": 4099.402763403336, "Z_threshold0.1_time": 0.13491487503051758, "Z_threshold0.15_of": 4036.0714943811186, "Z_threshold0.15_time": 0.07122111320495605, "Z_threshold0.2_of": 4017.0912480847555, "Z_threshold0.2_time": 0.04680800437927246, "Z_threshold0.25_of": 3944.5840199405898, "Z_threshold0.25_time": 0.028577566146850586, "Z_threshold0.3_of": 3790.0727499877185, "Z_threshold0.3_time": 0.028673887252807617, "Z_threshold0.35_of": 3753.8816312282006, "Z_threshold0.35_time": 0.02752828598022461, "Z_threshold0.4_of": 3753.8816312282006, "Z_threshold0.4_time": 0.02767014503479004, "Z_threshold0.45_of": 3753.8816312282006, "Z_threshold0.45_time": 0.02783370018005371, "Z_threshold0.5_of": 3753.8816312282006, "Z_threshold0.5_time": 0.028595924377441406}