{"name": "L_100_22_1338.229.json", "BaldoML_of": 3695.063452027248, "BaldoML_time": 0.11943697929382324, "BaldoGA_of": 3702.353450997283, "BaldoGA_time": 0.6294965744018555, "Solver_of": 3811.1958082647657, "Solver_time": 1.1886820793151855, "Z_threshold0.05_of": 3811.195808264767, "Z_threshold0.05_time": 0.4171867370605469, "Z_threshold0.1_of": 3810.3938164705833, "Z_threshold0.1_time": 0.25960421562194824, "Z_threshold0.15_of": 3779.3088230170038, "Z_threshold0.15_time": 0.2339341640472412, "Z_threshold0.2_of": 3779.3088230170038, "Z_threshold0.2_time": 0.21396875381469727, "Z_threshold0.25_of": 3779.3088230170038, "Z_threshold0.25_time": 0.20770955085754395}