{"name": "L_100_22_1377.011.json", "BaldoML_of": 3858.5264492185697, "BaldoML_time": 0.07910990715026855, "BaldoGA_of": 4160.10886797075, "BaldoGA_time": 0.8053221702575684, "Solver_of": 4263.504626633892, "Solver_time": 1.0667085647583008, "Z_threshold0.05_of": 4263.504626633892, "Z_threshold0.05_time": 0.28374600410461426}