{"name": "L_100_31_1182.276.json", "BaldoML_of": 3934.793951068677, "BaldoML_time": 0.08111071586608887, "BaldoGA_of": 4049.2685999446157, "BaldoGA_time": 0.6340973377227783, "Solver_of": 4107.098527257412, "Solver_time": 2.9028570652008057, "Z_threshold0.05_of": 4107.098527257412, "Z_threshold0.05_time": 0.489210844039917}