{"name": "L_100_39_758.847.json", "BaldoML_of": 3479.240316626425, "BaldoML_time": 0.42371177673339844, "BaldoGA_of": 3384.2966071778246, "BaldoGA_time": 0.5475730895996094, "Solver_of": 3479.240316626427, "Solver_time": 0.691037654876709, "Z_threshold0.05_of": 3445.119718049936, "Z_threshold0.05_time": 0.12015366554260254, "Z_threshold0.1_of": 3388.5095868485573, "Z_threshold0.1_time": 0.10637903213500977, "Z_threshold0.15_of": 3350.993846888698, "Z_threshold0.15_time": 0.05823254585266113, "Z_threshold0.2_of": 3210.0978512964766, "Z_threshold0.2_time": 0.0432429313659668, "Z_threshold0.25_of": 3129.008955193809, "Z_threshold0.25_time": 0.04208779335021973, "Z_threshold0.3_of": 3010.380672450255, "Z_threshold0.3_time": 0.04201626777648926, "Z_threshold0.35_of": 2831.653276828511, "Z_threshold0.35_time": 0.041434526443481445, "Z_threshold0.4_of": 2831.653276828511, "Z_threshold0.4_time": 0.04073500633239746, "Z_threshold0.45_of": 2831.653276828511, "Z_threshold0.45_time": 0.041468143463134766, "Z_threshold0.5_of": 2831.653276828511, "Z_threshold0.5_time": 0.04104018211364746}