{"name": "L_100_20_643.043.json", "BaldoML_of": 2815.2494499392437, "BaldoML_time": 0.11372160911560059, "BaldoGA_of": 2865.448697160154, "BaldoGA_time": 0.4964752197265625, "Solver_of": 2912.6848382578896, "Solver_time": 0.8247799873352051, "Z_threshold0.05_of": 2912.68483825789, "Z_threshold0.05_time": 0.17145442962646484}