{"name": "L_100_57_1265.126.json", "BaldoML_of": 3920.5408443565793, "BaldoML_time": 0.09291863441467285, "BaldoGA_of": 3985.1077294656534, "BaldoGA_time": 0.3758673667907715, "Solver_of": 4095.0754516474085, "Solver_time": 0.8249154090881348, "Z_threshold0.05_of": 3882.8421035886777, "Z_threshold0.05_time": 0.12902069091796875, "Z_threshold0.1_of": 3710.434527872088, "Z_threshold0.1_time": 0.13059473037719727, "Z_threshold0.15_of": 3710.434527872088, "Z_threshold0.15_time": 0.1328575611114502, "Z_threshold0.2_of": 3710.434527872088, "Z_threshold0.2_time": 0.12696027755737305}