{"name": "L_100_38_1264.286.json", "BaldoML_of": 3605.844355790009, "BaldoML_time": 0.19018316268920898, "BaldoGA_of": 3705.160896452049, "BaldoGA_time": 0.742046594619751, "Solver_of": 3752.4256906167016, "Solver_time": 1.2172505855560303, "Z_threshold0.05_of": 3730.7577785676217, "Z_threshold0.05_time": 0.3959627151489258, "Z_threshold0.1_of": 3676.471264296883, "Z_threshold0.1_time": 0.2366771697998047, "Z_threshold0.15_of": 3589.8413440034633, "Z_threshold0.15_time": 0.05341625213623047, "Z_threshold0.2_of": 3552.8597042035526, "Z_threshold0.2_time": 0.03225278854370117, "Z_threshold0.25_of": 3495.788900288247, "Z_threshold0.25_time": 0.02835392951965332, "Z_threshold0.3_of": 3369.525309281021, "Z_threshold0.3_time": 0.029346227645874023, "Z_threshold0.35_of": 3369.525309281021, "Z_threshold0.35_time": 0.028071165084838867, "Z_threshold0.4_of": 3369.525309281021, "Z_threshold0.4_time": 0.028572559356689453, "Z_threshold0.45_of": 3369.525309281021, "Z_threshold0.45_time": 0.027933597564697266, "Z_threshold0.5_of": 3205.3726452347773, "Z_threshold0.5_time": 0.027613162994384766}