{"name": "L_100_51_830.711.json", "BaldoML_of": 3133.7104524586143, "BaldoML_time": 0.11617803573608398, "BaldoGA_of": 3179.0107876376596, "BaldoGA_time": 0.25147414207458496, "Solver_of": 3315.588771798264, "Solver_time": 0.5121238231658936, "Z_threshold0.05_of": 3016.494995870753, "Z_threshold0.05_time": 0.11830520629882812, "Z_threshold0.1_of": 3016.494995870753, "Z_threshold0.1_time": 0.11835980415344238, "Z_threshold0.15_of": 3016.494995870753, "Z_threshold0.15_time": 0.12392449378967285, "Z_threshold0.2_of": 3016.494995870753, "Z_threshold0.2_time": 0.11771893501281738}