{"name": "L_100_47_1332.114.json", "BaldoML_of": 3447.031537115514, "BaldoML_time": 0.09523820877075195, "BaldoGA_of": 3532.17052414484, "BaldoGA_time": 0.6404635906219482, "Solver_of": 3617.0969105187673, "Solver_time": 0.9414880275726318, "Z_threshold0.05_of": 3515.1500071700348, "Z_threshold0.05_time": 0.2838630676269531, "Z_threshold0.1_of": 3308.184720359771, "Z_threshold0.1_time": 0.12936973571777344, "Z_threshold0.15_of": 3278.756216165605, "Z_threshold0.15_time": 0.12688064575195312, "Z_threshold0.2_of": 3278.756216165605, "Z_threshold0.2_time": 0.12283444404602051, "Z_threshold0.25_of": 3121.023671402369, "Z_threshold0.25_time": 0.12378430366516113}