{"name": "L_100_23_693.088.json", "BaldoML_of": 2589.009273858021, "BaldoML_time": 0.09335684776306152, "BaldoGA_of": 2578.4599444640567, "BaldoGA_time": 0.37517786026000977, "Solver_of": 2612.1124182821313, "Solver_time": 0.6670515537261963, "Z_threshold0.05_of": 2589.0092738580206, "Z_threshold0.05_time": 0.25110745429992676, "Z_threshold0.1_of": 2549.0859495679874, "Z_threshold0.1_time": 0.15455365180969238, "Z_threshold0.15_of": 2538.110523280077, "Z_threshold0.15_time": 0.13911175727844238, "Z_threshold0.2_of": 2502.779899136522, "Z_threshold0.2_time": 0.1195669174194336, "Z_threshold0.25_of": 2395.062973389524, "Z_threshold0.25_time": 0.12212729454040527}