{"name": "L_100_37_1346.936.json", "BaldoML_of": 3853.5194625350096, "BaldoML_time": 0.08287787437438965, "BaldoGA_of": 3992.637155624963, "BaldoGA_time": 0.6236791610717773, "Solver_of": 4057.105154369106, "Solver_time": 1.397000789642334, "Z_threshold0.05_of": 4057.105154369106, "Z_threshold0.05_time": 0.25844883918762207}