{"name": "L_100_56_1340.391.json", "BaldoML_of": 3442.648861067266, "BaldoML_time": 0.0991065502166748, "BaldoGA_of": 3535.838806037535, "BaldoGA_time": 0.6271815299987793, "Solver_of": 3605.8853784634857, "Solver_time": 0.8989911079406738, "Z_threshold0.05_of": 3314.0563494689277, "Z_threshold0.05_time": 0.03214383125305176, "Z_threshold0.1_of": 3314.0563494689277, "Z_threshold0.1_time": 0.030792713165283203, "Z_threshold0.15_of": 3260.0556229381345, "Z_threshold0.15_time": 0.039447784423828125, "Z_threshold0.2_of": 3260.0556229381345, "Z_threshold0.2_time": 0.028703927993774414, "Z_threshold0.25_of": 3260.0556229381345, "Z_threshold0.25_time": 0.028803586959838867, "Z_threshold0.3_of": 3260.0556229381345, "Z_threshold0.3_time": 0.02813410758972168, "Z_threshold0.35_of": 3260.0556229381345, "Z_threshold0.35_time": 0.040660858154296875, "Z_threshold0.4_of": 3260.0556229381345, "Z_threshold0.4_time": 0.0355985164642334, "Z_threshold0.45_of": 3260.0556229381345, "Z_threshold0.45_time": 0.029412031173706055, "Z_threshold0.5_of": 3260.0556229381345, "Z_threshold0.5_time": 0.029852867126464844}