{"name": "L_100_44_903.828.json", "BaldoML_of": 2667.3624955706696, "BaldoML_time": 0.09415388107299805, "BaldoGA_of": 2663.012852799086, "BaldoGA_time": 0.28644847869873047, "Solver_of": 2769.8985389004324, "Solver_time": 0.6762747764587402, "Z_threshold0.05_of": 2542.7205662426827, "Z_threshold0.05_time": 0.11691856384277344, "Z_threshold0.1_of": 2510.7517559431167, "Z_threshold0.1_time": 0.11749768257141113, "Z_threshold0.15_of": 2510.7517559431167, "Z_threshold0.15_time": 0.12391972541809082, "Z_threshold0.2_of": 2510.7517559431167, "Z_threshold0.2_time": 0.11897492408752441}