{"name": "L_100_29_825.665.json", "BaldoML_of": 3092.8396060058667, "BaldoML_time": 0.10320115089416504, "BaldoGA_of": 3134.5119757310777, "BaldoGA_time": 0.4403970241546631, "Solver_of": 3179.2144427328276, "Solver_time": 1.1673784255981445, "Z_threshold0.05_of": 3160.334152143065, "Z_threshold0.05_time": 0.17766809463500977, "Z_threshold0.1_of": 3122.7904525396857, "Z_threshold0.1_time": 0.1448369026184082, "Z_threshold0.15_of": 3020.142186221021, "Z_threshold0.15_time": 0.049971580505371094, "Z_threshold0.2_of": 2966.0140226166936, "Z_threshold0.2_time": 0.03896737098693848, "Z_threshold0.25_of": 2870.571331536463, "Z_threshold0.25_time": 0.028339624404907227, "Z_threshold0.3_of": 2829.5671343031813, "Z_threshold0.3_time": 0.0282440185546875, "Z_threshold0.35_of": 2785.6306337269784, "Z_threshold0.35_time": 0.02782726287841797, "Z_threshold0.4_of": 2785.6306337269784, "Z_threshold0.4_time": 0.027688026428222656, "Z_threshold0.45_of": 2785.6306337269784, "Z_threshold0.45_time": 0.02750229835510254, "Z_threshold0.5_of": 2718.766222347287, "Z_threshold0.5_time": 0.02679300308227539}