{"name": "L_100_39_642.547.json", "BaldoML_of": 2691.7220449599627, "BaldoML_time": 0.09683871269226074, "BaldoGA_of": 2744.64198803265, "BaldoGA_time": 0.2900221347808838, "Solver_of": 2785.3147398375763, "Solver_time": 0.6691386699676514, "Z_threshold0.05_of": 2660.549142706627, "Z_threshold0.05_time": 0.11005496978759766}