{"name": "L_100_38_1170.47.json", "BaldoML_of": 3994.816745845259, "BaldoML_time": 0.0845487117767334, "BaldoGA_of": 4113.200974949403, "BaldoGA_time": 0.6779365539550781, "Solver_of": 4176.144506357945, "Solver_time": 0.929171085357666, "Z_threshold0.05_of": 4176.144506357946, "Z_threshold0.05_time": 0.19627976417541504, "Z_threshold0.1_of": 4142.116372423145, "Z_threshold0.1_time": 0.2695941925048828, "Z_threshold0.15_of": 4052.4381038604483, "Z_threshold0.15_time": 0.04857182502746582, "Z_threshold0.2_of": 3994.816745845258, "Z_threshold0.2_time": 0.03523969650268555, "Z_threshold0.25_of": 3973.5428795763905, "Z_threshold0.25_time": 0.026822566986083984, "Z_threshold0.3_of": 3651.6903060860363, "Z_threshold0.3_time": 0.025017976760864258, "Z_threshold0.35_of": 3651.6903060860363, "Z_threshold0.35_time": 0.025147199630737305, "Z_threshold0.4_of": 3526.064489550486, "Z_threshold0.4_time": 0.02517867088317871, "Z_threshold0.45_of": 3526.064489550486, "Z_threshold0.45_time": 0.025827884674072266, "Z_threshold0.5_of": 3526.064489550486, "Z_threshold0.5_time": 0.025036096572875977}