{"name": "L_100_23_1288.897.json", "BaldoML_of": 4423.437665410272, "BaldoML_time": 0.09783124923706055, "BaldoGA_of": 4420.963194625539, "BaldoGA_time": 0.5309481620788574, "Solver_of": 4474.554217953318, "Solver_time": 0.7455344200134277, "Z_threshold0.05_of": 4423.437665410272, "Z_threshold0.05_time": 0.22760534286499023, "Z_threshold0.1_of": 4423.437665410272, "Z_threshold0.1_time": 0.19535422325134277, "Z_threshold0.15_of": 4391.376881700701, "Z_threshold0.15_time": 0.1490182876586914, "Z_threshold0.2_of": 4391.376881700701, "Z_threshold0.2_time": 0.1391592025756836, "Z_threshold0.25_of": 4216.138532961039, "Z_threshold0.25_time": 0.12288093566894531}