{"name": "L_100_20_1279.317.json", "BaldoML_of": 4698.386708043563, "BaldoML_time": 0.11964535713195801, "BaldoGA_of": 4717.803217190085, "BaldoGA_time": 0.7562284469604492, "Solver_of": 4773.111285873694, "Solver_time": 1.1406807899475098, "Z_threshold0.05_of": 4773.111285873697, "Z_threshold0.05_time": 0.1453535556793213, "Z_threshold0.1_of": 4734.988505142617, "Z_threshold0.1_time": 0.24363017082214355, "Z_threshold0.15_of": 4732.130474508861, "Z_threshold0.15_time": 0.12667536735534668, "Z_threshold0.2_of": 4732.130474508861, "Z_threshold0.2_time": 0.06856250762939453, "Z_threshold0.25_of": 4712.633050887383, "Z_threshold0.25_time": 0.05417227745056152, "Z_threshold0.3_of": 4622.606582633849, "Z_threshold0.3_time": 0.03116607666015625, "Z_threshold0.35_of": 4622.606582633849, "Z_threshold0.35_time": 0.030936002731323242, "Z_threshold0.4_of": 4622.606582633849, "Z_threshold0.4_time": 0.030631542205810547, "Z_threshold0.45_of": 4555.458265653302, "Z_threshold0.45_time": 0.03086113929748535, "Z_threshold0.5_of": 4296.646910371838, "Z_threshold0.5_time": 0.029344558715820312}