{"name": "L_100_56_871.244.json", "BaldoML_of": 3121.003335586954, "BaldoML_time": 0.4243330955505371, "BaldoGA_of": 3078.3952496965107, "BaldoGA_time": 0.13509297370910645, "Solver_of": 3121.003335586954, "Solver_time": 0.5183990001678467, "Z_threshold0.05_of": 3083.9246234875873, "Z_threshold0.05_time": 0.06229281425476074, "Z_threshold0.1_of": 3083.9246234875873, "Z_threshold0.1_time": 0.05934906005859375, "Z_threshold0.15_of": 3083.9246234875873, "Z_threshold0.15_time": 0.06362271308898926, "Z_threshold0.2_of": 3083.9246234875873, "Z_threshold0.2_time": 0.05807018280029297, "Z_threshold0.25_of": 3083.9246234875873, "Z_threshold0.25_time": 0.05533313751220703, "Z_threshold0.3_of": 3083.9246234875873, "Z_threshold0.3_time": 0.0573267936706543, "Z_threshold0.35_of": 3083.9246234875873, "Z_threshold0.35_time": 0.05826306343078613, "Z_threshold0.4_of": 3083.9246234875873, "Z_threshold0.4_time": 0.059564828872680664, "Z_threshold0.45_of": 3083.9246234875873, "Z_threshold0.45_time": 0.0544734001159668, "Z_threshold0.5_of": 3001.1049264131516, "Z_threshold0.5_time": 0.03840827941894531}