{"name": "L_100_32_1376.452.json", "BaldoML_of": 3881.62310267551, "BaldoML_time": 0.11011219024658203, "BaldoGA_of": 3966.154746219742, "BaldoGA_time": 0.6010141372680664, "Solver_of": 4001.4399855004017, "Solver_time": 1.009465217590332, "Z_threshold0.05_of": 3956.800960786955, "Z_threshold0.05_time": 0.20268678665161133, "Z_threshold0.1_of": 3881.62310267551, "Z_threshold0.1_time": 0.161545991897583, "Z_threshold0.15_of": 3873.9244413523047, "Z_threshold0.15_time": 0.15859580039978027, "Z_threshold0.2_of": 3831.4273311699853, "Z_threshold0.2_time": 0.13041973114013672, "Z_threshold0.25_of": 3831.4273311699853, "Z_threshold0.25_time": 0.13110804557800293}