{"name": "L_100_25_861.087.json", "BaldoML_of": 3227.9664626545027, "BaldoML_time": 0.10411381721496582, "BaldoGA_of": 3322.5684671047247, "BaldoGA_time": 0.5904195308685303, "Solver_of": 3337.378638924905, "Solver_time": 0.798471212387085, "Z_threshold0.05_of": 3322.5684671047247, "Z_threshold0.05_time": 0.22139430046081543, "Z_threshold0.1_of": 3254.182642926887, "Z_threshold0.1_time": 0.13362741470336914, "Z_threshold0.15_of": 3254.182642926887, "Z_threshold0.15_time": 0.0947263240814209, "Z_threshold0.2_of": 3212.9492810257702, "Z_threshold0.2_time": 0.034658193588256836, "Z_threshold0.25_of": 3036.3710790971404, "Z_threshold0.25_time": 0.027921676635742188, "Z_threshold0.3_of": 3036.3710790971404, "Z_threshold0.3_time": 0.02806568145751953, "Z_threshold0.35_of": 3036.3710790971404, "Z_threshold0.35_time": 0.027642250061035156, "Z_threshold0.4_of": 3036.3710790971404, "Z_threshold0.4_time": 0.02782583236694336, "Z_threshold0.45_of": 3036.3710790971404, "Z_threshold0.45_time": 0.023741722106933594, "Z_threshold0.5_of": 2902.199129412588, "Z_threshold0.5_time": 0.022086620330810547}