{"name": "L_100_23_1088.939.json", "BaldoML_of": 4299.3000104820485, "BaldoML_time": 0.10815620422363281, "BaldoGA_of": 4331.618813528777, "BaldoGA_time": 0.7694668769836426, "Solver_of": 4419.866871566502, "Solver_time": 0.7016685009002686, "Z_threshold0.05_of": 4347.598964713266, "Z_threshold0.05_time": 0.18828201293945312, "Z_threshold0.1_of": 4347.598964713266, "Z_threshold0.1_time": 0.10874271392822266, "Z_threshold0.15_of": 4323.683987302574, "Z_threshold0.15_time": 0.12944602966308594, "Z_threshold0.2_of": 4323.683987302574, "Z_threshold0.2_time": 0.1828465461730957, "Z_threshold0.25_of": 4323.683987302574, "Z_threshold0.25_time": 0.1743755340576172, "Z_threshold0.3_of": 4214.2058637195605, "Z_threshold0.3_time": 0.03708982467651367, "Z_threshold0.35_of": 4194.281359871922, "Z_threshold0.35_time": 0.02785038948059082, "Z_threshold0.4_of": 4194.281359871922, "Z_threshold0.4_time": 0.02827620506286621, "Z_threshold0.45_of": 4089.4466998633948, "Z_threshold0.45_time": 0.02709507942199707, "Z_threshold0.5_of": 4089.4466998633948, "Z_threshold0.5_time": 0.0272824764251709}