{"name": "L_100_28_837.259.json", "BaldoML_of": 3335.6306359780274, "BaldoML_time": 0.3596334457397461, "BaldoGA_of": 3267.149332520972, "BaldoGA_time": 0.36268115043640137, "Solver_of": 3386.2818357837214, "Solver_time": 0.2917914390563965, "Z_threshold0.05_of": 3269.3124598069667, "Z_threshold0.05_time": 0.1196897029876709, "Z_threshold0.1_of": 3205.7867158938075, "Z_threshold0.1_time": 0.13868165016174316, "Z_threshold0.15_of": 3146.030148024758, "Z_threshold0.15_time": 0.0442965030670166, "Z_threshold0.2_of": 3035.8091518459687, "Z_threshold0.2_time": 0.04037308692932129, "Z_threshold0.25_of": 2969.7020795669905, "Z_threshold0.25_time": 0.039995670318603516, "Z_threshold0.3_of": 2969.7020795669905, "Z_threshold0.3_time": 0.03954482078552246, "Z_threshold0.35_of": 2969.7020795669905, "Z_threshold0.35_time": 0.04086184501647949, "Z_threshold0.4_of": 2969.7020795669905, "Z_threshold0.4_time": 0.04430794715881348, "Z_threshold0.45_of": 2969.7020795669905, "Z_threshold0.45_time": 0.04239821434020996, "Z_threshold0.5_of": 2969.7020795669905, "Z_threshold0.5_time": 0.043587446212768555}