{"name": "L_100_40_1336.875.json", "BaldoML_of": 3991.465387185883, "BaldoML_time": 0.08322787284851074, "BaldoGA_of": 4057.397176918974, "BaldoGA_time": 0.5865433216094971, "Solver_of": 4116.790795353815, "Solver_time": 0.8792078495025635, "Z_threshold0.05_of": 4011.6116545850277, "Z_threshold0.05_time": 0.09870719909667969, "Z_threshold0.1_of": 3963.6830473791456, "Z_threshold0.1_time": 0.031211376190185547, "Z_threshold0.15_of": 3916.360532970482, "Z_threshold0.15_time": 0.03031468391418457, "Z_threshold0.2_of": 3834.0532081045667, "Z_threshold0.2_time": 0.028000593185424805, "Z_threshold0.25_of": 3795.2103540442836, "Z_threshold0.25_time": 0.027724504470825195, "Z_threshold0.3_of": 3755.548821710204, "Z_threshold0.3_time": 0.02733445167541504, "Z_threshold0.35_of": 3755.548821710204, "Z_threshold0.35_time": 0.02716803550720215, "Z_threshold0.4_of": 3687.263803801919, "Z_threshold0.4_time": 0.027082443237304688, "Z_threshold0.45_of": 3687.263803801919, "Z_threshold0.45_time": 0.02733445167541504, "Z_threshold0.5_of": 3659.2741905269268, "Z_threshold0.5_time": 0.02697443962097168}