{"name": "L_100_21_686.168.json", "BaldoML_of": 2632.2813068253495, "BaldoML_time": 0.13651466369628906, "BaldoGA_of": 2631.2427425109745, "BaldoGA_time": 0.341414213180542, "Solver_of": 2697.944597149462, "Solver_time": 0.7520778179168701, "Z_threshold0.05_of": 2654.8903086630935, "Z_threshold0.05_time": 0.22875332832336426}