{"name": "L_100_46_1359.691.json", "BaldoML_of": 3475.8024942737757, "BaldoML_time": 0.08649301528930664, "BaldoGA_of": 3528.397513312316, "BaldoGA_time": 0.6164929866790771, "Solver_of": 3621.2186533132585, "Solver_time": 0.9361860752105713, "Z_threshold0.05_of": 3553.7718388290177, "Z_threshold0.05_time": 0.20119357109069824, "Z_threshold0.1_of": 3535.8439478262876, "Z_threshold0.1_time": 0.048691511154174805, "Z_threshold0.15_of": 3390.026663278197, "Z_threshold0.15_time": 0.02782464027404785, "Z_threshold0.2_of": 3329.512058763315, "Z_threshold0.2_time": 0.027134418487548828, "Z_threshold0.25_of": 3301.9019268696543, "Z_threshold0.25_time": 0.02731490135192871, "Z_threshold0.3_of": 3227.4524388796535, "Z_threshold0.3_time": 0.027207612991333008, "Z_threshold0.35_of": 3227.4524388796535, "Z_threshold0.35_time": 0.026815176010131836, "Z_threshold0.4_of": 3082.878459349379, "Z_threshold0.4_time": 0.027486085891723633, "Z_threshold0.45_of": 3082.878459349379, "Z_threshold0.45_time": 0.027081012725830078, "Z_threshold0.5_of": 3082.878459349379, "Z_threshold0.5_time": 0.025899887084960938}