{"name": "L_100_58_830.474.json", "BaldoML_of": 2941.7736935174917, "BaldoML_time": 0.0968782901763916, "BaldoGA_of": 2989.199946362935, "BaldoGA_time": 0.17193865776062012, "Solver_of": 3041.0171317601908, "Solver_time": 0.3957371711730957, "Z_threshold0.05_of": 2989.199946362935, "Z_threshold0.05_time": 0.13135552406311035, "Z_threshold0.1_of": 2941.7736935174917, "Z_threshold0.1_time": 0.12296271324157715, "Z_threshold0.15_of": 2941.7736935174917, "Z_threshold0.15_time": 0.1208033561706543, "Z_threshold0.2_of": 2941.7736935174917, "Z_threshold0.2_time": 0.12003183364868164, "Z_threshold0.25_of": 2941.7736935174917, "Z_threshold0.25_time": 0.12081694602966309}