{"name": "L_100_31_818.514.json", "BaldoML_of": 3502.0070400100785, "BaldoML_time": 0.427203893661499, "BaldoGA_of": 3484.150092501563, "BaldoGA_time": 0.49172401428222656, "Solver_of": 3518.959043169569, "Solver_time": 0.7943060398101807, "Z_threshold0.05_of": 3495.950758775076, "Z_threshold0.05_time": 0.1398172378540039, "Z_threshold0.1_of": 3482.0385000457363, "Z_threshold0.1_time": 0.12171006202697754, "Z_threshold0.15_of": 3436.724626220255, "Z_threshold0.15_time": 0.049759626388549805, "Z_threshold0.2_of": 3391.667657245516, "Z_threshold0.2_time": 0.04296517372131348, "Z_threshold0.25_of": 3198.0938674712943, "Z_threshold0.25_time": 0.04088425636291504, "Z_threshold0.3_of": 3198.0938674712943, "Z_threshold0.3_time": 0.038570404052734375, "Z_threshold0.35_of": 3051.142363807403, "Z_threshold0.35_time": 0.03789067268371582, "Z_threshold0.4_of": 3030.620264050749, "Z_threshold0.4_time": 0.0399017333984375, "Z_threshold0.45_of": 3030.620264050749, "Z_threshold0.45_time": 0.041463613510131836, "Z_threshold0.5_of": 3030.620264050749, "Z_threshold0.5_time": 0.04059123992919922}