{"name": "L_100_45_840.438.json", "BaldoML_of": 3361.942603372536, "BaldoML_time": 0.3894178867340088, "BaldoGA_of": 3337.106578654531, "BaldoGA_time": 0.3751988410949707, "Solver_of": 3361.942603372536, "Solver_time": 0.6723277568817139, "Z_threshold0.05_of": 3337.106578654531, "Z_threshold0.05_time": 0.04883933067321777, "Z_threshold0.1_of": 3119.6821490074294, "Z_threshold0.1_time": 0.03710007667541504, "Z_threshold0.15_of": 3119.6821490074294, "Z_threshold0.15_time": 0.03787565231323242, "Z_threshold0.2_of": 3119.6821490074294, "Z_threshold0.2_time": 0.0368649959564209, "Z_threshold0.25_of": 3119.6821490074294, "Z_threshold0.25_time": 0.03936409950256348, "Z_threshold0.3_of": 3119.6821490074294, "Z_threshold0.3_time": 0.04055500030517578, "Z_threshold0.35_of": 3119.6821490074294, "Z_threshold0.35_time": 0.03748440742492676, "Z_threshold0.4_of": 3119.6821490074294, "Z_threshold0.4_time": 0.03666090965270996, "Z_threshold0.45_of": 3119.6821490074294, "Z_threshold0.45_time": 0.04303264617919922, "Z_threshold0.5_of": 3119.6821490074294, "Z_threshold0.5_time": 0.04097318649291992}