{"name": "L_100_49_1243.474.json", "BaldoML_of": 4160.397164471458, "BaldoML_time": 0.523486852645874, "BaldoGA_of": 4096.599906145337, "BaldoGA_time": 0.6039350032806396, "Solver_of": 4160.397164471458, "Solver_time": 1.3558199405670166, "Z_threshold0.05_of": 4106.50694338317, "Z_threshold0.05_time": 0.11077165603637695, "Z_threshold0.1_of": 3932.795557329484, "Z_threshold0.1_time": 0.04806113243103027, "Z_threshold0.15_of": 3843.7815433100686, "Z_threshold0.15_time": 0.050276994705200195, "Z_threshold0.2_of": 3793.0950665638675, "Z_threshold0.2_time": 0.04186534881591797, "Z_threshold0.25_of": 3793.0950665638675, "Z_threshold0.25_time": 0.049349308013916016, "Z_threshold0.3_of": 3793.0950665638675, "Z_threshold0.3_time": 0.0421147346496582, "Z_threshold0.35_of": 3728.722075087179, "Z_threshold0.35_time": 0.04258871078491211, "Z_threshold0.4_of": 3728.722075087179, "Z_threshold0.4_time": 0.041429996490478516, "Z_threshold0.45_of": 3623.941516348283, "Z_threshold0.45_time": 0.04140663146972656, "Z_threshold0.5_of": 3623.941516348283, "Z_threshold0.5_time": 0.040955543518066406}