{"name": "L_100_45_1298.857.json", "BaldoML_of": 4166.974993549344, "BaldoML_time": 0.10025787353515625, "BaldoGA_of": 4211.215859346853, "BaldoGA_time": 0.6057074069976807, "Solver_of": 4251.951292446972, "Solver_time": 0.9538164138793945, "Z_threshold0.05_of": 4148.963648699599, "Z_threshold0.05_time": 0.15590572357177734}