{"name": "L_100_38_1259.152.json", "BaldoML_of": 3830.6989195990486, "BaldoML_time": 0.08304667472839355, "BaldoGA_of": 3948.7378815528473, "BaldoGA_time": 0.5122578144073486, "Solver_of": 3955.4969628296258, "Solver_time": 1.382833480834961, "Z_threshold0.05_of": 3919.235738731543, "Z_threshold0.05_time": 0.2283017635345459}