{"name": "L_100_29_1302.575.json", "BaldoML_of": 3810.726883719354, "BaldoML_time": 0.08157944679260254, "BaldoGA_of": 3996.559493663222, "BaldoGA_time": 0.9016804695129395, "Solver_of": 4084.931325299301, "Solver_time": 1.7256438732147217, "Z_threshold0.05_of": 4053.6241416583757, "Z_threshold0.05_time": 0.3238041400909424, "Z_threshold0.1_of": 4025.799520792162, "Z_threshold0.1_time": 0.2600390911102295, "Z_threshold0.15_of": 3888.7344913256034, "Z_threshold0.15_time": 0.1212625503540039, "Z_threshold0.2_of": 3744.9567794327577, "Z_threshold0.2_time": 0.12222051620483398, "Z_threshold0.25_of": 3657.967394178211, "Z_threshold0.25_time": 0.12178635597229004}