{"name": "L_100_28_1210.19.json", "BaldoML_of": 3943.617895879326, "BaldoML_time": 0.08126091957092285, "BaldoGA_of": 3995.232925327736, "BaldoGA_time": 0.6383402347564697, "Solver_of": 4066.9208401505803, "Solver_time": 1.1744747161865234, "Z_threshold0.05_of": 4066.9208401505803, "Z_threshold0.05_time": 0.5144422054290771, "Z_threshold0.1_of": 4023.0693362874645, "Z_threshold0.1_time": 0.3128845691680908, "Z_threshold0.15_of": 3943.617895879326, "Z_threshold0.15_time": 0.16021323204040527, "Z_threshold0.2_of": 3888.248122591688, "Z_threshold0.2_time": 0.13276410102844238, "Z_threshold0.25_of": 3808.0728324809106, "Z_threshold0.25_time": 0.13214659690856934}