{"name": "L_100_26_808.153.json", "BaldoML_of": 3407.8104729485212, "BaldoML_time": 0.10162353515625, "BaldoGA_of": 3462.6429666606355, "BaldoGA_time": 0.48404479026794434, "Solver_of": 3462.642966660634, "Solver_time": 0.8463854789733887, "Z_threshold0.05_of": 3462.642966660635, "Z_threshold0.05_time": 0.2105708122253418, "Z_threshold0.1_of": 3407.8104729485212, "Z_threshold0.1_time": 0.22628140449523926, "Z_threshold0.15_of": 3395.693190500122, "Z_threshold0.15_time": 0.0645442008972168, "Z_threshold0.2_of": 3365.0399994438485, "Z_threshold0.2_time": 0.034468889236450195, "Z_threshold0.25_of": 3300.6667739400973, "Z_threshold0.25_time": 0.0566403865814209, "Z_threshold0.3_of": 3107.4346302129684, "Z_threshold0.3_time": 0.025498151779174805, "Z_threshold0.35_of": 3107.4346302129684, "Z_threshold0.35_time": 0.02510976791381836, "Z_threshold0.4_of": 3040.470533352971, "Z_threshold0.4_time": 0.024369001388549805, "Z_threshold0.45_of": 3040.470533352971, "Z_threshold0.45_time": 0.02541494369506836, "Z_threshold0.5_of": 2994.366633052672, "Z_threshold0.5_time": 0.024083614349365234}