{"name": "L_100_45_763.689.json", "BaldoML_of": 3683.5357469099563, "BaldoML_time": 0.13211917877197266, "BaldoGA_of": 3764.006354933524, "BaldoGA_time": 0.4326343536376953, "Solver_of": 3788.062285454708, "Solver_time": 0.40549755096435547, "Z_threshold0.05_of": 3569.408503419926, "Z_threshold0.05_time": 0.12345099449157715, "Z_threshold0.1_of": 3569.408503419926, "Z_threshold0.1_time": 0.12129878997802734, "Z_threshold0.15_of": 3540.776555778991, "Z_threshold0.15_time": 0.12330460548400879, "Z_threshold0.2_of": 3540.776555778991, "Z_threshold0.2_time": 0.12187623977661133, "Z_threshold0.25_of": 3540.776555778991, "Z_threshold0.25_time": 0.11729073524475098}