{"name": "L_100_35_654.706.json", "BaldoML_of": 2440.5053527001432, "BaldoML_time": 0.10132980346679688, "BaldoGA_of": 2463.7253804839725, "BaldoGA_time": 0.3488016128540039, "Solver_of": 2511.720560239912, "Solver_time": 0.6504981517791748, "Z_threshold0.05_of": 2382.2968244590115, "Z_threshold0.05_time": 0.1356830596923828, "Z_threshold0.1_of": 2247.661267858109, "Z_threshold0.1_time": 0.1213216781616211, "Z_threshold0.15_of": 2157.197721284193, "Z_threshold0.15_time": 0.11975908279418945, "Z_threshold0.2_of": 2122.387453505652, "Z_threshold0.2_time": 0.11838722229003906, "Z_threshold0.25_of": 2122.387453505652, "Z_threshold0.25_time": 0.11957502365112305}