{"name": "L_100_33_645.23.json", "BaldoML_of": 2743.941447309555, "BaldoML_time": 0.10057473182678223, "BaldoGA_of": 2761.885062629326, "BaldoGA_time": 0.3339560031890869, "Solver_of": 2814.9521705162924, "Solver_time": 0.3660447597503662, "Z_threshold0.05_of": 2763.6764004363376, "Z_threshold0.05_time": 0.164351224899292, "Z_threshold0.1_of": 2644.937326798369, "Z_threshold0.1_time": 0.13308024406433105, "Z_threshold0.15_of": 2603.993747174399, "Z_threshold0.15_time": 0.1201174259185791, "Z_threshold0.2_of": 2603.993747174399, "Z_threshold0.2_time": 0.12174391746520996, "Z_threshold0.25_of": 2566.0910980304284, "Z_threshold0.25_time": 0.12040519714355469}