{"name": "L_100_45_652.084.json", "BaldoML_of": 2760.755598503126, "BaldoML_time": 0.1006016731262207, "BaldoGA_of": 2782.6930982421545, "BaldoGA_time": 0.18148279190063477, "Solver_of": 2840.4555278821636, "Solver_time": 0.38698291778564453, "Z_threshold0.05_of": 2715.2698794751655, "Z_threshold0.05_time": 0.02369999885559082, "Z_threshold0.1_of": 2687.886818453361, "Z_threshold0.1_time": 0.023512840270996094, "Z_threshold0.15_of": 2687.886818453361, "Z_threshold0.15_time": 0.023736000061035156, "Z_threshold0.2_of": 2687.886818453361, "Z_threshold0.2_time": 0.028719663619995117, "Z_threshold0.25_of": 2687.886818453361, "Z_threshold0.25_time": 0.030267000198364258, "Z_threshold0.3_of": 2687.886818453361, "Z_threshold0.3_time": 0.03190445899963379, "Z_threshold0.35_of": 2687.886818453361, "Z_threshold0.35_time": 0.02646660804748535, "Z_threshold0.4_of": 2687.886818453361, "Z_threshold0.4_time": 0.024216651916503906, "Z_threshold0.45_of": 2687.886818453361, "Z_threshold0.45_time": 0.024020910263061523, "Z_threshold0.5_of": 2687.886818453361, "Z_threshold0.5_time": 0.023836851119995117}