{"name": "L_100_27_904.635.json", "BaldoML_of": 2983.1447920979767, "BaldoML_time": 0.08945012092590332, "BaldoGA_of": 3071.5886216150507, "BaldoGA_time": 0.5098757743835449, "Solver_of": 3121.2448428619005, "Solver_time": 0.9575929641723633, "Z_threshold0.05_of": 3118.360147208893, "Z_threshold0.05_time": 0.3181331157684326, "Z_threshold0.1_of": 2983.1447920979767, "Z_threshold0.1_time": 0.13846111297607422, "Z_threshold0.15_of": 2824.7967212872763, "Z_threshold0.15_time": 0.12505078315734863, "Z_threshold0.2_of": 2824.7967212872763, "Z_threshold0.2_time": 0.11845541000366211, "Z_threshold0.25_of": 2824.7967212872763, "Z_threshold0.25_time": 0.12126779556274414}