{"name": "L_100_27_904.635.json", "BaldoML_of": 3121.2448428619005, "BaldoML_time": 0.5751769542694092, "BaldoGA_of": 3071.5886216150507, "BaldoGA_time": 0.5098757743835449, "Solver_of": 3121.2448428619005, "Solver_time": 0.9575929641723633, "Z_threshold0.05_of": 3118.3601472088926, "Z_threshold0.05_time": 0.2647864818572998, "Z_threshold0.1_of": 2983.144792097976, "Z_threshold0.1_time": 0.052648067474365234, "Z_threshold0.15_of": 2824.796721287276, "Z_threshold0.15_time": 0.03496670722961426, "Z_threshold0.2_of": 2824.796721287276, "Z_threshold0.2_time": 0.03649115562438965, "Z_threshold0.25_of": 2824.796721287276, "Z_threshold0.25_time": 0.040047407150268555, "Z_threshold0.3_of": 2774.505403330603, "Z_threshold0.3_time": 0.03656601905822754, "Z_threshold0.35_of": 2774.505403330603, "Z_threshold0.35_time": 0.037596940994262695, "Z_threshold0.4_of": 2774.505403330603, "Z_threshold0.4_time": 0.035945892333984375, "Z_threshold0.45_of": 2774.505403330603, "Z_threshold0.45_time": 0.03609871864318848, "Z_threshold0.5_of": 2774.505403330603, "Z_threshold0.5_time": 0.037374258041381836}