{"name": "L_100_38_1315.289.json", "BaldoML_of": 3722.268967264662, "BaldoML_time": 0.11112308502197266, "BaldoGA_of": 3774.174126451594, "BaldoGA_time": 0.6878879070281982, "Solver_of": 3847.4914762260582, "Solver_time": 2.0410218238830566, "Z_threshold0.05_of": 3823.3289793750623, "Z_threshold0.05_time": 0.6609363555908203, "Z_threshold0.1_of": 3816.8811673617706, "Z_threshold0.1_time": 0.3257436752319336, "Z_threshold0.15_of": 3737.5507476105868, "Z_threshold0.15_time": 0.39457178115844727, "Z_threshold0.2_of": 3726.8501481223107, "Z_threshold0.2_time": 0.20679831504821777}