{"name": "L_100_29_1302.575.json", "BaldoML_of": 3810.726883719354, "BaldoML_time": 0.08157944679260254, "BaldoGA_of": 3996.559493663222, "BaldoGA_time": 0.9016804695129395, "Solver_of": 4084.931325299301, "Solver_time": 1.7256438732147217, "Z_threshold0.05_of": 4053.6241416583757, "Z_threshold0.05_time": 0.3129301071166992, "Z_threshold0.1_of": 4025.799520792162, "Z_threshold0.1_time": 0.2729201316833496, "Z_threshold0.15_of": 3888.7344913256034, "Z_threshold0.15_time": 0.12440204620361328, "Z_threshold0.2_of": 3744.9567794327577, "Z_threshold0.2_time": 0.12865757942199707}