{"name": "L_100_26_633.647.json", "BaldoML_of": 2753.5221634050617, "BaldoML_time": 0.09253382682800293, "BaldoGA_of": 2753.5221634050613, "BaldoGA_time": 0.407759428024292, "Solver_of": 2810.1626018083507, "Solver_time": 0.5323917865753174, "Z_threshold0.05_of": 2810.1626018083507, "Z_threshold0.05_time": 0.2001328468322754, "Z_threshold0.1_of": 2810.162601808351, "Z_threshold0.1_time": 0.16813397407531738, "Z_threshold0.15_of": 2710.6125344238017, "Z_threshold0.15_time": 0.1685335636138916, "Z_threshold0.2_of": 2641.035757422125, "Z_threshold0.2_time": 0.13583970069885254}