{"name": "L_100_20_661.863.json", "BaldoML_of": 2236.7727429486104, "BaldoML_time": 0.12229657173156738, "BaldoGA_of": 2300.6912116848284, "BaldoGA_time": 0.36161255836486816, "Solver_of": 2322.9395897127474, "Solver_time": 0.7716097831726074, "Z_threshold0.05_of": 2275.988740185998, "Z_threshold0.05_time": 0.11934375762939453, "Z_threshold0.1_of": 2263.6987795915647, "Z_threshold0.1_time": 0.13466191291809082, "Z_threshold0.15_of": 2263.6987795915647, "Z_threshold0.15_time": 0.10820150375366211, "Z_threshold0.2_of": 2255.4791098466653, "Z_threshold0.2_time": 0.08448243141174316, "Z_threshold0.25_of": 2197.8989279246784, "Z_threshold0.25_time": 0.0317683219909668, "Z_threshold0.3_of": 2090.039726361111, "Z_threshold0.3_time": 0.022658824920654297, "Z_threshold0.35_of": 2090.039726361111, "Z_threshold0.35_time": 0.02229452133178711, "Z_threshold0.4_of": 2090.039726361111, "Z_threshold0.4_time": 0.022359609603881836, "Z_threshold0.45_of": 2090.039726361111, "Z_threshold0.45_time": 0.021992921829223633, "Z_threshold0.5_of": 1988.4347278847024, "Z_threshold0.5_time": 0.023679494857788086}