{"name": "L_100_51_1418.752.json", "BaldoML_of": 3192.1895294480805, "BaldoML_time": 0.09215879440307617, "BaldoGA_of": 3257.3531088397804, "BaldoGA_time": 0.6055407524108887, "Solver_of": 3305.848398501323, "Solver_time": 1.1954705715179443, "Z_threshold0.05_of": 3215.891274850411, "Z_threshold0.05_time": 0.12182736396789551, "Z_threshold0.1_of": 3040.3817158249635, "Z_threshold0.1_time": 0.029613256454467773, "Z_threshold0.15_of": 2984.6524600346593, "Z_threshold0.15_time": 0.027629613876342773, "Z_threshold0.2_of": 2984.6524600346593, "Z_threshold0.2_time": 0.02635788917541504, "Z_threshold0.25_of": 2962.702551590537, "Z_threshold0.25_time": 0.02578425407409668, "Z_threshold0.3_of": 2962.702551590537, "Z_threshold0.3_time": 0.02593851089477539, "Z_threshold0.35_of": 2962.702551590537, "Z_threshold0.35_time": 0.02560901641845703, "Z_threshold0.4_of": 2962.702551590537, "Z_threshold0.4_time": 0.025788307189941406, "Z_threshold0.45_of": 2962.702551590537, "Z_threshold0.45_time": 0.025259971618652344, "Z_threshold0.5_of": 2946.867579310586, "Z_threshold0.5_time": 0.027215003967285156}