{"name": "L_100_37_835.617.json", "BaldoML_of": 3100.849266154048, "BaldoML_time": 0.08976554870605469, "BaldoGA_of": 3110.9746426543384, "BaldoGA_time": 0.3930978775024414, "Solver_of": 3217.9402258908294, "Solver_time": 1.2166366577148438, "Z_threshold0.05_of": 3096.9471590369385, "Z_threshold0.05_time": 0.033368587493896484, "Z_threshold0.1_of": 2975.359593966923, "Z_threshold0.1_time": 0.030518531799316406, "Z_threshold0.15_of": 2919.731738017128, "Z_threshold0.15_time": 0.026008129119873047, "Z_threshold0.2_of": 2919.731738017128, "Z_threshold0.2_time": 0.024984359741210938, "Z_threshold0.25_of": 2919.731738017128, "Z_threshold0.25_time": 0.028765201568603516, "Z_threshold0.3_of": 2919.731738017128, "Z_threshold0.3_time": 0.02448248863220215, "Z_threshold0.35_of": 2919.731738017128, "Z_threshold0.35_time": 0.02467799186706543, "Z_threshold0.4_of": 2795.35204233732, "Z_threshold0.4_time": 0.023154735565185547, "Z_threshold0.45_of": 2795.35204233732, "Z_threshold0.45_time": 0.023907184600830078, "Z_threshold0.5_of": 2795.35204233732, "Z_threshold0.5_time": 0.023922443389892578}