{"name": "L_100_37_646.816.json", "BaldoML_of": 2457.7330978846935, "BaldoML_time": 0.10122203826904297, "BaldoGA_of": 2481.0091154130505, "BaldoGA_time": 0.36333322525024414, "Solver_of": 2529.418310920106, "Solver_time": 0.6292901039123535, "Z_threshold0.05_of": 2411.829177223254, "Z_threshold0.05_time": 0.14201140403747559, "Z_threshold0.1_of": 2303.454661387036, "Z_threshold0.1_time": 0.12116885185241699, "Z_threshold0.15_of": 2303.454661387036, "Z_threshold0.15_time": 0.12234377861022949, "Z_threshold0.2_of": 2303.454661387036, "Z_threshold0.2_time": 0.12090659141540527, "Z_threshold0.25_of": 2281.027264728026, "Z_threshold0.25_time": 0.1206519603729248}