{"name": "L_100_23_1246.468.json", "BaldoML_of": 4001.4191914093617, "BaldoML_time": 0.09097504615783691, "BaldoGA_of": 4159.021005393157, "BaldoGA_time": 0.8758301734924316, "Solver_of": 4207.63216604816, "Solver_time": 0.9962189197540283, "Z_threshold0.05_of": 4194.111560283031, "Z_threshold0.05_time": 0.25949788093566895, "Z_threshold0.1_of": 4194.111560283034, "Z_threshold0.1_time": 0.3653428554534912, "Z_threshold0.15_of": 4053.7536569241693, "Z_threshold0.15_time": 0.2891082763671875, "Z_threshold0.2_of": 4028.5786384277017, "Z_threshold0.2_time": 0.25145983695983887}