{"name": "L_100_47_655.65.json", "BaldoML_of": 2394.266451163339, "BaldoML_time": 0.0824427604675293, "BaldoGA_of": 2396.7597108635205, "BaldoGA_time": 0.10202932357788086, "Solver_of": 2443.7909253155312, "Solver_time": 0.382371187210083, "Z_threshold0.05_of": 2394.266451163339, "Z_threshold0.05_time": 0.12119674682617188, "Z_threshold0.1_of": 2394.266451163339, "Z_threshold0.1_time": 0.12484121322631836, "Z_threshold0.15_of": 2394.266451163339, "Z_threshold0.15_time": 0.12415480613708496, "Z_threshold0.2_of": 2394.266451163339, "Z_threshold0.2_time": 0.11910271644592285, "Z_threshold0.25_of": 2394.266451163339, "Z_threshold0.25_time": 0.11904501914978027}