{"name": "L_100_45_1269.044.json", "BaldoML_of": 4020.2897880534338, "BaldoML_time": 0.4815812110900879, "BaldoGA_of": 3908.7562070751915, "BaldoGA_time": 0.6408176422119141, "Solver_of": 4020.2897880534338, "Solver_time": 0.8614935874938965, "Z_threshold0.05_of": 3868.184201122531, "Z_threshold0.05_time": 0.11590981483459473, "Z_threshold0.1_of": 3689.0589569260637, "Z_threshold0.1_time": 0.04474377632141113, "Z_threshold0.15_of": 3594.3690969985446, "Z_threshold0.15_time": 0.04588913917541504, "Z_threshold0.2_of": 3594.3690969985446, "Z_threshold0.2_time": 0.042883872985839844, "Z_threshold0.25_of": 3594.3690969985446, "Z_threshold0.25_time": 0.041822195053100586, "Z_threshold0.3_of": 3594.3690969985446, "Z_threshold0.3_time": 0.043601036071777344, "Z_threshold0.35_of": 3567.1471263607027, "Z_threshold0.35_time": 0.05028057098388672, "Z_threshold0.4_of": 3567.1471263607027, "Z_threshold0.4_time": 0.04748272895812988, "Z_threshold0.45_of": 3567.1471263607027, "Z_threshold0.45_time": 0.043103933334350586, "Z_threshold0.5_of": 3567.1471263607027, "Z_threshold0.5_time": 0.041777610778808594}