{"name": "L_100_23_1246.468.json", "BaldoML_of": 4001.4191914093617, "BaldoML_time": 0.09097504615783691, "BaldoGA_of": 4159.021005393157, "BaldoGA_time": 0.8758301734924316, "Solver_of": 4207.63216604816, "Solver_time": 0.9962189197540283, "Z_threshold0.05_of": 4194.111560283035, "Z_threshold0.05_time": 0.19121980667114258, "Z_threshold0.1_of": 4194.111560283035, "Z_threshold0.1_time": 0.21946334838867188, "Z_threshold0.15_of": 4053.7536569241684, "Z_threshold0.15_time": 0.1907815933227539, "Z_threshold0.2_of": 4028.5786384277026, "Z_threshold0.2_time": 0.21336030960083008, "Z_threshold0.25_of": 4028.5786384277026, "Z_threshold0.25_time": 0.14404773712158203, "Z_threshold0.3_of": 4001.4191914093612, "Z_threshold0.3_time": 0.02885913848876953, "Z_threshold0.35_of": 3855.2922041698193, "Z_threshold0.35_time": 0.029240131378173828, "Z_threshold0.4_of": 3794.1145162167018, "Z_threshold0.4_time": 0.02774786949157715, "Z_threshold0.45_of": 3729.7562745859677, "Z_threshold0.45_time": 0.027191638946533203, "Z_threshold0.5_of": 3562.6706167986417, "Z_threshold0.5_time": 0.0266568660736084}