{"name": "L_100_37_807.464.json", "BaldoML_of": 3142.245546179502, "BaldoML_time": 0.10625934600830078, "BaldoGA_of": 3215.1641957942506, "BaldoGA_time": 0.41817760467529297, "Solver_of": 3255.1839214544843, "Solver_time": 1.3865089416503906, "Z_threshold0.05_of": 3134.026524095488, "Z_threshold0.05_time": 0.1531529426574707}