{"name": "L_100_24_1302.678.json", "BaldoML_of": 4162.427590820799, "BaldoML_time": 0.546013593673706, "BaldoGA_of": 4113.975006657487, "BaldoGA_time": 0.7222380638122559, "Solver_of": 4173.230143537547, "Solver_time": 1.1034023761749268, "Z_threshold0.05_of": 4157.692799397775, "Z_threshold0.05_time": 0.3042306900024414, "Z_threshold0.1_of": 4151.480002401338, "Z_threshold0.1_time": 0.2914137840270996, "Z_threshold0.15_of": 3991.4271854963763, "Z_threshold0.15_time": 0.18446588516235352, "Z_threshold0.2_of": 3991.4271854963763, "Z_threshold0.2_time": 0.12386655807495117, "Z_threshold0.25_of": 3897.751525533836, "Z_threshold0.25_time": 0.03928828239440918, "Z_threshold0.3_of": 3822.358536422509, "Z_threshold0.3_time": 0.04073929786682129, "Z_threshold0.35_of": 3822.358536422509, "Z_threshold0.35_time": 0.04097414016723633, "Z_threshold0.4_of": 3740.509919352185, "Z_threshold0.4_time": 0.043341875076293945, "Z_threshold0.45_of": 3689.7442906237716, "Z_threshold0.45_time": 0.04953718185424805, "Z_threshold0.5_of": 3641.260387215198, "Z_threshold0.5_time": 0.04377484321594238}