{"name": "L_100_23_639.461.json", "BaldoML_of": 2760.975325856074, "BaldoML_time": 0.1058661937713623, "BaldoGA_of": 2799.753344612698, "BaldoGA_time": 0.3706071376800537, "Solver_of": 2813.7767120370213, "Solver_time": 0.7278463840484619, "Z_threshold0.05_of": 2760.975325856074, "Z_threshold0.05_time": 0.2614326477050781, "Z_threshold0.1_of": 2752.854688337014, "Z_threshold0.1_time": 0.1732501983642578, "Z_threshold0.15_of": 2730.0671588162168, "Z_threshold0.15_time": 0.13700485229492188, "Z_threshold0.2_of": 2582.4931527979006, "Z_threshold0.2_time": 0.12064027786254883}