{"name": "L_100_49_1250.358.json", "BaldoML_of": 3849.1388775364194, "BaldoML_time": 0.10207390785217285, "BaldoGA_of": 3912.082628825229, "BaldoGA_time": 0.7508525848388672, "Solver_of": 3956.5274248204905, "Solver_time": 1.0173637866973877, "Z_threshold0.05_of": 3896.005340063135, "Z_threshold0.05_time": 0.2107255458831787}