{"name": "L_100_51_1248.899.json", "BaldoML_of": 3858.9332071545227, "BaldoML_time": 0.11978960037231445, "BaldoGA_of": 3914.092790919929, "BaldoGA_time": 0.6552367210388184, "Solver_of": 3944.9395407025727, "Solver_time": 0.8538908958435059, "Z_threshold0.05_of": 3832.4738281378113, "Z_threshold0.05_time": 0.14034461975097656, "Z_threshold0.1_of": 3688.734636590976, "Z_threshold0.1_time": 0.026262283325195312, "Z_threshold0.15_of": 3585.5879881004103, "Z_threshold0.15_time": 0.026113510131835938, "Z_threshold0.2_of": 3585.5879881004103, "Z_threshold0.2_time": 0.025376558303833008, "Z_threshold0.25_of": 3585.5879881004103, "Z_threshold0.25_time": 0.026279926300048828, "Z_threshold0.3_of": 3585.5879881004103, "Z_threshold0.3_time": 0.025469303131103516, "Z_threshold0.35_of": 3563.5101848776576, "Z_threshold0.35_time": 0.02513575553894043, "Z_threshold0.4_of": 3563.5101848776576, "Z_threshold0.4_time": 0.025348186492919922, "Z_threshold0.45_of": 3563.5101848776576, "Z_threshold0.45_time": 0.02678823471069336, "Z_threshold0.5_of": 3563.5101848776576, "Z_threshold0.5_time": 0.025493383407592773}