{"name": "L_100_47_1246.881.json", "BaldoML_of": 4154.526699363311, "BaldoML_time": 0.5250883102416992, "BaldoGA_of": 4046.9511563326832, "BaldoGA_time": 0.6452822685241699, "Solver_of": 4154.526699363307, "Solver_time": 0.8925044536590576, "Z_threshold0.05_of": 4056.7491641919896, "Z_threshold0.05_time": 0.16479706764221191, "Z_threshold0.1_of": 4017.406397817328, "Z_threshold0.1_time": 0.11270880699157715, "Z_threshold0.15_of": 3944.2304255149943, "Z_threshold0.15_time": 0.04711437225341797, "Z_threshold0.2_of": 3821.7617575533945, "Z_threshold0.2_time": 0.04308795928955078, "Z_threshold0.25_of": 3763.786751936065, "Z_threshold0.25_time": 0.04200172424316406, "Z_threshold0.3_of": 3686.228726204248, "Z_threshold0.3_time": 0.0424809455871582, "Z_threshold0.35_of": 3686.228726204248, "Z_threshold0.35_time": 0.04297375679016113, "Z_threshold0.4_of": 3686.228726204248, "Z_threshold0.4_time": 0.04563474655151367, "Z_threshold0.45_of": 3686.228726204248, "Z_threshold0.45_time": 0.049241065979003906, "Z_threshold0.5_of": 3686.228726204248, "Z_threshold0.5_time": 0.05475664138793945}