{"name": "L_100_21_671.402.json", "BaldoML_of": 2384.504622815179, "BaldoML_time": 0.12395834922790527, "BaldoGA_of": 2444.2476664689048, "BaldoGA_time": 0.46892642974853516, "Solver_of": 2483.033600933156, "Solver_time": 1.0311553478240967, "Z_threshold0.05_of": 2465.9210564731457, "Z_threshold0.05_time": 0.19284844398498535, "Z_threshold0.1_of": 2397.9050583288067, "Z_threshold0.1_time": 0.07465624809265137, "Z_threshold0.15_of": 2293.402675438809, "Z_threshold0.15_time": 0.02102041244506836, "Z_threshold0.2_of": 2241.035955555079, "Z_threshold0.2_time": 0.02053356170654297, "Z_threshold0.25_of": 2187.7454526496062, "Z_threshold0.25_time": 0.020194292068481445, "Z_threshold0.3_of": 2187.7454526496062, "Z_threshold0.3_time": 0.02050638198852539, "Z_threshold0.35_of": 2187.7454526496062, "Z_threshold0.35_time": 0.026620864868164062, "Z_threshold0.4_of": 2125.5782108080352, "Z_threshold0.4_time": 0.020349740982055664, "Z_threshold0.45_of": 2125.5782108080352, "Z_threshold0.45_time": 0.020048856735229492, "Z_threshold0.5_of": 2125.5782108080352, "Z_threshold0.5_time": 0.019980669021606445}