{"name": "L_100_23_874.046.json", "BaldoML_of": 2846.7193482082316, "BaldoML_time": 0.0924062728881836, "BaldoGA_of": 2883.4220166373734, "BaldoGA_time": 0.4354121685028076, "Solver_of": 2965.0010043352395, "Solver_time": 1.0797576904296875, "Z_threshold0.05_of": 2965.0010043352395, "Z_threshold0.05_time": 0.28839921951293945}