{"name": "L_100_53_689.292.json", "BaldoML_of": 2731.6221595511056, "BaldoML_time": 0.08771491050720215, "BaldoGA_of": 2731.622159551104, "BaldoGA_time": 0.11255812644958496, "Solver_of": 2787.766091345182, "Solver_time": 0.2211771011352539, "Z_threshold0.05_of": 2731.622159551104, "Z_threshold0.05_time": 0.022269725799560547, "Z_threshold0.1_of": 2731.622159551104, "Z_threshold0.1_time": 0.022748470306396484, "Z_threshold0.15_of": 2731.622159551104, "Z_threshold0.15_time": 0.02362799644470215, "Z_threshold0.2_of": 2731.622159551104, "Z_threshold0.2_time": 0.022280454635620117, "Z_threshold0.25_of": 2731.622159551104, "Z_threshold0.25_time": 0.022665023803710938, "Z_threshold0.3_of": 2731.622159551104, "Z_threshold0.3_time": 0.022780179977416992, "Z_threshold0.35_of": 2731.622159551104, "Z_threshold0.35_time": 0.02316427230834961, "Z_threshold0.4_of": 2731.622159551104, "Z_threshold0.4_time": 0.023813962936401367, "Z_threshold0.45_of": 2731.622159551104, "Z_threshold0.45_time": 0.027480125427246094, "Z_threshold0.5_of": 2731.622159551104, "Z_threshold0.5_time": 0.03127694129943848}