{"name": "L_100_25_1315.954.json", "BaldoML_of": 3812.4173706337688, "BaldoML_time": 0.09315705299377441, "BaldoGA_of": 3927.1134542372943, "BaldoGA_time": 0.650409460067749, "Solver_of": 4056.71938438293, "Solver_time": 0.976433277130127, "Z_threshold0.05_of": 3957.5057479378706, "Z_threshold0.05_time": 0.28378748893737793, "Z_threshold0.1_of": 3957.5057479378706, "Z_threshold0.1_time": 0.27928733825683594, "Z_threshold0.15_of": 3812.4173706337674, "Z_threshold0.15_time": 0.12345290184020996, "Z_threshold0.2_of": 3696.0303802957196, "Z_threshold0.2_time": 0.028418779373168945, "Z_threshold0.25_of": 3655.2021938170274, "Z_threshold0.25_time": 0.028999805450439453, "Z_threshold0.3_of": 3437.2569827479833, "Z_threshold0.3_time": 0.028185606002807617, "Z_threshold0.35_of": 3437.2569827479833, "Z_threshold0.35_time": 0.02714681625366211, "Z_threshold0.4_of": 3437.2569827479833, "Z_threshold0.4_time": 0.027214765548706055, "Z_threshold0.45_of": 3414.961272156575, "Z_threshold0.45_time": 0.02696371078491211, "Z_threshold0.5_of": 3414.961272156575, "Z_threshold0.5_time": 0.0311734676361084}