{"name": "L_100_30_840.565.json", "BaldoML_of": 3034.4301019630007, "BaldoML_time": 0.11431002616882324, "BaldoGA_of": 3033.086532197644, "BaldoGA_time": 0.42507100105285645, "Solver_of": 3045.2570051331763, "Solver_time": 0.8013076782226562, "Z_threshold0.05_of": 3045.2570051331763, "Z_threshold0.05_time": 0.28978633880615234, "Z_threshold0.1_of": 3003.2948525564802, "Z_threshold0.1_time": 0.13176918029785156, "Z_threshold0.15_of": 2887.601955014538, "Z_threshold0.15_time": 0.1259477138519287, "Z_threshold0.2_of": 2887.601955014538, "Z_threshold0.2_time": 0.12716436386108398}