{"name": "L_100_36_846.228.json", "BaldoML_of": 2857.536747781921, "BaldoML_time": 0.10083866119384766, "BaldoGA_of": 2868.4396848691986, "BaldoGA_time": 0.37244319915771484, "Solver_of": 2892.114291916967, "Solver_time": 1.371307611465454, "Z_threshold0.05_of": 2850.5641568534, "Z_threshold0.05_time": 0.13500070571899414, "Z_threshold0.1_of": 2704.8300561504216, "Z_threshold0.1_time": 0.12460899353027344, "Z_threshold0.15_of": 2655.496824031658, "Z_threshold0.15_time": 0.126936674118042, "Z_threshold0.2_of": 2655.496824031658, "Z_threshold0.2_time": 0.1252579689025879, "Z_threshold0.25_of": 2655.496824031658, "Z_threshold0.25_time": 0.1256856918334961}