{"name": "L_100_48_629.836.json", "BaldoML_of": 2782.744920930583, "BaldoML_time": 0.09887456893920898, "BaldoGA_of": 2786.9132427288073, "BaldoGA_time": 0.17623567581176758, "Solver_of": 2881.3880538964745, "Solver_time": 0.4529249668121338, "Z_threshold0.05_of": 2773.930309060557, "Z_threshold0.05_time": 0.021341323852539062, "Z_threshold0.1_of": 2685.0116105274046, "Z_threshold0.1_time": 0.020664215087890625, "Z_threshold0.15_of": 2685.0116105274046, "Z_threshold0.15_time": 0.020793914794921875, "Z_threshold0.2_of": 2685.0116105274046, "Z_threshold0.2_time": 0.021112918853759766, "Z_threshold0.25_of": 2685.0116105274046, "Z_threshold0.25_time": 0.02076578140258789, "Z_threshold0.3_of": 2685.0116105274046, "Z_threshold0.3_time": 0.020958662033081055, "Z_threshold0.35_of": 2685.0116105274046, "Z_threshold0.35_time": 0.020784616470336914, "Z_threshold0.4_of": 2685.0116105274046, "Z_threshold0.4_time": 0.02239251136779785, "Z_threshold0.45_of": 2685.0116105274046, "Z_threshold0.45_time": 0.02222132682800293, "Z_threshold0.5_of": 2685.0116105274046, "Z_threshold0.5_time": 0.021220684051513672}