{"name": "L_100_36_846.228.json", "BaldoML_of": 2857.536747781921, "BaldoML_time": 0.10083866119384766, "BaldoGA_of": 2868.4396848691986, "BaldoGA_time": 0.37244319915771484, "Solver_of": 2892.114291916967, "Solver_time": 1.371307611465454, "Z_threshold0.05_of": 2818.2343455607847, "Z_threshold0.05_time": 0.03627276420593262, "Z_threshold0.1_of": 2704.8300561504216, "Z_threshold0.1_time": 0.024137020111083984, "Z_threshold0.15_of": 2655.496824031658, "Z_threshold0.15_time": 0.02482748031616211, "Z_threshold0.2_of": 2655.496824031658, "Z_threshold0.2_time": 0.024745941162109375, "Z_threshold0.25_of": 2655.496824031658, "Z_threshold0.25_time": 0.023311138153076172, "Z_threshold0.3_of": 2655.496824031658, "Z_threshold0.3_time": 0.023925065994262695, "Z_threshold0.35_of": 2630.799397907682, "Z_threshold0.35_time": 0.023513317108154297, "Z_threshold0.4_of": 2630.799397907682, "Z_threshold0.4_time": 0.022945880889892578, "Z_threshold0.45_of": 2630.799397907682, "Z_threshold0.45_time": 0.022861957550048828, "Z_threshold0.5_of": 2630.799397907682, "Z_threshold0.5_time": 0.023034095764160156}