{"name": "L_100_44_839.496.json", "BaldoML_of": 2977.574344990404, "BaldoML_time": 0.10849165916442871, "BaldoGA_of": 2972.733861606257, "BaldoGA_time": 0.45672130584716797, "Solver_of": 3059.3696888853156, "Solver_time": 0.3315696716308594, "Z_threshold0.05_of": 2926.5911553375963, "Z_threshold0.05_time": 0.046389102935791016, "Z_threshold0.1_of": 2671.0478624801285, "Z_threshold0.1_time": 0.023951053619384766, "Z_threshold0.15_of": 2630.7456247284767, "Z_threshold0.15_time": 0.023477554321289062, "Z_threshold0.2_of": 2514.4396083272586, "Z_threshold0.2_time": 0.02332758903503418, "Z_threshold0.25_of": 2514.4396083272586, "Z_threshold0.25_time": 0.023194313049316406, "Z_threshold0.3_of": 2514.4396083272586, "Z_threshold0.3_time": 0.026495933532714844, "Z_threshold0.35_of": 2514.4396083272586, "Z_threshold0.35_time": 0.0234835147857666, "Z_threshold0.4_of": 2514.4396083272586, "Z_threshold0.4_time": 0.025338411331176758, "Z_threshold0.45_of": 2514.4396083272586, "Z_threshold0.45_time": 0.023151874542236328, "Z_threshold0.5_of": 2514.4396083272586, "Z_threshold0.5_time": 0.02305006980895996}