{"name": "L_100_27_627.665.json", "BaldoML_of": 2637.0154908769787, "BaldoML_time": 0.10876321792602539, "BaldoGA_of": 2650.3409202096104, "BaldoGA_time": 0.42337942123413086, "Solver_of": 2674.095315268496, "Solver_time": 0.8794457912445068, "Z_threshold0.05_of": 2626.702316911344, "Z_threshold0.05_time": 0.06153535842895508, "Z_threshold0.1_of": 2612.8688389967006, "Z_threshold0.1_time": 0.038645029067993164, "Z_threshold0.15_of": 2545.646156563015, "Z_threshold0.15_time": 0.02478504180908203, "Z_threshold0.2_of": 2451.351835244179, "Z_threshold0.2_time": 0.03237485885620117, "Z_threshold0.25_of": 2451.351835244179, "Z_threshold0.25_time": 0.023337602615356445, "Z_threshold0.3_of": 2451.351835244179, "Z_threshold0.3_time": 0.02277207374572754, "Z_threshold0.35_of": 2385.993464769782, "Z_threshold0.35_time": 0.021592140197753906, "Z_threshold0.4_of": 2284.2837897457516, "Z_threshold0.4_time": 0.021210670471191406, "Z_threshold0.45_of": 2284.2837897457516, "Z_threshold0.45_time": 0.021535158157348633, "Z_threshold0.5_of": 2284.2837897457516, "Z_threshold0.5_time": 0.021841764450073242}