{"name": "L_100_23_1288.897.json", "BaldoML_of": 4474.554217953319, "BaldoML_time": 0.4073452949523926, "BaldoGA_of": 4420.963194625539, "BaldoGA_time": 0.5309481620788574, "Solver_of": 4474.554217953318, "Solver_time": 0.7455344200134277, "Z_threshold0.05_of": 4423.43766541027, "Z_threshold0.05_time": 0.18596100807189941, "Z_threshold0.1_of": 4423.43766541027, "Z_threshold0.1_time": 0.14659523963928223, "Z_threshold0.15_of": 4391.376881700698, "Z_threshold0.15_time": 0.0877370834350586, "Z_threshold0.2_of": 4312.809542177364, "Z_threshold0.2_time": 0.04854702949523926, "Z_threshold0.25_of": 4312.809542177364, "Z_threshold0.25_time": 0.04302048683166504, "Z_threshold0.3_of": 4216.138532961038, "Z_threshold0.3_time": 0.0495913028717041, "Z_threshold0.35_of": 4216.138532961038, "Z_threshold0.35_time": 0.046376705169677734, "Z_threshold0.4_of": 4140.9640321247, "Z_threshold0.4_time": 0.04053163528442383, "Z_threshold0.45_of": 4140.9640321247, "Z_threshold0.45_time": 0.042265892028808594, "Z_threshold0.5_of": 4113.0293525683355, "Z_threshold0.5_time": 0.042798519134521484}