{"name": "L_100_42_1185.463.json", "BaldoML_of": 3945.6895147334017, "BaldoML_time": 0.1083526611328125, "BaldoGA_of": 3978.327724360387, "BaldoGA_time": 0.5369613170623779, "Solver_of": 4053.9149917780396, "Solver_time": 1.2553484439849854, "Z_threshold0.05_of": 3986.721602092182, "Z_threshold0.05_time": 0.17314720153808594, "Z_threshold0.1_of": 3863.1825737971812, "Z_threshold0.1_time": 0.027811527252197266, "Z_threshold0.15_of": 3742.2387101553195, "Z_threshold0.15_time": 0.026546001434326172, "Z_threshold0.2_of": 3742.2387101553195, "Z_threshold0.2_time": 0.02642822265625, "Z_threshold0.25_of": 3691.7487000148913, "Z_threshold0.25_time": 0.026305437088012695, "Z_threshold0.3_of": 3691.7487000148913, "Z_threshold0.3_time": 0.02731609344482422, "Z_threshold0.35_of": 3691.7487000148913, "Z_threshold0.35_time": 0.026909828186035156, "Z_threshold0.4_of": 3691.7487000148913, "Z_threshold0.4_time": 0.030612945556640625, "Z_threshold0.45_of": 3691.7487000148913, "Z_threshold0.45_time": 0.03279399871826172, "Z_threshold0.5_of": 3638.8164700373763, "Z_threshold0.5_time": 0.028266191482543945}