{"name": "L_100_46_629.764.json", "BaldoML_of": 2545.657935402051, "BaldoML_time": 0.08907675743103027, "BaldoGA_of": 2597.3285126955843, "BaldoGA_time": 0.1249856948852539, "Solver_of": 2669.8576292667212, "Solver_time": 0.3189091682434082, "Z_threshold0.05_of": 2597.3285126955843, "Z_threshold0.05_time": 0.12171363830566406, "Z_threshold0.1_of": 2597.3285126955843, "Z_threshold0.1_time": 0.11983561515808105, "Z_threshold0.15_of": 2597.3285126955843, "Z_threshold0.15_time": 0.1241762638092041, "Z_threshold0.2_of": 2597.3285126955843, "Z_threshold0.2_time": 0.12048602104187012}