{"name": "L_100_23_639.461.json", "BaldoML_of": 2760.975325856074, "BaldoML_time": 0.1058661937713623, "BaldoGA_of": 2799.753344612698, "BaldoGA_time": 0.3706071376800537, "Solver_of": 2813.7767120370213, "Solver_time": 0.7278463840484619, "Z_threshold0.05_of": 2760.9753258560736, "Z_threshold0.05_time": 0.16786861419677734, "Z_threshold0.1_of": 2752.8546883370127, "Z_threshold0.1_time": 0.0948173999786377, "Z_threshold0.15_of": 2730.0671588162163, "Z_threshold0.15_time": 0.03823542594909668, "Z_threshold0.2_of": 2582.4931527979006, "Z_threshold0.2_time": 0.0255124568939209, "Z_threshold0.25_of": 2582.4931527979006, "Z_threshold0.25_time": 0.02353358268737793, "Z_threshold0.3_of": 2582.4931527979006, "Z_threshold0.3_time": 0.02303290367126465, "Z_threshold0.35_of": 2582.4931527979006, "Z_threshold0.35_time": 0.023492813110351562, "Z_threshold0.4_of": 2582.4931527979006, "Z_threshold0.4_time": 0.02552032470703125, "Z_threshold0.45_of": 2582.4931527979006, "Z_threshold0.45_time": 0.02696967124938965, "Z_threshold0.5_of": 2582.4931527979006, "Z_threshold0.5_time": 0.029421567916870117}