{"name": "L_100_51_1418.752.json", "BaldoML_of": 3192.1895294480805, "BaldoML_time": 0.09215879440307617, "BaldoGA_of": 3257.3531088397804, "BaldoGA_time": 0.6055407524108887, "Solver_of": 3305.848398501323, "Solver_time": 1.1954705715179443, "Z_threshold0.05_of": 3232.713819679637, "Z_threshold0.05_time": 0.20272397994995117, "Z_threshold0.1_of": 3040.3817158249662, "Z_threshold0.1_time": 0.12781596183776855, "Z_threshold0.15_of": 2984.652460034662, "Z_threshold0.15_time": 0.12598419189453125, "Z_threshold0.2_of": 2984.652460034662, "Z_threshold0.2_time": 0.12581491470336914, "Z_threshold0.25_of": 2962.7025515905398, "Z_threshold0.25_time": 0.12131929397583008}