{"name": "L_100_33_1194.515.json", "BaldoML_of": 3586.275115949193, "BaldoML_time": 0.0869605541229248, "BaldoGA_of": 3757.721648102682, "BaldoGA_time": 0.690197229385376, "Solver_of": 3787.5361970227614, "Solver_time": 1.193387508392334, "Z_threshold0.05_of": 3787.53619702276, "Z_threshold0.05_time": 0.23627090454101562, "Z_threshold0.1_of": 3697.7199666831416, "Z_threshold0.1_time": 0.11145901679992676, "Z_threshold0.15_of": 3680.2195338242213, "Z_threshold0.15_time": 0.0764000415802002, "Z_threshold0.2_of": 3680.2195338242213, "Z_threshold0.2_time": 0.06056618690490723, "Z_threshold0.25_of": 3465.713704532839, "Z_threshold0.25_time": 0.028506755828857422, "Z_threshold0.3_of": 3423.714087359113, "Z_threshold0.3_time": 0.03847098350524902, "Z_threshold0.35_of": 3423.714087359113, "Z_threshold0.35_time": 0.027495861053466797, "Z_threshold0.4_of": 3287.9587613906688, "Z_threshold0.4_time": 0.027808427810668945, "Z_threshold0.45_of": 3207.238556658177, "Z_threshold0.45_time": 0.027144193649291992, "Z_threshold0.5_of": 3207.238556658177, "Z_threshold0.5_time": 0.02615952491760254}