{"name": "L_100_29_694.063.json", "BaldoML_of": 2218.8778385164196, "BaldoML_time": 0.08707880973815918, "BaldoGA_of": 2294.045276699818, "BaldoGA_time": 0.23572182655334473, "Solver_of": 2380.439006335516, "Solver_time": 0.5888051986694336, "Z_threshold0.05_of": 2191.601396684049, "Z_threshold0.05_time": 0.14307045936584473, "Z_threshold0.1_of": 1998.2021488701632, "Z_threshold0.1_time": 0.12469816207885742, "Z_threshold0.15_of": 1982.6647407956232, "Z_threshold0.15_time": 0.13551592826843262, "Z_threshold0.2_of": 1966.8923048378006, "Z_threshold0.2_time": 0.14138102531433105}