{"name": "L_100_48_904.962.json", "BaldoML_of": 3201.964987935523, "BaldoML_time": 0.09073901176452637, "BaldoGA_of": 3234.514048844463, "BaldoGA_time": 0.36883544921875, "Solver_of": 3290.432762172596, "Solver_time": 0.571403980255127, "Z_threshold0.05_of": 2997.581457888194, "Z_threshold0.05_time": 0.11918401718139648}