{"name": "L_100_53_712.653.json", "BaldoML_of": 2050.624277990876, "BaldoML_time": 0.08615326881408691, "BaldoGA_of": 2045.4488813817622, "BaldoGA_time": 0.14364385604858398, "Solver_of": 2141.5244412066477, "Solver_time": 0.2837514877319336, "Z_threshold0.05_of": 2060.5066272385393, "Z_threshold0.05_time": 0.12890934944152832, "Z_threshold0.1_of": 2060.5066272385393, "Z_threshold0.1_time": 0.12718892097473145, "Z_threshold0.15_of": 2060.5066272385393, "Z_threshold0.15_time": 0.13122296333312988, "Z_threshold0.2_of": 2060.5066272385393, "Z_threshold0.2_time": 0.1283273696899414}