{"name": "L_100_51_602.61.json", "BaldoML_of": 2221.6382319551562, "BaldoML_time": 0.08449792861938477, "BaldoGA_of": 2165.725054839395, "BaldoGA_time": 0.10192346572875977, "Solver_of": 2268.8353031729243, "Solver_time": 0.319202184677124, "Z_threshold0.05_of": 2171.2481971811503, "Z_threshold0.05_time": 0.13543200492858887, "Z_threshold0.1_of": 2171.2481971811503, "Z_threshold0.1_time": 0.12945199012756348, "Z_threshold0.15_of": 2171.2481971811503, "Z_threshold0.15_time": 0.1334092617034912, "Z_threshold0.2_of": 2171.2481971811503, "Z_threshold0.2_time": 0.13004636764526367}