{"name": "L_100_56_786.034.json", "BaldoML_of": 3449.0297407495614, "BaldoML_time": 0.12011480331420898, "BaldoGA_of": 3422.305702314662, "BaldoGA_time": 0.18052434921264648, "Solver_of": 3554.648387628273, "Solver_time": 0.4454972743988037, "Z_threshold0.05_of": 3422.305702314662, "Z_threshold0.05_time": 0.026523113250732422, "Z_threshold0.1_of": 3422.305702314662, "Z_threshold0.1_time": 0.02589893341064453, "Z_threshold0.15_of": 3422.305702314662, "Z_threshold0.15_time": 0.026549577713012695, "Z_threshold0.2_of": 3422.305702314662, "Z_threshold0.2_time": 0.026703834533691406, "Z_threshold0.25_of": 3422.305702314662, "Z_threshold0.25_time": 0.0266573429107666, "Z_threshold0.3_of": 3422.305702314662, "Z_threshold0.3_time": 0.026699542999267578, "Z_threshold0.35_of": 3422.305702314662, "Z_threshold0.35_time": 0.02716517448425293, "Z_threshold0.4_of": 3422.305702314662, "Z_threshold0.4_time": 0.030402183532714844, "Z_threshold0.45_of": 3422.305702314662, "Z_threshold0.45_time": 0.032056570053100586, "Z_threshold0.5_of": 3422.305702314662, "Z_threshold0.5_time": 0.03145766258239746}