{"name": "L_100_52_1310.578.json", "BaldoML_of": 3887.0151001344548, "BaldoML_time": 0.09094572067260742, "BaldoGA_of": 3978.6254949923646, "BaldoGA_time": 0.6871201992034912, "Solver_of": 4044.417344212841, "Solver_time": 0.8621420860290527, "Z_threshold0.05_of": 3932.2592932465805, "Z_threshold0.05_time": 0.060480356216430664, "Z_threshold0.1_of": 3857.606920693547, "Z_threshold0.1_time": 0.04143214225769043, "Z_threshold0.15_of": 3784.9968253142692, "Z_threshold0.15_time": 0.028970003128051758, "Z_threshold0.2_of": 3566.0509777312604, "Z_threshold0.2_time": 0.027495384216308594, "Z_threshold0.25_of": 3528.2620859586345, "Z_threshold0.25_time": 0.02680516242980957, "Z_threshold0.3_of": 3528.2620859586345, "Z_threshold0.3_time": 0.027461767196655273, "Z_threshold0.35_of": 3528.2620859586345, "Z_threshold0.35_time": 0.027401447296142578, "Z_threshold0.4_of": 3528.2620859586345, "Z_threshold0.4_time": 0.02652263641357422, "Z_threshold0.45_of": 3528.2620859586345, "Z_threshold0.45_time": 0.026545286178588867, "Z_threshold0.5_of": 3528.2620859586345, "Z_threshold0.5_time": 0.026328086853027344}