{"name": "L_100_23_874.046.json", "BaldoML_of": 2846.7193482082316, "BaldoML_time": 0.0924062728881836, "BaldoGA_of": 2883.4220166373734, "BaldoGA_time": 0.4354121685028076, "Solver_of": 2965.0010043352395, "Solver_time": 1.0797576904296875, "Z_threshold0.05_of": 2965.0010043352395, "Z_threshold0.05_time": 0.17913150787353516, "Z_threshold0.1_of": 2965.0010043352395, "Z_threshold0.1_time": 0.227386474609375, "Z_threshold0.15_of": 2960.952361485585, "Z_threshold0.15_time": 0.2429957389831543, "Z_threshold0.2_of": 2934.3899026108775, "Z_threshold0.2_time": 0.10498452186584473, "Z_threshold0.25_of": 2846.7193482082316, "Z_threshold0.25_time": 0.03254103660583496, "Z_threshold0.3_of": 2846.7193482082316, "Z_threshold0.3_time": 0.03198575973510742, "Z_threshold0.35_of": 2702.3349083247153, "Z_threshold0.35_time": 0.023725509643554688, "Z_threshold0.4_of": 2521.1053068107976, "Z_threshold0.4_time": 0.022698640823364258, "Z_threshold0.45_of": 2521.1053068107976, "Z_threshold0.45_time": 0.02284383773803711, "Z_threshold0.5_of": 2521.1053068107976, "Z_threshold0.5_time": 0.024383068084716797}