{"name": "L_100_31_1182.276.json", "BaldoML_of": 3934.793951068677, "BaldoML_time": 0.08111071586608887, "BaldoGA_of": 4049.2685999446157, "BaldoGA_time": 0.6340973377227783, "Solver_of": 4107.098527257412, "Solver_time": 2.9028570652008057, "Z_threshold0.05_of": 4107.098527257412, "Z_threshold0.05_time": 0.497866153717041, "Z_threshold0.1_of": 4058.011089597247, "Z_threshold0.1_time": 0.27228689193725586, "Z_threshold0.15_of": 3787.775667437061, "Z_threshold0.15_time": 0.1292102336883545, "Z_threshold0.2_of": 3609.5219716416686, "Z_threshold0.2_time": 0.127824068069458, "Z_threshold0.25_of": 3452.831854215063, "Z_threshold0.25_time": 0.12668490409851074}