{"name": "L_100_30_655.249.json", "BaldoML_of": 2719.3018411627227, "BaldoML_time": 0.10599589347839355, "BaldoGA_of": 2718.3983203395787, "BaldoGA_time": 0.34804391860961914, "Solver_of": 2768.215899953634, "Solver_time": 0.4697587490081787, "Z_threshold0.05_of": 2729.156134831839, "Z_threshold0.05_time": 0.17142033576965332}