{"name": "L_100_27_627.665.json", "BaldoML_of": 2637.0154908769787, "BaldoML_time": 0.10876321792602539, "BaldoGA_of": 2650.3409202096104, "BaldoGA_time": 0.42337942123413086, "Solver_of": 2674.095315268496, "Solver_time": 0.8794457912445068, "Z_threshold0.05_of": 2650.8489687916217, "Z_threshold0.05_time": 0.1481337547302246, "Z_threshold0.1_of": 2612.8688389966997, "Z_threshold0.1_time": 0.124664306640625, "Z_threshold0.15_of": 2545.6461565630143, "Z_threshold0.15_time": 0.11997675895690918, "Z_threshold0.2_of": 2451.351835244179, "Z_threshold0.2_time": 0.12021708488464355, "Z_threshold0.25_of": 2451.351835244179, "Z_threshold0.25_time": 0.11976766586303711}