{"name": "L_100_45_1269.044.json", "BaldoML_of": 3891.3629829714387, "BaldoML_time": 0.08491134643554688, "BaldoGA_of": 3908.7562070751915, "BaldoGA_time": 0.6408176422119141, "Solver_of": 4020.2897880534338, "Solver_time": 0.8614935874938965, "Z_threshold0.05_of": 3868.184201122531, "Z_threshold0.05_time": 0.1764674186706543, "Z_threshold0.1_of": 3689.0589569260633, "Z_threshold0.1_time": 0.1323070526123047, "Z_threshold0.15_of": 3594.369096998544, "Z_threshold0.15_time": 0.13002634048461914, "Z_threshold0.2_of": 3594.369096998544, "Z_threshold0.2_time": 0.13036584854125977}