{"name": "L_100_20_674.403.json", "BaldoML_of": 2549.516186910105, "BaldoML_time": 0.14421582221984863, "BaldoGA_of": 2549.5161869101034, "BaldoGA_time": 0.3710670471191406, "Solver_of": 2562.851964557515, "Solver_time": 0.5568795204162598, "Z_threshold0.05_of": 2562.851964557515, "Z_threshold0.05_time": 0.27941274642944336, "Z_threshold0.1_of": 2556.3123252008268, "Z_threshold0.1_time": 0.23328590393066406, "Z_threshold0.15_of": 2506.354657033351, "Z_threshold0.15_time": 0.22526288032531738, "Z_threshold0.2_of": 2506.354657033351, "Z_threshold0.2_time": 0.16492676734924316, "Z_threshold0.25_of": 2490.165269210399, "Z_threshold0.25_time": 0.149505615234375}