{"name": "L_100_45_840.438.json", "BaldoML_of": 3337.1065786545314, "BaldoML_time": 0.0955958366394043, "BaldoGA_of": 3337.106578654531, "BaldoGA_time": 0.3751988410949707, "Solver_of": 3361.942603372536, "Solver_time": 0.6723277568817139, "Z_threshold0.05_of": 3337.106578654531, "Z_threshold0.05_time": 0.03327131271362305, "Z_threshold0.1_of": 3119.6821490074294, "Z_threshold0.1_time": 0.0247347354888916, "Z_threshold0.15_of": 3119.6821490074294, "Z_threshold0.15_time": 0.024570941925048828, "Z_threshold0.2_of": 3119.6821490074294, "Z_threshold0.2_time": 0.024587154388427734, "Z_threshold0.25_of": 3119.6821490074294, "Z_threshold0.25_time": 0.024601459503173828, "Z_threshold0.3_of": 3119.6821490074294, "Z_threshold0.3_time": 0.028106212615966797, "Z_threshold0.35_of": 3119.6821490074294, "Z_threshold0.35_time": 0.0303647518157959, "Z_threshold0.4_of": 3119.6821490074294, "Z_threshold0.4_time": 0.02759552001953125, "Z_threshold0.45_of": 3119.6821490074294, "Z_threshold0.45_time": 0.02465987205505371, "Z_threshold0.5_of": 3119.6821490074294, "Z_threshold0.5_time": 0.024447202682495117}