{"name": "L_100_54_849.332.json", "BaldoML_of": 2813.3344889140526, "BaldoML_time": 0.08809375762939453, "BaldoGA_of": 2845.3343200064655, "BaldoGA_time": 0.17589211463928223, "Solver_of": 2868.5095057187887, "Solver_time": 0.6468749046325684, "Z_threshold0.05_of": 2813.3344889140526, "Z_threshold0.05_time": 0.1119382381439209}