{"name": "L_100_51_860.379.json", "BaldoML_of": 2942.079738738929, "BaldoML_time": 0.09489560127258301, "BaldoGA_of": 2999.8591798505304, "BaldoGA_time": 0.32273340225219727, "Solver_of": 3068.49308601222, "Solver_time": 0.529991626739502, "Z_threshold0.05_of": 2881.1611213212977, "Z_threshold0.05_time": 0.12917017936706543, "Z_threshold0.1_of": 2808.8504509658537, "Z_threshold0.1_time": 0.12896394729614258, "Z_threshold0.15_of": 2808.8504509658537, "Z_threshold0.15_time": 0.1296703815460205, "Z_threshold0.2_of": 2808.8504509658537, "Z_threshold0.2_time": 0.1291208267211914}