{"name": "L_100_29_825.665.json", "BaldoML_of": 3179.2144427328276, "BaldoML_time": 0.5545001029968262, "BaldoGA_of": 3134.5119757310777, "BaldoGA_time": 0.4403970241546631, "Solver_of": 3179.2144427328276, "Solver_time": 1.1673784255981445, "Z_threshold0.05_of": 3160.334152143065, "Z_threshold0.05_time": 0.1788029670715332, "Z_threshold0.1_of": 3122.7904525396857, "Z_threshold0.1_time": 0.15785694122314453, "Z_threshold0.15_of": 3020.142186221021, "Z_threshold0.15_time": 0.0600132942199707, "Z_threshold0.2_of": 2966.0140226166936, "Z_threshold0.2_time": 0.044167280197143555, "Z_threshold0.25_of": 2958.083523121372, "Z_threshold0.25_time": 0.037163496017456055, "Z_threshold0.3_of": 2829.5671343031813, "Z_threshold0.3_time": 0.04319024085998535, "Z_threshold0.35_of": 2785.6306337269784, "Z_threshold0.35_time": 0.037515878677368164, "Z_threshold0.4_of": 2785.6306337269784, "Z_threshold0.4_time": 0.03879189491271973, "Z_threshold0.45_of": 2785.6306337269784, "Z_threshold0.45_time": 0.037223100662231445, "Z_threshold0.5_of": 2785.6306337269784, "Z_threshold0.5_time": 0.03922390937805176}