{"name": "L_100_25_670.887.json", "BaldoML_of": 2414.853754083443, "BaldoML_time": 0.10612249374389648, "BaldoGA_of": 2404.4956847241897, "BaldoGA_time": 0.29016900062561035, "Solver_of": 2437.8545020771667, "Solver_time": 1.3778491020202637, "Z_threshold0.05_of": 2379.374555005181, "Z_threshold0.05_time": 0.05579090118408203, "Z_threshold0.1_of": 2249.064458387016, "Z_threshold0.1_time": 0.021686792373657227, "Z_threshold0.15_of": 2203.097506680757, "Z_threshold0.15_time": 0.022675275802612305, "Z_threshold0.2_of": 2203.097506680757, "Z_threshold0.2_time": 0.025852203369140625, "Z_threshold0.25_of": 2090.0981078299315, "Z_threshold0.25_time": 0.02146744728088379, "Z_threshold0.3_of": 2090.0981078299315, "Z_threshold0.3_time": 0.03296613693237305, "Z_threshold0.35_of": 2090.0981078299315, "Z_threshold0.35_time": 0.021780014038085938, "Z_threshold0.4_of": 2090.0981078299315, "Z_threshold0.4_time": 0.021889925003051758, "Z_threshold0.45_of": 2090.0981078299315, "Z_threshold0.45_time": 0.02172374725341797, "Z_threshold0.5_of": 2090.0981078299315, "Z_threshold0.5_time": 0.02196669578552246}