{"name": "L_100_37_872.238.json", "BaldoML_of": 3194.449133648858, "BaldoML_time": 0.08649086952209473, "BaldoGA_of": 3187.9861572964437, "BaldoGA_time": 0.45220422744750977, "Solver_of": 3240.165193888561, "Solver_time": 0.7626605033874512, "Z_threshold0.05_of": 3210.5452024750475, "Z_threshold0.05_time": 0.1295013427734375, "Z_threshold0.1_of": 3165.971686711674, "Z_threshold0.1_time": 0.03567814826965332, "Z_threshold0.15_of": 3042.539907950714, "Z_threshold0.15_time": 0.026131153106689453, "Z_threshold0.2_of": 2895.332501069442, "Z_threshold0.2_time": 0.02317667007446289, "Z_threshold0.25_of": 2895.332501069442, "Z_threshold0.25_time": 0.023596525192260742, "Z_threshold0.3_of": 2852.9528686463905, "Z_threshold0.3_time": 0.023185014724731445, "Z_threshold0.35_of": 2815.257203181353, "Z_threshold0.35_time": 0.022680282592773438, "Z_threshold0.4_of": 2815.257203181353, "Z_threshold0.4_time": 0.02317047119140625, "Z_threshold0.45_of": 2815.257203181353, "Z_threshold0.45_time": 0.02268218994140625, "Z_threshold0.5_of": 2815.257203181353, "Z_threshold0.5_time": 0.024666547775268555}