{"name": "L_100_49_1243.474.json", "BaldoML_of": 4096.599906145333, "BaldoML_time": 0.09679651260375977, "BaldoGA_of": 4096.599906145337, "BaldoGA_time": 0.6039350032806396, "Solver_of": 4160.397164471458, "Solver_time": 1.3558199405670166, "Z_threshold0.05_of": 4106.506943383172, "Z_threshold0.05_time": 0.17854976654052734, "Z_threshold0.1_of": 3932.795557329486, "Z_threshold0.1_time": 0.1258678436279297, "Z_threshold0.15_of": 3793.0950665638666, "Z_threshold0.15_time": 0.12677979469299316, "Z_threshold0.2_of": 3793.0950665638666, "Z_threshold0.2_time": 0.1295020580291748}