{"name": "L_100_29_650.274.json", "BaldoML_of": 2448.9987100235317, "BaldoML_time": 0.09129762649536133, "BaldoGA_of": 2491.926214636815, "BaldoGA_time": 0.31023621559143066, "Solver_of": 2513.449208766334, "Solver_time": 0.5679404735565186, "Z_threshold0.05_of": 2491.9262146368155, "Z_threshold0.05_time": 0.08008027076721191, "Z_threshold0.1_of": 2418.863391571579, "Z_threshold0.1_time": 0.03282570838928223, "Z_threshold0.15_of": 2347.8684747539487, "Z_threshold0.15_time": 0.02418041229248047, "Z_threshold0.2_of": 2306.7499811024886, "Z_threshold0.2_time": 0.023801088333129883, "Z_threshold0.25_of": 2250.414659949176, "Z_threshold0.25_time": 0.023903608322143555, "Z_threshold0.3_of": 2250.414659949176, "Z_threshold0.3_time": 0.02480936050415039, "Z_threshold0.35_of": 2250.414659949176, "Z_threshold0.35_time": 0.024149179458618164, "Z_threshold0.4_of": 2250.414659949176, "Z_threshold0.4_time": 0.02410745620727539, "Z_threshold0.45_of": 2250.414659949176, "Z_threshold0.45_time": 0.024024009704589844, "Z_threshold0.5_of": 2250.414659949176, "Z_threshold0.5_time": 0.023929834365844727}