{"name": "L_100_45_763.689.json", "BaldoML_of": 3788.062285454708, "BaldoML_time": 0.32615208625793457, "BaldoGA_of": 3764.006354933524, "BaldoGA_time": 0.4326343536376953, "Solver_of": 3788.062285454708, "Solver_time": 0.40549755096435547, "Z_threshold0.05_of": 3569.4085034199275, "Z_threshold0.05_time": 0.0426783561706543, "Z_threshold0.1_of": 3569.4085034199275, "Z_threshold0.1_time": 0.04273557662963867, "Z_threshold0.15_of": 3540.7765557789908, "Z_threshold0.15_time": 0.042929887771606445, "Z_threshold0.2_of": 3540.7765557789908, "Z_threshold0.2_time": 0.05091071128845215, "Z_threshold0.25_of": 3540.7765557789908, "Z_threshold0.25_time": 0.04693722724914551, "Z_threshold0.3_of": 3540.7765557789908, "Z_threshold0.3_time": 0.04116487503051758, "Z_threshold0.35_of": 3540.7765557789908, "Z_threshold0.35_time": 0.0419464111328125, "Z_threshold0.4_of": 3540.7765557789908, "Z_threshold0.4_time": 0.04020524024963379, "Z_threshold0.45_of": 3540.7765557789908, "Z_threshold0.45_time": 0.04118013381958008, "Z_threshold0.5_of": 3540.7765557789908, "Z_threshold0.5_time": 0.04160737991333008}