{"name": "L_100_42_660.053.json", "BaldoML_of": 2496.6061065526474, "BaldoML_time": 0.0852975845336914, "BaldoGA_of": 2521.883017442452, "BaldoGA_time": 0.1336536407470703, "Solver_of": 2568.9269219797984, "Solver_time": 0.4391491413116455, "Z_threshold0.05_of": 2496.60610655265, "Z_threshold0.05_time": 0.02583169937133789, "Z_threshold0.1_of": 2496.60610655265, "Z_threshold0.1_time": 0.02414727210998535, "Z_threshold0.15_of": 2496.60610655265, "Z_threshold0.15_time": 0.0240633487701416, "Z_threshold0.2_of": 2496.60610655265, "Z_threshold0.2_time": 0.023835420608520508, "Z_threshold0.25_of": 2496.60610655265, "Z_threshold0.25_time": 0.026921510696411133, "Z_threshold0.3_of": 2496.60610655265, "Z_threshold0.3_time": 0.02694392204284668, "Z_threshold0.35_of": 2496.60610655265, "Z_threshold0.35_time": 0.027175188064575195, "Z_threshold0.4_of": 2496.60610655265, "Z_threshold0.4_time": 0.029516220092773438, "Z_threshold0.45_of": 2496.60610655265, "Z_threshold0.45_time": 0.029497861862182617, "Z_threshold0.5_of": 2496.60610655265, "Z_threshold0.5_time": 0.0316319465637207}