{"name": "L_100_38_1264.286.json", "BaldoML_of": 3752.4256906167016, "BaldoML_time": 0.5448563098907471, "BaldoGA_of": 3705.160896452049, "BaldoGA_time": 0.742046594619751, "Solver_of": 3752.4256906167016, "Solver_time": 1.2172505855560303, "Z_threshold0.05_of": 3730.7577785676217, "Z_threshold0.05_time": 0.4313039779663086, "Z_threshold0.1_of": 3676.471264296883, "Z_threshold0.1_time": 0.29979968070983887, "Z_threshold0.15_of": 3615.7637966720913, "Z_threshold0.15_time": 0.11261415481567383, "Z_threshold0.2_of": 3552.8597042035526, "Z_threshold0.2_time": 0.04525470733642578, "Z_threshold0.25_of": 3495.788900288247, "Z_threshold0.25_time": 0.0432283878326416, "Z_threshold0.3_of": 3369.525309281021, "Z_threshold0.3_time": 0.04397940635681152, "Z_threshold0.35_of": 3369.525309281021, "Z_threshold0.35_time": 0.04344892501831055, "Z_threshold0.4_of": 3369.525309281021, "Z_threshold0.4_time": 0.04772043228149414, "Z_threshold0.45_of": 3369.525309281021, "Z_threshold0.45_time": 0.04380202293395996, "Z_threshold0.5_of": 3369.525309281021, "Z_threshold0.5_time": 0.04526042938232422}