{"name": "L_100_21_639.041.json", "BaldoML_of": 2944.131399604292, "BaldoML_time": 0.10403895378112793, "BaldoGA_of": 2944.1313996042913, "BaldoGA_time": 0.3785417079925537, "Solver_of": 2959.7193223549284, "Solver_time": 0.5989875793457031, "Z_threshold0.05_of": 2924.431513416258, "Z_threshold0.05_time": 0.09743142127990723, "Z_threshold0.1_of": 2924.431513416258, "Z_threshold0.1_time": 0.0321805477142334, "Z_threshold0.15_of": 2891.5730461886287, "Z_threshold0.15_time": 0.024999141693115234, "Z_threshold0.2_of": 2891.5730461886287, "Z_threshold0.2_time": 0.02402520179748535, "Z_threshold0.25_of": 2824.0554672297353, "Z_threshold0.25_time": 0.03229045867919922, "Z_threshold0.3_of": 2824.0554672297353, "Z_threshold0.3_time": 0.026261329650878906, "Z_threshold0.35_of": 2824.0554672297353, "Z_threshold0.35_time": 0.024440288543701172, "Z_threshold0.4_of": 2741.173633306959, "Z_threshold0.4_time": 0.023901939392089844, "Z_threshold0.45_of": 2741.173633306959, "Z_threshold0.45_time": 0.025796175003051758, "Z_threshold0.5_of": 2741.173633306959, "Z_threshold0.5_time": 0.023860454559326172}