{"name": "L_100_52_837.485.json", "BaldoML_of": 2951.0036461963914, "BaldoML_time": 0.09483551979064941, "BaldoGA_of": 3030.060407269542, "BaldoGA_time": 0.28984713554382324, "Solver_of": 3117.715206339101, "Solver_time": 0.592522144317627, "Z_threshold0.05_of": 2853.214799896534, "Z_threshold0.05_time": 0.026947498321533203, "Z_threshold0.1_of": 2807.429442968376, "Z_threshold0.1_time": 0.02844095230102539, "Z_threshold0.15_of": 2807.429442968376, "Z_threshold0.15_time": 0.028460979461669922, "Z_threshold0.2_of": 2807.429442968376, "Z_threshold0.2_time": 0.02382373809814453, "Z_threshold0.25_of": 2807.429442968376, "Z_threshold0.25_time": 0.031768083572387695, "Z_threshold0.3_of": 2807.429442968376, "Z_threshold0.3_time": 0.02772688865661621, "Z_threshold0.35_of": 2807.429442968376, "Z_threshold0.35_time": 0.02595376968383789, "Z_threshold0.4_of": 2807.429442968376, "Z_threshold0.4_time": 0.024705886840820312, "Z_threshold0.45_of": 2807.429442968376, "Z_threshold0.45_time": 0.023638248443603516, "Z_threshold0.5_of": 2807.429442968376, "Z_threshold0.5_time": 0.023851871490478516}