{"name": "L_100_55_588.146.json", "BaldoML_of": 3275.3230024583613, "BaldoML_time": 0.0866398811340332, "BaldoGA_of": 3275.3230024583618, "BaldoGA_time": 0.14034438133239746, "Solver_of": 3338.1258847606405, "Solver_time": 0.26414918899536133, "Z_threshold0.05_of": 3275.3230024583618, "Z_threshold0.05_time": 0.03227686882019043, "Z_threshold0.1_of": 3275.3230024583618, "Z_threshold0.1_time": 0.030579566955566406, "Z_threshold0.15_of": 3275.3230024583618, "Z_threshold0.15_time": 0.030996322631835938, "Z_threshold0.2_of": 3275.3230024583618, "Z_threshold0.2_time": 0.030455350875854492, "Z_threshold0.25_of": 3275.3230024583618, "Z_threshold0.25_time": 0.03085470199584961, "Z_threshold0.3_of": 3275.3230024583618, "Z_threshold0.3_time": 0.03154802322387695, "Z_threshold0.35_of": 3275.3230024583618, "Z_threshold0.35_time": 0.030718326568603516, "Z_threshold0.4_of": 3275.3230024583618, "Z_threshold0.4_time": 0.02801799774169922, "Z_threshold0.45_of": 3275.3230024583618, "Z_threshold0.45_time": 0.025107383728027344, "Z_threshold0.5_of": 3275.3230024583618, "Z_threshold0.5_time": 0.02502894401550293}