{"name": "L_100_23_639.461.json", "BaldoML_of": 2760.975325856074, "BaldoML_time": 0.1058661937713623, "BaldoGA_of": 2799.753344612698, "BaldoGA_time": 0.3706071376800537, "Solver_of": 2813.7767120370213, "Solver_time": 0.7278463840484619, "Z_threshold0.05_of": 2760.975325856074, "Z_threshold0.05_time": 0.22935247421264648}