{"name": "L_100_33_1146.896.json", "BaldoML_of": 4404.735720461159, "BaldoML_time": 0.09226799011230469, "BaldoGA_of": 4444.431420971024, "BaldoGA_time": 0.6388950347900391, "Solver_of": 4448.514507575706, "Solver_time": 1.4305081367492676, "Z_threshold0.05_of": 4448.514507575706, "Z_threshold0.05_time": 0.23722267150878906, "Z_threshold0.1_of": 4424.479126704832, "Z_threshold0.1_time": 0.1857156753540039, "Z_threshold0.15_of": 4290.9970458534, "Z_threshold0.15_time": 0.12330937385559082, "Z_threshold0.2_of": 4178.090661914339, "Z_threshold0.2_time": 0.12146377563476562, "Z_threshold0.25_of": 4178.090661914339, "Z_threshold0.25_time": 0.12564706802368164}