{"name": "L_100_37_1378.647.json", "BaldoML_of": 3909.491791936275, "BaldoML_time": 0.09539175033569336, "BaldoGA_of": 3998.096181346472, "BaldoGA_time": 0.5938396453857422, "Solver_of": 4073.0877516551022, "Solver_time": 0.8875315189361572, "Z_threshold0.05_of": 4046.597616048496, "Z_threshold0.05_time": 0.24175429344177246, "Z_threshold0.1_of": 3909.491791936275, "Z_threshold0.1_time": 0.1757829189300537, "Z_threshold0.15_of": 3624.1203195299527, "Z_threshold0.15_time": 0.12578344345092773, "Z_threshold0.2_of": 3624.1203195299527, "Z_threshold0.2_time": 0.12409448623657227, "Z_threshold0.25_of": 3624.1203195299527, "Z_threshold0.25_time": 0.12825751304626465}