{"name": "L_100_24_1274.772.json", "BaldoML_of": 3996.97699632905, "BaldoML_time": 0.12276911735534668, "BaldoGA_of": 3963.704289299681, "BaldoGA_time": 0.721318244934082, "Solver_of": 4027.1685797787923, "Solver_time": 1.8449296951293945, "Z_threshold0.05_of": 4009.6698046418846, "Z_threshold0.05_time": 0.431485652923584, "Z_threshold0.1_of": 4009.6698046418833, "Z_threshold0.1_time": 0.42470526695251465, "Z_threshold0.15_of": 4009.6698046418833, "Z_threshold0.15_time": 0.3469524383544922, "Z_threshold0.2_of": 3918.5180247119088, "Z_threshold0.2_time": 0.18811845779418945}