{"name": "L_100_48_904.962.json", "BaldoML_of": 3201.964987935523, "BaldoML_time": 0.09073901176452637, "BaldoGA_of": 3234.514048844463, "BaldoGA_time": 0.36883544921875, "Solver_of": 3290.432762172596, "Solver_time": 0.571403980255127, "Z_threshold0.05_of": 2997.581457888194, "Z_threshold0.05_time": 0.12160825729370117, "Z_threshold0.1_of": 2905.6625371569016, "Z_threshold0.1_time": 0.11829209327697754, "Z_threshold0.15_of": 2905.6625371569016, "Z_threshold0.15_time": 0.12218761444091797, "Z_threshold0.2_of": 2905.6625371569016, "Z_threshold0.2_time": 0.19749784469604492, "Z_threshold0.25_of": 2905.6625371569016, "Z_threshold0.25_time": 0.11962676048278809}