{"name": "L_100_27_1233.035.json", "BaldoML_of": 4280.850066855192, "BaldoML_time": 0.0853581428527832, "BaldoGA_of": 4431.983366476423, "BaldoGA_time": 0.7453463077545166, "Solver_of": 4496.156786497481, "Solver_time": 1.1059844493865967, "Z_threshold0.05_of": 4482.443389558057, "Z_threshold0.05_time": 0.393857479095459, "Z_threshold0.1_of": 4477.356238061999, "Z_threshold0.1_time": 0.28699541091918945, "Z_threshold0.15_of": 4377.770485074752, "Z_threshold0.15_time": 0.12985730171203613, "Z_threshold0.2_of": 4288.343005722753, "Z_threshold0.2_time": 0.1251387596130371, "Z_threshold0.25_of": 4190.179851948548, "Z_threshold0.25_time": 0.12413692474365234}