{"name": "L_100_29_560.561.json", "BaldoML_of": 3018.61402200904, "BaldoML_time": 0.12647461891174316, "BaldoGA_of": 3014.298180881072, "BaldoGA_time": 0.567065954208374, "Solver_of": 3031.258809932624, "Solver_time": 0.8538329601287842, "Z_threshold0.05_of": 3031.2588099326235, "Z_threshold0.05_time": 0.2247319221496582, "Z_threshold0.1_of": 3014.949827701593, "Z_threshold0.1_time": 0.16886258125305176, "Z_threshold0.15_of": 2949.3805448462927, "Z_threshold0.15_time": 0.11680316925048828, "Z_threshold0.2_of": 2949.3805448462927, "Z_threshold0.2_time": 0.11849498748779297, "Z_threshold0.25_of": 2949.3805448462927, "Z_threshold0.25_time": 0.11831521987915039}