{"name": "L_100_28_1210.19.json", "BaldoML_of": 3943.617895879326, "BaldoML_time": 0.08126091957092285, "BaldoGA_of": 3995.232925327736, "BaldoGA_time": 0.6383402347564697, "Solver_of": 4066.9208401505803, "Solver_time": 1.1744747161865234, "Z_threshold0.05_of": 4066.9208401505803, "Z_threshold0.05_time": 0.4973609447479248, "Z_threshold0.1_of": 4023.0693362874645, "Z_threshold0.1_time": 0.30153894424438477, "Z_threshold0.15_of": 3943.617895879326, "Z_threshold0.15_time": 0.14848637580871582, "Z_threshold0.2_of": 3888.248122591688, "Z_threshold0.2_time": 0.11945486068725586}