{"name": "L_100_25_622.135.json", "BaldoML_of": 2832.009800981872, "BaldoML_time": 0.08925318717956543, "BaldoGA_of": 2832.0098009818716, "BaldoGA_time": 0.33629274368286133, "Solver_of": 2883.981945484708, "Solver_time": 0.7128555774688721, "Z_threshold0.05_of": 2832.141454545593, "Z_threshold0.05_time": 0.13364481925964355, "Z_threshold0.1_of": 2815.7406649372274, "Z_threshold0.1_time": 0.1247415542602539, "Z_threshold0.15_of": 2784.0763753145584, "Z_threshold0.15_time": 0.1234898567199707, "Z_threshold0.2_of": 2784.0763753145584, "Z_threshold0.2_time": 0.12175250053405762}