{"name": "L_100_27_1297.124.json", "BaldoML_of": 3862.259999583508, "BaldoML_time": 0.08062291145324707, "BaldoGA_of": 4110.840416403445, "BaldoGA_time": 0.768895149230957, "Solver_of": 4189.917970790579, "Solver_time": 0.8662750720977783, "Z_threshold0.05_of": 4189.917970790579, "Z_threshold0.05_time": 0.4138779640197754, "Z_threshold0.1_of": 4041.9781291206627, "Z_threshold0.1_time": 0.21997928619384766, "Z_threshold0.15_of": 3985.0239703076027, "Z_threshold0.15_time": 0.1376793384552002, "Z_threshold0.2_of": 3763.824857572341, "Z_threshold0.2_time": 0.12432980537414551}