{"name": "L_100_56_1294.629.json", "BaldoML_of": 3897.142238591218, "BaldoML_time": 0.09734416007995605, "BaldoGA_of": 3933.4725512109135, "BaldoGA_time": 0.41538524627685547, "Solver_of": 3994.9331647701874, "Solver_time": 0.787726879119873, "Z_threshold0.05_of": 3809.0158748798517, "Z_threshold0.05_time": 0.12868261337280273, "Z_threshold0.1_of": 3725.031491884185, "Z_threshold0.1_time": 0.12263655662536621, "Z_threshold0.15_of": 3725.031491884185, "Z_threshold0.15_time": 0.12511444091796875, "Z_threshold0.2_of": 3725.031491884185, "Z_threshold0.2_time": 0.12182235717773438, "Z_threshold0.25_of": 3725.031491884185, "Z_threshold0.25_time": 0.12170577049255371}