{"name": "L_100_38_1315.289.json", "BaldoML_of": 3722.268967264662, "BaldoML_time": 0.11112308502197266, "BaldoGA_of": 3774.174126451594, "BaldoGA_time": 0.6878879070281982, "Solver_of": 3847.4914762260582, "Solver_time": 2.0410218238830566, "Z_threshold0.05_of": 3823.3289793750655, "Z_threshold0.05_time": 0.46851181983947754, "Z_threshold0.1_of": 3816.881167361773, "Z_threshold0.1_time": 0.22356581687927246, "Z_threshold0.15_of": 3737.5507476105895, "Z_threshold0.15_time": 0.2166428565979004, "Z_threshold0.2_of": 3726.8501481223107, "Z_threshold0.2_time": 0.11386537551879883, "Z_threshold0.25_of": 3682.756273750105, "Z_threshold0.25_time": 0.030633926391601562, "Z_threshold0.3_of": 3616.4984896635565, "Z_threshold0.3_time": 0.030041933059692383, "Z_threshold0.35_of": 3483.6546753970765, "Z_threshold0.35_time": 0.027294397354125977, "Z_threshold0.4_of": 3408.67310779581, "Z_threshold0.4_time": 0.02649831771850586, "Z_threshold0.45_of": 3293.81008356445, "Z_threshold0.45_time": 0.026277542114257812, "Z_threshold0.5_of": 3293.81008356445, "Z_threshold0.5_time": 0.0278627872467041}