{"name": "L_100_45_763.689.json", "BaldoML_of": 3683.5357469099563, "BaldoML_time": 0.13211917877197266, "BaldoGA_of": 3764.006354933524, "BaldoGA_time": 0.4326343536376953, "Solver_of": 3788.062285454708, "Solver_time": 0.40549755096435547, "Z_threshold0.05_of": 3569.4085034199275, "Z_threshold0.05_time": 0.024194717407226562, "Z_threshold0.1_of": 3569.4085034199275, "Z_threshold0.1_time": 0.023921966552734375, "Z_threshold0.15_of": 3540.7765557789908, "Z_threshold0.15_time": 0.02375197410583496, "Z_threshold0.2_of": 3540.7765557789908, "Z_threshold0.2_time": 0.023763179779052734, "Z_threshold0.25_of": 3540.7765557789908, "Z_threshold0.25_time": 0.03063058853149414, "Z_threshold0.3_of": 3540.7765557789908, "Z_threshold0.3_time": 0.025660991668701172, "Z_threshold0.35_of": 3540.7765557789908, "Z_threshold0.35_time": 0.028581857681274414, "Z_threshold0.4_of": 3540.7765557789908, "Z_threshold0.4_time": 0.025336265563964844, "Z_threshold0.45_of": 3503.7313000337313, "Z_threshold0.45_time": 0.023779630661010742, "Z_threshold0.5_of": 3503.7313000337313, "Z_threshold0.5_time": 0.023876667022705078}