{"name": "L_100_20_848.136.json", "BaldoML_of": 3285.831491440842, "BaldoML_time": 0.10981035232543945, "BaldoGA_of": 3316.6673737791393, "BaldoGA_time": 0.5808227062225342, "Solver_of": 3373.360911773895, "Solver_time": 0.4832499027252197, "Z_threshold0.05_of": 3327.0885106384235, "Z_threshold0.05_time": 0.39386749267578125}