{"name": "L_100_47_655.65.json", "BaldoML_of": 2394.266451163339, "BaldoML_time": 0.29874181747436523, "BaldoGA_of": 2396.7597108635205, "BaldoGA_time": 0.10202932357788086, "Solver_of": 2443.7909253155312, "Solver_time": 0.382371187210083, "Z_threshold0.05_of": 2394.266451163339, "Z_threshold0.05_time": 0.08421516418457031, "Z_threshold0.1_of": 2394.266451163339, "Z_threshold0.1_time": 0.03777742385864258, "Z_threshold0.15_of": 2394.266451163339, "Z_threshold0.15_time": 0.035857200622558594, "Z_threshold0.2_of": 2394.266451163339, "Z_threshold0.2_time": 0.036518096923828125, "Z_threshold0.25_of": 2394.266451163339, "Z_threshold0.25_time": 0.03524184226989746, "Z_threshold0.3_of": 2394.266451163339, "Z_threshold0.3_time": 0.03713083267211914, "Z_threshold0.35_of": 2394.266451163339, "Z_threshold0.35_time": 0.03676629066467285, "Z_threshold0.4_of": 2394.266451163339, "Z_threshold0.4_time": 0.04084444046020508, "Z_threshold0.45_of": 2394.266451163339, "Z_threshold0.45_time": 0.03944826126098633, "Z_threshold0.5_of": 2394.266451163339, "Z_threshold0.5_time": 0.0416254997253418}