{"name": "L_100_45_1298.857.json", "BaldoML_of": 4166.974993549344, "BaldoML_time": 0.10025787353515625, "BaldoGA_of": 4211.215859346853, "BaldoGA_time": 0.6057074069976807, "Solver_of": 4251.951292446972, "Solver_time": 0.9538164138793945, "Z_threshold0.05_of": 4148.963648699599, "Z_threshold0.05_time": 0.16315460205078125, "Z_threshold0.1_of": 4139.020597007669, "Z_threshold0.1_time": 0.13728928565979004, "Z_threshold0.15_of": 4093.2157712029657, "Z_threshold0.15_time": 0.12411236763000488, "Z_threshold0.2_of": 3980.9376373479317, "Z_threshold0.2_time": 0.1242210865020752, "Z_threshold0.25_of": 3918.4736470168914, "Z_threshold0.25_time": 0.12293720245361328}