{"name": "L_100_27_1297.124.json", "BaldoML_of": 3862.259999583508, "BaldoML_time": 0.08062291145324707, "BaldoGA_of": 4110.840416403445, "BaldoGA_time": 0.768895149230957, "Solver_of": 4189.917970790579, "Solver_time": 0.8662750720977783, "Z_threshold0.05_of": 4189.917970790579, "Z_threshold0.05_time": 0.3306465148925781}