{"name": "L_100_52_901.894.json", "BaldoML_of": 2725.207880872193, "BaldoML_time": 0.5726072788238525, "BaldoGA_of": 2639.996810756296, "BaldoGA_time": 0.1864471435546875, "Solver_of": 2726.062589284783, "Solver_time": 0.6929633617401123, "Z_threshold0.05_of": 2542.881090240537, "Z_threshold0.05_time": 0.052086591720581055, "Z_threshold0.1_of": 2542.881090240537, "Z_threshold0.1_time": 0.04129648208618164, "Z_threshold0.15_of": 2542.881090240537, "Z_threshold0.15_time": 0.04034066200256348, "Z_threshold0.2_of": 2542.881090240537, "Z_threshold0.2_time": 0.04065275192260742, "Z_threshold0.25_of": 2542.881090240537, "Z_threshold0.25_time": 0.039783477783203125, "Z_threshold0.3_of": 2542.881090240537, "Z_threshold0.3_time": 0.03986620903015137, "Z_threshold0.35_of": 2542.881090240537, "Z_threshold0.35_time": 0.03873109817504883, "Z_threshold0.4_of": 2542.881090240537, "Z_threshold0.4_time": 0.03663325309753418, "Z_threshold0.45_of": 2542.881090240537, "Z_threshold0.45_time": 0.03583955764770508, "Z_threshold0.5_of": 2542.881090240537, "Z_threshold0.5_time": 0.038022756576538086}