{"name": "L_100_41_643.322.json", "BaldoML_of": 2625.933237851982, "BaldoML_time": 0.09112954139709473, "BaldoGA_of": 2702.1096753441384, "BaldoGA_time": 0.20620226860046387, "Solver_of": 2747.704882246442, "Solver_time": 0.46671462059020996, "Z_threshold0.05_of": 2571.771590822937, "Z_threshold0.05_time": 0.02749466896057129, "Z_threshold0.1_of": 2571.771590822937, "Z_threshold0.1_time": 0.02259659767150879, "Z_threshold0.15_of": 2571.771590822937, "Z_threshold0.15_time": 0.02238297462463379, "Z_threshold0.2_of": 2571.771590822937, "Z_threshold0.2_time": 0.02222442626953125, "Z_threshold0.25_of": 2571.771590822937, "Z_threshold0.25_time": 0.02218914031982422, "Z_threshold0.3_of": 2571.771590822937, "Z_threshold0.3_time": 0.022791385650634766, "Z_threshold0.35_of": 2571.771590822937, "Z_threshold0.35_time": 0.026261091232299805, "Z_threshold0.4_of": 2571.771590822937, "Z_threshold0.4_time": 0.027807950973510742, "Z_threshold0.45_of": 2571.771590822937, "Z_threshold0.45_time": 0.031265974044799805, "Z_threshold0.5_of": 2571.771590822937, "Z_threshold0.5_time": 0.028126001358032227}