{"name": "L_100_49_1219.976.json", "BaldoML_of": 3926.768744892372, "BaldoML_time": 0.0876011848449707, "BaldoGA_of": 3939.5707357655683, "BaldoGA_time": 0.5865797996520996, "Solver_of": 3954.7574534780288, "Solver_time": 1.3601391315460205, "Z_threshold0.05_of": 3900.7354067965957, "Z_threshold0.05_time": 0.0798642635345459, "Z_threshold0.1_of": 3914.4687298695235, "Z_threshold0.1_time": 0.06352829933166504, "Z_threshold0.15_of": 3711.2611927290677, "Z_threshold0.15_time": 0.03211402893066406, "Z_threshold0.2_of": 3653.639958128316, "Z_threshold0.2_time": 0.0314178466796875, "Z_threshold0.25_of": 3605.251124038228, "Z_threshold0.25_time": 0.031246423721313477, "Z_threshold0.3_of": 3579.9243826538773, "Z_threshold0.3_time": 0.03178811073303223, "Z_threshold0.35_of": 3579.9243826538773, "Z_threshold0.35_time": 0.032225847244262695, "Z_threshold0.4_of": 3579.9243826538773, "Z_threshold0.4_time": 0.0324554443359375, "Z_threshold0.45_of": 3579.9243826538773, "Z_threshold0.45_time": 0.03440260887145996, "Z_threshold0.5_of": 3579.9243826538773, "Z_threshold0.5_time": 0.025663137435913086}