{"name": "L_100_33_645.23.json", "BaldoML_of": 2743.941447309555, "BaldoML_time": 0.10057473182678223, "BaldoGA_of": 2761.885062629326, "BaldoGA_time": 0.3339560031890869, "Solver_of": 2814.9521705162924, "Solver_time": 0.3660447597503662, "Z_threshold0.05_of": 2763.6764004363367, "Z_threshold0.05_time": 0.09696841239929199, "Z_threshold0.1_of": 2644.937326798369, "Z_threshold0.1_time": 0.04222583770751953, "Z_threshold0.15_of": 2603.9937471743983, "Z_threshold0.15_time": 0.02388310432434082, "Z_threshold0.2_of": 2603.9937471743983, "Z_threshold0.2_time": 0.024928569793701172, "Z_threshold0.25_of": 2521.6281948578617, "Z_threshold0.25_time": 0.02258157730102539, "Z_threshold0.3_of": 2521.6281948578617, "Z_threshold0.3_time": 0.02235102653503418, "Z_threshold0.35_of": 2521.6281948578617, "Z_threshold0.35_time": 0.02245330810546875, "Z_threshold0.4_of": 2521.6281948578617, "Z_threshold0.4_time": 0.022292613983154297, "Z_threshold0.45_of": 2491.092790467283, "Z_threshold0.45_time": 0.02212834358215332, "Z_threshold0.5_of": 2491.092790467283, "Z_threshold0.5_time": 0.022455453872680664}