{"name": "L_100_55_1293.827.json", "BaldoML_of": 3615.110044638244, "BaldoML_time": 0.09418582916259766, "BaldoGA_of": 3754.6727715544203, "BaldoGA_time": 0.7844908237457275, "Solver_of": 3896.4178586755575, "Solver_time": 0.8604214191436768, "Z_threshold0.05_of": 3709.1463000272615, "Z_threshold0.05_time": 0.17607879638671875, "Z_threshold0.1_of": 3437.816885459071, "Z_threshold0.1_time": 0.12225103378295898, "Z_threshold0.15_of": 3357.7549743880777, "Z_threshold0.15_time": 0.12164092063903809, "Z_threshold0.2_of": 3357.7549743880777, "Z_threshold0.2_time": 0.1257801055908203, "Z_threshold0.25_of": 3357.7549743880777, "Z_threshold0.25_time": 0.12283754348754883}