{"name": "L_100_22_1377.011.json", "BaldoML_of": 3858.5264492185697, "BaldoML_time": 0.07910990715026855, "BaldoGA_of": 4160.10886797075, "BaldoGA_time": 0.8053221702575684, "Solver_of": 4263.504626633892, "Solver_time": 1.0667085647583008, "Z_threshold0.05_of": 4263.504626633894, "Z_threshold0.05_time": 0.2321910858154297, "Z_threshold0.1_of": 4239.086782899001, "Z_threshold0.1_time": 0.26757287979125977, "Z_threshold0.15_of": 4154.04528719189, "Z_threshold0.15_time": 0.17664837837219238, "Z_threshold0.2_of": 3980.487046318128, "Z_threshold0.2_time": 0.0743403434753418, "Z_threshold0.25_of": 3858.5264492185715, "Z_threshold0.25_time": 0.03425288200378418, "Z_threshold0.3_of": 3677.1988050784107, "Z_threshold0.3_time": 0.031201601028442383, "Z_threshold0.35_of": 3535.346332699923, "Z_threshold0.35_time": 0.028087615966796875, "Z_threshold0.4_of": 3472.8453840483016, "Z_threshold0.4_time": 0.02704143524169922, "Z_threshold0.45_of": 3289.913324858765, "Z_threshold0.45_time": 0.026288270950317383, "Z_threshold0.5_of": 3289.913324858765, "Z_threshold0.5_time": 0.02556920051574707}