{"name": "L_100_29_788.65.json", "BaldoML_of": 2802.197540456696, "BaldoML_time": 0.0879828929901123, "BaldoGA_of": 2928.9871286001926, "BaldoGA_time": 0.592465877532959, "Solver_of": 2952.864852278627, "Solver_time": 1.9266936779022217, "Z_threshold0.05_of": 2949.288303774189, "Z_threshold0.05_time": 0.3808257579803467}