{"name": "L_100_38_1170.47.json", "BaldoML_of": 4176.144506357945, "BaldoML_time": 0.49881505966186523, "BaldoGA_of": 4113.200974949403, "BaldoGA_time": 0.6779365539550781, "Solver_of": 4176.144506357945, "Solver_time": 0.929171085357666, "Z_threshold0.05_of": 4176.144506357946, "Z_threshold0.05_time": 0.2360398769378662, "Z_threshold0.1_of": 4142.116372423145, "Z_threshold0.1_time": 0.335507869720459, "Z_threshold0.15_of": 4052.4381038604483, "Z_threshold0.15_time": 0.0750885009765625, "Z_threshold0.2_of": 3994.816745845258, "Z_threshold0.2_time": 0.07462167739868164, "Z_threshold0.25_of": 3994.816745845258, "Z_threshold0.25_time": 0.06811857223510742, "Z_threshold0.3_of": 3875.079828945383, "Z_threshold0.3_time": 0.04316592216491699, "Z_threshold0.35_of": 3651.6903060860363, "Z_threshold0.35_time": 0.04417610168457031, "Z_threshold0.4_of": 3564.002444845941, "Z_threshold0.4_time": 0.043073415756225586, "Z_threshold0.45_of": 3526.064489550486, "Z_threshold0.45_time": 0.04267716407775879, "Z_threshold0.5_of": 3526.064489550486, "Z_threshold0.5_time": 0.04003167152404785}