{"name": "L_100_20_626.666.json", "BaldoML_of": 2742.667795970755, "BaldoML_time": 0.13820362091064453, "BaldoGA_of": 2817.2006302050936, "BaldoGA_time": 0.38640546798706055, "Solver_of": 2847.062046559791, "Solver_time": 0.6332638263702393, "Z_threshold0.05_of": 2750.6354788414574, "Z_threshold0.05_time": 0.187103271484375, "Z_threshold0.1_of": 2713.543147307576, "Z_threshold0.1_time": 0.1720564365386963, "Z_threshold0.15_of": 2690.3254174342082, "Z_threshold0.15_time": 0.13019585609436035, "Z_threshold0.2_of": 2577.875718116893, "Z_threshold0.2_time": 0.12646818161010742}