{"name": "L_100_29_838.836.json", "BaldoML_of": 3567.511209796475, "BaldoML_time": 0.5224387645721436, "BaldoGA_of": 3517.658769113118, "BaldoGA_time": 0.5133075714111328, "Solver_of": 3567.511209796475, "Solver_time": 0.6792423725128174, "Z_threshold0.05_of": 3528.9843177596463, "Z_threshold0.05_time": 0.17913246154785156, "Z_threshold0.1_of": 3385.85043011843, "Z_threshold0.1_time": 0.05381894111633301, "Z_threshold0.15_of": 3372.7544890850545, "Z_threshold0.15_time": 0.03714108467102051, "Z_threshold0.2_of": 3372.7544890850545, "Z_threshold0.2_time": 0.03653240203857422, "Z_threshold0.25_of": 3314.6679893178216, "Z_threshold0.25_time": 0.03702092170715332, "Z_threshold0.3_of": 3179.4970825695505, "Z_threshold0.3_time": 0.03577375411987305, "Z_threshold0.35_of": 3179.4970825695505, "Z_threshold0.35_time": 0.036821603775024414, "Z_threshold0.4_of": 3179.4970825695505, "Z_threshold0.4_time": 0.03519606590270996, "Z_threshold0.45_of": 3179.4970825695505, "Z_threshold0.45_time": 0.04236292839050293, "Z_threshold0.5_of": 3179.4970825695505, "Z_threshold0.5_time": 0.043778419494628906}