{"name": "L_100_30_655.249.json", "BaldoML_of": 2768.215899953634, "BaldoML_time": 0.36063241958618164, "BaldoGA_of": 2718.3983203395787, "BaldoGA_time": 0.34804391860961914, "Solver_of": 2768.215899953634, "Solver_time": 0.4697587490081787, "Z_threshold0.05_of": 2729.15613483184, "Z_threshold0.05_time": 0.13779449462890625, "Z_threshold0.1_of": 2729.15613483184, "Z_threshold0.1_time": 0.12190485000610352, "Z_threshold0.15_of": 2717.8627511887366, "Z_threshold0.15_time": 0.06290912628173828, "Z_threshold0.2_of": 2568.3963684149226, "Z_threshold0.2_time": 0.036168813705444336, "Z_threshold0.25_of": 2457.1305050988494, "Z_threshold0.25_time": 0.037966251373291016, "Z_threshold0.3_of": 2457.1305050988494, "Z_threshold0.3_time": 0.034972190856933594, "Z_threshold0.35_of": 2339.2715019386997, "Z_threshold0.35_time": 0.03513145446777344, "Z_threshold0.4_of": 2339.2715019386997, "Z_threshold0.4_time": 0.03487443923950195, "Z_threshold0.45_of": 2339.2715019386997, "Z_threshold0.45_time": 0.0372614860534668, "Z_threshold0.5_of": 2339.2715019386997, "Z_threshold0.5_time": 0.03901171684265137}