{"name": "L_100_26_668.657.json", "BaldoML_of": 2451.9798694526917, "BaldoML_time": 0.1185615062713623, "BaldoGA_of": 2467.217633979596, "BaldoGA_time": 0.44954657554626465, "Solver_of": 2515.7410476356877, "Solver_time": 0.7703959941864014, "Z_threshold0.05_of": 2507.8854746965417, "Z_threshold0.05_time": 0.24320101737976074, "Z_threshold0.1_of": 2423.412103106958, "Z_threshold0.1_time": 0.05102062225341797, "Z_threshold0.15_of": 2386.6095790592276, "Z_threshold0.15_time": 0.03332805633544922, "Z_threshold0.2_of": 2386.6095790592276, "Z_threshold0.2_time": 0.03179335594177246, "Z_threshold0.25_of": 2386.6095790592276, "Z_threshold0.25_time": 0.03293442726135254, "Z_threshold0.3_of": 2358.9837404887685, "Z_threshold0.3_time": 0.025966167449951172, "Z_threshold0.35_of": 2299.4367769622904, "Z_threshold0.35_time": 0.025216341018676758, "Z_threshold0.4_of": 2272.3764293429135, "Z_threshold0.4_time": 0.0246884822845459, "Z_threshold0.45_of": 2149.670161410785, "Z_threshold0.45_time": 0.024335622787475586, "Z_threshold0.5_of": 2077.1683142504226, "Z_threshold0.5_time": 0.022943735122680664}