{"name": "L_100_43_662.21.json", "BaldoML_of": 2547.1939360029673, "BaldoML_time": 0.09409737586975098, "BaldoGA_of": 2624.7198279758004, "BaldoGA_time": 0.31229305267333984, "Solver_of": 2734.4094350191103, "Solver_time": 0.26572418212890625, "Z_threshold0.05_of": 2390.9535727200755, "Z_threshold0.05_time": 0.12765073776245117, "Z_threshold0.1_of": 2390.9535727200755, "Z_threshold0.1_time": 0.1248626708984375, "Z_threshold0.15_of": 2329.607738274583, "Z_threshold0.15_time": 0.1283876895904541, "Z_threshold0.2_of": 2329.607738274583, "Z_threshold0.2_time": 0.1255948543548584, "Z_threshold0.25_of": 2329.607738274583, "Z_threshold0.25_time": 0.12112188339233398}