{"name": "L_100_42_813.247.json", "BaldoML_of": 3446.1448793942463, "BaldoML_time": 0.4661707878112793, "BaldoGA_of": 3441.0080726344427, "BaldoGA_time": 0.3298616409301758, "Solver_of": 3446.144879394245, "Solver_time": 0.5440499782562256, "Z_threshold0.05_of": 3430.2102034102863, "Z_threshold0.05_time": 0.045845746994018555, "Z_threshold0.1_of": 3285.4500086371017, "Z_threshold0.1_time": 0.04153847694396973, "Z_threshold0.15_of": 3232.1474713946827, "Z_threshold0.15_time": 0.03982710838317871, "Z_threshold0.2_of": 3232.1474713946827, "Z_threshold0.2_time": 0.041005849838256836, "Z_threshold0.25_of": 3232.1474713946827, "Z_threshold0.25_time": 0.043692588806152344, "Z_threshold0.3_of": 3232.1474713946827, "Z_threshold0.3_time": 0.041379451751708984, "Z_threshold0.35_of": 3232.1474713946827, "Z_threshold0.35_time": 0.03987550735473633, "Z_threshold0.4_of": 3232.1474713946827, "Z_threshold0.4_time": 0.040132761001586914, "Z_threshold0.45_of": 3232.1474713946827, "Z_threshold0.45_time": 0.040491342544555664, "Z_threshold0.5_of": 3232.1474713946827, "Z_threshold0.5_time": 0.04009270668029785}