{"name": "L_100_30_1392.796.json", "BaldoML_of": 3530.7812873007974, "BaldoML_time": 0.08130002021789551, "BaldoGA_of": 3693.3837572733933, "BaldoGA_time": 0.6435837745666504, "Solver_of": 3761.192385163848, "Solver_time": 1.7829787731170654, "Z_threshold0.05_of": 3692.7558701720295, "Z_threshold0.05_time": 0.14805245399475098, "Z_threshold0.1_of": 3611.87635028884, "Z_threshold0.1_time": 0.12632226943969727, "Z_threshold0.15_of": 3483.475310403674, "Z_threshold0.15_time": 0.027826547622680664, "Z_threshold0.2_of": 3441.8997322804444, "Z_threshold0.2_time": 0.02780771255493164, "Z_threshold0.25_of": 3394.9187190237913, "Z_threshold0.25_time": 0.02746295928955078, "Z_threshold0.3_of": 3319.381936208637, "Z_threshold0.3_time": 0.03177809715270996, "Z_threshold0.35_of": 3129.9647018038463, "Z_threshold0.35_time": 0.02869868278503418, "Z_threshold0.4_of": 3129.9647018038463, "Z_threshold0.4_time": 0.026694297790527344, "Z_threshold0.45_of": 3036.355443681703, "Z_threshold0.45_time": 0.026160478591918945, "Z_threshold0.5_of": 3036.355443681703, "Z_threshold0.5_time": 0.02569437026977539}