{"name": "L_100_44_1238.399.json", "BaldoML_of": 4052.0427732921366, "BaldoML_time": 0.09554338455200195, "BaldoGA_of": 4065.3338916807656, "BaldoGA_time": 0.5892953872680664, "Solver_of": 4076.8511613770274, "Solver_time": 1.5353000164031982, "Z_threshold0.05_of": 4065.6795707861834, "Z_threshold0.05_time": 0.1760578155517578, "Z_threshold0.1_of": 3938.272905583898, "Z_threshold0.1_time": 0.12230944633483887, "Z_threshold0.15_of": 3730.800999786638, "Z_threshold0.15_time": 0.12726473808288574, "Z_threshold0.2_of": 3669.6888786738537, "Z_threshold0.2_time": 0.12403464317321777}