{"name": "L_100_49_1219.976.json", "BaldoML_of": 3926.768744892372, "BaldoML_time": 0.0876011848449707, "BaldoGA_of": 3939.5707357655683, "BaldoGA_time": 0.5865797996520996, "Solver_of": 3954.7574534780288, "Solver_time": 1.3601391315460205, "Z_threshold0.05_of": 3953.010685857032, "Z_threshold0.05_time": 0.2325763702392578, "Z_threshold0.1_of": 3926.7687448923743, "Z_threshold0.1_time": 0.13233256340026855, "Z_threshold0.15_of": 3711.261192729068, "Z_threshold0.15_time": 0.11984086036682129, "Z_threshold0.2_of": 3653.6399581283163, "Z_threshold0.2_time": 0.12017941474914551, "Z_threshold0.25_of": 3605.2511240382296, "Z_threshold0.25_time": 0.12261438369750977}