{"name": "L_100_47_1421.725.json", "BaldoML_of": 3718.3170252652167, "BaldoML_time": 0.09331059455871582, "BaldoGA_of": 3764.2620400501364, "BaldoGA_time": 0.7681634426116943, "Solver_of": 3822.597330906286, "Solver_time": 1.07304048538208, "Z_threshold0.05_of": 3822.5244757146256, "Z_threshold0.05_time": 0.13422822952270508, "Z_threshold0.1_of": 3715.1793659814693, "Z_threshold0.1_time": 0.06278634071350098, "Z_threshold0.15_of": 3719.629429337814, "Z_threshold0.15_time": 0.04518270492553711, "Z_threshold0.2_of": 3588.097038669367, "Z_threshold0.2_time": 0.03244328498840332, "Z_threshold0.25_of": 3217.6499527017427, "Z_threshold0.25_time": 0.0309751033782959, "Z_threshold0.3_of": 3217.6499527017427, "Z_threshold0.3_time": 0.030810832977294922, "Z_threshold0.35_of": 3217.6499527017427, "Z_threshold0.35_time": 0.030673742294311523, "Z_threshold0.4_of": 3217.6499527017427, "Z_threshold0.4_time": 0.02725696563720703, "Z_threshold0.45_of": 3217.6499527017427, "Z_threshold0.45_time": 0.026699066162109375, "Z_threshold0.5_of": 3217.6499527017427, "Z_threshold0.5_time": 0.027402639389038086}