{"name": "L_100_57_661.961.json", "BaldoML_of": 2693.125537423985, "BaldoML_time": 0.08568072319030762, "BaldoGA_of": 2734.405804155968, "BaldoGA_time": 0.12537527084350586, "Solver_of": 2734.405804155968, "Solver_time": 0.21152973175048828, "Z_threshold0.05_of": 2734.405804155968, "Z_threshold0.05_time": 0.028870820999145508, "Z_threshold0.1_of": 2734.405804155968, "Z_threshold0.1_time": 0.029852628707885742, "Z_threshold0.15_of": 2734.405804155968, "Z_threshold0.15_time": 0.02943730354309082, "Z_threshold0.2_of": 2734.405804155968, "Z_threshold0.2_time": 0.03039240837097168, "Z_threshold0.25_of": 2734.405804155968, "Z_threshold0.25_time": 0.02900409698486328, "Z_threshold0.3_of": 2693.1255374239845, "Z_threshold0.3_time": 0.025241613388061523, "Z_threshold0.35_of": 2693.1255374239845, "Z_threshold0.35_time": 0.02271246910095215, "Z_threshold0.4_of": 2693.1255374239845, "Z_threshold0.4_time": 0.023354291915893555, "Z_threshold0.45_of": 2693.1255374239845, "Z_threshold0.45_time": 0.025664567947387695, "Z_threshold0.5_of": 2693.1255374239845, "Z_threshold0.5_time": 0.023508548736572266}