{"name": "L_100_53_1337.829.json", "BaldoML_of": 3807.9854353726128, "BaldoML_time": 0.5337738990783691, "BaldoGA_of": 3736.01315488211, "BaldoGA_time": 0.5190269947052002, "Solver_of": 3807.9854353726128, "Solver_time": 0.9511797428131104, "Z_threshold0.05_of": 3705.400986535847, "Z_threshold0.05_time": 0.059659481048583984, "Z_threshold0.1_of": 3485.186565152439, "Z_threshold0.1_time": 0.04217672348022461, "Z_threshold0.15_of": 3485.186565152439, "Z_threshold0.15_time": 0.04560565948486328, "Z_threshold0.2_of": 3485.186565152439, "Z_threshold0.2_time": 0.048074960708618164, "Z_threshold0.25_of": 3485.186565152439, "Z_threshold0.25_time": 0.043787479400634766, "Z_threshold0.3_of": 3485.186565152439, "Z_threshold0.3_time": 0.0435335636138916, "Z_threshold0.35_of": 3485.186565152439, "Z_threshold0.35_time": 0.03986763954162598, "Z_threshold0.4_of": 3485.186565152439, "Z_threshold0.4_time": 0.04191780090332031, "Z_threshold0.45_of": 3485.186565152439, "Z_threshold0.45_time": 0.041727304458618164, "Z_threshold0.5_of": 3485.186565152439, "Z_threshold0.5_time": 0.04389524459838867}