{"name": "L_100_23_693.088.json", "BaldoML_of": 2589.009273858021, "BaldoML_time": 0.09335684776306152, "BaldoGA_of": 2578.4599444640567, "BaldoGA_time": 0.37517786026000977, "Solver_of": 2612.1124182821313, "Solver_time": 0.6670515537261963, "Z_threshold0.05_of": 2589.00927385802, "Z_threshold0.05_time": 0.13411974906921387, "Z_threshold0.1_of": 2549.085949567986, "Z_threshold0.1_time": 0.06277203559875488, "Z_threshold0.15_of": 2538.110523280075, "Z_threshold0.15_time": 0.05448579788208008, "Z_threshold0.2_of": 2502.7798991365207, "Z_threshold0.2_time": 0.02355647087097168, "Z_threshold0.25_of": 2395.062973389524, "Z_threshold0.25_time": 0.023390769958496094, "Z_threshold0.3_of": 2395.062973389524, "Z_threshold0.3_time": 0.02312493324279785, "Z_threshold0.35_of": 2352.7023115017328, "Z_threshold0.35_time": 0.022433042526245117, "Z_threshold0.4_of": 2352.7023115017328, "Z_threshold0.4_time": 0.025022268295288086, "Z_threshold0.45_of": 2352.7023115017328, "Z_threshold0.45_time": 0.026549577713012695, "Z_threshold0.5_of": 2352.7023115017328, "Z_threshold0.5_time": 0.021505355834960938}