{"name": "L_100_44_857.524.json", "BaldoML_of": 3387.2648926414563, "BaldoML_time": 0.11355423927307129, "BaldoGA_of": 3423.1465763113124, "BaldoGA_time": 0.32793331146240234, "Solver_of": 3483.880495794989, "Solver_time": 0.6144938468933105, "Z_threshold0.05_of": 3324.8901834376293, "Z_threshold0.05_time": 0.12363386154174805, "Z_threshold0.1_of": 3255.044539932942, "Z_threshold0.1_time": 0.11634159088134766, "Z_threshold0.15_of": 3222.10129970594, "Z_threshold0.15_time": 0.12149167060852051, "Z_threshold0.2_of": 3187.185997956773, "Z_threshold0.2_time": 0.11850404739379883}