{"name": "L_100_52_901.894.json", "BaldoML_of": 2646.4878981617653, "BaldoML_time": 0.10286331176757812, "BaldoGA_of": 2639.996810756296, "BaldoGA_time": 0.1864471435546875, "Solver_of": 2726.062589284783, "Solver_time": 0.6929633617401123, "Z_threshold0.05_of": 2542.881090240537, "Z_threshold0.05_time": 0.1201639175415039, "Z_threshold0.1_of": 2542.881090240537, "Z_threshold0.1_time": 0.11919593811035156, "Z_threshold0.15_of": 2542.881090240537, "Z_threshold0.15_time": 0.12339568138122559, "Z_threshold0.2_of": 2542.881090240537, "Z_threshold0.2_time": 0.11978387832641602, "Z_threshold0.25_of": 2542.881090240537, "Z_threshold0.25_time": 0.12229299545288086}