{"name": "L_100_30_655.249.json", "BaldoML_of": 2719.3018411627227, "BaldoML_time": 0.10599589347839355, "BaldoGA_of": 2718.3983203395787, "BaldoGA_time": 0.34804391860961914, "Solver_of": 2768.215899953634, "Solver_time": 0.4697587490081787, "Z_threshold0.05_of": 2729.156134831839, "Z_threshold0.05_time": 0.19282865524291992, "Z_threshold0.1_of": 2729.156134831839, "Z_threshold0.1_time": 0.19369888305664062, "Z_threshold0.15_of": 2671.82714125855, "Z_threshold0.15_time": 0.1350078582763672, "Z_threshold0.2_of": 2457.1305050988503, "Z_threshold0.2_time": 0.12369370460510254}