{"name": "L_100_29_1302.575.json", "BaldoML_of": 3810.726883719354, "BaldoML_time": 0.08157944679260254, "BaldoGA_of": 3996.559493663222, "BaldoGA_time": 0.9016804695129395, "Solver_of": 4084.931325299301, "Solver_time": 1.7256438732147217, "Z_threshold0.05_of": 4053.62414165837, "Z_threshold0.05_time": 0.49124670028686523, "Z_threshold0.1_of": 4025.799520792158, "Z_threshold0.1_time": 0.1716780662536621, "Z_threshold0.15_of": 3888.7344913255984, "Z_threshold0.15_time": 0.03500986099243164, "Z_threshold0.2_of": 3744.9567794327563, "Z_threshold0.2_time": 0.033538818359375, "Z_threshold0.25_of": 3657.967394178209, "Z_threshold0.25_time": 0.0301363468170166, "Z_threshold0.3_of": 3607.5388424324674, "Z_threshold0.3_time": 0.027392148971557617, "Z_threshold0.35_of": 3607.5388424324674, "Z_threshold0.35_time": 0.026979684829711914, "Z_threshold0.4_of": 3536.7585870155544, "Z_threshold0.4_time": 0.027919530868530273, "Z_threshold0.45_of": 3459.7627527998106, "Z_threshold0.45_time": 0.026758670806884766, "Z_threshold0.5_of": 3459.7627527998106, "Z_threshold0.5_time": 0.026663541793823242}