{"name": "L_100_49_1243.474.json", "BaldoML_of": 4096.599906145333, "BaldoML_time": 0.09679651260375977, "BaldoGA_of": 4096.599906145337, "BaldoGA_time": 0.6039350032806396, "Solver_of": 4160.397164471458, "Solver_time": 1.3558199405670166, "Z_threshold0.05_of": 4106.50694338317, "Z_threshold0.05_time": 0.09484744071960449, "Z_threshold0.1_of": 3932.795557329484, "Z_threshold0.1_time": 0.028659582138061523, "Z_threshold0.15_of": 3793.0950665638675, "Z_threshold0.15_time": 0.028012990951538086, "Z_threshold0.2_of": 3793.0950665638675, "Z_threshold0.2_time": 0.028994321823120117, "Z_threshold0.25_of": 3793.0950665638675, "Z_threshold0.25_time": 0.028143882751464844, "Z_threshold0.3_of": 3728.722075087179, "Z_threshold0.3_time": 0.03081059455871582, "Z_threshold0.35_of": 3728.722075087179, "Z_threshold0.35_time": 0.029839038848876953, "Z_threshold0.4_of": 3623.941516348283, "Z_threshold0.4_time": 0.02887701988220215, "Z_threshold0.45_of": 3623.941516348283, "Z_threshold0.45_time": 0.034799814224243164, "Z_threshold0.5_of": 3623.941516348283, "Z_threshold0.5_time": 0.026922225952148438}