{"name": "L_100_51_659.715.json", "BaldoML_of": 2182.4730140529164, "BaldoML_time": 0.08777904510498047, "BaldoGA_of": 2198.5755389033307, "BaldoGA_time": 0.11369037628173828, "Solver_of": 2287.9487439533264, "Solver_time": 0.3436856269836426, "Z_threshold0.05_of": 2207.665249898373, "Z_threshold0.05_time": 0.1321401596069336, "Z_threshold0.1_of": 2207.665249898373, "Z_threshold0.1_time": 0.12826275825500488, "Z_threshold0.15_of": 2207.665249898373, "Z_threshold0.15_time": 0.13069868087768555, "Z_threshold0.2_of": 2207.665249898373, "Z_threshold0.2_time": 0.13025593757629395, "Z_threshold0.25_of": 2207.665249898373, "Z_threshold0.25_time": 0.12838077545166016}