{"name": "L_100_37_1157.943.json", "BaldoML_of": 4229.470578028223, "BaldoML_time": 0.09845972061157227, "BaldoGA_of": 4362.089167816863, "BaldoGA_time": 0.8208560943603516, "Solver_of": 4443.173423192514, "Solver_time": 1.2150368690490723, "Z_threshold0.05_of": 4403.094973573277, "Z_threshold0.05_time": 0.4251272678375244}