{"name": "L_100_49_1219.976.json", "BaldoML_of": 3954.7574534780288, "BaldoML_time": 0.5346083641052246, "BaldoGA_of": 3939.5707357655683, "BaldoGA_time": 0.5865797996520996, "Solver_of": 3954.7574534780288, "Solver_time": 1.3601391315460205, "Z_threshold0.05_of": 3938.936828334437, "Z_threshold0.05_time": 0.10601401329040527, "Z_threshold0.1_of": 3914.4687298695235, "Z_threshold0.1_time": 0.07980084419250488, "Z_threshold0.15_of": 3711.2611927290677, "Z_threshold0.15_time": 0.04741978645324707, "Z_threshold0.2_of": 3653.639958128316, "Z_threshold0.2_time": 0.046025991439819336, "Z_threshold0.25_of": 3653.639958128316, "Z_threshold0.25_time": 0.04736638069152832, "Z_threshold0.3_of": 3579.9243826538773, "Z_threshold0.3_time": 0.05377960205078125, "Z_threshold0.35_of": 3579.9243826538773, "Z_threshold0.35_time": 0.04618573188781738, "Z_threshold0.4_of": 3579.9243826538773, "Z_threshold0.4_time": 0.04567861557006836, "Z_threshold0.45_of": 3579.9243826538773, "Z_threshold0.45_time": 0.04606890678405762, "Z_threshold0.5_of": 3579.9243826538773, "Z_threshold0.5_time": 0.044835805892944336}