{"name": "L_100_51_841.252.json", "BaldoML_of": 3063.6904762353743, "BaldoML_time": 0.10335564613342285, "BaldoGA_of": 3060.874727411591, "BaldoGA_time": 0.1747140884399414, "Solver_of": 3154.7369159887426, "Solver_time": 0.5059125423431396, "Z_threshold0.05_of": 3060.874727411591, "Z_threshold0.05_time": 0.04076814651489258, "Z_threshold0.1_of": 3060.874727411591, "Z_threshold0.1_time": 0.04079270362854004, "Z_threshold0.15_of": 3060.874727411591, "Z_threshold0.15_time": 0.041893720626831055, "Z_threshold0.2_of": 3060.874727411591, "Z_threshold0.2_time": 0.042183876037597656, "Z_threshold0.25_of": 3060.874727411591, "Z_threshold0.25_time": 0.041207313537597656, "Z_threshold0.3_of": 3060.874727411591, "Z_threshold0.3_time": 0.0412447452545166, "Z_threshold0.35_of": 3060.874727411591, "Z_threshold0.35_time": 0.05284571647644043, "Z_threshold0.4_of": 3060.874727411591, "Z_threshold0.4_time": 0.04352068901062012, "Z_threshold0.45_of": 3060.874727411591, "Z_threshold0.45_time": 0.04106283187866211, "Z_threshold0.5_of": 3060.874727411591, "Z_threshold0.5_time": 0.04395651817321777}