{"name": "L_100_49_1219.976.json", "BaldoML_of": 3926.768744892372, "BaldoML_time": 0.0876011848449707, "BaldoGA_of": 3939.5707357655683, "BaldoGA_time": 0.5865797996520996, "Solver_of": 3954.7574534780288, "Solver_time": 1.3601391315460205, "Z_threshold0.05_of": 3953.010685857032, "Z_threshold0.05_time": 0.28061771392822266}