{"name": "L_100_20_674.403.json", "BaldoML_of": 2562.851964557515, "BaldoML_time": 0.45763731002807617, "BaldoGA_of": 2549.5161869101034, "BaldoGA_time": 0.3710670471191406, "Solver_of": 2562.851964557515, "Solver_time": 0.5568795204162598, "Z_threshold0.05_of": 2562.851964557514, "Z_threshold0.05_time": 0.2148735523223877, "Z_threshold0.1_of": 2556.312325200826, "Z_threshold0.1_time": 0.18129587173461914, "Z_threshold0.15_of": 2556.312325200826, "Z_threshold0.15_time": 0.17885899543762207, "Z_threshold0.2_of": 2506.3546570333506, "Z_threshold0.2_time": 0.212449312210083, "Z_threshold0.25_of": 2490.1652692103976, "Z_threshold0.25_time": 0.06825637817382812, "Z_threshold0.3_of": 2490.1652692103976, "Z_threshold0.3_time": 0.0709843635559082, "Z_threshold0.35_of": 2490.1652692103976, "Z_threshold0.35_time": 0.08039975166320801, "Z_threshold0.4_of": 2313.6190020012773, "Z_threshold0.4_time": 0.0388026237487793, "Z_threshold0.45_of": 2313.6190020012773, "Z_threshold0.45_time": 0.040048837661743164, "Z_threshold0.5_of": 2313.6190020012773, "Z_threshold0.5_time": 0.04010939598083496}