{"name": "L_100_29_1447.365.json", "BaldoML_of": 3511.0096868152505, "BaldoML_time": 0.0908050537109375, "BaldoGA_of": 3490.847346675175, "BaldoGA_time": 0.7388594150543213, "Solver_of": 3592.0353230249684, "Solver_time": 1.004925012588501, "Z_threshold0.05_of": 3581.4045045352646, "Z_threshold0.05_time": 0.44871068000793457, "Z_threshold0.1_of": 3556.8551213664264, "Z_threshold0.1_time": 0.21750473976135254, "Z_threshold0.15_of": 3541.666831141054, "Z_threshold0.15_time": 0.14204978942871094, "Z_threshold0.2_of": 3418.0476916521243, "Z_threshold0.2_time": 0.12876367568969727, "Z_threshold0.25_of": 3343.4759682876784, "Z_threshold0.25_time": 0.12836527824401855}