{"name": "L_100_29_1447.365.json", "BaldoML_of": 3511.0096868152505, "BaldoML_time": 0.0908050537109375, "BaldoGA_of": 3490.847346675175, "BaldoGA_time": 0.7388594150543213, "Solver_of": 3592.0353230249684, "Solver_time": 1.004925012588501, "Z_threshold0.05_of": 3581.404504535265, "Z_threshold0.05_time": 0.40742921829223633, "Z_threshold0.1_of": 3556.8551213664277, "Z_threshold0.1_time": 0.1737077236175537, "Z_threshold0.15_of": 3511.0096868152505, "Z_threshold0.15_time": 0.050599098205566406, "Z_threshold0.2_of": 3418.0476916521247, "Z_threshold0.2_time": 0.027739524841308594, "Z_threshold0.25_of": 3343.475968287679, "Z_threshold0.25_time": 0.027517080307006836, "Z_threshold0.3_of": 3343.475968287679, "Z_threshold0.3_time": 0.027278900146484375, "Z_threshold0.35_of": 3343.475968287679, "Z_threshold0.35_time": 0.027334213256835938, "Z_threshold0.4_of": 3259.8807490693416, "Z_threshold0.4_time": 0.02698659896850586, "Z_threshold0.45_of": 3237.072457360451, "Z_threshold0.45_time": 0.026647567749023438, "Z_threshold0.5_of": 3237.072457360451, "Z_threshold0.5_time": 0.027548551559448242}