{"name": "L_100_27_658.143.json", "BaldoML_of": 2546.033972822616, "BaldoML_time": 0.37424373626708984, "BaldoGA_of": 2476.9265883764106, "BaldoGA_time": 0.33724546432495117, "Solver_of": 2546.033972822616, "Solver_time": 0.5896899700164795, "Z_threshold0.05_of": 2546.0339728226163, "Z_threshold0.05_time": 0.16715073585510254, "Z_threshold0.1_of": 2389.5905503646472, "Z_threshold0.1_time": 0.10138440132141113, "Z_threshold0.15_of": 2382.1280968904725, "Z_threshold0.15_time": 0.05151963233947754, "Z_threshold0.2_of": 2357.7114890002404, "Z_threshold0.2_time": 0.04505753517150879, "Z_threshold0.25_of": 2357.7114890002404, "Z_threshold0.25_time": 0.04465126991271973, "Z_threshold0.3_of": 2311.0451163162884, "Z_threshold0.3_time": 0.03930234909057617, "Z_threshold0.35_of": 2311.0451163162884, "Z_threshold0.35_time": 0.038794517517089844, "Z_threshold0.4_of": 2181.596897584856, "Z_threshold0.4_time": 0.03937411308288574, "Z_threshold0.45_of": 2181.596897584856, "Z_threshold0.45_time": 0.0385897159576416, "Z_threshold0.5_of": 2181.596897584856, "Z_threshold0.5_time": 0.03800678253173828}