{"name": "L_100_52_1310.578.json", "BaldoML_of": 3887.0151001344548, "BaldoML_time": 0.09094572067260742, "BaldoGA_of": 3978.6254949923646, "BaldoGA_time": 0.6871201992034912, "Solver_of": 4044.417344212841, "Solver_time": 0.8621420860290527, "Z_threshold0.05_of": 3960.30973704882, "Z_threshold0.05_time": 0.20448517799377441, "Z_threshold0.1_of": 3857.606920693549, "Z_threshold0.1_time": 0.13424420356750488, "Z_threshold0.15_of": 3784.996825314271, "Z_threshold0.15_time": 0.129472017288208, "Z_threshold0.2_of": 3566.0509777312604, "Z_threshold0.2_time": 0.13116455078125, "Z_threshold0.25_of": 3528.2620859586355, "Z_threshold0.25_time": 0.13169145584106445}