{"name": "L_100_31_818.514.json", "BaldoML_of": 3482.0385000457372, "BaldoML_time": 0.08819961547851562, "BaldoGA_of": 3484.150092501563, "BaldoGA_time": 0.49172401428222656, "Solver_of": 3518.959043169569, "Solver_time": 0.7943060398101807, "Z_threshold0.05_of": 3495.950758775076, "Z_threshold0.05_time": 0.20272278785705566}