{"name": "L_100_33_824.513.json", "BaldoML_of": 3342.3247181283186, "BaldoML_time": 0.08794498443603516, "BaldoGA_of": 3343.21875287789, "BaldoGA_time": 0.616081953048706, "Solver_of": 3386.3873460557033, "Solver_time": 0.9138281345367432, "Z_threshold0.05_of": 3342.324718128318, "Z_threshold0.05_time": 0.15752887725830078, "Z_threshold0.1_of": 3314.9428091897635, "Z_threshold0.1_time": 0.0353388786315918, "Z_threshold0.15_of": 3266.4884823571456, "Z_threshold0.15_time": 0.06937193870544434, "Z_threshold0.2_of": 3050.4864206932293, "Z_threshold0.2_time": 0.030680179595947266, "Z_threshold0.25_of": 2991.1015051260606, "Z_threshold0.25_time": 0.026301860809326172, "Z_threshold0.3_of": 2991.1015051260606, "Z_threshold0.3_time": 0.025119304656982422, "Z_threshold0.35_of": 2991.1015051260606, "Z_threshold0.35_time": 0.02499532699584961, "Z_threshold0.4_of": 2883.4350859167075, "Z_threshold0.4_time": 0.02503180503845215, "Z_threshold0.45_of": 2883.4350859167075, "Z_threshold0.45_time": 0.025241851806640625, "Z_threshold0.5_of": 2883.4350859167075, "Z_threshold0.5_time": 0.027690649032592773}