{"name": "L_100_57_661.961.json", "BaldoML_of": 2693.125537423985, "BaldoML_time": 0.08568072319030762, "BaldoGA_of": 2734.405804155968, "BaldoGA_time": 0.12537527084350586, "Solver_of": 2734.405804155968, "Solver_time": 0.21152973175048828, "Z_threshold0.05_of": 2734.405804155968, "Z_threshold0.05_time": 0.12175726890563965, "Z_threshold0.1_of": 2734.405804155968, "Z_threshold0.1_time": 0.12272477149963379, "Z_threshold0.15_of": 2734.405804155968, "Z_threshold0.15_time": 0.1259593963623047, "Z_threshold0.2_of": 2734.405804155968, "Z_threshold0.2_time": 0.12641501426696777}