{"name": "L_100_46_660.95.json", "BaldoML_of": 2464.032488560643, "BaldoML_time": 0.09432816505432129, "BaldoGA_of": 2507.408357823496, "BaldoGA_time": 0.12446379661560059, "Solver_of": 2623.4909323352326, "Solver_time": 0.37146663665771484, "Z_threshold0.05_of": 2464.032488560643, "Z_threshold0.05_time": 0.025473833084106445, "Z_threshold0.1_of": 2464.032488560643, "Z_threshold0.1_time": 0.025374174118041992, "Z_threshold0.15_of": 2464.032488560643, "Z_threshold0.15_time": 0.025691747665405273, "Z_threshold0.2_of": 2464.032488560643, "Z_threshold0.2_time": 0.025450944900512695, "Z_threshold0.25_of": 2464.032488560643, "Z_threshold0.25_time": 0.025492191314697266, "Z_threshold0.3_of": 2464.032488560643, "Z_threshold0.3_time": 0.026553869247436523, "Z_threshold0.35_of": 2464.032488560643, "Z_threshold0.35_time": 0.025585651397705078, "Z_threshold0.4_of": 2464.032488560643, "Z_threshold0.4_time": 0.023213624954223633, "Z_threshold0.45_of": 2464.032488560643, "Z_threshold0.45_time": 0.023517370223999023, "Z_threshold0.5_of": 2464.032488560643, "Z_threshold0.5_time": 0.0297849178314209}