{"name": "L_100_24_836.135.json", "BaldoML_of": 3762.7099643879287, "BaldoML_time": 0.0994575023651123, "BaldoGA_of": 3884.189749921938, "BaldoGA_time": 0.4657151699066162, "Solver_of": 3896.7027942726845, "Solver_time": 0.6724874973297119, "Z_threshold0.05_of": 3896.7027942726845, "Z_threshold0.05_time": 0.5033974647521973, "Z_threshold0.1_of": 3866.448251443773, "Z_threshold0.1_time": 0.15854215621948242, "Z_threshold0.15_of": 3770.0266391114014, "Z_threshold0.15_time": 0.1554274559020996, "Z_threshold0.2_of": 3712.4242862281285, "Z_threshold0.2_time": 0.1533222198486328, "Z_threshold0.25_of": 3577.639447884225, "Z_threshold0.25_time": 0.12335848808288574}