{"name": "L_100_33_645.23.json", "BaldoML_of": 2814.9521705162924, "BaldoML_time": 0.2408914566040039, "BaldoGA_of": 2761.885062629326, "BaldoGA_time": 0.3339560031890869, "Solver_of": 2814.9521705162924, "Solver_time": 0.3660447597503662, "Z_threshold0.05_of": 2763.6764004363367, "Z_threshold0.05_time": 0.09941244125366211, "Z_threshold0.1_of": 2644.937326798369, "Z_threshold0.1_time": 0.05080437660217285, "Z_threshold0.15_of": 2603.9937471743983, "Z_threshold0.15_time": 0.03918576240539551, "Z_threshold0.2_of": 2603.9937471743983, "Z_threshold0.2_time": 0.04005885124206543, "Z_threshold0.25_of": 2603.9937471743983, "Z_threshold0.25_time": 0.03853154182434082, "Z_threshold0.3_of": 2521.6281948578617, "Z_threshold0.3_time": 0.03917264938354492, "Z_threshold0.35_of": 2521.6281948578617, "Z_threshold0.35_time": 0.03693699836730957, "Z_threshold0.4_of": 2521.6281948578617, "Z_threshold0.4_time": 0.037549734115600586, "Z_threshold0.45_of": 2521.6281948578617, "Z_threshold0.45_time": 0.03792166709899902, "Z_threshold0.5_of": 2491.092790467283, "Z_threshold0.5_time": 0.03651618957519531}