{"name": "L_100_53_656.011.json", "BaldoML_of": 2865.3800805942724, "BaldoML_time": 0.20786070823669434, "BaldoGA_of": 2837.9217930013515, "BaldoGA_time": 0.13472318649291992, "Solver_of": 2875.808070927968, "Solver_time": 0.25365710258483887, "Z_threshold0.05_of": 2837.9217930013515, "Z_threshold0.05_time": 0.04242229461669922, "Z_threshold0.1_of": 2837.9217930013515, "Z_threshold0.1_time": 0.0424041748046875, "Z_threshold0.15_of": 2837.9217930013515, "Z_threshold0.15_time": 0.04303097724914551, "Z_threshold0.2_of": 2837.9217930013515, "Z_threshold0.2_time": 0.045166015625, "Z_threshold0.25_of": 2837.9217930013515, "Z_threshold0.25_time": 0.04249691963195801, "Z_threshold0.3_of": 2837.9217930013515, "Z_threshold0.3_time": 0.04211783409118652, "Z_threshold0.35_of": 2837.9217930013515, "Z_threshold0.35_time": 0.04187464714050293, "Z_threshold0.4_of": 2837.9217930013515, "Z_threshold0.4_time": 0.0432586669921875, "Z_threshold0.45_of": 2837.9217930013515, "Z_threshold0.45_time": 0.04215097427368164, "Z_threshold0.5_of": 2837.9217930013515, "Z_threshold0.5_time": 0.04244732856750488}