{"name": "L_100_22_1377.011.json", "BaldoML_of": 3858.5264492185697, "BaldoML_time": 0.07910990715026855, "BaldoGA_of": 4160.10886797075, "BaldoGA_time": 0.8053221702575684, "Solver_of": 4263.504626633892, "Solver_time": 1.0667085647583008, "Z_threshold0.05_of": 4263.504626633892, "Z_threshold0.05_time": 0.2785043716430664, "Z_threshold0.1_of": 4239.086782899003, "Z_threshold0.1_time": 0.4335510730743408, "Z_threshold0.15_of": 4154.045287191889, "Z_threshold0.15_time": 0.2502608299255371, "Z_threshold0.2_of": 3980.487046318127, "Z_threshold0.2_time": 0.17037248611450195, "Z_threshold0.25_of": 3858.5264492185697, "Z_threshold0.25_time": 0.12735986709594727}