{"name": "L_100_29_694.063.json", "BaldoML_of": 2218.8778385164196, "BaldoML_time": 0.08707880973815918, "BaldoGA_of": 2294.045276699818, "BaldoGA_time": 0.23572182655334473, "Solver_of": 2380.439006335516, "Solver_time": 0.5888051986694336, "Z_threshold0.05_of": 2191.601396684049, "Z_threshold0.05_time": 0.05292630195617676, "Z_threshold0.1_of": 1998.2021488701628, "Z_threshold0.1_time": 0.02710556983947754, "Z_threshold0.15_of": 1982.6647407956243, "Z_threshold0.15_time": 0.026562213897705078, "Z_threshold0.2_of": 1966.8923048378008, "Z_threshold0.2_time": 0.02548694610595703, "Z_threshold0.25_of": 1947.790108194137, "Z_threshold0.25_time": 0.02130413055419922, "Z_threshold0.3_of": 1910.4565116909214, "Z_threshold0.3_time": 0.024303436279296875, "Z_threshold0.35_of": 1910.4565116909214, "Z_threshold0.35_time": 0.025511980056762695, "Z_threshold0.4_of": 1910.4565116909214, "Z_threshold0.4_time": 0.02395939826965332, "Z_threshold0.45_of": 1910.4565116909214, "Z_threshold0.45_time": 0.021464824676513672, "Z_threshold0.5_of": 1910.4565116909214, "Z_threshold0.5_time": 0.0216367244720459}