{"name": "L_100_38_1170.47.json", "BaldoML_of": 3994.816745845259, "BaldoML_time": 0.0845487117767334, "BaldoGA_of": 4113.200974949403, "BaldoGA_time": 0.6779365539550781, "Solver_of": 4176.144506357945, "Solver_time": 0.929171085357666, "Z_threshold0.05_of": 4176.144506357943, "Z_threshold0.05_time": 0.345844030380249, "Z_threshold0.1_of": 4142.116372423142, "Z_threshold0.1_time": 0.42559218406677246, "Z_threshold0.15_of": 4052.438103860447, "Z_threshold0.15_time": 0.14015722274780273, "Z_threshold0.2_of": 3994.816745845259, "Z_threshold0.2_time": 0.1367206573486328, "Z_threshold0.25_of": 3973.542879576392, "Z_threshold0.25_time": 0.1303703784942627}