{"name": "L_100_37_1378.647.json", "BaldoML_of": 3909.491791936275, "BaldoML_time": 0.09539175033569336, "BaldoGA_of": 3998.096181346472, "BaldoGA_time": 0.5938396453857422, "Solver_of": 4073.0877516551022, "Solver_time": 0.8875315189361572, "Z_threshold0.05_of": 4046.5976160484975, "Z_threshold0.05_time": 0.19035720825195312, "Z_threshold0.1_of": 3920.790595850743, "Z_threshold0.1_time": 0.10256576538085938, "Z_threshold0.15_of": 3624.1203195299545, "Z_threshold0.15_time": 0.028128623962402344, "Z_threshold0.2_of": 3624.1203195299545, "Z_threshold0.2_time": 0.029064416885375977, "Z_threshold0.25_of": 3624.1203195299545, "Z_threshold0.25_time": 0.028769731521606445, "Z_threshold0.3_of": 3510.20805400746, "Z_threshold0.3_time": 0.030730724334716797, "Z_threshold0.35_of": 3471.1253150089383, "Z_threshold0.35_time": 0.027205467224121094, "Z_threshold0.4_of": 3471.1253150089383, "Z_threshold0.4_time": 0.027498722076416016, "Z_threshold0.45_of": 3471.1253150089383, "Z_threshold0.45_time": 0.027185440063476562, "Z_threshold0.5_of": 3471.1253150089383, "Z_threshold0.5_time": 0.027399778366088867}