{"name": "L_100_38_786.8.json", "BaldoML_of": 3377.9494716886006, "BaldoML_time": 0.4215543270111084, "BaldoGA_of": 3300.0502691325883, "BaldoGA_time": 0.32405829429626465, "Solver_of": 3377.949471688601, "Solver_time": 0.8462367057800293, "Z_threshold0.05_of": 3273.475778803499, "Z_threshold0.05_time": 0.1600658893585205, "Z_threshold0.1_of": 3175.340165532032, "Z_threshold0.1_time": 0.04513430595397949, "Z_threshold0.15_of": 3175.340165532032, "Z_threshold0.15_time": 0.04027605056762695, "Z_threshold0.2_of": 3119.1121295078938, "Z_threshold0.2_time": 0.039774417877197266, "Z_threshold0.25_of": 3119.1121295078938, "Z_threshold0.25_time": 0.04032611846923828, "Z_threshold0.3_of": 3119.1121295078938, "Z_threshold0.3_time": 0.03945565223693848, "Z_threshold0.35_of": 3119.1121295078938, "Z_threshold0.35_time": 0.040087223052978516, "Z_threshold0.4_of": 3119.1121295078938, "Z_threshold0.4_time": 0.039292335510253906, "Z_threshold0.45_of": 3119.1121295078938, "Z_threshold0.45_time": 0.039548635482788086, "Z_threshold0.5_of": 3082.215355460561, "Z_threshold0.5_time": 0.04973578453063965}