{"name": "L_100_51_860.379.json", "BaldoML_of": 2942.079738738929, "BaldoML_time": 0.09489560127258301, "BaldoGA_of": 2999.8591798505304, "BaldoGA_time": 0.32273340225219727, "Solver_of": 3068.49308601222, "Solver_time": 0.529991626739502, "Z_threshold0.05_of": 2881.1611213212977, "Z_threshold0.05_time": 0.024561405181884766, "Z_threshold0.1_of": 2808.8504509658533, "Z_threshold0.1_time": 0.024398088455200195, "Z_threshold0.15_of": 2808.8504509658533, "Z_threshold0.15_time": 0.035459041595458984, "Z_threshold0.2_of": 2808.8504509658533, "Z_threshold0.2_time": 0.032280921936035156, "Z_threshold0.25_of": 2808.8504509658533, "Z_threshold0.25_time": 0.029428958892822266, "Z_threshold0.3_of": 2808.8504509658533, "Z_threshold0.3_time": 0.02803945541381836, "Z_threshold0.35_of": 2808.8504509658533, "Z_threshold0.35_time": 0.02735590934753418, "Z_threshold0.4_of": 2808.8504509658533, "Z_threshold0.4_time": 0.027461528778076172, "Z_threshold0.45_of": 2808.8504509658533, "Z_threshold0.45_time": 0.027344703674316406, "Z_threshold0.5_of": 2808.8504509658533, "Z_threshold0.5_time": 0.027181386947631836}