{"name": "L_100_28_666.749.json", "BaldoML_of": 2411.272435731062, "BaldoML_time": 0.09810185432434082, "BaldoGA_of": 2428.875797854942, "BaldoGA_time": 0.45269083976745605, "Solver_of": 2512.98443123382, "Solver_time": 0.6629083156585693, "Z_threshold0.05_of": 2459.9353102281025, "Z_threshold0.05_time": 0.2306203842163086, "Z_threshold0.1_of": 2459.9353102281025, "Z_threshold0.1_time": 0.23131585121154785, "Z_threshold0.15_of": 2370.003184595364, "Z_threshold0.15_time": 0.13652896881103516, "Z_threshold0.2_of": 2276.2128393667685, "Z_threshold0.2_time": 0.12007284164428711}