{"name": "L_100_27_658.143.json", "BaldoML_of": 2477.5483187252403, "BaldoML_time": 0.12622332572937012, "BaldoGA_of": 2476.9265883764106, "BaldoGA_time": 0.33724546432495117, "Solver_of": 2546.033972822616, "Solver_time": 0.5896899700164795, "Z_threshold0.05_of": 2546.033972822616, "Z_threshold0.05_time": 0.17454218864440918, "Z_threshold0.1_of": 2382.128096890473, "Z_threshold0.1_time": 0.14954042434692383, "Z_threshold0.15_of": 2382.128096890473, "Z_threshold0.15_time": 0.140610933303833, "Z_threshold0.2_of": 2357.7114890002404, "Z_threshold0.2_time": 0.12973856925964355}