{"name": "L_100_46_1237.511.json", "BaldoML_of": 4107.693780953817, "BaldoML_time": 0.08399319648742676, "BaldoGA_of": 4115.9630994281115, "BaldoGA_time": 0.6968176364898682, "Solver_of": 4147.420115877546, "Solver_time": 1.3952641487121582, "Z_threshold0.05_of": 4107.693780953816, "Z_threshold0.05_time": 0.1457521915435791, "Z_threshold0.1_of": 4063.11351611605, "Z_threshold0.1_time": 0.13094472885131836, "Z_threshold0.15_of": 3952.967018552984, "Z_threshold0.15_time": 0.1328125, "Z_threshold0.2_of": 3785.2070371174764, "Z_threshold0.2_time": 0.12546157836914062}