{"name": "L_100_47_1187.215.json", "BaldoML_of": 3650.9400653848843, "BaldoML_time": 0.09469985961914062, "BaldoGA_of": 3726.8742239296635, "BaldoGA_time": 0.508861780166626, "Solver_of": 3763.4144868159274, "Solver_time": 1.1098685264587402, "Z_threshold0.05_of": 3549.240724657608, "Z_threshold0.05_time": 0.12361884117126465, "Z_threshold0.1_of": 3481.9053301290487, "Z_threshold0.1_time": 0.12185502052307129, "Z_threshold0.15_of": 3481.9053301290487, "Z_threshold0.15_time": 0.12563300132751465, "Z_threshold0.2_of": 3481.9053301290487, "Z_threshold0.2_time": 0.1254575252532959}