{"name": "L_100_22_1338.229.json", "BaldoML_of": 3811.1958082647666, "BaldoML_time": 0.843095064163208, "BaldoGA_of": 3702.353450997283, "BaldoGA_time": 0.6294965744018555, "Solver_of": 3811.1958082647657, "Solver_time": 1.1886820793151855, "Z_threshold0.05_of": 3811.195808264766, "Z_threshold0.05_time": 0.31201744079589844, "Z_threshold0.1_of": 3810.3938164705824, "Z_threshold0.1_time": 0.12496447563171387, "Z_threshold0.15_of": 3779.3088230170038, "Z_threshold0.15_time": 0.23944807052612305, "Z_threshold0.2_of": 3779.3088230170038, "Z_threshold0.2_time": 0.1821894645690918, "Z_threshold0.25_of": 3779.3088230170038, "Z_threshold0.25_time": 0.15801644325256348, "Z_threshold0.3_of": 3713.8021872904724, "Z_threshold0.3_time": 0.20624542236328125, "Z_threshold0.35_of": 3713.8021872904724, "Z_threshold0.35_time": 0.16797971725463867, "Z_threshold0.4_of": 3565.2626090773383, "Z_threshold0.4_time": 0.05537748336791992, "Z_threshold0.45_of": 3565.2626090773383, "Z_threshold0.45_time": 0.05001020431518555, "Z_threshold0.5_of": 3538.4249640539965, "Z_threshold0.5_time": 0.04019045829772949}