{"name": "L_100_59_1238.601.json", "BaldoML_of": 3599.710899170896, "BaldoML_time": 0.11884784698486328, "BaldoGA_of": 3682.760931816603, "BaldoGA_time": 0.44452452659606934, "Solver_of": 3706.9404522083933, "Solver_time": 1.085737705230713, "Z_threshold0.05_of": 3520.3796926137215, "Z_threshold0.05_time": 0.13015294075012207, "Z_threshold0.1_of": 3428.3941724378633, "Z_threshold0.1_time": 0.13031387329101562, "Z_threshold0.15_of": 3428.3941724378633, "Z_threshold0.15_time": 0.13179683685302734, "Z_threshold0.2_of": 3428.3941724378633, "Z_threshold0.2_time": 0.12734198570251465}