{"name": "L_100_58_1252.17.json", "BaldoML_of": 4047.47385391563, "BaldoML_time": 0.10960745811462402, "BaldoGA_of": 4061.093068726314, "BaldoGA_time": 0.30971360206604004, "Solver_of": 4112.059106802216, "Solver_time": 0.605111837387085, "Z_threshold0.05_of": 3881.1376585549497, "Z_threshold0.05_time": 0.12272787094116211, "Z_threshold0.1_of": 3867.38639367427, "Z_threshold0.1_time": 0.12282347679138184, "Z_threshold0.15_of": 3867.38639367427, "Z_threshold0.15_time": 0.12286663055419922, "Z_threshold0.2_of": 3867.38639367427, "Z_threshold0.2_time": 0.1215810775756836, "Z_threshold0.25_of": 3867.38639367427, "Z_threshold0.25_time": 0.12266969680786133}