{"name": "L_100_44_903.828.json", "BaldoML_of": 2667.3624955706696, "BaldoML_time": 0.09415388107299805, "BaldoGA_of": 2663.012852799086, "BaldoGA_time": 0.28644847869873047, "Solver_of": 2769.8985389004324, "Solver_time": 0.6762747764587402, "Z_threshold0.05_of": 2542.7205662426823, "Z_threshold0.05_time": 0.024120807647705078, "Z_threshold0.1_of": 2510.7517559431167, "Z_threshold0.1_time": 0.024256467819213867, "Z_threshold0.15_of": 2510.7517559431167, "Z_threshold0.15_time": 0.023992061614990234, "Z_threshold0.2_of": 2510.7517559431167, "Z_threshold0.2_time": 0.023444652557373047, "Z_threshold0.25_of": 2510.7517559431167, "Z_threshold0.25_time": 0.02378225326538086, "Z_threshold0.3_of": 2510.7517559431167, "Z_threshold0.3_time": 0.023694276809692383, "Z_threshold0.35_of": 2510.7517559431167, "Z_threshold0.35_time": 0.030493497848510742, "Z_threshold0.4_of": 2510.7517559431167, "Z_threshold0.4_time": 0.024526596069335938, "Z_threshold0.45_of": 2510.7517559431167, "Z_threshold0.45_time": 0.034665822982788086, "Z_threshold0.5_of": 2510.7517559431167, "Z_threshold0.5_time": 0.02836132049560547}