{"name": "L_100_47_1187.215.json", "BaldoML_of": 3650.9400653848843, "BaldoML_time": 0.09469985961914062, "BaldoGA_of": 3726.8742239296635, "BaldoGA_time": 0.508861780166626, "Solver_of": 3763.4144868159274, "Solver_time": 1.1098685264587402, "Z_threshold0.05_of": 3549.240724657608, "Z_threshold0.05_time": 0.1266322135925293, "Z_threshold0.1_of": 3481.9053301290487, "Z_threshold0.1_time": 0.12156462669372559, "Z_threshold0.15_of": 3481.9053301290487, "Z_threshold0.15_time": 0.11949539184570312, "Z_threshold0.2_of": 3481.9053301290487, "Z_threshold0.2_time": 0.12152266502380371, "Z_threshold0.25_of": 3481.9053301290487, "Z_threshold0.25_time": 0.12234711647033691}