{"name": "L_100_52_627.296.json", "BaldoML_of": 2805.808018056506, "BaldoML_time": 0.08915996551513672, "BaldoGA_of": 2811.1080647388144, "BaldoGA_time": 0.11779117584228516, "Solver_of": 2911.948915671904, "Solver_time": 0.40407633781433105, "Z_threshold0.05_of": 2805.808018056506, "Z_threshold0.05_time": 0.12381911277770996, "Z_threshold0.1_of": 2805.808018056506, "Z_threshold0.1_time": 0.1219329833984375, "Z_threshold0.15_of": 2805.808018056506, "Z_threshold0.15_time": 0.12112164497375488, "Z_threshold0.2_of": 2805.808018056506, "Z_threshold0.2_time": 0.12239480018615723}