{"name": "L_100_39_927.263.json", "BaldoML_of": 3033.4260241581387, "BaldoML_time": 0.3892934322357178, "BaldoGA_of": 3018.2013580689645, "BaldoGA_time": 0.38659167289733887, "Solver_of": 3033.4260241581387, "Solver_time": 0.6925604343414307, "Z_threshold0.05_of": 2844.0463908251572, "Z_threshold0.05_time": 0.0576326847076416, "Z_threshold0.1_of": 2704.0874575414914, "Z_threshold0.1_time": 0.044309139251708984, "Z_threshold0.15_of": 2704.0874575414914, "Z_threshold0.15_time": 0.040184736251831055, "Z_threshold0.2_of": 2704.0874575414914, "Z_threshold0.2_time": 0.045584678649902344, "Z_threshold0.25_of": 2704.0874575414914, "Z_threshold0.25_time": 0.04087018966674805, "Z_threshold0.3_of": 2704.0874575414914, "Z_threshold0.3_time": 0.040702104568481445, "Z_threshold0.35_of": 2704.0874575414914, "Z_threshold0.35_time": 0.03786039352416992, "Z_threshold0.4_of": 2704.0874575414914, "Z_threshold0.4_time": 0.039330244064331055, "Z_threshold0.45_of": 2704.0874575414914, "Z_threshold0.45_time": 0.04237675666809082, "Z_threshold0.5_of": 2704.0874575414914, "Z_threshold0.5_time": 0.03680777549743652}