{"name": "L_100_46_1359.691.json", "BaldoML_of": 3475.8024942737757, "BaldoML_time": 0.08649301528930664, "BaldoGA_of": 3528.397513312316, "BaldoGA_time": 0.6164929866790771, "Solver_of": 3621.2186533132585, "Solver_time": 0.9361860752105713, "Z_threshold0.05_of": 3553.7718388290164, "Z_threshold0.05_time": 0.23211050033569336, "Z_threshold0.1_of": 3535.843947826289, "Z_threshold0.1_time": 0.13803815841674805, "Z_threshold0.15_of": 3390.0266632781963, "Z_threshold0.15_time": 0.1196136474609375, "Z_threshold0.2_of": 3329.512058763313, "Z_threshold0.2_time": 0.1258401870727539, "Z_threshold0.25_of": 3301.9019268696557, "Z_threshold0.25_time": 0.12646746635437012}