{"name": "L_100_38_1264.286.json", "BaldoML_of": 3605.844355790009, "BaldoML_time": 0.19018316268920898, "BaldoGA_of": 3705.160896452049, "BaldoGA_time": 0.742046594619751, "Solver_of": 3752.4256906167016, "Solver_time": 1.2172505855560303, "Z_threshold0.05_of": 3730.757778567621, "Z_threshold0.05_time": 0.5178651809692383, "Z_threshold0.1_of": 3676.471264296882, "Z_threshold0.1_time": 0.3651249408721924, "Z_threshold0.15_of": 3589.841344003463, "Z_threshold0.15_time": 0.16008687019348145, "Z_threshold0.2_of": 3552.8597042035526, "Z_threshold0.2_time": 0.13563227653503418}