{"name": "L_100_57_596.247.json", "BaldoML_of": 3060.5668146009402, "BaldoML_time": 0.08948373794555664, "BaldoGA_of": 3060.5668146009407, "BaldoGA_time": 0.1259775161743164, "Solver_of": 3240.062229577748, "Solver_time": 0.37956690788269043, "Z_threshold0.05_of": 3060.5668146009402, "Z_threshold0.05_time": 0.1200871467590332, "Z_threshold0.1_of": 3060.5668146009402, "Z_threshold0.1_time": 0.11590409278869629, "Z_threshold0.15_of": 3060.5668146009402, "Z_threshold0.15_time": 0.11876916885375977, "Z_threshold0.2_of": 3060.5668146009402, "Z_threshold0.2_time": 0.11812973022460938, "Z_threshold0.25_of": 3060.5668146009402, "Z_threshold0.25_time": 0.11716794967651367}