{"name": "L_100_20_661.863.json", "BaldoML_of": 2236.7727429486104, "BaldoML_time": 0.12229657173156738, "BaldoGA_of": 2300.6912116848284, "BaldoGA_time": 0.36161255836486816, "Solver_of": 2322.9395897127474, "Solver_time": 0.7716097831726074, "Z_threshold0.05_of": 2275.988740185998, "Z_threshold0.05_time": 0.18238282203674316}