{"name": "L_100_56_871.244.json", "BaldoML_of": 3001.104926413153, "BaldoML_time": 0.09060263633728027, "BaldoGA_of": 3078.3952496965107, "BaldoGA_time": 0.13509297370910645, "Solver_of": 3121.003335586954, "Solver_time": 0.5183990001678467, "Z_threshold0.05_of": 3083.9246234875873, "Z_threshold0.05_time": 0.039895057678222656, "Z_threshold0.1_of": 3083.9246234875873, "Z_threshold0.1_time": 0.03874778747558594, "Z_threshold0.15_of": 3083.9246234875873, "Z_threshold0.15_time": 0.03811955451965332, "Z_threshold0.2_of": 3083.9246234875873, "Z_threshold0.2_time": 0.038408756256103516, "Z_threshold0.25_of": 3083.9246234875873, "Z_threshold0.25_time": 0.03909015655517578, "Z_threshold0.3_of": 3083.9246234875873, "Z_threshold0.3_time": 0.041063547134399414, "Z_threshold0.35_of": 3083.9246234875873, "Z_threshold0.35_time": 0.0385286808013916, "Z_threshold0.4_of": 3083.9246234875873, "Z_threshold0.4_time": 0.03883814811706543, "Z_threshold0.45_of": 3001.1049264131516, "Z_threshold0.45_time": 0.028649091720581055, "Z_threshold0.5_of": 3001.1049264131516, "Z_threshold0.5_time": 0.027322769165039062}