{"name": "L_100_30_655.249.json", "BaldoML_of": 2719.3018411627227, "BaldoML_time": 0.10599589347839355, "BaldoGA_of": 2718.3983203395787, "BaldoGA_time": 0.34804391860961914, "Solver_of": 2768.215899953634, "Solver_time": 0.4697587490081787, "Z_threshold0.05_of": 2729.15613483184, "Z_threshold0.05_time": 0.10879039764404297, "Z_threshold0.1_of": 2728.0829843128176, "Z_threshold0.1_time": 0.04885435104370117, "Z_threshold0.15_of": 2671.8271412585505, "Z_threshold0.15_time": 0.044114112854003906, "Z_threshold0.2_of": 2457.1305050988494, "Z_threshold0.2_time": 0.02209615707397461, "Z_threshold0.25_of": 2457.1305050988494, "Z_threshold0.25_time": 0.027543306350708008, "Z_threshold0.3_of": 2457.1305050988494, "Z_threshold0.3_time": 0.020679712295532227, "Z_threshold0.35_of": 2339.2715019386997, "Z_threshold0.35_time": 0.019846200942993164, "Z_threshold0.4_of": 2339.2715019386997, "Z_threshold0.4_time": 0.019742727279663086, "Z_threshold0.45_of": 2339.2715019386997, "Z_threshold0.45_time": 0.019928693771362305, "Z_threshold0.5_of": 2339.2715019386997, "Z_threshold0.5_time": 0.019822359085083008}