{"name": "L_100_27_627.665.json", "BaldoML_of": 2674.095315268496, "BaldoML_time": 0.5222809314727783, "BaldoGA_of": 2650.3409202096104, "BaldoGA_time": 0.42337942123413086, "Solver_of": 2674.095315268496, "Solver_time": 0.8794457912445068, "Z_threshold0.05_of": 2650.1416911686265, "Z_threshold0.05_time": 0.07210659980773926, "Z_threshold0.1_of": 2612.8688389967006, "Z_threshold0.1_time": 0.05026984214782715, "Z_threshold0.15_of": 2545.646156563015, "Z_threshold0.15_time": 0.04160475730895996, "Z_threshold0.2_of": 2515.40092726978, "Z_threshold0.2_time": 0.03707385063171387, "Z_threshold0.25_of": 2451.351835244179, "Z_threshold0.25_time": 0.037592411041259766, "Z_threshold0.3_of": 2451.351835244179, "Z_threshold0.3_time": 0.03674769401550293, "Z_threshold0.35_of": 2451.351835244179, "Z_threshold0.35_time": 0.038045406341552734, "Z_threshold0.4_of": 2284.2837897457516, "Z_threshold0.4_time": 0.03655672073364258, "Z_threshold0.45_of": 2284.2837897457516, "Z_threshold0.45_time": 0.03655838966369629, "Z_threshold0.5_of": 2284.2837897457516, "Z_threshold0.5_time": 0.03623652458190918}