{"name": "L_100_21_639.041.json", "BaldoML_of": 2944.131399604292, "BaldoML_time": 0.10403895378112793, "BaldoGA_of": 2944.1313996042913, "BaldoGA_time": 0.3785417079925537, "Solver_of": 2959.7193223549284, "Solver_time": 0.5989875793457031, "Z_threshold0.05_of": 2924.4315134162566, "Z_threshold0.05_time": 0.1869673728942871, "Z_threshold0.1_of": 2924.431513416258, "Z_threshold0.1_time": 0.13090729713439941, "Z_threshold0.15_of": 2891.573046188627, "Z_threshold0.15_time": 0.12088394165039062, "Z_threshold0.2_of": 2891.573046188627, "Z_threshold0.2_time": 0.12123370170593262}