{"name": "L_100_24_666.778.json", "BaldoML_of": 2836.1357134446284, "BaldoML_time": 0.08981728553771973, "BaldoGA_of": 2833.059882586621, "BaldoGA_time": 0.33069300651550293, "Solver_of": 2847.2981930860715, "Solver_time": 0.557293176651001, "Z_threshold0.05_of": 2808.8933418917118, "Z_threshold0.05_time": 0.1821575164794922, "Z_threshold0.1_of": 2765.6004122952386, "Z_threshold0.1_time": 0.1353769302368164, "Z_threshold0.15_of": 2638.149381532216, "Z_threshold0.15_time": 0.1241598129272461, "Z_threshold0.2_of": 2567.650095821274, "Z_threshold0.2_time": 0.12036395072937012, "Z_threshold0.25_of": 2567.650095821274, "Z_threshold0.25_time": 0.12332582473754883}