{"name": "L_100_52_901.894.json", "BaldoML_of": 2646.4878981617653, "BaldoML_time": 0.10286331176757812, "BaldoGA_of": 2639.996810756296, "BaldoGA_time": 0.1864471435546875, "Solver_of": 2726.062589284783, "Solver_time": 0.6929633617401123, "Z_threshold0.05_of": 2542.881090240537, "Z_threshold0.05_time": 0.025264739990234375, "Z_threshold0.1_of": 2542.881090240537, "Z_threshold0.1_time": 0.02663731575012207, "Z_threshold0.15_of": 2542.881090240537, "Z_threshold0.15_time": 0.026237964630126953, "Z_threshold0.2_of": 2542.881090240537, "Z_threshold0.2_time": 0.0263521671295166, "Z_threshold0.25_of": 2542.881090240537, "Z_threshold0.25_time": 0.026391267776489258, "Z_threshold0.3_of": 2542.881090240537, "Z_threshold0.3_time": 0.026546239852905273, "Z_threshold0.35_of": 2542.881090240537, "Z_threshold0.35_time": 0.026568889617919922, "Z_threshold0.4_of": 2542.881090240537, "Z_threshold0.4_time": 0.026552677154541016, "Z_threshold0.45_of": 2542.881090240537, "Z_threshold0.45_time": 0.024624109268188477, "Z_threshold0.5_of": 2542.881090240537, "Z_threshold0.5_time": 0.022512197494506836}