{"name": "L_100_52_627.296.json", "BaldoML_of": 2911.948915671904, "BaldoML_time": 0.2339954376220703, "BaldoGA_of": 2811.1080647388144, "BaldoGA_time": 0.11779117584228516, "Solver_of": 2911.948915671904, "Solver_time": 0.40407633781433105, "Z_threshold0.05_of": 2805.8080180565057, "Z_threshold0.05_time": 0.037081241607666016, "Z_threshold0.1_of": 2805.8080180565057, "Z_threshold0.1_time": 0.03259849548339844, "Z_threshold0.15_of": 2805.8080180565057, "Z_threshold0.15_time": 0.03307795524597168, "Z_threshold0.2_of": 2805.8080180565057, "Z_threshold0.2_time": 0.03476262092590332, "Z_threshold0.25_of": 2805.8080180565057, "Z_threshold0.25_time": 0.04128718376159668, "Z_threshold0.3_of": 2805.8080180565057, "Z_threshold0.3_time": 0.0361330509185791, "Z_threshold0.35_of": 2805.8080180565057, "Z_threshold0.35_time": 0.03481769561767578, "Z_threshold0.4_of": 2805.8080180565057, "Z_threshold0.4_time": 0.03735637664794922, "Z_threshold0.45_of": 2805.8080180565057, "Z_threshold0.45_time": 0.03595590591430664, "Z_threshold0.5_of": 2805.8080180565057, "Z_threshold0.5_time": 0.03439784049987793}