{"name": "L_100_25_1315.954.json", "BaldoML_of": 3812.4173706337688, "BaldoML_time": 0.09315705299377441, "BaldoGA_of": 3927.1134542372943, "BaldoGA_time": 0.650409460067749, "Solver_of": 4056.71938438293, "Solver_time": 0.976433277130127, "Z_threshold0.05_of": 3957.505747937871, "Z_threshold0.05_time": 0.3852522373199463, "Z_threshold0.1_of": 3957.50574793787, "Z_threshold0.1_time": 0.35102176666259766, "Z_threshold0.15_of": 3812.4173706337688, "Z_threshold0.15_time": 0.20440936088562012, "Z_threshold0.2_of": 3696.0303802957205, "Z_threshold0.2_time": 0.12259578704833984, "Z_threshold0.25_of": 3655.2021938170287, "Z_threshold0.25_time": 0.12234163284301758}