{"name": "L_100_50_1239.055.json", "BaldoML_of": 3516.58388152085, "BaldoML_time": 0.087310791015625, "BaldoGA_of": 3685.1926495813022, "BaldoGA_time": 1.3479728698730469, "Solver_of": 3782.332634648604, "Solver_time": 1.2914412021636963, "Z_threshold0.05_of": 3665.7750392543785, "Z_threshold0.05_time": 0.04786348342895508, "Z_threshold0.1_of": 3493.14724100843, "Z_threshold0.1_time": 0.04873394966125488, "Z_threshold0.15_of": 3516.5838815208494, "Z_threshold0.15_time": 0.02876877784729004, "Z_threshold0.2_of": 3272.9264881304007, "Z_threshold0.2_time": 0.02655506134033203, "Z_threshold0.25_of": 3193.7167470613404, "Z_threshold0.25_time": 0.026559114456176758, "Z_threshold0.3_of": 3193.7167470613404, "Z_threshold0.3_time": 0.02671051025390625, "Z_threshold0.35_of": 3193.7167470613404, "Z_threshold0.35_time": 0.02599954605102539, "Z_threshold0.4_of": 3134.4911129392613, "Z_threshold0.4_time": 0.025308609008789062, "Z_threshold0.45_of": 3134.4911129392613, "Z_threshold0.45_time": 0.025409221649169922, "Z_threshold0.5_of": 3134.4911129392613, "Z_threshold0.5_time": 0.02762746810913086}