{"name": "L_100_33_1194.515.json", "BaldoML_of": 3586.275115949193, "BaldoML_time": 0.0869605541229248, "BaldoGA_of": 3757.721648102682, "BaldoGA_time": 0.690197229385376, "Solver_of": 3787.5361970227614, "Solver_time": 1.193387508392334, "Z_threshold0.05_of": 3787.5361970227605, "Z_threshold0.05_time": 0.3808279037475586, "Z_threshold0.1_of": 3697.7199666831425, "Z_threshold0.1_time": 0.19247126579284668, "Z_threshold0.15_of": 3680.21953382422, "Z_threshold0.15_time": 0.16770362854003906, "Z_threshold0.2_of": 3680.2195338242227, "Z_threshold0.2_time": 0.1470785140991211, "Z_threshold0.25_of": 3465.7137045328377, "Z_threshold0.25_time": 0.12112689018249512}