{"name": "L_100_20_1279.317.json", "BaldoML_of": 4698.386708043563, "BaldoML_time": 0.11964535713195801, "BaldoGA_of": 4717.803217190085, "BaldoGA_time": 0.7562284469604492, "Solver_of": 4773.111285873694, "Solver_time": 1.1406807899475098, "Z_threshold0.05_of": 4773.111285873694, "Z_threshold0.05_time": 0.4583897590637207, "Z_threshold0.1_of": 4734.988505142615, "Z_threshold0.1_time": 0.34152913093566895, "Z_threshold0.15_of": 4732.130474508859, "Z_threshold0.15_time": 0.1976940631866455, "Z_threshold0.2_of": 4732.130474508862, "Z_threshold0.2_time": 0.16712212562561035}