{"name": "L_100_33_645.23.json", "BaldoML_of": 2743.941447309555, "BaldoML_time": 0.10057473182678223, "BaldoGA_of": 2761.885062629326, "BaldoGA_time": 0.3339560031890869, "Solver_of": 2814.9521705162924, "Solver_time": 0.3660447597503662, "Z_threshold0.05_of": 2763.6764004363376, "Z_threshold0.05_time": 0.14560294151306152}