{"name": "L_100_46_1237.511.json", "BaldoML_of": 4107.693780953817, "BaldoML_time": 0.08399319648742676, "BaldoGA_of": 4115.9630994281115, "BaldoGA_time": 0.6968176364898682, "Solver_of": 4147.420115877546, "Solver_time": 1.3952641487121582, "Z_threshold0.05_of": 4107.693780953816, "Z_threshold0.05_time": 0.05264115333557129, "Z_threshold0.1_of": 4063.1135161160487, "Z_threshold0.1_time": 0.028910160064697266, "Z_threshold0.15_of": 3952.967018552983, "Z_threshold0.15_time": 0.028251171112060547, "Z_threshold0.2_of": 3785.207037117475, "Z_threshold0.2_time": 0.02732563018798828, "Z_threshold0.25_of": 3785.207037117475, "Z_threshold0.25_time": 0.02961564064025879, "Z_threshold0.3_of": 3758.777441586126, "Z_threshold0.3_time": 0.027555227279663086, "Z_threshold0.35_of": 3758.777441586126, "Z_threshold0.35_time": 0.026960134506225586, "Z_threshold0.4_of": 3758.777441586126, "Z_threshold0.4_time": 0.026905536651611328, "Z_threshold0.45_of": 3758.777441586126, "Z_threshold0.45_time": 0.027489662170410156, "Z_threshold0.5_of": 3758.777441586126, "Z_threshold0.5_time": 0.029347658157348633}