{"name": "L_100_57_1198.822.json", "BaldoML_of": 4148.419358711005, "BaldoML_time": 0.10226202011108398, "BaldoGA_of": 4206.070506131578, "BaldoGA_time": 0.46656346321105957, "Solver_of": 4288.409253432627, "Solver_time": 0.5902152061462402, "Z_threshold0.05_of": 4116.670457057894, "Z_threshold0.05_time": 0.028751611709594727, "Z_threshold0.1_of": 3925.472258880163, "Z_threshold0.1_time": 0.029985427856445312, "Z_threshold0.15_of": 3925.472258880163, "Z_threshold0.15_time": 0.03134870529174805, "Z_threshold0.2_of": 3925.472258880163, "Z_threshold0.2_time": 0.04302358627319336, "Z_threshold0.25_of": 3925.472258880163, "Z_threshold0.25_time": 0.03472185134887695, "Z_threshold0.3_of": 3925.472258880163, "Z_threshold0.3_time": 0.029640674591064453, "Z_threshold0.35_of": 3925.472258880163, "Z_threshold0.35_time": 0.030371665954589844, "Z_threshold0.4_of": 3925.472258880163, "Z_threshold0.4_time": 0.028606176376342773, "Z_threshold0.45_of": 3925.472258880163, "Z_threshold0.45_time": 0.028784751892089844, "Z_threshold0.5_of": 3925.472258880163, "Z_threshold0.5_time": 0.032111167907714844}