{"name": "L_100_31_702.566.json", "BaldoML_of": 2600.7411136165756, "BaldoML_time": 0.302276611328125, "BaldoGA_of": 2595.839735633473, "BaldoGA_time": 0.24425840377807617, "Solver_of": 2600.7411136165756, "Solver_time": 0.6262407302856445, "Z_threshold0.05_of": 2572.5178413500025, "Z_threshold0.05_time": 0.12285518646240234, "Z_threshold0.1_of": 2564.787222024641, "Z_threshold0.1_time": 0.1073758602142334, "Z_threshold0.15_of": 2551.8809659342833, "Z_threshold0.15_time": 0.07091379165649414, "Z_threshold0.2_of": 2551.8809659342833, "Z_threshold0.2_time": 0.037520647048950195, "Z_threshold0.25_of": 2551.8809659342833, "Z_threshold0.25_time": 0.03494882583618164, "Z_threshold0.3_of": 2469.0521416058896, "Z_threshold0.3_time": 0.0349118709564209, "Z_threshold0.35_of": 2425.5157150505265, "Z_threshold0.35_time": 0.03555035591125488, "Z_threshold0.4_of": 2324.787631981855, "Z_threshold0.4_time": 0.037587881088256836, "Z_threshold0.45_of": 2324.787631981855, "Z_threshold0.45_time": 0.03580117225646973, "Z_threshold0.5_of": 2324.787631981855, "Z_threshold0.5_time": 0.037206411361694336}