{"name": "L_100_31_1182.276.json", "BaldoML_of": 4107.098527257412, "BaldoML_time": 1.6371698379516602, "BaldoGA_of": 4049.2685999446157, "BaldoGA_time": 0.6340973377227783, "Solver_of": 4107.098527257412, "Solver_time": 2.9028570652008057, "Z_threshold0.05_of": 4098.526265767777, "Z_threshold0.05_time": 0.4742095470428467, "Z_threshold0.1_of": 4058.01108959725, "Z_threshold0.1_time": 0.22819828987121582, "Z_threshold0.15_of": 3787.77566743706, "Z_threshold0.15_time": 0.04665970802307129, "Z_threshold0.2_of": 3609.5219716416673, "Z_threshold0.2_time": 0.04591679573059082, "Z_threshold0.25_of": 3528.709714632253, "Z_threshold0.25_time": 0.045522451400756836, "Z_threshold0.3_of": 3452.8318542150623, "Z_threshold0.3_time": 0.044831037521362305, "Z_threshold0.35_of": 3452.8318542150623, "Z_threshold0.35_time": 0.04349231719970703, "Z_threshold0.4_of": 3452.8318542150623, "Z_threshold0.4_time": 0.043437957763671875, "Z_threshold0.45_of": 3452.8318542150623, "Z_threshold0.45_time": 0.044190168380737305, "Z_threshold0.5_of": 3452.8318542150623, "Z_threshold0.5_time": 0.043817758560180664}