{"name": "L_100_42_825.087.json", "BaldoML_of": 3227.430621054432, "BaldoML_time": 0.0952000617980957, "BaldoGA_of": 3287.5240671464862, "BaldoGA_time": 0.41245269775390625, "Solver_of": 3322.9741300075466, "Solver_time": 1.1945278644561768, "Z_threshold0.05_of": 3212.3057533315978, "Z_threshold0.05_time": 0.13510465621948242, "Z_threshold0.1_of": 3073.6948057399127, "Z_threshold0.1_time": 0.12406516075134277, "Z_threshold0.15_of": 3073.6948057399127, "Z_threshold0.15_time": 0.12989139556884766, "Z_threshold0.2_of": 3041.0138657083853, "Z_threshold0.2_time": 0.12617158889770508}