{"name": "L_100_40_1219.17.json", "BaldoML_of": 3802.478374249745, "BaldoML_time": 0.08267807960510254, "BaldoGA_of": 3917.3836609932855, "BaldoGA_time": 0.577730655670166, "Solver_of": 4026.5001285890257, "Solver_time": 0.9571349620819092, "Z_threshold0.05_of": 3984.411993233306, "Z_threshold0.05_time": 0.34599995613098145, "Z_threshold0.1_of": 3887.7344547918656, "Z_threshold0.1_time": 0.27231431007385254, "Z_threshold0.15_of": 3795.7566253294026, "Z_threshold0.15_time": 0.14574313163757324, "Z_threshold0.2_of": 3742.5034039182574, "Z_threshold0.2_time": 0.13150525093078613}