{"name": "L_100_51_841.252.json", "BaldoML_of": 3063.6904762353743, "BaldoML_time": 0.10335564613342285, "BaldoGA_of": 3060.874727411591, "BaldoGA_time": 0.1747140884399414, "Solver_of": 3154.7369159887426, "Solver_time": 0.5059125423431396, "Z_threshold0.05_of": 3060.8747274115913, "Z_threshold0.05_time": 0.13598346710205078, "Z_threshold0.1_of": 3060.8747274115913, "Z_threshold0.1_time": 0.1317918300628662, "Z_threshold0.15_of": 3060.8747274115913, "Z_threshold0.15_time": 0.13750624656677246, "Z_threshold0.2_of": 3060.8747274115913, "Z_threshold0.2_time": 0.14352083206176758}