{"name": "L_100_22_729.676.json", "BaldoML_of": 2133.2600154596244, "BaldoML_time": 0.09277582168579102, "BaldoGA_of": 2148.0422622626215, "BaldoGA_time": 0.3812093734741211, "Solver_of": 2213.65338500785, "Solver_time": 0.6224336624145508, "Z_threshold0.05_of": 2193.8074818957207, "Z_threshold0.05_time": 0.060294151306152344, "Z_threshold0.1_of": 2101.680942835486, "Z_threshold0.1_time": 0.04618263244628906, "Z_threshold0.15_of": 2010.2364078506073, "Z_threshold0.15_time": 0.022905349731445312, "Z_threshold0.2_of": 1828.3320062626135, "Z_threshold0.2_time": 0.020624876022338867, "Z_threshold0.25_of": 1828.3320062626135, "Z_threshold0.25_time": 0.023262739181518555, "Z_threshold0.3_of": 1828.3320062626135, "Z_threshold0.3_time": 0.020336389541625977, "Z_threshold0.35_of": 1828.3320062626135, "Z_threshold0.35_time": 0.020801067352294922, "Z_threshold0.4_of": 1828.3320062626135, "Z_threshold0.4_time": 0.021950721740722656, "Z_threshold0.45_of": 1780.0776947987054, "Z_threshold0.45_time": 0.020973920822143555, "Z_threshold0.5_of": 1700.4485470223503, "Z_threshold0.5_time": 0.025653600692749023}