{"name": "L_100_36_676.789.json", "BaldoML_of": 2480.677172322013, "BaldoML_time": 0.11062026023864746, "BaldoGA_of": 2533.787959578893, "BaldoGA_time": 0.2112734317779541, "Solver_of": 2554.0822824054926, "Solver_time": 0.347012996673584, "Z_threshold0.05_of": 2524.2103189842774, "Z_threshold0.05_time": 0.14075160026550293, "Z_threshold0.1_of": 2391.8653342235175, "Z_threshold0.1_time": 0.11658573150634766, "Z_threshold0.15_of": 2296.3371527836252, "Z_threshold0.15_time": 0.11669445037841797, "Z_threshold0.2_of": 2296.3371527836252, "Z_threshold0.2_time": 0.11890959739685059, "Z_threshold0.25_of": 2296.3371527836252, "Z_threshold0.25_time": 0.11740398406982422}