{"name": "L_100_20_1203.628.json", "BaldoML_of": 4603.202444834282, "BaldoML_time": 0.08828973770141602, "BaldoGA_of": 4633.120960676434, "BaldoGA_time": 0.7679097652435303, "Solver_of": 4692.228661544555, "Solver_time": 1.3747224807739258, "Z_threshold0.05_of": 4691.94371059076, "Z_threshold0.05_time": 0.21436214447021484, "Z_threshold0.1_of": 4628.050535781384, "Z_threshold0.1_time": 0.2544112205505371, "Z_threshold0.15_of": 4603.202444834282, "Z_threshold0.15_time": 0.14098024368286133, "Z_threshold0.2_of": 4511.286177983761, "Z_threshold0.2_time": 0.12839055061340332}