{"name": "L_100_46_629.764.json", "BaldoML_of": 2545.657935402051, "BaldoML_time": 0.08907675743103027, "BaldoGA_of": 2597.3285126955843, "BaldoGA_time": 0.1249856948852539, "Solver_of": 2669.8576292667212, "Solver_time": 0.3189091682434082, "Z_threshold0.05_of": 2597.3285126955843, "Z_threshold0.05_time": 0.12459683418273926, "Z_threshold0.1_of": 2597.3285126955843, "Z_threshold0.1_time": 0.12304282188415527, "Z_threshold0.15_of": 2597.3285126955843, "Z_threshold0.15_time": 0.125718355178833, "Z_threshold0.2_of": 2597.3285126955843, "Z_threshold0.2_time": 0.12105631828308105, "Z_threshold0.25_of": 2597.3285126955843, "Z_threshold0.25_time": 0.12223148345947266}