{"name": "L_100_46_712.843.json", "BaldoML_of": 2266.0570180009486, "BaldoML_time": 0.08713173866271973, "BaldoGA_of": 2266.057018000947, "BaldoGA_time": 0.20280146598815918, "Solver_of": 2340.3444472797664, "Solver_time": 0.5658316612243652, "Z_threshold0.05_of": 2186.8542088388267, "Z_threshold0.05_time": 0.11475396156311035}