{"name": "L_100_42_1243.254.json", "BaldoML_of": 4208.018658283942, "BaldoML_time": 0.706871509552002, "BaldoGA_of": 4180.721373067676, "BaldoGA_time": 0.6796653270721436, "Solver_of": 4208.018658283942, "Solver_time": 1.485994815826416, "Z_threshold0.05_of": 4184.512595001885, "Z_threshold0.05_time": 0.35023069381713867, "Z_threshold0.1_of": 4170.0303181165345, "Z_threshold0.1_time": 0.09554004669189453, "Z_threshold0.15_of": 4036.0714943811186, "Z_threshold0.15_time": 0.08644962310791016, "Z_threshold0.2_of": 4017.0912480847555, "Z_threshold0.2_time": 0.06577539443969727, "Z_threshold0.25_of": 4017.0912480847555, "Z_threshold0.25_time": 0.05348086357116699, "Z_threshold0.3_of": 3864.3201497523964, "Z_threshold0.3_time": 0.046070098876953125, "Z_threshold0.35_of": 3790.0727499877185, "Z_threshold0.35_time": 0.04700160026550293, "Z_threshold0.4_of": 3753.8816312282006, "Z_threshold0.4_time": 0.04881453514099121, "Z_threshold0.45_of": 3753.8816312282006, "Z_threshold0.45_time": 0.04417872428894043, "Z_threshold0.5_of": 3753.8816312282006, "Z_threshold0.5_time": 0.04515385627746582}