{"name": "L_100_54_849.332.json", "BaldoML_of": 2813.3344889140526, "BaldoML_time": 0.08809375762939453, "BaldoGA_of": 2845.3343200064655, "BaldoGA_time": 0.17589211463928223, "Solver_of": 2868.5095057187887, "Solver_time": 0.6468749046325684, "Z_threshold0.05_of": 2813.3344889140526, "Z_threshold0.05_time": 0.02752065658569336, "Z_threshold0.1_of": 2813.3344889140526, "Z_threshold0.1_time": 0.02670764923095703, "Z_threshold0.15_of": 2813.3344889140526, "Z_threshold0.15_time": 0.026758670806884766, "Z_threshold0.2_of": 2813.3344889140526, "Z_threshold0.2_time": 0.026726484298706055, "Z_threshold0.25_of": 2813.3344889140526, "Z_threshold0.25_time": 0.02693653106689453, "Z_threshold0.3_of": 2813.3344889140526, "Z_threshold0.3_time": 0.026836395263671875, "Z_threshold0.35_of": 2813.3344889140526, "Z_threshold0.35_time": 0.02427196502685547, "Z_threshold0.4_of": 2813.3344889140526, "Z_threshold0.4_time": 0.023914575576782227, "Z_threshold0.45_of": 2813.3344889140526, "Z_threshold0.45_time": 0.023517608642578125, "Z_threshold0.5_of": 2813.3344889140526, "Z_threshold0.5_time": 0.023455142974853516}