{"name": "L_100_36_867.406.json", "BaldoML_of": 2964.129389662464, "BaldoML_time": 0.08794713020324707, "BaldoGA_of": 3076.7108869167278, "BaldoGA_time": 0.4989805221557617, "Solver_of": 3141.099492299114, "Solver_time": 0.9385786056518555, "Z_threshold0.05_of": 2973.195751292489, "Z_threshold0.05_time": 0.06593585014343262, "Z_threshold0.1_of": 2668.8952813319816, "Z_threshold0.1_time": 0.029820680618286133, "Z_threshold0.15_of": 2621.711112802408, "Z_threshold0.15_time": 0.023823022842407227, "Z_threshold0.2_of": 2621.711112802408, "Z_threshold0.2_time": 0.023039817810058594, "Z_threshold0.25_of": 2512.8255142574085, "Z_threshold0.25_time": 0.022969722747802734, "Z_threshold0.3_of": 2512.8255142574085, "Z_threshold0.3_time": 0.02330160140991211, "Z_threshold0.35_of": 2512.8255142574085, "Z_threshold0.35_time": 0.023871183395385742, "Z_threshold0.4_of": 2512.8255142574085, "Z_threshold0.4_time": 0.02269601821899414, "Z_threshold0.45_of": 2512.8255142574085, "Z_threshold0.45_time": 0.02283334732055664, "Z_threshold0.5_of": 2512.8255142574085, "Z_threshold0.5_time": 0.023181438446044922}