{"name": "L_100_40_901.85.json", "BaldoML_of": 2793.959883801673, "BaldoML_time": 0.09557557106018066, "BaldoGA_of": 2793.9598838016723, "BaldoGA_time": 0.3196249008178711, "Solver_of": 2841.4886788053527, "Solver_time": 0.7808575630187988, "Z_threshold0.05_of": 2660.2204367404083, "Z_threshold0.05_time": 0.12581753730773926, "Z_threshold0.1_of": 2618.0511462992936, "Z_threshold0.1_time": 0.12191081047058105, "Z_threshold0.15_of": 2618.0511462992936, "Z_threshold0.15_time": 0.12324762344360352, "Z_threshold0.2_of": 2618.0511462992936, "Z_threshold0.2_time": 0.11856961250305176}