{"name": "L_100_21_633.549.json", "BaldoML_of": 2671.2571771706776, "BaldoML_time": 0.12077617645263672, "BaldoGA_of": 2769.870036337743, "BaldoGA_time": 0.5265774726867676, "Solver_of": 2771.0746552320197, "Solver_time": 0.5700986385345459, "Z_threshold0.05_of": 2771.0746552320197, "Z_threshold0.05_time": 0.28705787658691406}