{"name": "L_100_56_786.034.json", "BaldoML_of": 3554.648387628273, "BaldoML_time": 0.3248896598815918, "BaldoGA_of": 3422.305702314662, "BaldoGA_time": 0.18052434921264648, "Solver_of": 3554.648387628273, "Solver_time": 0.4454972743988037, "Z_threshold0.05_of": 3422.305702314662, "Z_threshold0.05_time": 0.06514310836791992, "Z_threshold0.1_of": 3422.305702314662, "Z_threshold0.1_time": 0.03567647933959961, "Z_threshold0.15_of": 3422.305702314662, "Z_threshold0.15_time": 0.038717031478881836, "Z_threshold0.2_of": 3422.305702314662, "Z_threshold0.2_time": 0.04131889343261719, "Z_threshold0.25_of": 3422.305702314662, "Z_threshold0.25_time": 0.04219484329223633, "Z_threshold0.3_of": 3422.305702314662, "Z_threshold0.3_time": 0.04261040687561035, "Z_threshold0.35_of": 3422.305702314662, "Z_threshold0.35_time": 0.04023551940917969, "Z_threshold0.4_of": 3422.305702314662, "Z_threshold0.4_time": 0.04208874702453613, "Z_threshold0.45_of": 3422.305702314662, "Z_threshold0.45_time": 0.04684758186340332, "Z_threshold0.5_of": 3422.305702314662, "Z_threshold0.5_time": 0.051523685455322266}