{"name": "L_100_58_656.245.json", "BaldoML_of": 2738.446766883188, "BaldoML_time": 0.08709335327148438, "BaldoGA_of": 2738.446766883188, "BaldoGA_time": 0.13820266723632812, "Solver_of": 2895.492020991404, "Solver_time": 0.2948791980743408, "Z_threshold0.05_of": 2738.446766883188, "Z_threshold0.05_time": 0.0353999137878418, "Z_threshold0.1_of": 2738.446766883188, "Z_threshold0.1_time": 0.02392411231994629, "Z_threshold0.15_of": 2738.446766883188, "Z_threshold0.15_time": 0.02528691291809082, "Z_threshold0.2_of": 2738.446766883188, "Z_threshold0.2_time": 0.025926828384399414, "Z_threshold0.25_of": 2738.446766883188, "Z_threshold0.25_time": 0.024436235427856445, "Z_threshold0.3_of": 2738.446766883188, "Z_threshold0.3_time": 0.023921966552734375, "Z_threshold0.35_of": 2738.446766883188, "Z_threshold0.35_time": 0.024172067642211914, "Z_threshold0.4_of": 2738.446766883188, "Z_threshold0.4_time": 0.02834463119506836, "Z_threshold0.45_of": 2738.446766883188, "Z_threshold0.45_time": 0.024452686309814453, "Z_threshold0.5_of": 2738.446766883188, "Z_threshold0.5_time": 0.024603843688964844}