{"name": "L_100_57_1265.126.json", "BaldoML_of": 4095.0754516474085, "BaldoML_time": 0.5584137439727783, "BaldoGA_of": 3985.1077294656534, "BaldoGA_time": 0.3758673667907715, "Solver_of": 4095.0754516474085, "Solver_time": 0.8249154090881348, "Z_threshold0.05_of": 3882.8421035886763, "Z_threshold0.05_time": 0.04554581642150879, "Z_threshold0.1_of": 3710.4345278720875, "Z_threshold0.1_time": 0.045439958572387695, "Z_threshold0.15_of": 3710.4345278720875, "Z_threshold0.15_time": 0.04955720901489258, "Z_threshold0.2_of": 3710.4345278720875, "Z_threshold0.2_time": 0.045946359634399414, "Z_threshold0.25_of": 3710.4345278720875, "Z_threshold0.25_time": 0.04275989532470703, "Z_threshold0.3_of": 3710.4345278720875, "Z_threshold0.3_time": 0.043949127197265625, "Z_threshold0.35_of": 3710.4345278720875, "Z_threshold0.35_time": 0.04616880416870117, "Z_threshold0.4_of": 3710.4345278720875, "Z_threshold0.4_time": 0.045191287994384766, "Z_threshold0.45_of": 3710.4345278720875, "Z_threshold0.45_time": 0.046527862548828125, "Z_threshold0.5_of": 3710.4345278720875, "Z_threshold0.5_time": 0.04665064811706543}