{"name": "L_100_29_560.561.json", "BaldoML_of": 3031.258809932624, "BaldoML_time": 0.591167688369751, "BaldoGA_of": 3014.298180881072, "BaldoGA_time": 0.567065954208374, "Solver_of": 3031.258809932624, "Solver_time": 0.8538329601287842, "Z_threshold0.05_of": 3031.258809932622, "Z_threshold0.05_time": 0.16278457641601562, "Z_threshold0.1_of": 3031.258809932622, "Z_threshold0.1_time": 0.1294858455657959, "Z_threshold0.15_of": 3007.0889362664957, "Z_threshold0.15_time": 0.05802512168884277, "Z_threshold0.2_of": 2949.380544846292, "Z_threshold0.2_time": 0.045041561126708984, "Z_threshold0.25_of": 2949.380544846292, "Z_threshold0.25_time": 0.043868064880371094, "Z_threshold0.3_of": 2949.380544846292, "Z_threshold0.3_time": 0.0457921028137207, "Z_threshold0.35_of": 2949.380544846292, "Z_threshold0.35_time": 0.04446697235107422, "Z_threshold0.4_of": 2762.7780872141543, "Z_threshold0.4_time": 0.04382586479187012, "Z_threshold0.45_of": 2762.7780872141543, "Z_threshold0.45_time": 0.04279303550720215, "Z_threshold0.5_of": 2762.7780872141543, "Z_threshold0.5_time": 0.042873382568359375}