{"name": "L_100_38_1236.318.json", "BaldoML_of": 4250.656658111831, "BaldoML_time": 0.08548736572265625, "BaldoGA_of": 4297.08298643856, "BaldoGA_time": 0.5670804977416992, "Solver_of": 4297.082986438559, "Solver_time": 0.96978759765625, "Z_threshold0.05_of": 4297.082986438559, "Z_threshold0.05_time": 0.21763372421264648, "Z_threshold0.1_of": 4250.656658111829, "Z_threshold0.1_time": 0.1324782371520996, "Z_threshold0.15_of": 4074.6424190004004, "Z_threshold0.15_time": 0.12044405937194824, "Z_threshold0.2_of": 4011.973020913668, "Z_threshold0.2_time": 0.12306976318359375}