{"name": "L_100_54_849.332.json", "BaldoML_of": 2813.3344889140526, "BaldoML_time": 0.08809375762939453, "BaldoGA_of": 2845.3343200064655, "BaldoGA_time": 0.17589211463928223, "Solver_of": 2868.5095057187887, "Solver_time": 0.6468749046325684, "Z_threshold0.05_of": 2813.3344889140526, "Z_threshold0.05_time": 0.11843729019165039, "Z_threshold0.1_of": 2813.3344889140526, "Z_threshold0.1_time": 0.11768960952758789, "Z_threshold0.15_of": 2813.3344889140526, "Z_threshold0.15_time": 0.11820554733276367, "Z_threshold0.2_of": 2813.3344889140526, "Z_threshold0.2_time": 0.11850547790527344}