{"name": "L_100_25_622.135.json", "BaldoML_of": 2832.009800981872, "BaldoML_time": 0.08925318717956543, "BaldoGA_of": 2832.0098009818716, "BaldoGA_time": 0.33629274368286133, "Solver_of": 2883.981945484708, "Solver_time": 0.7128555774688721, "Z_threshold0.05_of": 2832.1414545455923, "Z_threshold0.05_time": 0.041178226470947266, "Z_threshold0.1_of": 2815.7406649372274, "Z_threshold0.1_time": 0.03263735771179199, "Z_threshold0.15_of": 2784.0763753145584, "Z_threshold0.15_time": 0.021694183349609375, "Z_threshold0.2_of": 2784.0763753145584, "Z_threshold0.2_time": 0.035416603088378906, "Z_threshold0.25_of": 2784.0763753145584, "Z_threshold0.25_time": 0.026894569396972656, "Z_threshold0.3_of": 2616.984797328671, "Z_threshold0.3_time": 0.026484012603759766, "Z_threshold0.35_of": 2616.984797328671, "Z_threshold0.35_time": 0.025892019271850586, "Z_threshold0.4_of": 2505.9359812857497, "Z_threshold0.4_time": 0.02529168128967285, "Z_threshold0.45_of": 2505.9359812857497, "Z_threshold0.45_time": 0.025212526321411133, "Z_threshold0.5_of": 2505.9359812857497, "Z_threshold0.5_time": 0.0252227783203125}