{"name": "L_100_51_826.067.json", "BaldoML_of": 2996.412268695163, "BaldoML_time": 0.09710860252380371, "BaldoGA_of": 3033.1472642885883, "BaldoGA_time": 0.2706782817840576, "Solver_of": 3083.520076644926, "Solver_time": 0.49277186393737793, "Z_threshold0.05_of": 2967.3661492499273, "Z_threshold0.05_time": 0.1122121810913086}