{"name": "L_100_37_835.617.json", "BaldoML_of": 3100.849266154048, "BaldoML_time": 0.08976554870605469, "BaldoGA_of": 3110.9746426543384, "BaldoGA_time": 0.3930978775024414, "Solver_of": 3217.9402258908294, "Solver_time": 1.2166366577148438, "Z_threshold0.05_of": 3118.8647628720482, "Z_threshold0.05_time": 0.14096641540527344}