{"name": "L_100_33_841.381.json", "BaldoML_of": 3918.35725326254, "BaldoML_time": 0.10817313194274902, "BaldoGA_of": 3952.906122119116, "BaldoGA_time": 0.3809499740600586, "Solver_of": 3963.063283550792, "Solver_time": 0.8475382328033447, "Z_threshold0.05_of": 3845.9172713104113, "Z_threshold0.05_time": 0.1267094612121582, "Z_threshold0.1_of": 3769.0309376660125, "Z_threshold0.1_time": 0.12379193305969238, "Z_threshold0.15_of": 3769.0309376660125, "Z_threshold0.15_time": 0.12720012664794922, "Z_threshold0.2_of": 3675.6244947863793, "Z_threshold0.2_time": 0.12610244750976562}