{"name": "L_100_28_837.259.json", "BaldoML_of": 3226.7346178065445, "BaldoML_time": 0.10395026206970215, "BaldoGA_of": 3267.149332520972, "BaldoGA_time": 0.36268115043640137, "Solver_of": 3386.2818357837214, "Solver_time": 0.2917914390563965, "Z_threshold0.05_of": 3269.3124598069667, "Z_threshold0.05_time": 0.11514115333557129, "Z_threshold0.1_of": 3205.7867158938075, "Z_threshold0.1_time": 0.11399388313293457, "Z_threshold0.15_of": 3146.030148024758, "Z_threshold0.15_time": 0.023947477340698242, "Z_threshold0.2_of": 3035.8091518459687, "Z_threshold0.2_time": 0.023640871047973633, "Z_threshold0.25_of": 2969.7020795669905, "Z_threshold0.25_time": 0.02393937110900879, "Z_threshold0.3_of": 2969.7020795669905, "Z_threshold0.3_time": 0.023025989532470703, "Z_threshold0.35_of": 2969.7020795669905, "Z_threshold0.35_time": 0.026902198791503906, "Z_threshold0.4_of": 2969.7020795669905, "Z_threshold0.4_time": 0.024370431900024414, "Z_threshold0.45_of": 2969.7020795669905, "Z_threshold0.45_time": 0.028208255767822266, "Z_threshold0.5_of": 2969.7020795669905, "Z_threshold0.5_time": 0.028569698333740234}