{"name": "L_100_36_670.105.json", "BaldoML_of": 2207.5754990613614, "BaldoML_time": 0.11462616920471191, "BaldoGA_of": 2236.7834124465053, "BaldoGA_time": 0.4156630039215088, "Solver_of": 2311.4397500068562, "Solver_time": 1.4202399253845215, "Z_threshold0.05_of": 2233.000372418453, "Z_threshold0.05_time": 0.06455087661743164, "Z_threshold0.1_of": 2165.3590505012257, "Z_threshold0.1_time": 0.030588626861572266, "Z_threshold0.15_of": 2165.3590505012257, "Z_threshold0.15_time": 0.030400753021240234, "Z_threshold0.2_of": 2048.932498717934, "Z_threshold0.2_time": 0.021765470504760742, "Z_threshold0.25_of": 1975.9050938994553, "Z_threshold0.25_time": 0.025648832321166992, "Z_threshold0.3_of": 1975.9050938994553, "Z_threshold0.3_time": 0.02169966697692871, "Z_threshold0.35_of": 1975.9050938994553, "Z_threshold0.35_time": 0.024487972259521484, "Z_threshold0.4_of": 1975.9050938994553, "Z_threshold0.4_time": 0.023407459259033203, "Z_threshold0.45_of": 1975.9050938994553, "Z_threshold0.45_time": 0.02130579948425293, "Z_threshold0.5_of": 1975.9050938994553, "Z_threshold0.5_time": 0.023385047912597656}