{"name": "L_100_51_819.392.json", "BaldoML_of": 2859.91877919962, "BaldoML_time": 0.11108541488647461, "BaldoGA_of": 2884.6030701169034, "BaldoGA_time": 0.15258359909057617, "Solver_of": 2961.221406944881, "Solver_time": 0.7278382778167725, "Z_threshold0.05_of": 2852.968860976949, "Z_threshold0.05_time": 0.11881828308105469, "Z_threshold0.1_of": 2852.968860976949, "Z_threshold0.1_time": 0.11752176284790039, "Z_threshold0.15_of": 2852.968860976949, "Z_threshold0.15_time": 0.12015986442565918, "Z_threshold0.2_of": 2852.968860976949, "Z_threshold0.2_time": 0.11667609214782715}