{"name": "L_300_123_3797.243.json", "BaldoML_of": 12004.685170660405, "BaldoML_time": 0.3780219554901123, "BaldoGA_of": 11927.424189749787, "BaldoGA_time": 5.090052843093872, "Solver_of": 12263.770077900092, "Solver_time": 92.12382626533508, "Z_threshold0.05_of": 12213.95257387933, "Z_threshold0.05_time": 1.0420539379119873}