{"name": "L_300_79_1987.121.json", "BaldoML_of": 8190.889000603327, "BaldoML_time": 0.3689894676208496, "BaldoGA_of": 8041.659012674241, "BaldoGA_time": 2.4917678833007812, "Solver_of": 8319.640158480017, "Solver_time": 9.261289596557617, "Z_threshold0.05_of": 8286.362992290771, "Z_threshold0.05_time": 0.7995796203613281}