{"name": "L_300_111_3881.441.json", "BaldoML_of": 11867.019637181142, "BaldoML_time": 0.3379483222961426, "BaldoGA_of": 11914.029974643117, "BaldoGA_time": 4.997481107711792, "Solver_of": 12414.467475027597, "Solver_time": 11.698447465896606, "Z_threshold0.05_of": 12400.868203245775, "Z_threshold0.05_time": 0.9987649917602539, "Z_threshold0.1_of": 12247.364454704835, "Z_threshold0.1_time": 1.233449935913086, "Z_threshold0.15_of": 12247.364454704835, "Z_threshold0.15_time": 0.9763658046722412, "Z_threshold0.2_of": 12058.081302026669, "Z_threshold0.2_time": 0.6972696781158447}