{"name": "L_300_164_2595.448.json", "BaldoML_of": 9783.062052527253, "BaldoML_time": 0.3610830307006836, "BaldoGA_of": 9834.20330806245, "BaldoGA_time": 1.9041252136230469, "Solver_of": 10103.936939389043, "Solver_time": 6.717811346054077, "Z_threshold0.05_of": 9845.804415850429, "Z_threshold0.05_time": 0.5929567813873291, "Z_threshold0.1_of": 9845.804415850429, "Z_threshold0.1_time": 0.5883088111877441, "Z_threshold0.15_of": 9783.062052527253, "Z_threshold0.15_time": 0.5733335018157959, "Z_threshold0.2_of": 9783.062052527253, "Z_threshold0.2_time": 0.5706284046173096}