{"name": "L_300_122_2652.637.json", "BaldoML_of": 9235.858074220105, "BaldoML_time": 0.3874483108520508, "BaldoGA_of": 9236.089487516438, "BaldoGA_time": 3.867335319519043, "Solver_of": 9528.093403850411, "Solver_time": 6.880163669586182, "Z_threshold0.05_of": 9362.41899193665, "Z_threshold0.05_time": 0.917170524597168}