{"name": "L_300_134_1780.89.json", "BaldoML_of": 9078.984198657567, "BaldoML_time": 0.356356143951416, "BaldoGA_of": 9065.80200278315, "BaldoGA_time": 3.484135389328003, "Solver_of": 9296.917730390647, "Solver_time": 2.3542988300323486, "Z_threshold0.05_of": 8909.280265067318, "Z_threshold0.05_time": 0.5726699829101562, "Z_threshold0.1_of": 8699.697047671185, "Z_threshold0.1_time": 0.5770134925842285, "Z_threshold0.15_of": 8699.697047671185, "Z_threshold0.15_time": 0.5500595569610596, "Z_threshold0.2_of": 8699.697047671185, "Z_threshold0.2_time": 0.555992603302002, "Z_threshold0.25_of": 8699.697047671185, "Z_threshold0.25_time": 0.5525755882263184}