{"name": "L_300_102_3756.129.json", "BaldoML_of": 12547.10327283701, "BaldoML_time": 0.33398938179016113, "BaldoGA_of": 12656.500526227055, "BaldoGA_time": 4.295810699462891, "Solver_of": 12997.159656329175, "Solver_time": 11.888738870620728, "Z_threshold0.05_of": 12915.201632996792, "Z_threshold0.05_time": 1.6478347778320312, "Z_threshold0.1_of": 12796.099326970118, "Z_threshold0.1_time": 0.9314420223236084, "Z_threshold0.15_of": 12669.481055065684, "Z_threshold0.15_time": 1.0139522552490234, "Z_threshold0.2_of": 12501.744000088782, "Z_threshold0.2_time": 0.640465497970581}