{"name": "L_300_82_2561.885.json", "BaldoML_of": 9591.563207398036, "BaldoML_time": 0.4040217399597168, "BaldoGA_of": 9628.971614200871, "BaldoGA_time": 2.797714948654175, "Solver_of": 9992.654338790135, "Solver_time": 5.932551383972168, "Z_threshold0.05_of": 9880.517958798204, "Z_threshold0.05_time": 1.0142607688903809, "Z_threshold0.1_of": 9655.436772787874, "Z_threshold0.1_time": 0.9266612529754639, "Z_threshold0.15_of": 9606.921335255285, "Z_threshold0.15_time": 0.857144832611084, "Z_threshold0.2_of": 9513.37197891133, "Z_threshold0.2_time": 0.5837030410766602}