{"name": "L_300_138_2448.083.json", "BaldoML_of": 9583.923608669797, "BaldoML_time": 0.3903696537017822, "BaldoGA_of": 9533.085513257323, "BaldoGA_time": 3.4538731575012207, "Solver_of": 9780.87446019208, "Solver_time": 6.186245679855347, "Z_threshold0.05_of": 9651.92105654258, "Z_threshold0.05_time": 0.1843249797821045, "Z_threshold0.1_of": 9285.747035298333, "Z_threshold0.1_time": 0.14172101020812988, "Z_threshold0.15_of": 9270.166595943296, "Z_threshold0.15_time": 0.14910244941711426, "Z_threshold0.2_of": 9235.232834757206, "Z_threshold0.2_time": 0.14192485809326172, "Z_threshold0.25_of": 9235.232834757206, "Z_threshold0.25_time": 0.1402127742767334, "Z_threshold0.3_of": 9235.232834757206, "Z_threshold0.3_time": 0.1408100128173828, "Z_threshold0.35_of": 9235.232834757206, "Z_threshold0.35_time": 0.13985300064086914, "Z_threshold0.4_of": 9235.232834757206, "Z_threshold0.4_time": 0.13983869552612305, "Z_threshold0.45_of": 9235.232834757206, "Z_threshold0.45_time": 0.1392526626586914, "Z_threshold0.5_of": 9235.232834757206, "Z_threshold0.5_time": 0.13989734649658203}