{"name": "L_300_174_1889.668.json", "BaldoML_of": 7963.460328263601, "BaldoML_time": 0.29726386070251465, "BaldoGA_of": 7985.508421085855, "BaldoGA_time": 1.0272443294525146, "Solver_of": 8301.11771435732, "Solver_time": 4.369441032409668, "Z_threshold0.05_of": 7994.405501887743, "Z_threshold0.05_time": 0.5564742088317871, "Z_threshold0.1_of": 7994.405501887743, "Z_threshold0.1_time": 0.5491201877593994, "Z_threshold0.15_of": 7994.405501887743, "Z_threshold0.15_time": 0.5431976318359375, "Z_threshold0.2_of": 7994.405501887743, "Z_threshold0.2_time": 0.5456280708312988}