{"name": "L_300_131_2390.768.json", "BaldoML_of": 9893.949527039893, "BaldoML_time": 6.869171619415283, "BaldoGA_of": 9690.82698890477, "BaldoGA_time": 4.464602470397949, "Solver_of": 9896.00866152053, "Solver_time": 10.414388179779053, "Z_threshold0.05_of": 9767.42827137711, "Z_threshold0.05_time": 0.7014424800872803, "Z_threshold0.1_of": 9629.506182173072, "Z_threshold0.1_time": 0.2825648784637451, "Z_threshold0.15_of": 9538.039519009368, "Z_threshold0.15_time": 0.26124048233032227, "Z_threshold0.2_of": 9224.11184069904, "Z_threshold0.2_time": 0.24966073036193848, "Z_threshold0.25_of": 9224.11184069904, "Z_threshold0.25_time": 0.25043821334838867, "Z_threshold0.3_of": 9224.11184069904, "Z_threshold0.3_time": 0.25498414039611816, "Z_threshold0.35_of": 9184.724596004417, "Z_threshold0.35_time": 0.27245497703552246, "Z_threshold0.4_of": 9184.724596004417, "Z_threshold0.4_time": 0.25014233589172363, "Z_threshold0.45_of": 9184.724596004417, "Z_threshold0.45_time": 0.24629735946655273, "Z_threshold0.5_of": 9184.724596004417, "Z_threshold0.5_time": 0.25662922859191895}