{"name": "L_300_100_2558.58.json", "BaldoML_of": 9736.766955607385, "BaldoML_time": 0.3822922706604004, "BaldoGA_of": 9575.329789031699, "BaldoGA_time": 3.1037204265594482, "Solver_of": 9893.566240205799, "Solver_time": 4.788387060165405, "Z_threshold0.05_of": 9810.230345207612, "Z_threshold0.05_time": 0.6359477043151855, "Z_threshold0.1_of": 9737.600373684396, "Z_threshold0.1_time": 0.23178315162658691, "Z_threshold0.15_of": 9638.47947489724, "Z_threshold0.15_time": 0.18621110916137695, "Z_threshold0.2_of": 9312.488029309983, "Z_threshold0.2_time": 0.14522171020507812, "Z_threshold0.25_of": 9234.971145068104, "Z_threshold0.25_time": 0.14562153816223145, "Z_threshold0.3_of": 9110.670480943569, "Z_threshold0.3_time": 0.14519309997558594, "Z_threshold0.35_of": 9110.670480943569, "Z_threshold0.35_time": 0.16644048690795898, "Z_threshold0.4_of": 9110.670480943569, "Z_threshold0.4_time": 0.14414691925048828, "Z_threshold0.45_of": 9045.425886743134, "Z_threshold0.45_time": 0.14229607582092285, "Z_threshold0.5_of": 8970.066170025746, "Z_threshold0.5_time": 0.14188933372497559}