{"name": "L_300_134_1780.89.json", "BaldoML_of": 9078.984198657567, "BaldoML_time": 0.356356143951416, "BaldoGA_of": 9065.80200278315, "BaldoGA_time": 3.484135389328003, "Solver_of": 9296.917730390647, "Solver_time": 2.3542988300323486, "Z_threshold0.05_of": 9017.640185578524, "Z_threshold0.05_time": 0.12632274627685547, "Z_threshold0.1_of": 9017.640185578524, "Z_threshold0.1_time": 0.12640166282653809, "Z_threshold0.15_of": 9017.640185578524, "Z_threshold0.15_time": 0.12589335441589355, "Z_threshold0.2_of": 9017.640185578524, "Z_threshold0.2_time": 0.13919663429260254, "Z_threshold0.25_of": 9017.640185578524, "Z_threshold0.25_time": 0.12478756904602051, "Z_threshold0.3_of": 9017.640185578524, "Z_threshold0.3_time": 0.12528324127197266, "Z_threshold0.35_of": 9017.640185578524, "Z_threshold0.35_time": 0.12577486038208008, "Z_threshold0.4_of": 9017.640185578524, "Z_threshold0.4_time": 0.12741637229919434, "Z_threshold0.45_of": 9017.640185578524, "Z_threshold0.45_time": 0.12555909156799316, "Z_threshold0.5_of": 9017.640185578524, "Z_threshold0.5_time": 0.1274271011352539}