{"name": "L_300_145_3680.868.json", "BaldoML_of": 11995.785903742446, "BaldoML_time": 0.30928492546081543, "BaldoGA_of": 12096.294095150985, "BaldoGA_time": 4.57390832901001, "Solver_of": 12448.854180871234, "Solver_time": 88.21147727966309, "Z_threshold0.05_of": 12349.45325363786, "Z_threshold0.05_time": 1.6775176525115967, "Z_threshold0.1_of": 12254.624049177557, "Z_threshold0.1_time": 0.9227705001831055, "Z_threshold0.15_of": 12058.170143002975, "Z_threshold0.15_time": 0.8091702461242676, "Z_threshold0.2_of": 11912.422697270886, "Z_threshold0.2_time": 0.6137423515319824}