{"name": "L_300_157_3877.825.json", "BaldoML_of": 11479.892344936155, "BaldoML_time": 0.32991838455200195, "BaldoGA_of": 11441.25021786383, "BaldoGA_time": 5.4142906665802, "Solver_of": 11773.085441849546, "Solver_time": 24.267106294631958, "Z_threshold0.05_of": 11534.846952472091, "Z_threshold0.05_time": 0.21143031120300293, "Z_threshold0.1_of": 11488.862304391165, "Z_threshold0.1_time": 0.14928412437438965, "Z_threshold0.15_of": 11488.862304391165, "Z_threshold0.15_time": 0.15364980697631836, "Z_threshold0.2_of": 11488.862304391165, "Z_threshold0.2_time": 0.14762306213378906, "Z_threshold0.25_of": 11488.862304391165, "Z_threshold0.25_time": 0.14911890029907227, "Z_threshold0.3_of": 11488.862304391165, "Z_threshold0.3_time": 0.14864325523376465, "Z_threshold0.35_of": 11488.862304391165, "Z_threshold0.35_time": 0.149946928024292, "Z_threshold0.4_of": 11488.862304391165, "Z_threshold0.4_time": 0.14998579025268555, "Z_threshold0.45_of": 11413.780775228895, "Z_threshold0.45_time": 0.14768719673156738, "Z_threshold0.5_of": 11413.780775228895, "Z_threshold0.5_time": 0.14849257469177246}