{"name": "L_300_132_1784.208.json", "BaldoML_of": 8650.095629607516, "BaldoML_time": 0.2982766628265381, "BaldoGA_of": 8600.324353227006, "BaldoGA_time": 2.7367985248565674, "Solver_of": 8907.975238133151, "Solver_time": 2.9478328227996826, "Z_threshold0.05_of": 8345.50945822922, "Z_threshold0.05_time": 0.5429718494415283, "Z_threshold0.1_of": 8321.507166144009, "Z_threshold0.1_time": 0.5383405685424805, "Z_threshold0.15_of": 8321.507166144009, "Z_threshold0.15_time": 0.548717737197876, "Z_threshold0.2_of": 8321.507166144009, "Z_threshold0.2_time": 0.5392682552337646}