{"name": "L_300_122_1865.015.json", "BaldoML_of": 8903.775903428374, "BaldoML_time": 0.31613898277282715, "BaldoGA_of": 8840.562174322731, "BaldoGA_time": 3.830963611602783, "Solver_of": 9085.227605980273, "Solver_time": 3.9291837215423584, "Z_threshold0.05_of": 8957.925983143217, "Z_threshold0.05_time": 0.5936741828918457, "Z_threshold0.1_of": 8560.988042243429, "Z_threshold0.1_time": 0.5625958442687988, "Z_threshold0.15_of": 8373.556600071915, "Z_threshold0.15_time": 0.5592801570892334, "Z_threshold0.2_of": 8373.556600071915, "Z_threshold0.2_time": 0.5630252361297607, "Z_threshold0.25_of": 8352.845395570153, "Z_threshold0.25_time": 0.5678162574768066}