{"name": "L_300_144_3688.841.json", "BaldoML_of": 12600.088108792634, "BaldoML_time": 0.37032556533813477, "BaldoGA_of": 12698.215484155655, "BaldoGA_time": 6.0377302169799805, "Solver_of": 12969.66738128024, "Solver_time": 18.49199652671814, "Z_threshold0.05_of": 12909.055009848264, "Z_threshold0.05_time": 1.1648852825164795, "Z_threshold0.1_of": 12733.24504591845, "Z_threshold0.1_time": 0.9097874164581299, "Z_threshold0.15_of": 12569.616261348792, "Z_threshold0.15_time": 0.7204608917236328, "Z_threshold0.2_of": 12225.673293271415, "Z_threshold0.2_time": 0.6782968044281006}