{"name": "L_300_145_1868.056.json", "BaldoML_of": 7725.747103186295, "BaldoML_time": 0.3541114330291748, "BaldoGA_of": 7745.893147944589, "BaldoGA_time": 0.9712386131286621, "Solver_of": 8122.769958018843, "Solver_time": 4.6602818965911865, "Z_threshold0.05_of": 7872.428831786427, "Z_threshold0.05_time": 0.13790607452392578, "Z_threshold0.1_of": 7872.428831786427, "Z_threshold0.1_time": 0.1355736255645752, "Z_threshold0.15_of": 7872.428831786427, "Z_threshold0.15_time": 0.14002561569213867, "Z_threshold0.2_of": 7872.428831786427, "Z_threshold0.2_time": 0.1428990364074707, "Z_threshold0.25_of": 7872.428831786427, "Z_threshold0.25_time": 0.13831806182861328, "Z_threshold0.3_of": 7872.428831786427, "Z_threshold0.3_time": 0.13682103157043457, "Z_threshold0.35_of": 7872.428831786427, "Z_threshold0.35_time": 0.13640618324279785, "Z_threshold0.4_of": 7872.428831786427, "Z_threshold0.4_time": 0.13689708709716797, "Z_threshold0.45_of": 7872.428831786427, "Z_threshold0.45_time": 0.13597559928894043, "Z_threshold0.5_of": 7872.428831786427, "Z_threshold0.5_time": 0.13783001899719238}