{"name": "L_300_157_3877.825.json", "BaldoML_of": 11479.892344936155, "BaldoML_time": 0.32991838455200195, "BaldoGA_of": 11441.25021786383, "BaldoGA_time": 5.4142906665802, "Solver_of": 11773.085441849546, "Solver_time": 24.267106294631958, "Z_threshold0.05_of": 11594.84578558827, "Z_threshold0.05_time": 1.037329912185669}