{"name": "L_300_79_2589.132.json", "BaldoML_of": 10257.034031954145, "BaldoML_time": 0.4368865489959717, "BaldoGA_of": 10165.723408499543, "BaldoGA_time": 3.1850497722625732, "Solver_of": 10381.204723394116, "Solver_time": 6.2520201206207275, "Z_threshold0.05_of": 10324.289002587746, "Z_threshold0.05_time": 0.9928586483001709}