{"name": "L_300_123_2497.914.json", "BaldoML_of": 9858.075106466444, "BaldoML_time": 0.3652534484863281, "BaldoGA_of": 9896.121923102635, "BaldoGA_time": 3.815507411956787, "Solver_of": 10086.894883617524, "Solver_time": 4.561654806137085, "Z_threshold0.05_of": 10004.33333616882, "Z_threshold0.05_time": 0.8332931995391846}