{"name": "L_300_93_2558.299.json", "BaldoML_of": 9479.675205150566, "BaldoML_time": 2.937854290008545, "BaldoGA_of": 9109.540784770305, "BaldoGA_time": 2.609165906906128, "Solver_of": 9479.67520515056, "Solver_time": 5.172581672668457, "Z_threshold0.05_of": 9432.97327256508, "Z_threshold0.05_time": 0.7067420482635498, "Z_threshold0.1_of": 9304.344180891363, "Z_threshold0.1_time": 0.4668407440185547, "Z_threshold0.15_of": 9155.965873331004, "Z_threshold0.15_time": 0.43226027488708496, "Z_threshold0.2_of": 9024.233441600743, "Z_threshold0.2_time": 0.2833256721496582, "Z_threshold0.25_of": 8879.029440692866, "Z_threshold0.25_time": 0.27575135231018066, "Z_threshold0.3_of": 8848.097208297408, "Z_threshold0.3_time": 0.28699517250061035, "Z_threshold0.35_of": 8796.77318026035, "Z_threshold0.35_time": 0.294630765914917, "Z_threshold0.4_of": 8742.356955270143, "Z_threshold0.4_time": 0.2839088439941406, "Z_threshold0.45_of": 8711.40452838391, "Z_threshold0.45_time": 0.2808976173400879, "Z_threshold0.5_of": 8646.70770956289, "Z_threshold0.5_time": 0.28413844108581543}