{"name": "L_300_86_2463.409.json", "BaldoML_of": 10497.480540764021, "BaldoML_time": 0.4396054744720459, "BaldoGA_of": 10505.667699413412, "BaldoGA_time": 3.8799262046813965, "Solver_of": 10684.99477551347, "Solver_time": 5.580833435058594, "Z_threshold0.05_of": 10656.97674328261, "Z_threshold0.05_time": 0.9153127670288086, "Z_threshold0.1_of": 10530.632030112649, "Z_threshold0.1_time": 0.8495323657989502, "Z_threshold0.15_of": 10487.467303113504, "Z_threshold0.15_time": 0.8589091300964355, "Z_threshold0.2_of": 10467.103276984542, "Z_threshold0.2_time": 0.6251528263092041, "Z_threshold0.25_of": 10240.312829066654, "Z_threshold0.25_time": 0.5592639446258545}