{"name": "L_300_170_2315.855.json", "BaldoML_of": 10035.431071864235, "BaldoML_time": 0.3158736228942871, "BaldoGA_of": 10054.343270063444, "BaldoGA_time": 1.5986332893371582, "Solver_of": 10350.120544886408, "Solver_time": 4.998420715332031, "Z_threshold0.05_of": 10001.792215827238, "Z_threshold0.05_time": 0.5777266025543213, "Z_threshold0.1_of": 10001.792215827238, "Z_threshold0.1_time": 0.5683586597442627, "Z_threshold0.15_of": 10001.792215827238, "Z_threshold0.15_time": 0.560657262802124, "Z_threshold0.2_of": 10001.792215827238, "Z_threshold0.2_time": 0.560366153717041}