{"name": "L_300_88_2525.635.json", "BaldoML_of": 9276.24089747256, "BaldoML_time": 0.42534828186035156, "BaldoGA_of": 9281.278401680613, "BaldoGA_time": 2.768693447113037, "Solver_of": 9518.499751248486, "Solver_time": 9.907722234725952, "Z_threshold0.05_of": 9458.29456031883, "Z_threshold0.05_time": 0.9595134258270264}