{"name": "L_300_146_2604.092.json", "BaldoML_of": 9245.878290783048, "BaldoML_time": 0.3431065082550049, "BaldoGA_of": 9278.226894815276, "BaldoGA_time": 4.427839517593384, "Solver_of": 9509.533874693469, "Solver_time": 4.935254096984863, "Z_threshold0.05_of": 9189.958416099262, "Z_threshold0.05_time": 0.15685749053955078, "Z_threshold0.1_of": 8991.353773689962, "Z_threshold0.1_time": 0.12663602828979492, "Z_threshold0.15_of": 8991.353773689962, "Z_threshold0.15_time": 0.12598943710327148, "Z_threshold0.2_of": 8991.353773689962, "Z_threshold0.2_time": 0.1439356803894043, "Z_threshold0.25_of": 8991.353773689962, "Z_threshold0.25_time": 0.1265699863433838, "Z_threshold0.3_of": 8991.353773689962, "Z_threshold0.3_time": 0.1266329288482666, "Z_threshold0.35_of": 8991.353773689962, "Z_threshold0.35_time": 0.12708711624145508, "Z_threshold0.4_of": 8991.353773689962, "Z_threshold0.4_time": 0.12727594375610352, "Z_threshold0.45_of": 8991.353773689962, "Z_threshold0.45_time": 0.12673497200012207, "Z_threshold0.5_of": 8991.353773689962, "Z_threshold0.5_time": 0.12523460388183594}