{"name": "L_300_131_2390.768.json", "BaldoML_of": 9705.585161375537, "BaldoML_time": 0.46204447746276855, "BaldoGA_of": 9690.82698890477, "BaldoGA_time": 4.464602470397949, "Solver_of": 9896.00866152053, "Solver_time": 10.414388179779053, "Z_threshold0.05_of": 9732.98372503804, "Z_threshold0.05_time": 1.0704643726348877, "Z_threshold0.1_of": 9423.758630153256, "Z_threshold0.1_time": 0.5776815414428711, "Z_threshold0.15_of": 9166.312887168484, "Z_threshold0.15_time": 0.587719202041626, "Z_threshold0.2_of": 8988.279877103712, "Z_threshold0.2_time": 0.5815958976745605}