{"name": "L_300_116_2479.608.json", "BaldoML_of": 9040.21020264465, "BaldoML_time": 0.35042285919189453, "BaldoGA_of": 8902.27201498851, "BaldoGA_time": 3.5356979370117188, "Solver_of": 9170.915980166927, "Solver_time": 9.47641897201538, "Z_threshold0.05_of": 9067.949228768699, "Z_threshold0.05_time": 0.1951158046722412, "Z_threshold0.1_of": 8976.281629654497, "Z_threshold0.1_time": 0.14899349212646484, "Z_threshold0.15_of": 8819.78258417205, "Z_threshold0.15_time": 0.14806461334228516, "Z_threshold0.2_of": 8653.232579342743, "Z_threshold0.2_time": 0.14130949974060059, "Z_threshold0.25_of": 8609.02841962097, "Z_threshold0.25_time": 0.1365981101989746, "Z_threshold0.3_of": 8609.02841962097, "Z_threshold0.3_time": 0.14206981658935547, "Z_threshold0.35_of": 8575.352257355344, "Z_threshold0.35_time": 0.1522536277770996, "Z_threshold0.4_of": 8500.735632787362, "Z_threshold0.4_time": 0.1362769603729248, "Z_threshold0.45_of": 8458.664293438285, "Z_threshold0.45_time": 0.13730096817016602, "Z_threshold0.5_of": 8458.664293438285, "Z_threshold0.5_time": 0.14035987854003906}