{"name": "L_300_134_3812.238.json", "BaldoML_of": 11017.049377184809, "BaldoML_time": 0.33083629608154297, "BaldoGA_of": 11094.23527835091, "BaldoGA_time": 4.717463254928589, "Solver_of": 11466.259860253198, "Solver_time": 25.70284342765808, "Z_threshold0.05_of": 11323.70450362396, "Z_threshold0.05_time": 1.047738790512085, "Z_threshold0.1_of": 11176.992916744584, "Z_threshold0.1_time": 0.8831014633178711, "Z_threshold0.15_of": 11114.796926437402, "Z_threshold0.15_time": 0.8081855773925781, "Z_threshold0.2_of": 11012.914655234237, "Z_threshold0.2_time": 0.7495379447937012, "Z_threshold0.25_of": 10860.748606549443, "Z_threshold0.25_time": 0.5809760093688965}