{"name": "L_300_134_3812.238.json", "BaldoML_of": 11017.049377184809, "BaldoML_time": 0.33083629608154297, "BaldoGA_of": 11094.23527835091, "BaldoGA_time": 4.717463254928589, "Solver_of": 11466.259860253198, "Solver_time": 25.70284342765808, "Z_threshold0.05_of": 11323.704503623954, "Z_threshold0.05_time": 0.6239526271820068, "Z_threshold0.1_of": 11159.49695504431, "Z_threshold0.1_time": 0.5611422061920166, "Z_threshold0.15_of": 11116.404132543621, "Z_threshold0.15_time": 0.19104599952697754, "Z_threshold0.2_of": 11093.776636225564, "Z_threshold0.2_time": 0.13599061965942383, "Z_threshold0.25_of": 10948.264082670965, "Z_threshold0.25_time": 0.1338348388671875, "Z_threshold0.3_of": 10883.246064629064, "Z_threshold0.3_time": 0.13661623001098633, "Z_threshold0.35_of": 10883.246064629064, "Z_threshold0.35_time": 0.1410384178161621, "Z_threshold0.4_of": 10883.246064629064, "Z_threshold0.4_time": 0.13668251037597656, "Z_threshold0.45_of": 10883.246064629064, "Z_threshold0.45_time": 0.13294434547424316, "Z_threshold0.5_of": 10883.246064629064, "Z_threshold0.5_time": 0.1348123550415039}