{"name": "L_300_131_2390.768.json", "BaldoML_of": 9705.585161375537, "BaldoML_time": 0.46204447746276855, "BaldoGA_of": 9690.82698890477, "BaldoGA_time": 4.464602470397949, "Solver_of": 9896.00866152053, "Solver_time": 10.414388179779053, "Z_threshold0.05_of": 9733.273918635163, "Z_threshold0.05_time": 0.9276344776153564, "Z_threshold0.1_of": 9423.758630153256, "Z_threshold0.1_time": 0.5555412769317627, "Z_threshold0.15_of": 9166.312887168484, "Z_threshold0.15_time": 0.5515251159667969, "Z_threshold0.2_of": 8988.279877103712, "Z_threshold0.2_time": 0.6361594200134277, "Z_threshold0.25_of": 8988.279877103712, "Z_threshold0.25_time": 0.5554749965667725}