{"name": "L_300_103_1920.868.json", "BaldoML_of": 7664.897403782668, "BaldoML_time": 0.39099979400634766, "BaldoGA_of": 7628.852631812374, "BaldoGA_time": 2.7402923107147217, "Solver_of": 7871.553833167379, "Solver_time": 4.167399168014526, "Z_threshold0.05_of": 7772.265665861584, "Z_threshold0.05_time": 0.3575551509857178, "Z_threshold0.1_of": 7641.75937934135, "Z_threshold0.1_time": 0.1625053882598877, "Z_threshold0.15_of": 7450.596131800812, "Z_threshold0.15_time": 0.1286921501159668, "Z_threshold0.2_of": 7334.862304292412, "Z_threshold0.2_time": 0.12638497352600098, "Z_threshold0.25_of": 7181.330921867456, "Z_threshold0.25_time": 0.12691068649291992, "Z_threshold0.3_of": 7127.63981558554, "Z_threshold0.3_time": 0.1258993148803711, "Z_threshold0.35_of": 7078.760785267911, "Z_threshold0.35_time": 0.12690114974975586, "Z_threshold0.4_of": 7078.760785267911, "Z_threshold0.4_time": 0.12514615058898926, "Z_threshold0.45_of": 7037.55024544106, "Z_threshold0.45_time": 0.1264505386352539, "Z_threshold0.5_of": 7037.55024544106, "Z_threshold0.5_time": 0.12496590614318848}