{"name": "L_300_109_1874.235.json", "BaldoML_of": 8250.53417747488, "BaldoML_time": 0.37969326972961426, "BaldoGA_of": 8229.009793554498, "BaldoGA_time": 2.9847042560577393, "Solver_of": 8392.794027211039, "Solver_time": 8.242860794067383, "Z_threshold0.05_of": 8279.192776407774, "Z_threshold0.05_time": 0.17671895027160645, "Z_threshold0.1_of": 8033.8642905743645, "Z_threshold0.1_time": 0.13990330696105957, "Z_threshold0.15_of": 7831.384653232398, "Z_threshold0.15_time": 0.21712493896484375, "Z_threshold0.2_of": 7737.227831011588, "Z_threshold0.2_time": 0.13754034042358398, "Z_threshold0.25_of": 7686.484013402487, "Z_threshold0.25_time": 0.13715791702270508, "Z_threshold0.3_of": 7686.484013402487, "Z_threshold0.3_time": 0.13706755638122559, "Z_threshold0.35_of": 7686.484013402487, "Z_threshold0.35_time": 0.13799285888671875, "Z_threshold0.4_of": 7686.484013402487, "Z_threshold0.4_time": 0.13696575164794922, "Z_threshold0.45_of": 7686.484013402487, "Z_threshold0.45_time": 0.1377098560333252, "Z_threshold0.5_of": 7686.484013402487, "Z_threshold0.5_time": 0.13812994956970215}