{"name": "L_300_91_2442.135.json", "BaldoML_of": 9718.76418243587, "BaldoML_time": 0.3156251907348633, "BaldoGA_of": 9810.49953960919, "BaldoGA_time": 2.844792127609253, "Solver_of": 10006.06820544366, "Solver_time": 8.712333917617798, "Z_threshold0.05_of": 9992.414560743347, "Z_threshold0.05_time": 1.2583515644073486}