{"name": "L_300_144_3688.841.json", "BaldoML_of": 12600.088108792634, "BaldoML_time": 0.37032556533813477, "BaldoGA_of": 12698.215484155655, "BaldoGA_time": 6.0377302169799805, "Solver_of": 12969.66738128024, "Solver_time": 18.49199652671814, "Z_threshold0.05_of": 12909.055009848282, "Z_threshold0.05_time": 0.6005983352661133, "Z_threshold0.1_of": 12742.47661304419, "Z_threshold0.1_time": 0.20100784301757812, "Z_threshold0.15_of": 12720.921946153143, "Z_threshold0.15_time": 0.1600189208984375, "Z_threshold0.2_of": 12720.071972642965, "Z_threshold0.2_time": 0.13899755477905273, "Z_threshold0.25_of": 12720.071972642965, "Z_threshold0.25_time": 0.1370546817779541, "Z_threshold0.3_of": 12641.792478830244, "Z_threshold0.3_time": 0.1393899917602539, "Z_threshold0.35_of": 12641.792478830244, "Z_threshold0.35_time": 0.13680529594421387, "Z_threshold0.4_of": 12641.792478830244, "Z_threshold0.4_time": 0.13909101486206055, "Z_threshold0.45_of": 12641.792478830244, "Z_threshold0.45_time": 0.13698840141296387, "Z_threshold0.5_of": 12541.549039632871, "Z_threshold0.5_time": 0.13710808753967285}