{"name": "L_300_79_2589.132.json", "BaldoML_of": 10257.034031954145, "BaldoML_time": 0.4368865489959717, "BaldoGA_of": 10165.723408499543, "BaldoGA_time": 3.1850497722625732, "Solver_of": 10381.204723394116, "Solver_time": 6.2520201206207275, "Z_threshold0.05_of": 10324.289002587746, "Z_threshold0.05_time": 1.2643263339996338, "Z_threshold0.1_of": 10294.434735204388, "Z_threshold0.1_time": 0.8075001239776611, "Z_threshold0.15_of": 10261.346741183332, "Z_threshold0.15_time": 0.7839980125427246, "Z_threshold0.2_of": 10179.660726409966, "Z_threshold0.2_time": 0.6845877170562744}