{"name": "L_300_153_3750.621.json", "BaldoML_of": 11839.326587979627, "BaldoML_time": 0.40183591842651367, "BaldoGA_of": 11814.061267524281, "BaldoGA_time": 5.409634113311768, "Solver_of": 12222.871951543017, "Solver_time": 12.888839960098267, "Z_threshold0.05_of": 11976.100354763235, "Z_threshold0.05_time": 0.5201411247253418, "Z_threshold0.1_of": 11886.335514743721, "Z_threshold0.1_time": 0.14321279525756836, "Z_threshold0.15_of": 11847.15993784432, "Z_threshold0.15_time": 0.14355134963989258, "Z_threshold0.2_of": 11818.095529848722, "Z_threshold0.2_time": 0.143035888671875, "Z_threshold0.25_of": 11818.095529848722, "Z_threshold0.25_time": 0.14435195922851562, "Z_threshold0.3_of": 11818.095529848722, "Z_threshold0.3_time": 0.14294743537902832, "Z_threshold0.35_of": 11818.095529848722, "Z_threshold0.35_time": 0.1439075469970703, "Z_threshold0.4_of": 11818.095529848722, "Z_threshold0.4_time": 0.14435553550720215, "Z_threshold0.45_of": 11818.095529848722, "Z_threshold0.45_time": 0.1438288688659668, "Z_threshold0.5_of": 11818.095529848722, "Z_threshold0.5_time": 0.16505670547485352}