{"name": "L_300_140_2457.316.json", "BaldoML_of": 10318.48943102944, "BaldoML_time": 0.33505749702453613, "BaldoGA_of": 10300.898698424866, "BaldoGA_time": 4.427610158920288, "Solver_of": 10574.465151838804, "Solver_time": 6.566037178039551, "Z_threshold0.05_of": 10147.082678579063, "Z_threshold0.05_time": 0.5062298774719238}