{"name": "L_300_84_1896.568.json", "BaldoML_of": 7938.043019297518, "BaldoML_time": 0.3903367519378662, "BaldoGA_of": 7917.554332493346, "BaldoGA_time": 2.3632853031158447, "Solver_of": 8219.011723703341, "Solver_time": 8.933656454086304, "Z_threshold0.05_of": 8179.618078809056, "Z_threshold0.05_time": 1.1102709770202637, "Z_threshold0.1_of": 7906.980684240845, "Z_threshold0.1_time": 0.7526915073394775, "Z_threshold0.15_of": 7515.499475071383, "Z_threshold0.15_time": 0.576425313949585, "Z_threshold0.2_of": 7354.626896036361, "Z_threshold0.2_time": 0.57674241065979}