{"name": "L_300_135_2625.041.json", "BaldoML_of": 9213.623585903113, "BaldoML_time": 0.3173537254333496, "BaldoGA_of": 9199.79099397413, "BaldoGA_time": 4.210788011550903, "Solver_of": 9510.854066081698, "Solver_time": 5.110822677612305, "Z_threshold0.05_of": 9157.360513857253, "Z_threshold0.05_time": 0.719764232635498}