{"name": "L_300_79_1987.121.json", "BaldoML_of": 8190.889000603327, "BaldoML_time": 0.3689894676208496, "BaldoGA_of": 8041.659012674241, "BaldoGA_time": 2.4917678833007812, "Solver_of": 8319.640158480017, "Solver_time": 9.261289596557617, "Z_threshold0.05_of": 8286.362992290771, "Z_threshold0.05_time": 0.894195556640625, "Z_threshold0.1_of": 8143.101837315517, "Z_threshold0.1_time": 0.6563458442687988, "Z_threshold0.15_of": 7942.486735022862, "Z_threshold0.15_time": 0.5915634632110596, "Z_threshold0.2_of": 7480.532619410928, "Z_threshold0.2_time": 0.5667376518249512}