{"name": "L_300_142_2584.306.json", "BaldoML_of": 8609.844250166809, "BaldoML_time": 0.36316895484924316, "BaldoGA_of": 8678.443486986942, "BaldoGA_time": 4.042904615402222, "Solver_of": 8979.79325107654, "Solver_time": 5.8547444343566895, "Z_threshold0.05_of": 8721.680555924864, "Z_threshold0.05_time": 0.15542316436767578, "Z_threshold0.1_of": 8428.13144086356, "Z_threshold0.1_time": 0.1251208782196045, "Z_threshold0.15_of": 8428.13144086356, "Z_threshold0.15_time": 0.1342787742614746, "Z_threshold0.2_of": 8428.13144086356, "Z_threshold0.2_time": 0.12826871871948242, "Z_threshold0.25_of": 8428.13144086356, "Z_threshold0.25_time": 0.12741804122924805, "Z_threshold0.3_of": 8428.13144086356, "Z_threshold0.3_time": 0.1242682933807373, "Z_threshold0.35_of": 8428.13144086356, "Z_threshold0.35_time": 0.13123679161071777, "Z_threshold0.4_of": 8428.13144086356, "Z_threshold0.4_time": 0.1332385540008545, "Z_threshold0.45_of": 8428.13144086356, "Z_threshold0.45_time": 0.1337738037109375, "Z_threshold0.5_of": 8428.13144086356, "Z_threshold0.5_time": 0.13236761093139648}