{"name": "L_300_92_2587.459.json", "BaldoML_of": 9425.621286028327, "BaldoML_time": 0.3580293655395508, "BaldoGA_of": 9370.086390132525, "BaldoGA_time": 2.9651002883911133, "Solver_of": 9625.956384463332, "Solver_time": 12.207189798355103, "Z_threshold0.05_of": 9611.761750498234, "Z_threshold0.05_time": 1.5166280269622803, "Z_threshold0.1_of": 9517.062237490522, "Z_threshold0.1_time": 0.8696777820587158, "Z_threshold0.15_of": 9382.907601457666, "Z_threshold0.15_time": 0.6989643573760986, "Z_threshold0.2_of": 9121.909370699306, "Z_threshold0.2_time": 0.611546516418457, "Z_threshold0.25_of": 8775.954266010735, "Z_threshold0.25_time": 0.5553841590881348}