{"name": "L_300_114_1930.114.json", "BaldoML_of": 8185.257029487167, "BaldoML_time": 0.31448936462402344, "BaldoGA_of": 8130.2524396386225, "BaldoGA_time": 3.3056063652038574, "Solver_of": 8350.286365213004, "Solver_time": 3.8680124282836914, "Z_threshold0.05_of": 8237.904882420187, "Z_threshold0.05_time": 0.7392477989196777, "Z_threshold0.1_of": 8011.1026440552, "Z_threshold0.1_time": 0.5762519836425781, "Z_threshold0.15_of": 7801.64756975094, "Z_threshold0.15_time": 0.564605712890625, "Z_threshold0.2_of": 7691.190032549718, "Z_threshold0.2_time": 0.5518171787261963}