{"name": "L_300_118_2599.87.json", "BaldoML_of": 9203.859493896765, "BaldoML_time": 9.204463481903076, "BaldoGA_of": 8992.691300613906, "BaldoGA_time": 3.64955735206604, "Solver_of": 9203.859493896765, "Solver_time": 59.86473321914673, "Z_threshold0.05_of": 9195.726958964176, "Z_threshold0.05_time": 2.231248140335083, "Z_threshold0.1_of": 9067.415221667394, "Z_threshold0.1_time": 0.5196478366851807, "Z_threshold0.15_of": 9005.233433561507, "Z_threshold0.15_time": 0.3158915042877197, "Z_threshold0.2_of": 8596.422277059804, "Z_threshold0.2_time": 0.2854347229003906, "Z_threshold0.25_of": 8366.647835083179, "Z_threshold0.25_time": 0.2845113277435303, "Z_threshold0.3_of": 8330.200852834674, "Z_threshold0.3_time": 0.3044741153717041, "Z_threshold0.35_of": 8330.200852834674, "Z_threshold0.35_time": 0.2847785949707031, "Z_threshold0.4_of": 8330.200852834674, "Z_threshold0.4_time": 0.30667972564697266, "Z_threshold0.45_of": 8330.200852834674, "Z_threshold0.45_time": 0.2846500873565674, "Z_threshold0.5_of": 8330.200852834674, "Z_threshold0.5_time": 0.2839031219482422}