{"name": "L_300_83_3674.418.json", "BaldoML_of": 13730.41292567996, "BaldoML_time": 0.36716604232788086, "BaldoGA_of": 13870.57060919877, "BaldoGA_time": 4.639057397842407, "Solver_of": 14216.978055592026, "Solver_time": 9.348001956939697, "Z_threshold0.05_of": 14159.373085675517, "Z_threshold0.05_time": 1.300349235534668, "Z_threshold0.1_of": 14081.07172323785, "Z_threshold0.1_time": 0.9495120048522949, "Z_threshold0.15_of": 13980.341529776666, "Z_threshold0.15_time": 0.7003061771392822, "Z_threshold0.2_of": 13751.428199322818, "Z_threshold0.2_time": 0.7661504745483398}