{"name": "L_300_99_2520.232.json", "BaldoML_of": 8908.521821057202, "BaldoML_time": 0.3981020450592041, "BaldoGA_of": 8813.346266059081, "BaldoGA_time": 3.1757655143737793, "Solver_of": 9058.15412732861, "Solver_time": 9.010120630264282, "Z_threshold0.05_of": 9045.006630010563, "Z_threshold0.05_time": 1.034449815750122}