{"name": "L_300_162_2519.989.json", "BaldoML_of": 9580.122085359528, "BaldoML_time": 4.066192865371704, "BaldoGA_of": 9268.978455696431, "BaldoGA_time": 4.418259620666504, "Solver_of": 9590.310065507858, "Solver_time": 3.8174211978912354, "Z_threshold0.05_of": 9347.902590872744, "Z_threshold0.05_time": 0.2710270881652832, "Z_threshold0.1_of": 9347.902590872744, "Z_threshold0.1_time": 0.28022170066833496, "Z_threshold0.15_of": 9347.902590872744, "Z_threshold0.15_time": 0.2768983840942383, "Z_threshold0.2_of": 9347.902590872744, "Z_threshold0.2_time": 0.2869570255279541, "Z_threshold0.25_of": 9347.902590872744, "Z_threshold0.25_time": 0.27987194061279297, "Z_threshold0.3_of": 9347.902590872744, "Z_threshold0.3_time": 0.29208850860595703, "Z_threshold0.35_of": 9347.902590872744, "Z_threshold0.35_time": 0.2707247734069824, "Z_threshold0.4_of": 9304.762657678202, "Z_threshold0.4_time": 0.25425267219543457, "Z_threshold0.45_of": 9304.762657678202, "Z_threshold0.45_time": 0.25138092041015625, "Z_threshold0.5_of": 9304.762657678202, "Z_threshold0.5_time": 0.2690277099609375}