{"name": "L_300_176_2605.566.json", "BaldoML_of": 9662.199665758108, "BaldoML_time": 0.33490681648254395, "BaldoGA_of": 9675.902864435464, "BaldoGA_time": 1.7152190208435059, "Solver_of": 9952.71533953458, "Solver_time": 4.9575464725494385, "Z_threshold0.05_of": 9675.902864435444, "Z_threshold0.05_time": 0.5970947742462158, "Z_threshold0.1_of": 9675.902864435444, "Z_threshold0.1_time": 0.5938358306884766, "Z_threshold0.15_of": 9675.902864435444, "Z_threshold0.15_time": 0.5925941467285156, "Z_threshold0.2_of": 9675.902864435444, "Z_threshold0.2_time": 0.5928936004638672, "Z_threshold0.25_of": 9675.902864435444, "Z_threshold0.25_time": 0.595707893371582}