{"name": "L_300_138_1859.352.json", "BaldoML_of": 8559.723065785309, "BaldoML_time": 0.33223438262939453, "BaldoGA_of": 8537.996485605268, "BaldoGA_time": 2.2318897247314453, "Solver_of": 8800.85945067661, "Solver_time": 4.494348526000977, "Z_threshold0.05_of": 8483.900336945973, "Z_threshold0.05_time": 0.5433807373046875, "Z_threshold0.1_of": 8400.663627615011, "Z_threshold0.1_time": 0.5354151725769043, "Z_threshold0.15_of": 8400.663627615011, "Z_threshold0.15_time": 0.5387959480285645, "Z_threshold0.2_of": 8400.663627615011, "Z_threshold0.2_time": 0.5322229862213135}