{"name": "L_300_63_1899.101.json", "BaldoML_of": 8283.117493978283, "BaldoML_time": 0.377302885055542, "BaldoGA_of": 8165.193413602511, "BaldoGA_time": 2.169699192047119, "Solver_of": 8445.207193178449, "Solver_time": 4.549686431884766, "Z_threshold0.05_of": 8356.029647286832, "Z_threshold0.05_time": 0.4354236125946045, "Z_threshold0.1_of": 8330.594299358805, "Z_threshold0.1_time": 0.43634986877441406, "Z_threshold0.15_of": 8328.212777208448, "Z_threshold0.15_time": 0.27361583709716797, "Z_threshold0.2_of": 8312.4104349426, "Z_threshold0.2_time": 0.30484604835510254, "Z_threshold0.25_of": 8312.4104349426, "Z_threshold0.25_time": 0.23610138893127441, "Z_threshold0.3_of": 8212.752325221798, "Z_threshold0.3_time": 0.13646268844604492, "Z_threshold0.35_of": 8019.711402300593, "Z_threshold0.35_time": 0.13616490364074707, "Z_threshold0.4_of": 7893.006922291058, "Z_threshold0.4_time": 0.13584446907043457, "Z_threshold0.45_of": 7738.549131228533, "Z_threshold0.45_time": 0.13521742820739746, "Z_threshold0.5_of": 7554.484392703375, "Z_threshold0.5_time": 0.1440284252166748}