{"name": "L_300_178_1931.078.json", "BaldoML_of": 8007.31231972292, "BaldoML_time": 0.30381321907043457, "BaldoGA_of": 7925.348009816996, "BaldoGA_time": 1.0635645389556885, "Solver_of": 8188.156795963332, "Solver_time": 3.761850595474243, "Z_threshold0.05_of": 7925.348009816988, "Z_threshold0.05_time": 0.5190784931182861}