{"name": "L_300_148_3713.94.json", "BaldoML_of": 12383.842466914542, "BaldoML_time": 0.36228466033935547, "BaldoGA_of": 12397.881007362108, "BaldoGA_time": 5.80310845375061, "Solver_of": 12778.294258744547, "Solver_time": 11.605693817138672, "Z_threshold0.05_of": 12492.002771364214, "Z_threshold0.05_time": 0.3779761791229248, "Z_threshold0.1_of": 12456.141325986864, "Z_threshold0.1_time": 0.18236327171325684, "Z_threshold0.15_of": 12406.38834718092, "Z_threshold0.15_time": 0.15019798278808594, "Z_threshold0.2_of": 12373.713154310582, "Z_threshold0.2_time": 0.1461942195892334, "Z_threshold0.25_of": 12373.713154310582, "Z_threshold0.25_time": 0.14612746238708496, "Z_threshold0.3_of": 12373.713154310582, "Z_threshold0.3_time": 0.1457197666168213, "Z_threshold0.35_of": 12373.713154310582, "Z_threshold0.35_time": 0.1464848518371582, "Z_threshold0.4_of": 12373.713154310582, "Z_threshold0.4_time": 0.14858460426330566, "Z_threshold0.45_of": 12336.404899067027, "Z_threshold0.45_time": 0.1475508213043213, "Z_threshold0.5_of": 12336.404899067027, "Z_threshold0.5_time": 0.22355055809020996}