{"name": "L_300_123_2497.914.json", "BaldoML_of": 9858.075106466444, "BaldoML_time": 0.3652534484863281, "BaldoGA_of": 9896.121923102635, "BaldoGA_time": 3.815507411956787, "Solver_of": 10086.894883617524, "Solver_time": 4.561654806137085, "Z_threshold0.05_of": 9979.436703726948, "Z_threshold0.05_time": 0.2803058624267578, "Z_threshold0.1_of": 9863.392890299616, "Z_threshold0.1_time": 0.16552281379699707, "Z_threshold0.15_of": 9764.340557178446, "Z_threshold0.15_time": 0.13116931915283203, "Z_threshold0.2_of": 9627.647310723429, "Z_threshold0.2_time": 0.13483762741088867, "Z_threshold0.25_of": 9627.647310723429, "Z_threshold0.25_time": 0.13381600379943848, "Z_threshold0.3_of": 9589.715475176827, "Z_threshold0.3_time": 0.13534832000732422, "Z_threshold0.35_of": 9561.832950250284, "Z_threshold0.35_time": 0.14300799369812012, "Z_threshold0.4_of": 9561.832950250284, "Z_threshold0.4_time": 0.12819933891296387, "Z_threshold0.45_of": 9561.832950250284, "Z_threshold0.45_time": 0.12651872634887695, "Z_threshold0.5_of": 9457.511804479444, "Z_threshold0.5_time": 0.13458728790283203}