{"name": "L_300_118_4065.107.json", "BaldoML_of": 11788.893929895657, "BaldoML_time": 2.619631767272949, "BaldoGA_of": 11242.54629813873, "BaldoGA_time": 3.6160833835601807, "Solver_of": 11788.893929895656, "Solver_time": 13.218376636505127, "Z_threshold0.05_of": 11629.37034363602, "Z_threshold0.05_time": 0.9539330005645752, "Z_threshold0.1_of": 11512.508005159232, "Z_threshold0.1_time": 0.6647701263427734, "Z_threshold0.15_of": 11462.31356935487, "Z_threshold0.15_time": 0.4762423038482666, "Z_threshold0.2_of": 11439.409673372069, "Z_threshold0.2_time": 0.4064321517944336, "Z_threshold0.25_of": 11364.84730787624, "Z_threshold0.25_time": 0.30298709869384766, "Z_threshold0.3_of": 11361.426502748598, "Z_threshold0.3_time": 0.29102420806884766, "Z_threshold0.35_of": 11309.23116505856, "Z_threshold0.35_time": 0.27306342124938965, "Z_threshold0.4_of": 11256.022659036835, "Z_threshold0.4_time": 0.29639291763305664, "Z_threshold0.45_of": 11192.50238192571, "Z_threshold0.45_time": 0.29042959213256836, "Z_threshold0.5_of": 11192.50238192571, "Z_threshold0.5_time": 0.28854990005493164}