{"name": "L_300_62_3676.62.json", "BaldoML_of": 13721.33826985578, "BaldoML_time": 0.42827796936035156, "BaldoGA_of": 13770.874436689792, "BaldoGA_time": 3.9363818168640137, "Solver_of": 14158.448206525443, "Solver_time": 9.561492919921875, "Z_threshold0.05_of": 14113.807381950495, "Z_threshold0.05_time": 1.550363540649414, "Z_threshold0.1_of": 14098.94092440861, "Z_threshold0.1_time": 1.0030250549316406, "Z_threshold0.15_of": 13867.420596003387, "Z_threshold0.15_time": 1.4643824100494385, "Z_threshold0.2_of": 13854.281663145666, "Z_threshold0.2_time": 1.4714298248291016, "Z_threshold0.25_of": 13810.233381605281, "Z_threshold0.25_time": 1.444739580154419}