{"name": "L_300_123_2497.914.json", "BaldoML_of": 9858.075106466444, "BaldoML_time": 0.3652534484863281, "BaldoGA_of": 9896.121923102635, "BaldoGA_time": 3.815507411956787, "Solver_of": 10086.894883617524, "Solver_time": 4.561654806137085, "Z_threshold0.05_of": 10004.33333616882, "Z_threshold0.05_time": 0.9840395450592041, "Z_threshold0.1_of": 9828.506232303915, "Z_threshold0.1_time": 0.687567949295044, "Z_threshold0.15_of": 9346.990155603997, "Z_threshold0.15_time": 0.5477011203765869, "Z_threshold0.2_of": 9182.287036474063, "Z_threshold0.2_time": 0.5489602088928223, "Z_threshold0.25_of": 9120.111683618672, "Z_threshold0.25_time": 0.5457262992858887}