{"name": "L_300_82_2504.474.json", "BaldoML_of": 9356.016806087742, "BaldoML_time": 0.4555046558380127, "BaldoGA_of": 9300.114446501102, "BaldoGA_time": 2.859161376953125, "Solver_of": 9598.575775386222, "Solver_time": 10.882054805755615, "Z_threshold0.05_of": 9545.079155478583, "Z_threshold0.05_time": 1.0260663032531738, "Z_threshold0.1_of": 9367.680594990823, "Z_threshold0.1_time": 0.8288636207580566, "Z_threshold0.15_of": 9289.92672162878, "Z_threshold0.15_time": 0.6989541053771973, "Z_threshold0.2_of": 9104.3661681946, "Z_threshold0.2_time": 0.581963300704956, "Z_threshold0.25_of": 8928.949726723244, "Z_threshold0.25_time": 0.5750126838684082}