{"name": "L_300_158_3787.659.json", "BaldoML_of": 11875.968885305476, "BaldoML_time": 0.4503946304321289, "BaldoGA_of": 11804.966126021687, "BaldoGA_time": 5.29326868057251, "Solver_of": 12286.807533878507, "Solver_time": 94.6627984046936, "Z_threshold0.05_of": 12027.588445695525, "Z_threshold0.05_time": 1.0424973964691162, "Z_threshold0.1_of": 11909.638272462116, "Z_threshold0.1_time": 0.6973364353179932, "Z_threshold0.15_of": 11017.517677554397, "Z_threshold0.15_time": 0.5673277378082275, "Z_threshold0.2_of": 10829.949959092193, "Z_threshold0.2_time": 0.5741245746612549, "Z_threshold0.25_of": 10743.195243009633, "Z_threshold0.25_time": 0.5723812580108643}