{"name": "L_300_107_3850.322.json", "BaldoML_of": 12376.800996207445, "BaldoML_time": 0.29697656631469727, "BaldoGA_of": 12397.986496842062, "BaldoGA_time": 3.4909305572509766, "Solver_of": 12724.377353775768, "Solver_time": 9.73717474937439, "Z_threshold0.05_of": 12646.08265799274, "Z_threshold0.05_time": 1.426138162612915}