{"name": "L_300_87_1882.447.json", "BaldoML_of": 8305.389494453897, "BaldoML_time": 0.4738485813140869, "BaldoGA_of": 8276.305369884565, "BaldoGA_time": 2.8500757217407227, "Solver_of": 8448.517858278497, "Solver_time": 3.607816219329834, "Z_threshold0.05_of": 8377.035180383484, "Z_threshold0.05_time": 0.8223965167999268, "Z_threshold0.1_of": 8243.059655477122, "Z_threshold0.1_time": 0.7266325950622559, "Z_threshold0.15_of": 8098.058964065864, "Z_threshold0.15_time": 0.5570273399353027, "Z_threshold0.2_of": 7994.25662927634, "Z_threshold0.2_time": 0.6179618835449219, "Z_threshold0.25_of": 7669.658412157269, "Z_threshold0.25_time": 0.531541109085083}