{"name": "L_300_162_2573.08.json", "BaldoML_of": 9149.513980220701, "BaldoML_time": 0.30533528327941895, "BaldoGA_of": 9140.758937005168, "BaldoGA_time": 1.5277354717254639, "Solver_of": 9434.479181080756, "Solver_time": 5.506565809249878, "Z_threshold0.05_of": 9162.441346107387, "Z_threshold0.05_time": 0.5789241790771484, "Z_threshold0.1_of": 9134.999860009126, "Z_threshold0.1_time": 0.5843794345855713, "Z_threshold0.15_of": 9134.999860009126, "Z_threshold0.15_time": 0.5688576698303223, "Z_threshold0.2_of": 9134.999860009126, "Z_threshold0.2_time": 0.5686922073364258}