{"name": "L_300_75_2538.668.json", "BaldoML_of": 9954.956939379239, "BaldoML_time": 0.3745079040527344, "BaldoGA_of": 9741.550470104456, "BaldoGA_time": 2.8681697845458984, "Solver_of": 10114.576841537917, "Solver_time": 6.939512491226196, "Z_threshold0.05_of": 10038.250655376687, "Z_threshold0.05_time": 1.09017014503479, "Z_threshold0.1_of": 10006.569215348582, "Z_threshold0.1_time": 0.8831870555877686, "Z_threshold0.15_of": 9962.301596928151, "Z_threshold0.15_time": 0.771686315536499, "Z_threshold0.2_of": 9724.028825055122, "Z_threshold0.2_time": 0.5646913051605225}