{"name": "L_300_99_2520.232.json", "BaldoML_of": 8908.521821057202, "BaldoML_time": 0.3981020450592041, "BaldoGA_of": 8813.346266059081, "BaldoGA_time": 3.1757655143737793, "Solver_of": 9058.15412732861, "Solver_time": 9.010120630264282, "Z_threshold0.05_of": 9054.977515661943, "Z_threshold0.05_time": 0.9198405742645264, "Z_threshold0.1_of": 8985.497868211442, "Z_threshold0.1_time": 0.20330119132995605, "Z_threshold0.15_of": 8852.375807732229, "Z_threshold0.15_time": 0.14233994483947754, "Z_threshold0.2_of": 8689.26974095538, "Z_threshold0.2_time": 0.13958501815795898, "Z_threshold0.25_of": 8454.327746065968, "Z_threshold0.25_time": 0.13937044143676758, "Z_threshold0.3_of": 8388.720338824849, "Z_threshold0.3_time": 0.1413257122039795, "Z_threshold0.35_of": 8388.720338824849, "Z_threshold0.35_time": 0.13837671279907227, "Z_threshold0.4_of": 8336.4790615324, "Z_threshold0.4_time": 0.13586902618408203, "Z_threshold0.45_of": 8336.4790615324, "Z_threshold0.45_time": 0.1375904083251953, "Z_threshold0.5_of": 8197.074049452956, "Z_threshold0.5_time": 0.13763880729675293}