{"name": "L_300_76_3739.037.json", "BaldoML_of": 13797.430868549707, "BaldoML_time": 0.41374897956848145, "BaldoGA_of": 13570.471956587135, "BaldoGA_time": 4.246635913848877, "Solver_of": 14065.621416977505, "Solver_time": 9.36168622970581, "Z_threshold0.05_of": 14043.292578199847, "Z_threshold0.05_time": 1.1767423152923584, "Z_threshold0.1_of": 13987.976263382117, "Z_threshold0.1_time": 0.9916386604309082, "Z_threshold0.15_of": 13989.521787918255, "Z_threshold0.15_time": 0.5233674049377441, "Z_threshold0.2_of": 13814.35793810137, "Z_threshold0.2_time": 0.6150031089782715, "Z_threshold0.25_of": 13767.139828160523, "Z_threshold0.25_time": 0.29340529441833496, "Z_threshold0.3_of": 13767.139828160523, "Z_threshold0.3_time": 0.29378533363342285, "Z_threshold0.35_of": 13767.139828160523, "Z_threshold0.35_time": 0.19776058197021484, "Z_threshold0.4_of": 13767.139828160523, "Z_threshold0.4_time": 0.19870376586914062, "Z_threshold0.45_of": 13748.096506177164, "Z_threshold0.45_time": 0.23086762428283691, "Z_threshold0.5_of": 13748.096506177164, "Z_threshold0.5_time": 0.21513080596923828}