{"name": "L_300_158_3985.162.json", "BaldoML_of": 10347.068941477793, "BaldoML_time": 0.31588292121887207, "BaldoGA_of": 10305.990264840442, "BaldoGA_time": 4.626445293426514, "Solver_of": 10744.295117412803, "Solver_time": 84.22433686256409, "Z_threshold0.05_of": 10489.119461386299, "Z_threshold0.05_time": 1.0283269882202148, "Z_threshold0.1_of": 10250.729620969345, "Z_threshold0.1_time": 0.6510066986083984, "Z_threshold0.15_of": 9760.626302232766, "Z_threshold0.15_time": 0.5813615322113037, "Z_threshold0.2_of": 9650.482960528529, "Z_threshold0.2_time": 0.5725741386413574}