{"name": "L_300_174_2478.733.json", "BaldoML_of": 9991.984248301897, "BaldoML_time": 0.29885196685791016, "BaldoGA_of": 9988.848430144422, "BaldoGA_time": 1.5063283443450928, "Solver_of": 10251.993769529065, "Solver_time": 6.297899007797241, "Z_threshold0.05_of": 9994.473962514623, "Z_threshold0.05_time": 0.596778154373169, "Z_threshold0.1_of": 9994.473962514623, "Z_threshold0.1_time": 0.5917456150054932, "Z_threshold0.15_of": 9994.473962514623, "Z_threshold0.15_time": 0.6753699779510498, "Z_threshold0.2_of": 9994.473962514623, "Z_threshold0.2_time": 0.5908873081207275, "Z_threshold0.25_of": 9994.473962514623, "Z_threshold0.25_time": 0.5904855728149414}