{"name": "L_300_63_4011.064.json", "BaldoML_of": 12188.162513438003, "BaldoML_time": 0.546034574508667, "BaldoGA_of": 12053.359934291597, "BaldoGA_time": 3.8667898178100586, "Solver_of": 12508.003896136115, "Solver_time": 13.790818452835083, "Z_threshold0.05_of": 12408.89902985216, "Z_threshold0.05_time": 0.7648215293884277, "Z_threshold0.1_of": 12405.40771024499, "Z_threshold0.1_time": 0.7827026844024658, "Z_threshold0.15_of": 12384.419925737768, "Z_threshold0.15_time": 0.846834659576416, "Z_threshold0.2_of": 12213.75161168344, "Z_threshold0.2_time": 0.5219221115112305, "Z_threshold0.25_of": 12179.656619451143, "Z_threshold0.25_time": 0.4237210750579834, "Z_threshold0.3_of": 12148.196157032367, "Z_threshold0.3_time": 0.4109041690826416, "Z_threshold0.35_of": 12148.196157032367, "Z_threshold0.35_time": 0.42230224609375, "Z_threshold0.4_of": 12125.942486900069, "Z_threshold0.4_time": 0.317063570022583, "Z_threshold0.45_of": 12086.524550808035, "Z_threshold0.45_time": 0.16109633445739746, "Z_threshold0.5_of": 12086.524550808035, "Z_threshold0.5_time": 0.16395926475524902}