{"name": "L_300_79_1920.723.json", "BaldoML_of": 7705.649893943336, "BaldoML_time": 0.44515275955200195, "BaldoGA_of": 7677.238292979183, "BaldoGA_time": 1.8794419765472412, "Solver_of": 7828.932817263072, "Solver_time": 12.250269651412964, "Z_threshold0.05_of": 7791.919847521206, "Z_threshold0.05_time": 0.9920637607574463, "Z_threshold0.1_of": 7719.025312482443, "Z_threshold0.1_time": 0.8839051723480225, "Z_threshold0.15_of": 7567.48439245698, "Z_threshold0.15_time": 0.607215404510498, "Z_threshold0.2_of": 7415.3403496374185, "Z_threshold0.2_time": 0.5653860569000244, "Z_threshold0.25_of": 7178.021297264276, "Z_threshold0.25_time": 0.5614356994628906}