{"name": "L_300_154_1879.513.json", "BaldoML_of": 7365.242614142717, "BaldoML_time": 0.2969236373901367, "BaldoGA_of": 7348.103975264338, "BaldoGA_time": 0.9381453990936279, "Solver_of": 7918.157904693005, "Solver_time": 3.1889634132385254, "Z_threshold0.05_of": 7348.1039752643455, "Z_threshold0.05_time": 0.5785326957702637, "Z_threshold0.1_of": 7348.1039752643455, "Z_threshold0.1_time": 0.5759012699127197, "Z_threshold0.15_of": 7348.1039752643455, "Z_threshold0.15_time": 0.6478142738342285, "Z_threshold0.2_of": 7348.1039752643455, "Z_threshold0.2_time": 0.5777552127838135}