{"name": "L_300_103_3793.743.json", "BaldoML_of": 12455.447777810597, "BaldoML_time": 0.3727254867553711, "BaldoGA_of": 12405.97504918052, "BaldoGA_time": 4.5055832862854, "Solver_of": 12802.066658199114, "Solver_time": 11.647799253463745, "Z_threshold0.05_of": 12714.476329793102, "Z_threshold0.05_time": 1.0830283164978027, "Z_threshold0.1_of": 12587.581568230333, "Z_threshold0.1_time": 0.802004337310791, "Z_threshold0.15_of": 12195.143304142372, "Z_threshold0.15_time": 0.5690231323242188, "Z_threshold0.2_of": 11981.97349465727, "Z_threshold0.2_time": 0.5582666397094727}