{"name": "L_300_178_1931.078.json", "BaldoML_of": 8007.31231972292, "BaldoML_time": 0.30381321907043457, "BaldoGA_of": 7925.348009816996, "BaldoGA_time": 1.0635645389556885, "Solver_of": 8188.156795963332, "Solver_time": 3.761850595474243, "Z_threshold0.05_of": 8046.789039057108, "Z_threshold0.05_time": 0.13270878791809082, "Z_threshold0.1_of": 8046.789039057108, "Z_threshold0.1_time": 0.13428306579589844, "Z_threshold0.15_of": 8046.789039057108, "Z_threshold0.15_time": 0.12061762809753418, "Z_threshold0.2_of": 8046.789039057108, "Z_threshold0.2_time": 0.1258375644683838, "Z_threshold0.25_of": 8046.789039057108, "Z_threshold0.25_time": 0.12810564041137695, "Z_threshold0.3_of": 8046.789039057108, "Z_threshold0.3_time": 0.11977672576904297, "Z_threshold0.35_of": 8046.789039057108, "Z_threshold0.35_time": 0.12151265144348145, "Z_threshold0.4_of": 8046.789039057108, "Z_threshold0.4_time": 0.12119150161743164, "Z_threshold0.45_of": 8046.789039057108, "Z_threshold0.45_time": 0.12188053131103516, "Z_threshold0.5_of": 8046.789039057108, "Z_threshold0.5_time": 0.11955022811889648}