{"name": "L_300_151_2001.731.json", "BaldoML_of": 7484.117721724451, "BaldoML_time": 0.30472826957702637, "BaldoGA_of": 7512.157263105157, "BaldoGA_time": 1.1034340858459473, "Solver_of": 7752.9584740190085, "Solver_time": 3.29451584815979, "Z_threshold0.05_of": 7512.157263105153, "Z_threshold0.05_time": 0.5648088455200195, "Z_threshold0.1_of": 7512.157263105153, "Z_threshold0.1_time": 0.5351426601409912, "Z_threshold0.15_of": 7512.157263105153, "Z_threshold0.15_time": 0.5396296977996826, "Z_threshold0.2_of": 7512.157263105153, "Z_threshold0.2_time": 0.5356416702270508}