{"name": "L_300_171_2703.929.json", "BaldoML_of": 8875.35338768, "BaldoML_time": 1.478618860244751, "BaldoGA_of": 8383.178081848226, "BaldoGA_time": 1.191479206085205, "Solver_of": 8877.90835238295, "Solver_time": 5.7870073318481445, "Z_threshold0.05_of": 8640.055077366, "Z_threshold0.05_time": 0.3075249195098877, "Z_threshold0.1_of": 8640.055077366, "Z_threshold0.1_time": 0.3132610321044922, "Z_threshold0.15_of": 8640.055077366, "Z_threshold0.15_time": 0.2991311550140381, "Z_threshold0.2_of": 8636.587486355422, "Z_threshold0.2_time": 0.27219367027282715, "Z_threshold0.25_of": 8636.587486355422, "Z_threshold0.25_time": 0.2768065929412842, "Z_threshold0.3_of": 8636.587486355422, "Z_threshold0.3_time": 0.2748708724975586, "Z_threshold0.35_of": 8636.587486355422, "Z_threshold0.35_time": 0.26744699478149414, "Z_threshold0.4_of": 8636.587486355422, "Z_threshold0.4_time": 0.2721400260925293, "Z_threshold0.45_of": 8636.587486355422, "Z_threshold0.45_time": 0.27277088165283203, "Z_threshold0.5_of": 8636.587486355422, "Z_threshold0.5_time": 0.27245569229125977}