{"name": "L_300_123_3797.243.json", "BaldoML_of": 12262.315740054017, "BaldoML_time": 8.80502963066101, "BaldoGA_of": 11927.424189749787, "BaldoGA_time": 5.090052843093872, "Solver_of": 12263.770077900092, "Solver_time": 92.12382626533508, "Z_threshold0.05_of": 12121.545889088906, "Z_threshold0.05_time": 0.9357247352600098, "Z_threshold0.1_of": 12062.071621749277, "Z_threshold0.1_time": 0.625401496887207, "Z_threshold0.15_of": 12062.071621749277, "Z_threshold0.15_time": 0.5854876041412354, "Z_threshold0.2_of": 12010.198402912998, "Z_threshold0.2_time": 0.421128511428833, "Z_threshold0.25_of": 12010.198402912998, "Z_threshold0.25_time": 0.39954686164855957, "Z_threshold0.3_of": 12010.198402912998, "Z_threshold0.3_time": 0.3684346675872803, "Z_threshold0.35_of": 12010.198402912998, "Z_threshold0.35_time": 0.31135058403015137, "Z_threshold0.4_of": 11956.260268798462, "Z_threshold0.4_time": 0.2769780158996582, "Z_threshold0.45_of": 11956.260268798462, "Z_threshold0.45_time": 0.28306078910827637, "Z_threshold0.5_of": 11899.878110163741, "Z_threshold0.5_time": 0.28527045249938965}