{"name": "L_300_111_3881.441.json", "BaldoML_of": 11867.019637181142, "BaldoML_time": 0.3379483222961426, "BaldoGA_of": 11914.029974643117, "BaldoGA_time": 4.997481107711792, "Solver_of": 12414.467475027597, "Solver_time": 11.698447465896606, "Z_threshold0.05_of": 12400.868203245771, "Z_threshold0.05_time": 0.5819752216339111, "Z_threshold0.1_of": 12245.288151114339, "Z_threshold0.1_time": 0.46003246307373047, "Z_threshold0.15_of": 12239.163303746169, "Z_threshold0.15_time": 0.3382902145385742, "Z_threshold0.2_of": 12179.313902080905, "Z_threshold0.2_time": 0.35837483406066895, "Z_threshold0.25_of": 12114.360853502378, "Z_threshold0.25_time": 0.20273184776306152, "Z_threshold0.3_of": 12114.360853502378, "Z_threshold0.3_time": 0.1756277084350586, "Z_threshold0.35_of": 12114.360853502378, "Z_threshold0.35_time": 0.1717841625213623, "Z_threshold0.4_of": 11987.780429259285, "Z_threshold0.4_time": 0.16130566596984863, "Z_threshold0.45_of": 11831.159174884118, "Z_threshold0.45_time": 0.1592864990234375, "Z_threshold0.5_of": 11831.159174884118, "Z_threshold0.5_time": 0.16309309005737305}