{"name": "L_300_156_3769.789.json", "BaldoML_of": 11622.431078343569, "BaldoML_time": 0.4340171813964844, "BaldoGA_of": 11758.436931526547, "BaldoGA_time": 6.091320037841797, "Solver_of": 12270.024099435757, "Solver_time": 20.371577501296997, "Z_threshold0.05_of": 11681.673081656138, "Z_threshold0.05_time": 0.20784592628479004, "Z_threshold0.1_of": 11636.374075137746, "Z_threshold0.1_time": 0.14879107475280762, "Z_threshold0.15_of": 11636.374075137746, "Z_threshold0.15_time": 0.18835115432739258, "Z_threshold0.2_of": 11636.374075137746, "Z_threshold0.2_time": 0.14373064041137695, "Z_threshold0.25_of": 11636.374075137746, "Z_threshold0.25_time": 0.14197731018066406, "Z_threshold0.3_of": 11636.374075137746, "Z_threshold0.3_time": 0.14307403564453125, "Z_threshold0.35_of": 11636.374075137746, "Z_threshold0.35_time": 0.1408979892730713, "Z_threshold0.4_of": 11636.374075137746, "Z_threshold0.4_time": 0.14164400100708008, "Z_threshold0.45_of": 11636.374075137746, "Z_threshold0.45_time": 0.14148497581481934, "Z_threshold0.5_of": 11636.374075137746, "Z_threshold0.5_time": 0.14243340492248535}