{"name": "L_300_109_2483.35.json", "BaldoML_of": 10178.071978071373, "BaldoML_time": 0.41352343559265137, "BaldoGA_of": 10100.796427021536, "BaldoGA_time": 3.5051681995391846, "Solver_of": 10356.351047870447, "Solver_time": 7.133673429489136, "Z_threshold0.05_of": 10279.698887278433, "Z_threshold0.05_time": 1.053368091583252, "Z_threshold0.1_of": 10023.42348393927, "Z_threshold0.1_time": 0.6201865673065186, "Z_threshold0.15_of": 9656.730330813827, "Z_threshold0.15_time": 0.5577661991119385, "Z_threshold0.2_of": 9539.802093472157, "Z_threshold0.2_time": 0.5500915050506592, "Z_threshold0.25_of": 9457.136288746846, "Z_threshold0.25_time": 0.5398705005645752}