{"name": "L_300_118_2617.621.json", "BaldoML_of": 9346.146102671535, "BaldoML_time": 3.6114299297332764, "BaldoGA_of": 9088.708599607067, "BaldoGA_time": 3.1392223834991455, "Solver_of": 9346.146102671535, "Solver_time": 7.74962854385376, "Z_threshold0.05_of": 9266.422407414702, "Z_threshold0.05_time": 0.6777939796447754, "Z_threshold0.1_of": 9101.498129330823, "Z_threshold0.1_time": 0.3788461685180664, "Z_threshold0.15_of": 8970.796611917165, "Z_threshold0.15_time": 0.31028079986572266, "Z_threshold0.2_of": 8919.673014346758, "Z_threshold0.2_time": 0.28464746475219727, "Z_threshold0.25_of": 8706.201333992303, "Z_threshold0.25_time": 0.27751779556274414, "Z_threshold0.3_of": 8706.201333992303, "Z_threshold0.3_time": 0.2819783687591553, "Z_threshold0.35_of": 8706.201333992303, "Z_threshold0.35_time": 0.276491641998291, "Z_threshold0.4_of": 8675.016452597058, "Z_threshold0.4_time": 0.2968168258666992, "Z_threshold0.45_of": 8675.016452597058, "Z_threshold0.45_time": 0.284168004989624, "Z_threshold0.5_of": 8675.016452597058, "Z_threshold0.5_time": 0.2958235740661621}