{"name": "L_300_137_3892.05.json", "BaldoML_of": 11527.94331509935, "BaldoML_time": 0.3202681541442871, "BaldoGA_of": 11443.45973800832, "BaldoGA_time": 4.584165096282959, "Solver_of": 11802.472431974738, "Solver_time": 17.839512825012207, "Z_threshold0.05_of": 11731.185706067508, "Z_threshold0.05_time": 1.32224440574646, "Z_threshold0.1_of": 11627.597633961082, "Z_threshold0.1_time": 0.9192159175872803, "Z_threshold0.15_of": 11414.714359473775, "Z_threshold0.15_time": 0.6763808727264404, "Z_threshold0.2_of": 11009.355136107723, "Z_threshold0.2_time": 0.5767226219177246}