{"name": "L_300_119_1951.801.json", "BaldoML_of": 7954.906082745662, "BaldoML_time": 0.41217803955078125, "BaldoGA_of": 7899.858414306132, "BaldoGA_time": 3.3584542274475098, "Solver_of": 8199.557066818445, "Solver_time": 5.227998733520508, "Z_threshold0.05_of": 7936.778493881265, "Z_threshold0.05_time": 0.6059784889221191, "Z_threshold0.1_of": 7401.405614955037, "Z_threshold0.1_time": 0.5374984741210938, "Z_threshold0.15_of": 7378.881505643941, "Z_threshold0.15_time": 0.5360574722290039, "Z_threshold0.2_of": 7378.881505643941, "Z_threshold0.2_time": 0.5505249500274658, "Z_threshold0.25_of": 7356.290039693521, "Z_threshold0.25_time": 0.5687215328216553}