{"name": "L_300_116_2479.608.json", "BaldoML_of": 9170.915980166932, "BaldoML_time": 3.7635843753814697, "BaldoGA_of": 8902.27201498851, "BaldoGA_time": 3.5356979370117188, "Solver_of": 9170.915980166927, "Solver_time": 9.47641897201538, "Z_threshold0.05_of": 9090.423994166105, "Z_threshold0.05_time": 0.484630823135376, "Z_threshold0.1_of": 9028.276462504158, "Z_threshold0.1_time": 0.33498477935791016, "Z_threshold0.15_of": 8819.78258417205, "Z_threshold0.15_time": 0.27031540870666504, "Z_threshold0.2_of": 8757.970929756504, "Z_threshold0.2_time": 0.2524909973144531, "Z_threshold0.25_of": 8609.02841962097, "Z_threshold0.25_time": 0.2609131336212158, "Z_threshold0.3_of": 8609.02841962097, "Z_threshold0.3_time": 0.2541828155517578, "Z_threshold0.35_of": 8609.02841962097, "Z_threshold0.35_time": 0.27118992805480957, "Z_threshold0.4_of": 8575.352257355344, "Z_threshold0.4_time": 0.2677633762359619, "Z_threshold0.45_of": 8575.352257355344, "Z_threshold0.45_time": 0.2610013484954834, "Z_threshold0.5_of": 8458.664293438285, "Z_threshold0.5_time": 0.2578449249267578}