{"name": "L_300_178_3963.406.json", "BaldoML_of": 10658.782623223595, "BaldoML_time": 0.3122525215148926, "BaldoGA_of": 10583.537681645399, "BaldoGA_time": 5.847213506698608, "Solver_of": 10964.59036817328, "Solver_time": 15.719027757644653, "Z_threshold0.05_of": 10572.475718246746, "Z_threshold0.05_time": 0.14500093460083008, "Z_threshold0.1_of": 10572.475718246746, "Z_threshold0.1_time": 0.14335083961486816, "Z_threshold0.15_of": 10572.475718246746, "Z_threshold0.15_time": 0.1482534408569336, "Z_threshold0.2_of": 10572.475718246746, "Z_threshold0.2_time": 0.14885473251342773, "Z_threshold0.25_of": 10572.475718246746, "Z_threshold0.25_time": 0.14422321319580078, "Z_threshold0.3_of": 10572.475718246746, "Z_threshold0.3_time": 0.1419527530670166, "Z_threshold0.35_of": 10572.475718246746, "Z_threshold0.35_time": 0.14392638206481934, "Z_threshold0.4_of": 10572.475718246746, "Z_threshold0.4_time": 0.1437985897064209, "Z_threshold0.45_of": 10572.475718246746, "Z_threshold0.45_time": 0.1440107822418213, "Z_threshold0.5_of": 10572.475718246746, "Z_threshold0.5_time": 0.1456899642944336}