{"name": "L_300_162_2577.602.json", "BaldoML_of": 9037.6165120367, "BaldoML_time": 0.3011209964752197, "BaldoGA_of": 9034.44643734874, "BaldoGA_time": 2.730166435241699, "Solver_of": 9257.717511493338, "Solver_time": 11.799448490142822, "Z_threshold0.05_of": 8840.466829418294, "Z_threshold0.05_time": 0.5437331199645996, "Z_threshold0.1_of": 8840.466829418294, "Z_threshold0.1_time": 0.5300946235656738, "Z_threshold0.15_of": 8840.466829418294, "Z_threshold0.15_time": 0.5330510139465332, "Z_threshold0.2_of": 8840.466829418294, "Z_threshold0.2_time": 0.5311915874481201}