{"name": "L_300_94_2571.705.json", "BaldoML_of": 9088.893854789276, "BaldoML_time": 0.42668747901916504, "BaldoGA_of": 9019.797858733662, "BaldoGA_time": 2.6007983684539795, "Solver_of": 9371.744805305336, "Solver_time": 58.717142820358276, "Z_threshold0.05_of": 9346.364127617071, "Z_threshold0.05_time": 2.7290890216827393, "Z_threshold0.1_of": 9193.100441610884, "Z_threshold0.1_time": 0.8035085201263428, "Z_threshold0.15_of": 9012.599174832318, "Z_threshold0.15_time": 0.5987930297851562, "Z_threshold0.2_of": 8897.127511975646, "Z_threshold0.2_time": 0.5627901554107666}