{"name": "L_300_113_1936.566.json", "BaldoML_of": 7794.155029354566, "BaldoML_time": 0.361281156539917, "BaldoGA_of": 7817.313582314254, "BaldoGA_time": 2.3768577575683594, "Solver_of": 8001.433507079837, "Solver_time": 3.976820945739746, "Z_threshold0.05_of": 7835.666969916663, "Z_threshold0.05_time": 0.8020689487457275, "Z_threshold0.1_of": 7565.6761730020025, "Z_threshold0.1_time": 0.5465505123138428, "Z_threshold0.15_of": 7204.846232264376, "Z_threshold0.15_time": 0.5517747402191162, "Z_threshold0.2_of": 7178.559368727376, "Z_threshold0.2_time": 0.5503637790679932}