{"name": "L_300_99_3807.895.json", "BaldoML_of": 11414.244170269476, "BaldoML_time": 0.2643589973449707, "BaldoGA_of": 11698.028890107871, "BaldoGA_time": 3.915787935256958, "Solver_of": 12104.16689032789, "Solver_time": 12.833698272705078, "Z_threshold0.05_of": 12091.638849185754, "Z_threshold0.05_time": 0.8906850814819336, "Z_threshold0.1_of": 11844.939139992593, "Z_threshold0.1_time": 0.7357292175292969, "Z_threshold0.15_of": 11710.911580071985, "Z_threshold0.15_time": 0.6307494640350342, "Z_threshold0.2_of": 11695.195799017258, "Z_threshold0.2_time": 0.574286699295044, "Z_threshold0.25_of": 11672.020108663843, "Z_threshold0.25_time": 0.33162641525268555, "Z_threshold0.3_of": 11553.273767016455, "Z_threshold0.3_time": 0.17133545875549316, "Z_threshold0.35_of": 11497.54231979511, "Z_threshold0.35_time": 0.17718863487243652, "Z_threshold0.4_of": 11416.758386039586, "Z_threshold0.4_time": 0.15937447547912598, "Z_threshold0.45_of": 11416.758386039586, "Z_threshold0.45_time": 0.1589813232421875, "Z_threshold0.5_of": 11319.482737026347, "Z_threshold0.5_time": 0.15279436111450195}