{"name": "L_300_70_1927.723.json", "BaldoML_of": 8319.904959508462, "BaldoML_time": 0.4226078987121582, "BaldoGA_of": 8225.586344137559, "BaldoGA_time": 2.629443645477295, "Solver_of": 8450.898756161081, "Solver_time": 4.551270008087158, "Z_threshold0.05_of": 8408.093258610204, "Z_threshold0.05_time": 0.3609175682067871, "Z_threshold0.1_of": 8350.683402446008, "Z_threshold0.1_time": 0.23253703117370605, "Z_threshold0.15_of": 8276.417180782895, "Z_threshold0.15_time": 0.1509566307067871, "Z_threshold0.2_of": 8158.143828394817, "Z_threshold0.2_time": 0.13452672958374023, "Z_threshold0.25_of": 7867.016931404123, "Z_threshold0.25_time": 0.12185263633728027, "Z_threshold0.3_of": 7867.016931404123, "Z_threshold0.3_time": 0.12378907203674316, "Z_threshold0.35_of": 7789.906468581032, "Z_threshold0.35_time": 0.13097715377807617, "Z_threshold0.4_of": 7789.906468581032, "Z_threshold0.4_time": 0.13219618797302246, "Z_threshold0.45_of": 7744.278053300148, "Z_threshold0.45_time": 0.12961769104003906, "Z_threshold0.5_of": 7629.16279466766, "Z_threshold0.5_time": 0.13008642196655273}