{"name": "L_300_109_3900.643.json", "BaldoML_of": 11607.505973182559, "BaldoML_time": 0.28296804428100586, "BaldoGA_of": 11964.200987485532, "BaldoGA_time": 3.8388662338256836, "Solver_of": 12413.579360686335, "Solver_time": 11.89351749420166, "Z_threshold0.05_of": 12364.335940216955, "Z_threshold0.05_time": 1.2398161888122559, "Z_threshold0.1_of": 12037.351283471393, "Z_threshold0.1_time": 1.2067513465881348, "Z_threshold0.15_of": 11946.498016240348, "Z_threshold0.15_time": 0.9061286449432373, "Z_threshold0.2_of": 11802.195358089417, "Z_threshold0.2_time": 0.7370104789733887, "Z_threshold0.25_of": 11566.182018635378, "Z_threshold0.25_time": 0.5610215663909912}