{"name": "L_300_171_2557.641.json", "BaldoML_of": 8753.38829443636, "BaldoML_time": 0.311328649520874, "BaldoGA_of": 8785.538717872678, "BaldoGA_time": 1.3776259422302246, "Solver_of": 9136.251368082381, "Solver_time": 6.569073677062988, "Z_threshold0.05_of": 8892.502394092586, "Z_threshold0.05_time": 0.19358396530151367, "Z_threshold0.1_of": 8867.062710002538, "Z_threshold0.1_time": 0.1408679485321045, "Z_threshold0.15_of": 8867.062710002538, "Z_threshold0.15_time": 0.14804625511169434, "Z_threshold0.2_of": 8867.062710002538, "Z_threshold0.2_time": 0.14160490036010742, "Z_threshold0.25_of": 8867.062710002538, "Z_threshold0.25_time": 0.13943219184875488, "Z_threshold0.3_of": 8867.062710002538, "Z_threshold0.3_time": 0.14265775680541992, "Z_threshold0.35_of": 8867.062710002538, "Z_threshold0.35_time": 0.14258170127868652, "Z_threshold0.4_of": 8867.062710002538, "Z_threshold0.4_time": 0.13833832740783691, "Z_threshold0.45_of": 8867.062710002538, "Z_threshold0.45_time": 0.1392824649810791, "Z_threshold0.5_of": 8867.062710002538, "Z_threshold0.5_time": 0.13981151580810547}