{"name": "L_300_104_3733.427.json", "BaldoML_of": 12301.834966797418, "BaldoML_time": 12.876532554626465, "BaldoGA_of": 11929.391243833843, "BaldoGA_time": 4.4874045848846436, "Solver_of": 12301.834966797422, "Solver_time": 21.223223209381104, "Z_threshold0.05_of": 12252.647831958557, "Z_threshold0.05_time": 1.994417428970337, "Z_threshold0.1_of": 12137.906073278085, "Z_threshold0.1_time": 0.7006673812866211, "Z_threshold0.15_of": 12121.238669364639, "Z_threshold0.15_time": 0.7386777400970459, "Z_threshold0.2_of": 12121.238669364639, "Z_threshold0.2_time": 0.7257695198059082, "Z_threshold0.25_of": 12024.054396836089, "Z_threshold0.25_time": 0.6744852066040039, "Z_threshold0.3_of": 12015.542945630748, "Z_threshold0.3_time": 0.6215097904205322, "Z_threshold0.35_of": 11972.8481345671, "Z_threshold0.35_time": 0.4002346992492676, "Z_threshold0.4_of": 11941.76672036243, "Z_threshold0.4_time": 0.34410691261291504, "Z_threshold0.45_of": 11922.908400536826, "Z_threshold0.45_time": 0.2979893684387207, "Z_threshold0.5_of": 11839.32394392122, "Z_threshold0.5_time": 0.317338228225708}