{"name": "L_300_63_1899.101.json", "BaldoML_of": 8283.117493978283, "BaldoML_time": 0.377302885055542, "BaldoGA_of": 8165.193413602511, "BaldoGA_time": 2.169699192047119, "Solver_of": 8445.207193178449, "Solver_time": 4.549686431884766, "Z_threshold0.05_of": 8333.549255288308, "Z_threshold0.05_time": 0.8763279914855957}