{"name": "L_300_72_4008.421.json", "BaldoML_of": 11754.121051829012, "BaldoML_time": 0.28963279724121094, "BaldoGA_of": 11920.671512573135, "BaldoGA_time": 3.698103189468384, "Solver_of": 12465.8245371363, "Solver_time": 79.1252326965332, "Z_threshold0.05_of": 12421.906478980016, "Z_threshold0.05_time": 1.4324619770050049, "Z_threshold0.1_of": 12421.906478980016, "Z_threshold0.1_time": 1.492896556854248, "Z_threshold0.15_of": 12369.079267521913, "Z_threshold0.15_time": 0.9002304077148438, "Z_threshold0.2_of": 12302.617228262568, "Z_threshold0.2_time": 1.1507987976074219}