{"name": "L_300_80_2606.073.json", "BaldoML_of": 9665.21206203306, "BaldoML_time": 0.4565906524658203, "BaldoGA_of": 9502.026493646974, "BaldoGA_time": 2.5649254322052, "Solver_of": 9767.3488054758, "Solver_time": 6.603690147399902, "Z_threshold0.05_of": 9726.626458618304, "Z_threshold0.05_time": 1.0914134979248047, "Z_threshold0.1_of": 9703.438846700625, "Z_threshold0.1_time": 0.8587610721588135, "Z_threshold0.15_of": 9654.966422382771, "Z_threshold0.15_time": 0.769233226776123, "Z_threshold0.2_of": 9624.99099752932, "Z_threshold0.2_time": 0.6306428909301758}