{"name": "L_300_88_1966.826.json", "BaldoML_of": 8792.882923913217, "BaldoML_time": 0.39101409912109375, "BaldoGA_of": 8745.006196085897, "BaldoGA_time": 2.9326319694519043, "Solver_of": 8986.207636160509, "Solver_time": 3.8080062866210938, "Z_threshold0.05_of": 8936.20028824109, "Z_threshold0.05_time": 0.40392160415649414, "Z_threshold0.1_of": 8881.769694864826, "Z_threshold0.1_time": 0.1900618076324463, "Z_threshold0.15_of": 8529.816201967356, "Z_threshold0.15_time": 0.1367044448852539, "Z_threshold0.2_of": 8436.639487813518, "Z_threshold0.2_time": 0.13648438453674316, "Z_threshold0.25_of": 8376.309274994106, "Z_threshold0.25_time": 0.13555335998535156, "Z_threshold0.3_of": 8339.462116075807, "Z_threshold0.3_time": 0.13692641258239746, "Z_threshold0.35_of": 8130.692247121956, "Z_threshold0.35_time": 0.13454794883728027, "Z_threshold0.4_of": 8070.180748466512, "Z_threshold0.4_time": 0.1386270523071289, "Z_threshold0.45_of": 8006.336326676506, "Z_threshold0.45_time": 0.134566068649292, "Z_threshold0.5_of": 8006.336326676506, "Z_threshold0.5_time": 0.13482975959777832}