{"name": "L_300_148_3826.211.json", "BaldoML_of": 11837.488517909107, "BaldoML_time": 0.34215402603149414, "BaldoGA_of": 11959.784607934465, "BaldoGA_time": 5.08415961265564, "Solver_of": 12165.284417536588, "Solver_time": 13.057026147842407, "Z_threshold0.05_of": 11940.19304066428, "Z_threshold0.05_time": 0.8990373611450195, "Z_threshold0.1_of": 11838.558139271425, "Z_threshold0.1_time": 0.717505931854248, "Z_threshold0.15_of": 11380.925127815102, "Z_threshold0.15_time": 0.5800111293792725, "Z_threshold0.2_of": 11201.180533938059, "Z_threshold0.2_time": 0.5766551494598389}