{"name": "L_300_102_1977.449.json", "BaldoML_of": 7437.951967178705, "BaldoML_time": 0.3788621425628662, "BaldoGA_of": 7428.313254233616, "BaldoGA_time": 2.6977243423461914, "Solver_of": 7783.9590117134585, "Solver_time": 6.835519313812256, "Z_threshold0.05_of": 7496.430973248009, "Z_threshold0.05_time": 0.8008568286895752, "Z_threshold0.1_of": 7267.693840009907, "Z_threshold0.1_time": 0.5680348873138428, "Z_threshold0.15_of": 6868.695879400673, "Z_threshold0.15_time": 0.5610523223876953, "Z_threshold0.2_of": 6723.671136053548, "Z_threshold0.2_time": 0.5597679615020752}