{"name": "L_300_98_1988.332.json", "BaldoML_of": 7624.905752967023, "BaldoML_time": 0.4351687431335449, "BaldoGA_of": 7647.749426579682, "BaldoGA_time": 2.802506446838379, "Solver_of": 7820.3748306310845, "Solver_time": 5.42392110824585, "Z_threshold0.05_of": 7764.852613819285, "Z_threshold0.05_time": 0.3263835906982422, "Z_threshold0.1_of": 7581.603373483128, "Z_threshold0.1_time": 0.18538498878479004, "Z_threshold0.15_of": 7338.521891417426, "Z_threshold0.15_time": 0.12167859077453613, "Z_threshold0.2_of": 7338.521891417426, "Z_threshold0.2_time": 0.12356424331665039, "Z_threshold0.25_of": 7180.381467941808, "Z_threshold0.25_time": 0.12354588508605957, "Z_threshold0.3_of": 7075.4489396221825, "Z_threshold0.3_time": 0.12787151336669922, "Z_threshold0.35_of": 6976.7996668132055, "Z_threshold0.35_time": 0.12006974220275879, "Z_threshold0.4_of": 6976.7996668132055, "Z_threshold0.4_time": 0.12159872055053711, "Z_threshold0.45_of": 6919.415632143163, "Z_threshold0.45_time": 0.11979150772094727, "Z_threshold0.5_of": 6919.415632143163, "Z_threshold0.5_time": 0.12521910667419434}