{"name": "L_300_88_2525.635.json", "BaldoML_of": 9276.24089747256, "BaldoML_time": 0.42534828186035156, "BaldoGA_of": 9281.278401680613, "BaldoGA_time": 2.768693447113037, "Solver_of": 9518.499751248486, "Solver_time": 9.907722234725952, "Z_threshold0.05_of": 9458.29456031882, "Z_threshold0.05_time": 0.6527411937713623, "Z_threshold0.1_of": 9438.192592910355, "Z_threshold0.1_time": 0.5183379650115967, "Z_threshold0.15_of": 9339.428315753355, "Z_threshold0.15_time": 0.34949636459350586, "Z_threshold0.2_of": 9236.55026162845, "Z_threshold0.2_time": 0.16634440422058105, "Z_threshold0.25_of": 8935.934472065006, "Z_threshold0.25_time": 0.14143896102905273, "Z_threshold0.3_of": 8767.062300479896, "Z_threshold0.3_time": 0.1407337188720703, "Z_threshold0.35_of": 8670.404758803546, "Z_threshold0.35_time": 0.14621853828430176, "Z_threshold0.4_of": 8499.143846363539, "Z_threshold0.4_time": 0.13787412643432617, "Z_threshold0.45_of": 8442.83529716147, "Z_threshold0.45_time": 0.1381685733795166, "Z_threshold0.5_of": 8372.798303824047, "Z_threshold0.5_time": 0.139678955078125}