{"name": "L_300_146_3958.478.json", "BaldoML_of": 11666.200779533612, "BaldoML_time": 12.362197160720825, "BaldoGA_of": 11242.311903998432, "BaldoGA_time": 4.935237407684326, "Solver_of": 11666.200779533612, "Solver_time": 102.59387159347534, "Z_threshold0.05_of": 11360.941513015103, "Z_threshold0.05_time": 0.7613294124603271, "Z_threshold0.1_of": 11182.49126758713, "Z_threshold0.1_time": 0.2970426082611084, "Z_threshold0.15_of": 11152.176159055514, "Z_threshold0.15_time": 0.27385711669921875, "Z_threshold0.2_of": 11106.81211027803, "Z_threshold0.2_time": 0.25466442108154297, "Z_threshold0.25_of": 11086.040021076957, "Z_threshold0.25_time": 0.26239776611328125, "Z_threshold0.3_of": 11058.806844419823, "Z_threshold0.3_time": 0.25762271881103516, "Z_threshold0.35_of": 11058.806844419823, "Z_threshold0.35_time": 0.2553739547729492, "Z_threshold0.4_of": 11058.806844419823, "Z_threshold0.4_time": 0.26670050621032715, "Z_threshold0.45_of": 11058.806844419823, "Z_threshold0.45_time": 0.2588531970977783, "Z_threshold0.5_of": 11058.806844419823, "Z_threshold0.5_time": 0.27025771141052246}