{"name": "L_300_111_2488.466.json", "BaldoML_of": 9330.814794622383, "BaldoML_time": 0.3848154544830322, "BaldoGA_of": 9331.405754944173, "BaldoGA_time": 3.995328903198242, "Solver_of": 9554.926251376775, "Solver_time": 8.714023351669312, "Z_threshold0.05_of": 9376.356986560235, "Z_threshold0.05_time": 0.9563720226287842, "Z_threshold0.1_of": 9307.076291509637, "Z_threshold0.1_time": 0.6564810276031494, "Z_threshold0.15_of": 9254.651874791696, "Z_threshold0.15_time": 0.6585984230041504, "Z_threshold0.2_of": 9023.795362966419, "Z_threshold0.2_time": 0.5653424263000488, "Z_threshold0.25_of": 8805.120784362478, "Z_threshold0.25_time": 0.5638420581817627}