{"name": "L_300_83_1936.927.json", "BaldoML_of": 8025.521110507381, "BaldoML_time": 0.35082125663757324, "BaldoGA_of": 7980.149074628891, "BaldoGA_time": 2.375302791595459, "Solver_of": 8202.019715100769, "Solver_time": 4.435414791107178, "Z_threshold0.05_of": 8180.861841169298, "Z_threshold0.05_time": 0.5953903198242188, "Z_threshold0.1_of": 8009.978458497387, "Z_threshold0.1_time": 0.3220217227935791, "Z_threshold0.15_of": 7980.204267759513, "Z_threshold0.15_time": 0.21481585502624512, "Z_threshold0.2_of": 7946.349820073857, "Z_threshold0.2_time": 0.13511228561401367, "Z_threshold0.25_of": 7737.618334028217, "Z_threshold0.25_time": 0.1333143711090088, "Z_threshold0.3_of": 7657.484265099579, "Z_threshold0.3_time": 0.13445687294006348, "Z_threshold0.35_of": 7657.484265099579, "Z_threshold0.35_time": 0.13233041763305664, "Z_threshold0.4_of": 7620.928055431898, "Z_threshold0.4_time": 0.13790225982666016, "Z_threshold0.45_of": 7475.424936312623, "Z_threshold0.45_time": 0.13281965255737305, "Z_threshold0.5_of": 7407.470117265383, "Z_threshold0.5_time": 0.1313159465789795}