{"name": "L_300_70_1927.723.json", "BaldoML_of": 8319.904959508462, "BaldoML_time": 0.4226078987121582, "BaldoGA_of": 8225.586344137559, "BaldoGA_time": 2.629443645477295, "Solver_of": 8450.898756161081, "Solver_time": 4.551270008087158, "Z_threshold0.05_of": 8408.093258610204, "Z_threshold0.05_time": 0.7441983222961426}