{"name": "L_300_138_2448.083.json", "BaldoML_of": 9780.87446019208, "BaldoML_time": 5.523254156112671, "BaldoGA_of": 9533.085513257323, "BaldoGA_time": 3.4538731575012207, "Solver_of": 9780.87446019208, "Solver_time": 6.186245679855347, "Z_threshold0.05_of": 9672.406563762108, "Z_threshold0.05_time": 0.31284451484680176, "Z_threshold0.1_of": 9409.621803718206, "Z_threshold0.1_time": 0.28727245330810547, "Z_threshold0.15_of": 9270.166595943296, "Z_threshold0.15_time": 0.2611806392669678, "Z_threshold0.2_of": 9235.232834757206, "Z_threshold0.2_time": 0.2614765167236328, "Z_threshold0.25_of": 9235.232834757206, "Z_threshold0.25_time": 0.26636815071105957, "Z_threshold0.3_of": 9235.232834757206, "Z_threshold0.3_time": 0.2722954750061035, "Z_threshold0.35_of": 9235.232834757206, "Z_threshold0.35_time": 0.27117347717285156, "Z_threshold0.4_of": 9235.232834757206, "Z_threshold0.4_time": 0.26419854164123535, "Z_threshold0.45_of": 9235.232834757206, "Z_threshold0.45_time": 0.25907182693481445, "Z_threshold0.5_of": 9235.232834757206, "Z_threshold0.5_time": 0.2575497627258301}