{"name": "L_300_102_1977.449.json", "BaldoML_of": 7437.951967178705, "BaldoML_time": 0.3788621425628662, "BaldoGA_of": 7428.313254233616, "BaldoGA_time": 2.6977243423461914, "Solver_of": 7783.9590117134585, "Solver_time": 6.835519313812256, "Z_threshold0.05_of": 7588.100913593428, "Z_threshold0.05_time": 0.27592992782592773, "Z_threshold0.1_of": 7326.581777070975, "Z_threshold0.1_time": 0.1283116340637207, "Z_threshold0.15_of": 7246.566935116731, "Z_threshold0.15_time": 0.1384110450744629, "Z_threshold0.2_of": 7246.566935116731, "Z_threshold0.2_time": 0.12214779853820801, "Z_threshold0.25_of": 7204.971819840852, "Z_threshold0.25_time": 0.12136363983154297, "Z_threshold0.3_of": 7204.971819840852, "Z_threshold0.3_time": 0.1328439712524414, "Z_threshold0.35_of": 7204.971819840852, "Z_threshold0.35_time": 0.1398146152496338, "Z_threshold0.4_of": 7204.971819840852, "Z_threshold0.4_time": 0.12129354476928711, "Z_threshold0.45_of": 7204.971819840852, "Z_threshold0.45_time": 0.12017393112182617, "Z_threshold0.5_of": 7108.935595923458, "Z_threshold0.5_time": 0.12371516227722168}