{"name": "L_300_158_3787.659.json", "BaldoML_of": 11875.968885305476, "BaldoML_time": 0.4503946304321289, "BaldoGA_of": 11804.966126021687, "BaldoGA_time": 5.29326868057251, "Solver_of": 12286.807533878507, "Solver_time": 94.6627984046936, "Z_threshold0.05_of": 12036.751288554058, "Z_threshold0.05_time": 0.9793345928192139}