{"name": "L_300_82_2561.885.json", "BaldoML_of": 9591.563207398036, "BaldoML_time": 0.4040217399597168, "BaldoGA_of": 9628.971614200871, "BaldoGA_time": 2.797714948654175, "Solver_of": 9992.654338790135, "Solver_time": 5.932551383972168, "Z_threshold0.05_of": 9892.72467558743, "Z_threshold0.05_time": 0.7997899055480957, "Z_threshold0.1_of": 9794.42309011232, "Z_threshold0.1_time": 0.45045018196105957, "Z_threshold0.15_of": 9737.734279944496, "Z_threshold0.15_time": 0.4852902889251709, "Z_threshold0.2_of": 9717.01759994138, "Z_threshold0.2_time": 0.25457239151000977, "Z_threshold0.25_of": 9529.370649057086, "Z_threshold0.25_time": 0.15089702606201172, "Z_threshold0.3_of": 9243.544838823598, "Z_threshold0.3_time": 0.1464996337890625, "Z_threshold0.35_of": 9196.903674478788, "Z_threshold0.35_time": 0.14870572090148926, "Z_threshold0.4_of": 9196.903674478788, "Z_threshold0.4_time": 0.14365315437316895, "Z_threshold0.45_of": 9027.30558158252, "Z_threshold0.45_time": 0.15157246589660645, "Z_threshold0.5_of": 8991.205959650475, "Z_threshold0.5_time": 0.23510050773620605}