{"name": "L_300_63_4011.064.json", "BaldoML_of": 12188.162513438003, "BaldoML_time": 0.546034574508667, "BaldoGA_of": 12053.359934291597, "BaldoGA_time": 3.8667898178100586, "Solver_of": 12508.003896136115, "Solver_time": 13.790818452835083, "Z_threshold0.05_of": 12409.726077341673, "Z_threshold0.05_time": 1.6541426181793213, "Z_threshold0.1_of": 12405.40771024499, "Z_threshold0.1_time": 1.043832540512085, "Z_threshold0.15_of": 12384.419925737771, "Z_threshold0.15_time": 1.3523693084716797, "Z_threshold0.2_of": 12213.75161168344, "Z_threshold0.2_time": 0.8523309230804443}