{"name": "L_300_63_3564.135.json", "BaldoML_of": 13905.853788862198, "BaldoML_time": 0.3941690921783447, "BaldoGA_of": 13719.839288463936, "BaldoGA_time": 4.547701120376587, "Solver_of": 14076.178496893266, "Solver_time": 6.902974367141724, "Z_threshold0.05_of": 13985.409048622845, "Z_threshold0.05_time": 1.1197090148925781, "Z_threshold0.1_of": 13970.328092889276, "Z_threshold0.1_time": 1.491325855255127, "Z_threshold0.15_of": 13970.328092889278, "Z_threshold0.15_time": 1.2536487579345703, "Z_threshold0.2_of": 13962.484895235539, "Z_threshold0.2_time": 1.2221999168395996}