{"name": "L_300_170_2569.997.json", "BaldoML_of": 8820.558694500927, "BaldoML_time": 0.29059386253356934, "BaldoGA_of": 8810.917437322192, "BaldoGA_time": 1.3114638328552246, "Solver_of": 9178.792980262084, "Solver_time": 10.709885597229004, "Z_threshold0.05_of": 8810.917437322192, "Z_threshold0.05_time": 0.5615131855010986, "Z_threshold0.1_of": 8810.917437322192, "Z_threshold0.1_time": 0.5846333503723145, "Z_threshold0.15_of": 8728.225223979804, "Z_threshold0.15_time": 0.5821797847747803, "Z_threshold0.2_of": 8728.225223979804, "Z_threshold0.2_time": 0.5692934989929199, "Z_threshold0.25_of": 8728.225223979804, "Z_threshold0.25_time": 0.5641875267028809}