{"name": "L_300_97_2527.306.json", "BaldoML_of": 9321.521182401337, "BaldoML_time": 0.40201377868652344, "BaldoGA_of": 9398.422133290038, "BaldoGA_time": 2.9194741249084473, "Solver_of": 9633.024411925764, "Solver_time": 10.817254543304443, "Z_threshold0.05_of": 9611.622925411279, "Z_threshold0.05_time": 0.8892035484313965}