{"name": "L_300_127_2321.089.json", "BaldoML_of": 10538.92506967139, "BaldoML_time": 3.1780457496643066, "BaldoGA_of": 10369.393674961942, "BaldoGA_time": 3.7403476238250732, "Solver_of": 10539.874878985782, "Solver_time": 13.759190320968628, "Z_threshold0.05_of": 10481.1660224319, "Z_threshold0.05_time": 0.6706807613372803, "Z_threshold0.1_of": 10321.419369459152, "Z_threshold0.1_time": 0.34198713302612305, "Z_threshold0.15_of": 10164.329325627059, "Z_threshold0.15_time": 0.28691554069519043, "Z_threshold0.2_of": 10130.37188498709, "Z_threshold0.2_time": 0.28639674186706543, "Z_threshold0.25_of": 10130.37188498709, "Z_threshold0.25_time": 0.301044225692749, "Z_threshold0.3_of": 10089.099705423341, "Z_threshold0.3_time": 0.2992515563964844, "Z_threshold0.35_of": 10028.537564018676, "Z_threshold0.35_time": 0.2918407917022705, "Z_threshold0.4_of": 9979.766577566586, "Z_threshold0.4_time": 0.2796318531036377, "Z_threshold0.45_of": 9979.766577566586, "Z_threshold0.45_time": 0.28730225563049316, "Z_threshold0.5_of": 9979.766577566586, "Z_threshold0.5_time": 0.31121182441711426}