{"name": "L_300_175_3758.968.json", "BaldoML_of": 11668.442244060749, "BaldoML_time": 0.332963228225708, "BaldoGA_of": 11541.394044089628, "BaldoGA_time": 7.160898685455322, "Solver_of": 12022.884399681965, "Solver_time": 12.348940134048462, "Z_threshold0.05_of": 11760.361967554674, "Z_threshold0.05_time": 0.7327561378479004, "Z_threshold0.1_of": 11049.515197325914, "Z_threshold0.1_time": 0.6820707321166992, "Z_threshold0.15_of": 10780.827826311976, "Z_threshold0.15_time": 0.5692427158355713, "Z_threshold0.2_of": 10780.827826311976, "Z_threshold0.2_time": 0.5631103515625}