{"name": "L_300_164_2595.448.json", "BaldoML_of": 9783.062052527253, "BaldoML_time": 0.3610830307006836, "BaldoGA_of": 9834.20330806245, "BaldoGA_time": 1.9041252136230469, "Solver_of": 10103.936939389043, "Solver_time": 6.717811346054077, "Z_threshold0.05_of": 9935.661415135984, "Z_threshold0.05_time": 0.22186541557312012, "Z_threshold0.1_of": 9894.535580399008, "Z_threshold0.1_time": 0.128309965133667, "Z_threshold0.15_of": 9894.535580399008, "Z_threshold0.15_time": 0.14574980735778809, "Z_threshold0.2_of": 9894.535580399008, "Z_threshold0.2_time": 0.13559961318969727, "Z_threshold0.25_of": 9894.535580399008, "Z_threshold0.25_time": 0.1352081298828125, "Z_threshold0.3_of": 9894.535580399008, "Z_threshold0.3_time": 0.13943743705749512, "Z_threshold0.35_of": 9894.535580399008, "Z_threshold0.35_time": 0.13523244857788086, "Z_threshold0.4_of": 9894.535580399008, "Z_threshold0.4_time": 0.13616323471069336, "Z_threshold0.45_of": 9894.535580399008, "Z_threshold0.45_time": 0.13498806953430176, "Z_threshold0.5_of": 9894.535580399008, "Z_threshold0.5_time": 0.13802528381347656}