{"name": "L_300_141_1929.333.json", "BaldoML_of": 7983.243310660347, "BaldoML_time": 0.3350958824157715, "BaldoGA_of": 7977.571157438748, "BaldoGA_time": 1.7070167064666748, "Solver_of": 8279.003574336324, "Solver_time": 3.8248581886291504, "Z_threshold0.05_of": 8110.355081824274, "Z_threshold0.05_time": 0.13675355911254883, "Z_threshold0.1_of": 8110.355081824274, "Z_threshold0.1_time": 0.15183687210083008, "Z_threshold0.15_of": 8110.355081824274, "Z_threshold0.15_time": 0.14783000946044922, "Z_threshold0.2_of": 8110.355081824274, "Z_threshold0.2_time": 0.14446473121643066, "Z_threshold0.25_of": 8110.355081824274, "Z_threshold0.25_time": 0.13458847999572754, "Z_threshold0.3_of": 8110.355081824274, "Z_threshold0.3_time": 0.13579034805297852, "Z_threshold0.35_of": 8110.355081824274, "Z_threshold0.35_time": 0.1382284164428711, "Z_threshold0.4_of": 8110.355081824274, "Z_threshold0.4_time": 0.1282823085784912, "Z_threshold0.45_of": 8110.355081824274, "Z_threshold0.45_time": 0.12499475479125977, "Z_threshold0.5_of": 8110.355081824274, "Z_threshold0.5_time": 0.12241220474243164}