{"name": "L_300_72_4008.421.json", "BaldoML_of": 11754.121051829012, "BaldoML_time": 0.28963279724121094, "BaldoGA_of": 11920.671512573135, "BaldoGA_time": 3.698103189468384, "Solver_of": 12465.8245371363, "Solver_time": 79.1252326965332, "Z_threshold0.05_of": 12421.906478980016, "Z_threshold0.05_time": 1.4556078910827637, "Z_threshold0.1_of": 12421.906478980016, "Z_threshold0.1_time": 1.2485637664794922, "Z_threshold0.15_of": 12369.079267521913, "Z_threshold0.15_time": 0.9184656143188477, "Z_threshold0.2_of": 12302.617228262568, "Z_threshold0.2_time": 1.0849897861480713, "Z_threshold0.25_of": 12290.096526127378, "Z_threshold0.25_time": 0.9762144088745117}