{"name": "L_300_122_1865.015.json", "BaldoML_of": 9085.227605980273, "BaldoML_time": 1.1456854343414307, "BaldoGA_of": 8840.562174322731, "BaldoGA_time": 3.830963611602783, "Solver_of": 9085.227605980273, "Solver_time": 3.9291837215423584, "Z_threshold0.05_of": 8973.333366110097, "Z_threshold0.05_time": 0.3296387195587158, "Z_threshold0.1_of": 8621.918698694695, "Z_threshold0.1_time": 0.29209423065185547, "Z_threshold0.15_of": 8513.829393170685, "Z_threshold0.15_time": 0.27965331077575684, "Z_threshold0.2_of": 8513.829393170685, "Z_threshold0.2_time": 0.30962562561035156, "Z_threshold0.25_of": 8513.829393170685, "Z_threshold0.25_time": 0.29070019721984863, "Z_threshold0.3_of": 8513.829393170685, "Z_threshold0.3_time": 0.2784309387207031, "Z_threshold0.35_of": 8475.323263267517, "Z_threshold0.35_time": 0.27803874015808105, "Z_threshold0.4_of": 8475.323263267517, "Z_threshold0.4_time": 0.28185176849365234, "Z_threshold0.45_of": 8475.323263267517, "Z_threshold0.45_time": 0.2689080238342285, "Z_threshold0.5_of": 8475.323263267517, "Z_threshold0.5_time": 0.27932119369506836}