{"name": "L_300_116_2479.608.json", "BaldoML_of": 9040.21020264465, "BaldoML_time": 0.35042285919189453, "BaldoGA_of": 8902.27201498851, "BaldoGA_time": 3.5356979370117188, "Solver_of": 9170.915980166927, "Solver_time": 9.47641897201538, "Z_threshold0.05_of": 9111.415114622316, "Z_threshold0.05_time": 0.6809859275817871, "Z_threshold0.1_of": 8994.619170111586, "Z_threshold0.1_time": 0.6901164054870605, "Z_threshold0.15_of": 8568.396903713478, "Z_threshold0.15_time": 0.5503952503204346, "Z_threshold0.2_of": 8207.528579353335, "Z_threshold0.2_time": 0.6141471862792969, "Z_threshold0.25_of": 8084.628992111333, "Z_threshold0.25_time": 0.5485808849334717}