{"name": "L_300_99_3807.895.json", "BaldoML_of": 11414.244170269476, "BaldoML_time": 0.2643589973449707, "BaldoGA_of": 11698.028890107871, "BaldoGA_time": 3.915787935256958, "Solver_of": 12104.16689032789, "Solver_time": 12.833698272705078, "Z_threshold0.05_of": 12091.638849185762, "Z_threshold0.05_time": 1.2014226913452148, "Z_threshold0.1_of": 11845.182571111629, "Z_threshold0.1_time": 1.1798229217529297, "Z_threshold0.15_of": 11686.545798022458, "Z_threshold0.15_time": 0.9889023303985596, "Z_threshold0.2_of": 11534.330821565403, "Z_threshold0.2_time": 0.7661130428314209, "Z_threshold0.25_of": 11406.785980805256, "Z_threshold0.25_time": 0.5634238719940186}