{"name": "L_300_70_1826.253.json", "BaldoML_of": 8965.963031312065, "BaldoML_time": 0.4627349376678467, "BaldoGA_of": 8915.345739115242, "BaldoGA_time": 2.439384698867798, "Solver_of": 9200.704703757528, "Solver_time": 5.14584755897522, "Z_threshold0.05_of": 9104.78860556631, "Z_threshold0.05_time": 0.726055383682251}