{"name": "L_300_121_3845.99.json", "BaldoML_of": 11420.55530295224, "BaldoML_time": 0.38160014152526855, "BaldoGA_of": 11460.77821921988, "BaldoGA_time": 4.254998445510864, "Solver_of": 11821.629263532548, "Solver_time": 74.58216142654419, "Z_threshold0.05_of": 11776.776024425892, "Z_threshold0.05_time": 0.8139693737030029, "Z_threshold0.1_of": 11604.965108677252, "Z_threshold0.1_time": 0.6372776031494141, "Z_threshold0.15_of": 11572.380185931775, "Z_threshold0.15_time": 0.3178434371948242, "Z_threshold0.2_of": 11572.380185931775, "Z_threshold0.2_time": 0.23116612434387207, "Z_threshold0.25_of": 11560.784142691713, "Z_threshold0.25_time": 0.19405126571655273, "Z_threshold0.3_of": 11427.230415175556, "Z_threshold0.3_time": 0.15101289749145508, "Z_threshold0.35_of": 11404.786477318994, "Z_threshold0.35_time": 0.15558171272277832, "Z_threshold0.4_of": 11404.786477318994, "Z_threshold0.4_time": 0.15632295608520508, "Z_threshold0.45_of": 11386.03803620363, "Z_threshold0.45_time": 0.15282821655273438, "Z_threshold0.5_of": 11386.03803620363, "Z_threshold0.5_time": 0.14891886711120605}