{"name": "L_300_94_2571.705.json", "BaldoML_of": 9371.744805305336, "BaldoML_time": 3.323652744293213, "BaldoGA_of": 9019.797858733662, "BaldoGA_time": 2.6007983684539795, "Solver_of": 9371.744805305336, "Solver_time": 58.717142820358276, "Z_threshold0.05_of": 9327.769857721001, "Z_threshold0.05_time": 3.2072644233703613, "Z_threshold0.1_of": 9241.246775382022, "Z_threshold0.1_time": 0.5979080200195312, "Z_threshold0.15_of": 9059.5212872153, "Z_threshold0.15_time": 0.3658890724182129, "Z_threshold0.2_of": 8964.037018030538, "Z_threshold0.2_time": 0.289642333984375, "Z_threshold0.25_of": 8868.86291081237, "Z_threshold0.25_time": 0.27532291412353516, "Z_threshold0.3_of": 8773.059874446148, "Z_threshold0.3_time": 0.2820284366607666, "Z_threshold0.35_of": 8705.61030119576, "Z_threshold0.35_time": 0.2989358901977539, "Z_threshold0.4_of": 8535.474840319417, "Z_threshold0.4_time": 0.30152177810668945, "Z_threshold0.45_of": 8428.12112252394, "Z_threshold0.45_time": 0.2792654037475586, "Z_threshold0.5_of": 8400.304961641938, "Z_threshold0.5_time": 0.29958248138427734}