{"name": "L_300_116_2682.951.json", "BaldoML_of": 9349.158206903881, "BaldoML_time": 0.33844566345214844, "BaldoGA_of": 9347.307390180358, "BaldoGA_time": 3.8412532806396484, "Solver_of": 9542.187390109457, "Solver_time": 9.836154699325562, "Z_threshold0.05_of": 9536.28063051111, "Z_threshold0.05_time": 1.0788464546203613, "Z_threshold0.1_of": 9281.565941122308, "Z_threshold0.1_time": 0.7891662120819092, "Z_threshold0.15_of": 9240.105185293127, "Z_threshold0.15_time": 0.6027779579162598, "Z_threshold0.2_of": 9109.757570536756, "Z_threshold0.2_time": 0.5873007774353027}