{"name": "L_300_82_2504.474.json", "BaldoML_of": 9356.016806087742, "BaldoML_time": 0.4555046558380127, "BaldoGA_of": 9300.114446501102, "BaldoGA_time": 2.859161376953125, "Solver_of": 9598.575775386222, "Solver_time": 10.882054805755615, "Z_threshold0.05_of": 9549.363729661056, "Z_threshold0.05_time": 0.6782042980194092, "Z_threshold0.1_of": 9511.076425788166, "Z_threshold0.1_time": 0.5978717803955078, "Z_threshold0.15_of": 9412.557727039786, "Z_threshold0.15_time": 0.3797342777252197, "Z_threshold0.2_of": 9264.842858857197, "Z_threshold0.2_time": 0.23943471908569336, "Z_threshold0.25_of": 9045.469099492588, "Z_threshold0.25_time": 0.1394188404083252, "Z_threshold0.3_of": 8920.258237838203, "Z_threshold0.3_time": 0.14110207557678223, "Z_threshold0.35_of": 8865.157259572614, "Z_threshold0.35_time": 0.13749432563781738, "Z_threshold0.4_of": 8865.157259572614, "Z_threshold0.4_time": 0.13792657852172852, "Z_threshold0.45_of": 8781.572438959807, "Z_threshold0.45_time": 0.13722586631774902, "Z_threshold0.5_of": 8654.831417450261, "Z_threshold0.5_time": 0.1372535228729248}