{"name": "L_300_164_3822.591.json", "BaldoML_of": 11899.18195313592, "BaldoML_time": 0.46857547760009766, "BaldoGA_of": 11880.285822638743, "BaldoGA_time": 5.091584205627441, "Solver_of": 12219.536065748483, "Solver_time": 17.603158473968506, "Z_threshold0.05_of": 11996.514391233919, "Z_threshold0.05_time": 1.2897601127624512, "Z_threshold0.1_of": 11927.429170596552, "Z_threshold0.1_time": 0.973374605178833, "Z_threshold0.15_of": 11398.066496288246, "Z_threshold0.15_time": 0.574540376663208, "Z_threshold0.2_of": 11088.763695881984, "Z_threshold0.2_time": 0.5660779476165771, "Z_threshold0.25_of": 11088.763695881984, "Z_threshold0.25_time": 0.5707628726959229}