{"name": "L_300_143_3873.746.json", "BaldoML_of": 11695.876697165002, "BaldoML_time": 0.32689666748046875, "BaldoGA_of": 11654.29486945993, "BaldoGA_time": 5.299882411956787, "Solver_of": 12036.136844765617, "Solver_time": 108.28989863395691, "Z_threshold0.05_of": 11858.973734417714, "Z_threshold0.05_time": 1.275747299194336, "Z_threshold0.1_of": 11686.14104136926, "Z_threshold0.1_time": 0.8165442943572998, "Z_threshold0.15_of": 11305.37276499622, "Z_threshold0.15_time": 0.5791490077972412, "Z_threshold0.2_of": 11070.79161862297, "Z_threshold0.2_time": 0.6496727466583252, "Z_threshold0.25_of": 10781.61670898082, "Z_threshold0.25_time": 0.5755267143249512}