{"name": "L_300_162_4080.29.json", "BaldoML_of": 11197.371130700436, "BaldoML_time": 0.372967004776001, "BaldoGA_of": 11293.78162741953, "BaldoGA_time": 4.869628190994263, "Solver_of": 11596.383244889455, "Solver_time": 10.099823236465454, "Z_threshold0.05_of": 11291.710422420405, "Z_threshold0.05_time": 0.17030024528503418, "Z_threshold0.1_of": 11213.275028452968, "Z_threshold0.1_time": 0.1427292823791504, "Z_threshold0.15_of": 11196.727615209733, "Z_threshold0.15_time": 0.14811992645263672, "Z_threshold0.2_of": 11196.727615209733, "Z_threshold0.2_time": 0.14750289916992188, "Z_threshold0.25_of": 11196.727615209733, "Z_threshold0.25_time": 0.1715385913848877, "Z_threshold0.3_of": 11196.727615209733, "Z_threshold0.3_time": 0.14146661758422852, "Z_threshold0.35_of": 11196.727615209733, "Z_threshold0.35_time": 0.14148449897766113, "Z_threshold0.4_of": 11196.727615209733, "Z_threshold0.4_time": 0.13831639289855957, "Z_threshold0.45_of": 11196.727615209733, "Z_threshold0.45_time": 0.13980793952941895, "Z_threshold0.5_of": 11196.727615209733, "Z_threshold0.5_time": 0.14044785499572754}