{"name": "L_300_163_3902.999.json", "BaldoML_of": 11286.179092941786, "BaldoML_time": 0.38642239570617676, "BaldoGA_of": 11314.569937918532, "BaldoGA_time": 5.344153165817261, "Solver_of": 11764.696181452713, "Solver_time": 15.833743333816528, "Z_threshold0.05_of": 11583.217494432198, "Z_threshold0.05_time": 0.6733322143554688}