{"name": "L_300_110_1860.483.json", "BaldoML_of": 8265.131068188455, "BaldoML_time": 0.3539133071899414, "BaldoGA_of": 8252.73345897634, "BaldoGA_time": 2.8940064907073975, "Solver_of": 8492.148480601647, "Solver_time": 4.489099502563477, "Z_threshold0.05_of": 8319.724482714179, "Z_threshold0.05_time": 0.6518650054931641}