{"name": "L_300_75_3853.183.json", "BaldoML_of": 13202.941340373714, "BaldoML_time": 2.181154251098633, "BaldoGA_of": 12774.84943909483, "BaldoGA_time": 4.317147970199585, "Solver_of": 13249.291181139055, "Solver_time": 12.797751426696777, "Z_threshold0.05_of": 13163.679417102445, "Z_threshold0.05_time": 1.054222583770752, "Z_threshold0.1_of": 13126.524182986337, "Z_threshold0.1_time": 0.7333559989929199, "Z_threshold0.15_of": 12900.833836406488, "Z_threshold0.15_time": 0.6043565273284912, "Z_threshold0.2_of": 12842.763956132421, "Z_threshold0.2_time": 0.4268782138824463, "Z_threshold0.25_of": 12842.763956132421, "Z_threshold0.25_time": 0.4321582317352295, "Z_threshold0.3_of": 12842.763956132421, "Z_threshold0.3_time": 0.41034388542175293, "Z_threshold0.35_of": 12842.763956132421, "Z_threshold0.35_time": 0.3959975242614746, "Z_threshold0.4_of": 12842.763956132421, "Z_threshold0.4_time": 0.329801082611084, "Z_threshold0.45_of": 12842.763956132421, "Z_threshold0.45_time": 0.28681135177612305, "Z_threshold0.5_of": 12842.763956132421, "Z_threshold0.5_time": 0.2933015823364258}