{"name": "L_300_99_3807.895.json", "BaldoML_of": 12104.16689032789, "BaldoML_time": 2.742933511734009, "BaldoGA_of": 11698.028890107871, "BaldoGA_time": 3.915787935256958, "Solver_of": 12104.16689032789, "Solver_time": 12.833698272705078, "Z_threshold0.05_of": 12060.684177907158, "Z_threshold0.05_time": 1.0165975093841553, "Z_threshold0.1_of": 11734.214750741943, "Z_threshold0.1_time": 0.8407738208770752, "Z_threshold0.15_of": 11710.911580071985, "Z_threshold0.15_time": 0.7276537418365479, "Z_threshold0.2_of": 11699.689709575994, "Z_threshold0.2_time": 0.7269570827484131, "Z_threshold0.25_of": 11684.098669457544, "Z_threshold0.25_time": 0.5344686508178711, "Z_threshold0.3_of": 11639.727755404878, "Z_threshold0.3_time": 0.3359107971191406, "Z_threshold0.35_of": 11553.273767016455, "Z_threshold0.35_time": 0.2727835178375244, "Z_threshold0.4_of": 11497.54231979511, "Z_threshold0.4_time": 0.26309800148010254, "Z_threshold0.45_of": 11416.758386039586, "Z_threshold0.45_time": 0.2688169479370117, "Z_threshold0.5_of": 11416.758386039586, "Z_threshold0.5_time": 0.26843905448913574}