{"name": "L_300_102_3756.129.json", "BaldoML_of": 12997.159656329162, "BaldoML_time": 2.397299289703369, "BaldoGA_of": 12656.500526227055, "BaldoGA_time": 4.295810699462891, "Solver_of": 12997.159656329175, "Solver_time": 11.888738870620728, "Z_threshold0.05_of": 12912.46896061557, "Z_threshold0.05_time": 1.0497219562530518, "Z_threshold0.1_of": 12791.076381493378, "Z_threshold0.1_time": 0.9274482727050781, "Z_threshold0.15_of": 12669.481055065686, "Z_threshold0.15_time": 0.7255032062530518, "Z_threshold0.2_of": 12669.1451322358, "Z_threshold0.2_time": 0.6239733695983887, "Z_threshold0.25_of": 12648.750914072181, "Z_threshold0.25_time": 0.6053543090820312, "Z_threshold0.3_of": 12623.947762436723, "Z_threshold0.3_time": 0.464557409286499, "Z_threshold0.35_of": 12563.758383337927, "Z_threshold0.35_time": 0.37825536727905273, "Z_threshold0.4_of": 12563.758383337927, "Z_threshold0.4_time": 0.37113118171691895, "Z_threshold0.45_of": 12447.610176530019, "Z_threshold0.45_time": 0.3106997013092041, "Z_threshold0.5_of": 12447.610176530019, "Z_threshold0.5_time": 0.3042459487915039}