{"name": "L_300_159_3764.296.json", "BaldoML_of": 11806.3193342984, "BaldoML_time": 0.37543392181396484, "BaldoGA_of": 11892.814363533178, "BaldoGA_time": 5.779085874557495, "Solver_of": 12171.807313716758, "Solver_time": 31.647305488586426, "Z_threshold0.05_of": 11872.094194841831, "Z_threshold0.05_time": 0.21388626098632812, "Z_threshold0.1_of": 11784.240413113124, "Z_threshold0.1_time": 0.14411187171936035, "Z_threshold0.15_of": 11784.240413113124, "Z_threshold0.15_time": 0.14315342903137207, "Z_threshold0.2_of": 11784.240413113124, "Z_threshold0.2_time": 0.13885974884033203, "Z_threshold0.25_of": 11784.240413113124, "Z_threshold0.25_time": 0.13402295112609863, "Z_threshold0.3_of": 11784.240413113124, "Z_threshold0.3_time": 0.13627028465270996, "Z_threshold0.35_of": 11784.240413113124, "Z_threshold0.35_time": 0.13341736793518066, "Z_threshold0.4_of": 11784.240413113124, "Z_threshold0.4_time": 0.14795494079589844, "Z_threshold0.45_of": 11784.240413113124, "Z_threshold0.45_time": 0.1429605484008789, "Z_threshold0.5_of": 11784.240413113124, "Z_threshold0.5_time": 0.17099642753601074}