{"name": "L_300_75_1768.217.json", "BaldoML_of": 10129.786679521725, "BaldoML_time": 0.4204428195953369, "BaldoGA_of": 10101.113587929225, "BaldoGA_time": 2.9572272300720215, "Solver_of": 10237.916973797901, "Solver_time": 2.8597147464752197, "Z_threshold0.05_of": 10237.916973797894, "Z_threshold0.05_time": 0.755964994430542}