{"name": "L_300_91_1829.406.json", "BaldoML_of": 8564.192558525565, "BaldoML_time": 2.306166172027588, "BaldoGA_of": 8281.043360725502, "BaldoGA_time": 2.3362646102905273, "Solver_of": 8571.490698345244, "Solver_time": 5.104064226150513, "Z_threshold0.05_of": 8454.16927569497, "Z_threshold0.05_time": 0.6114840507507324, "Z_threshold0.1_of": 8363.509428453208, "Z_threshold0.1_time": 0.4716606140136719, "Z_threshold0.15_of": 8170.235176147457, "Z_threshold0.15_time": 0.3153674602508545, "Z_threshold0.2_of": 8097.952137641251, "Z_threshold0.2_time": 0.2857060432434082, "Z_threshold0.25_of": 7900.353600780961, "Z_threshold0.25_time": 0.2789299488067627, "Z_threshold0.3_of": 7677.28791518179, "Z_threshold0.3_time": 0.27489256858825684, "Z_threshold0.35_of": 7610.428455896777, "Z_threshold0.35_time": 0.2793121337890625, "Z_threshold0.4_of": 7610.428455896777, "Z_threshold0.4_time": 0.2935309410095215, "Z_threshold0.45_of": 7541.902113404538, "Z_threshold0.45_time": 0.2732365131378174, "Z_threshold0.5_of": 7541.902113404538, "Z_threshold0.5_time": 0.3124961853027344}