{"name": "L_300_94_3782.793.json", "BaldoML_of": 12280.336914633057, "BaldoML_time": 0.33463311195373535, "BaldoGA_of": 12507.146255821493, "BaldoGA_time": 4.7091405391693115, "Solver_of": 12836.239647864199, "Solver_time": 8.777664422988892, "Z_threshold0.05_of": 12822.957147679334, "Z_threshold0.05_time": 1.3178009986877441, "Z_threshold0.1_of": 12709.603332153549, "Z_threshold0.1_time": 1.0662033557891846, "Z_threshold0.15_of": 12438.681090006436, "Z_threshold0.15_time": 1.0191779136657715, "Z_threshold0.2_of": 12438.681090006447, "Z_threshold0.2_time": 0.8971576690673828}