{"name": "L_300_72_3764.871.json", "BaldoML_of": 13048.346413156742, "BaldoML_time": 0.3902277946472168, "BaldoGA_of": 13095.959139871875, "BaldoGA_time": 4.26513934135437, "Solver_of": 13412.707892565746, "Solver_time": 11.55019998550415, "Z_threshold0.05_of": 13405.029163335757, "Z_threshold0.05_time": 1.0154428482055664, "Z_threshold0.1_of": 13270.403351053126, "Z_threshold0.1_time": 1.2977349758148193, "Z_threshold0.15_of": 13115.411044163886, "Z_threshold0.15_time": 0.5494964122772217, "Z_threshold0.2_of": 12895.710135553763, "Z_threshold0.2_time": 0.25315093994140625, "Z_threshold0.25_of": 12729.06799575988, "Z_threshold0.25_time": 0.11853766441345215, "Z_threshold0.3_of": 12729.06799575988, "Z_threshold0.3_time": 0.11877274513244629, "Z_threshold0.35_of": 12729.06799575988, "Z_threshold0.35_time": 0.11757540702819824, "Z_threshold0.4_of": 12729.06799575988, "Z_threshold0.4_time": 0.11853981018066406, "Z_threshold0.45_of": 12729.06799575988, "Z_threshold0.45_time": 0.11726260185241699, "Z_threshold0.5_of": 12729.06799575988, "Z_threshold0.5_time": 0.11918425559997559}