{"name": "L_300_126_1874.667.json", "BaldoML_of": 8138.18591218576, "BaldoML_time": 0.3269822597503662, "BaldoGA_of": 8156.835120399295, "BaldoGA_time": 3.439096689224243, "Solver_of": 8354.098358791209, "Solver_time": 5.97861647605896, "Z_threshold0.05_of": 8034.751617217021, "Z_threshold0.05_time": 0.12990760803222656, "Z_threshold0.1_of": 7965.005063429993, "Z_threshold0.1_time": 0.13320565223693848, "Z_threshold0.15_of": 7932.923986773815, "Z_threshold0.15_time": 0.1284952163696289, "Z_threshold0.2_of": 7932.923986773815, "Z_threshold0.2_time": 0.13428068161010742, "Z_threshold0.25_of": 7932.923986773815, "Z_threshold0.25_time": 0.12853622436523438, "Z_threshold0.3_of": 7932.923986773815, "Z_threshold0.3_time": 0.12990093231201172, "Z_threshold0.35_of": 7932.923986773815, "Z_threshold0.35_time": 0.12845396995544434, "Z_threshold0.4_of": 7932.923986773815, "Z_threshold0.4_time": 0.1301116943359375, "Z_threshold0.45_of": 7932.923986773815, "Z_threshold0.45_time": 0.1285874843597412, "Z_threshold0.5_of": 7932.923986773815, "Z_threshold0.5_time": 0.13193726539611816}