{"name": "L_300_103_2615.857.json", "BaldoML_of": 9481.39805430638, "BaldoML_time": 0.3703880310058594, "BaldoGA_of": 9375.39948683214, "BaldoGA_time": 3.504962682723999, "Solver_of": 9671.046629708153, "Solver_time": 6.404405117034912, "Z_threshold0.05_of": 9661.510301333405, "Z_threshold0.05_time": 0.49495577812194824, "Z_threshold0.1_of": 9533.539000716402, "Z_threshold0.1_time": 0.18160557746887207, "Z_threshold0.15_of": 9478.800125445328, "Z_threshold0.15_time": 0.16312193870544434, "Z_threshold0.2_of": 9478.800125445328, "Z_threshold0.2_time": 0.1466662883758545, "Z_threshold0.25_of": 9160.119021235372, "Z_threshold0.25_time": 0.12935113906860352, "Z_threshold0.3_of": 9014.853124024363, "Z_threshold0.3_time": 0.13053512573242188, "Z_threshold0.35_of": 8932.740810290414, "Z_threshold0.35_time": 0.12865638732910156, "Z_threshold0.4_of": 8932.740810290414, "Z_threshold0.4_time": 0.13428735733032227, "Z_threshold0.45_of": 8932.740810290414, "Z_threshold0.45_time": 0.13690447807312012, "Z_threshold0.5_of": 8932.740810290414, "Z_threshold0.5_time": 0.13165521621704102}