{"name": "L_300_73_2610.463.json", "BaldoML_of": 9489.057744072306, "BaldoML_time": 0.5300378799438477, "BaldoGA_of": 9453.305470176074, "BaldoGA_time": 3.516206979751587, "Solver_of": 9850.536716841225, "Solver_time": 8.384784698486328, "Z_threshold0.05_of": 9795.763796815794, "Z_threshold0.05_time": 1.2925944328308105, "Z_threshold0.1_of": 9672.214709100252, "Z_threshold0.1_time": 1.3498420715332031, "Z_threshold0.15_of": 9589.25216174456, "Z_threshold0.15_time": 1.248523235321045, "Z_threshold0.2_of": 9410.724989094584, "Z_threshold0.2_time": 0.8000926971435547, "Z_threshold0.25_of": 9248.235463923109, "Z_threshold0.25_time": 0.5701076984405518}