{"name": "L_300_94_2555.635.json", "BaldoML_of": 9931.476006533918, "BaldoML_time": 0.3953673839569092, "BaldoGA_of": 9832.411395896088, "BaldoGA_time": 2.9235026836395264, "Solver_of": 10065.20952358698, "Solver_time": 9.135714054107666, "Z_threshold0.05_of": 10013.672150843891, "Z_threshold0.05_time": 0.5739767551422119, "Z_threshold0.1_of": 9800.80638134164, "Z_threshold0.1_time": 0.3509812355041504, "Z_threshold0.15_of": 9662.198180715472, "Z_threshold0.15_time": 0.1313931941986084, "Z_threshold0.2_of": 9325.669298541927, "Z_threshold0.2_time": 0.13032793998718262, "Z_threshold0.25_of": 9281.712428231036, "Z_threshold0.25_time": 0.12772464752197266, "Z_threshold0.3_of": 9218.769358969863, "Z_threshold0.3_time": 0.12872314453125, "Z_threshold0.35_of": 9185.982597842543, "Z_threshold0.35_time": 0.14738845825195312, "Z_threshold0.4_of": 9185.982597842543, "Z_threshold0.4_time": 0.1314535140991211, "Z_threshold0.45_of": 9115.880340177197, "Z_threshold0.45_time": 0.12659168243408203, "Z_threshold0.5_of": 9115.880340177197, "Z_threshold0.5_time": 0.13280320167541504}