{"name": "L_300_95_1926.696.json", "BaldoML_of": 7383.158650587527, "BaldoML_time": 0.40654921531677246, "BaldoGA_of": 7371.227325623545, "BaldoGA_time": 2.0802698135375977, "Solver_of": 7562.725782491115, "Solver_time": 9.453142642974854, "Z_threshold0.05_of": 7448.8831279505175, "Z_threshold0.05_time": 0.9715673923492432, "Z_threshold0.1_of": 7153.908354887524, "Z_threshold0.1_time": 0.6527137756347656, "Z_threshold0.15_of": 6991.613351407643, "Z_threshold0.15_time": 0.5555970668792725, "Z_threshold0.2_of": 6832.865785507547, "Z_threshold0.2_time": 0.5636987686157227, "Z_threshold0.25_of": 6784.944401848407, "Z_threshold0.25_time": 0.5575222969055176}