{"name": "L_300_176_1923.593.json", "BaldoML_of": 7877.6115904381195, "BaldoML_time": 0.2806823253631592, "BaldoGA_of": 7862.737544304124, "BaldoGA_time": 0.9106924533843994, "Solver_of": 8232.82141855098, "Solver_time": 4.384729862213135, "Z_threshold0.05_of": 7873.412585748438, "Z_threshold0.05_time": 0.5521891117095947, "Z_threshold0.1_of": 7873.412585748438, "Z_threshold0.1_time": 0.5504920482635498, "Z_threshold0.15_of": 7873.412585748438, "Z_threshold0.15_time": 0.5545883178710938, "Z_threshold0.2_of": 7873.412585748438, "Z_threshold0.2_time": 0.5586397647857666, "Z_threshold0.25_of": 7873.412585748438, "Z_threshold0.25_time": 0.6408443450927734}