{"name": "L_300_94_2555.635.json", "BaldoML_of": 9931.476006533918, "BaldoML_time": 0.3953673839569092, "BaldoGA_of": 9832.411395896088, "BaldoGA_time": 2.9235026836395264, "Solver_of": 10065.20952358698, "Solver_time": 9.135714054107666, "Z_threshold0.05_of": 10049.00295492183, "Z_threshold0.05_time": 0.98990797996521, "Z_threshold0.1_of": 9864.199951518585, "Z_threshold0.1_time": 0.7410557270050049, "Z_threshold0.15_of": 9784.25266162842, "Z_threshold0.15_time": 0.661961555480957, "Z_threshold0.2_of": 9444.78953637635, "Z_threshold0.2_time": 0.5801670551300049}