{"name": "L_300_160_3814.237.json", "BaldoML_of": 11086.536947324314, "BaldoML_time": 12.630472898483276, "BaldoGA_of": 10813.71878751785, "BaldoGA_time": 5.174350261688232, "Solver_of": 11086.536947324314, "Solver_time": 94.03963708877563, "Z_threshold0.05_of": 10866.508894656652, "Z_threshold0.05_time": 0.3552255630493164, "Z_threshold0.1_of": 10801.960840179096, "Z_threshold0.1_time": 0.31704020500183105, "Z_threshold0.15_of": 10801.960840179096, "Z_threshold0.15_time": 0.2805805206298828, "Z_threshold0.2_of": 10801.960840179096, "Z_threshold0.2_time": 0.27857327461242676, "Z_threshold0.25_of": 10801.960840179096, "Z_threshold0.25_time": 0.3044724464416504, "Z_threshold0.3_of": 10728.238488105824, "Z_threshold0.3_time": 0.28591108322143555, "Z_threshold0.35_of": 10728.238488105824, "Z_threshold0.35_time": 0.27494335174560547, "Z_threshold0.4_of": 10728.238488105824, "Z_threshold0.4_time": 0.2847006320953369, "Z_threshold0.45_of": 10728.238488105824, "Z_threshold0.45_time": 0.2783544063568115, "Z_threshold0.5_of": 10728.238488105824, "Z_threshold0.5_time": 0.30115556716918945}