{"name": "L_300_174_2478.733.json", "BaldoML_of": 9991.984248301897, "BaldoML_time": 0.29885196685791016, "BaldoGA_of": 9988.848430144422, "BaldoGA_time": 1.5063283443450928, "Solver_of": 10251.993769529065, "Solver_time": 6.297899007797241, "Z_threshold0.05_of": 10101.229900768212, "Z_threshold0.05_time": 0.1543138027191162, "Z_threshold0.1_of": 10101.229900768212, "Z_threshold0.1_time": 0.16895842552185059, "Z_threshold0.15_of": 10101.229900768212, "Z_threshold0.15_time": 0.15840601921081543, "Z_threshold0.2_of": 10101.229900768212, "Z_threshold0.2_time": 0.15592455863952637, "Z_threshold0.25_of": 10101.229900768212, "Z_threshold0.25_time": 0.15845298767089844, "Z_threshold0.3_of": 10101.229900768212, "Z_threshold0.3_time": 0.1579725742340088, "Z_threshold0.35_of": 10101.229900768212, "Z_threshold0.35_time": 0.15643668174743652, "Z_threshold0.4_of": 10101.229900768212, "Z_threshold0.4_time": 0.1598968505859375, "Z_threshold0.45_of": 10101.229900768212, "Z_threshold0.45_time": 0.1584622859954834, "Z_threshold0.5_of": 10101.229900768212, "Z_threshold0.5_time": 0.15604686737060547}