{"name": "L_300_158_3985.162.json", "BaldoML_of": 10744.295117412803, "BaldoML_time": 10.971854448318481, "BaldoGA_of": 10305.990264840442, "BaldoGA_time": 4.626445293426514, "Solver_of": 10744.295117412803, "Solver_time": 84.22433686256409, "Z_threshold0.05_of": 10377.13398150693, "Z_threshold0.05_time": 0.3422222137451172, "Z_threshold0.1_of": 10321.931228978769, "Z_threshold0.1_time": 0.33498382568359375, "Z_threshold0.15_of": 10235.748755811717, "Z_threshold0.15_time": 0.2790217399597168, "Z_threshold0.2_of": 10235.748755811717, "Z_threshold0.2_time": 0.2807621955871582, "Z_threshold0.25_of": 10205.009029471435, "Z_threshold0.25_time": 0.296400785446167, "Z_threshold0.3_of": 10205.009029471435, "Z_threshold0.3_time": 0.2731592655181885, "Z_threshold0.35_of": 10205.009029471435, "Z_threshold0.35_time": 0.2741706371307373, "Z_threshold0.4_of": 10205.009029471435, "Z_threshold0.4_time": 0.27102208137512207, "Z_threshold0.45_of": 10205.009029471435, "Z_threshold0.45_time": 0.26670169830322266, "Z_threshold0.5_of": 10205.009029471435, "Z_threshold0.5_time": 0.27710580825805664}