{"name": "L_300_91_3697.295.json", "BaldoML_of": 12766.690250296395, "BaldoML_time": 0.32639336585998535, "BaldoGA_of": 12784.687269597562, "BaldoGA_time": 4.890028238296509, "Solver_of": 13272.44173215517, "Solver_time": 9.519922256469727, "Z_threshold0.05_of": 13272.44173215517, "Z_threshold0.05_time": 1.1089825630187988}