{"name": "L_300_123_4057.389.json", "BaldoML_of": 11085.374356341892, "BaldoML_time": 0.41463780403137207, "BaldoGA_of": 11119.296918338221, "BaldoGA_time": 4.144170522689819, "Solver_of": 11586.299832680097, "Solver_time": 12.415514945983887, "Z_threshold0.05_of": 11574.245040870597, "Z_threshold0.05_time": 1.223585605621338, "Z_threshold0.1_of": 11328.904354918941, "Z_threshold0.1_time": 1.0823297500610352, "Z_threshold0.15_of": 11204.344755458776, "Z_threshold0.15_time": 0.8893728256225586, "Z_threshold0.2_of": 11077.472500194597, "Z_threshold0.2_time": 0.6176528930664062, "Z_threshold0.25_of": 10838.160521191183, "Z_threshold0.25_time": 0.5525939464569092}