{"name": "L_300_61_2431.868.json", "BaldoML_of": 10956.285250756857, "BaldoML_time": 0.4761662483215332, "BaldoGA_of": 10885.806821509901, "BaldoGA_time": 3.2440860271453857, "Solver_of": 11089.613739502507, "Solver_time": 4.832672119140625, "Z_threshold0.05_of": 11072.848329693528, "Z_threshold0.05_time": 0.6855812072753906, "Z_threshold0.1_of": 11072.848329693528, "Z_threshold0.1_time": 0.6011233329772949, "Z_threshold0.15_of": 11072.848329693528, "Z_threshold0.15_time": 0.527864933013916, "Z_threshold0.2_of": 10943.940404251363, "Z_threshold0.2_time": 0.45254063606262207, "Z_threshold0.25_of": 10884.591080870714, "Z_threshold0.25_time": 0.45571041107177734, "Z_threshold0.3_of": 10593.683439038, "Z_threshold0.3_time": 0.16308069229125977, "Z_threshold0.35_of": 10441.026835749506, "Z_threshold0.35_time": 0.13161945343017578, "Z_threshold0.4_of": 10441.026835749506, "Z_threshold0.4_time": 0.13759660720825195, "Z_threshold0.45_of": 10246.807827637836, "Z_threshold0.45_time": 0.13024568557739258, "Z_threshold0.5_of": 10246.807827637836, "Z_threshold0.5_time": 0.13219189643859863}