{"name": "L_300_108_3810.12.json", "BaldoML_of": 11598.714755887775, "BaldoML_time": 0.2800116539001465, "BaldoGA_of": 11732.385387538206, "BaldoGA_time": 4.221002578735352, "Solver_of": 12129.674939923887, "Solver_time": 24.324734210968018, "Z_threshold0.05_of": 12053.078528000764, "Z_threshold0.05_time": 0.9825339317321777, "Z_threshold0.1_of": 11883.808910786705, "Z_threshold0.1_time": 0.5977423191070557, "Z_threshold0.15_of": 11812.701190265578, "Z_threshold0.15_time": 0.5586860179901123, "Z_threshold0.2_of": 11768.191016747991, "Z_threshold0.2_time": 0.3628079891204834, "Z_threshold0.25_of": 11755.852874896153, "Z_threshold0.25_time": 0.3723471164703369, "Z_threshold0.3_of": 11755.852874896153, "Z_threshold0.3_time": 0.23215413093566895, "Z_threshold0.35_of": 11737.686705553815, "Z_threshold0.35_time": 0.24098896980285645, "Z_threshold0.4_of": 11693.874084219295, "Z_threshold0.4_time": 0.15219545364379883, "Z_threshold0.45_of": 11588.149918465997, "Z_threshold0.45_time": 0.1524052619934082, "Z_threshold0.5_of": 11588.149918465997, "Z_threshold0.5_time": 0.14954137802124023}