{"name": "L_300_69_2562.687.json", "BaldoML_of": 9878.600103973096, "BaldoML_time": 0.39185118675231934, "BaldoGA_of": 9705.527662204515, "BaldoGA_time": 3.0025877952575684, "Solver_of": 10052.272029971535, "Solver_time": 5.68952202796936, "Z_threshold0.05_of": 10009.29606421685, "Z_threshold0.05_time": 1.139503002166748, "Z_threshold0.1_of": 9955.161075106194, "Z_threshold0.1_time": 0.9884915351867676, "Z_threshold0.15_of": 9904.95590345105, "Z_threshold0.15_time": 0.9061858654022217, "Z_threshold0.2_of": 9855.824821231374, "Z_threshold0.2_time": 0.7893729209899902, "Z_threshold0.25_of": 9735.962396979743, "Z_threshold0.25_time": 0.6614971160888672}