{"name": "L_300_152_2061.803.json", "BaldoML_of": 7885.252531953194, "BaldoML_time": 0.2944803237915039, "BaldoGA_of": 7889.034062910344, "BaldoGA_time": 1.1200354099273682, "Solver_of": 8148.802008747546, "Solver_time": 4.8740174770355225, "Z_threshold0.05_of": 7889.034062910351, "Z_threshold0.05_time": 0.5677011013031006, "Z_threshold0.1_of": 7889.034062910351, "Z_threshold0.1_time": 0.5467381477355957, "Z_threshold0.15_of": 7889.034062910351, "Z_threshold0.15_time": 0.5527722835540771, "Z_threshold0.2_of": 7889.034062910351, "Z_threshold0.2_time": 0.5476360321044922}