{"name": "L_300_76_3739.037.json", "BaldoML_of": 13797.430868549707, "BaldoML_time": 0.41374897956848145, "BaldoGA_of": 13570.471956587135, "BaldoGA_time": 4.246635913848877, "Solver_of": 14065.621416977505, "Solver_time": 9.36168622970581, "Z_threshold0.05_of": 14048.841035364903, "Z_threshold0.05_time": 1.3038396835327148, "Z_threshold0.1_of": 13994.537427771367, "Z_threshold0.1_time": 1.3561952114105225, "Z_threshold0.15_of": 13989.52178791825, "Z_threshold0.15_time": 1.0371077060699463, "Z_threshold0.2_of": 13814.357938101362, "Z_threshold0.2_time": 1.0235846042633057}