{"name": "L_300_117_1915.318.json", "BaldoML_of": 8056.162907372136, "BaldoML_time": 0.3504354953765869, "BaldoGA_of": 8169.421382635857, "BaldoGA_time": 2.887834310531616, "Solver_of": 8336.268418076535, "Solver_time": 6.210126876831055, "Z_threshold0.05_of": 7987.831583609395, "Z_threshold0.05_time": 0.5281703472137451}