{"name": "L_300_118_2599.87.json", "BaldoML_of": 8973.857001071367, "BaldoML_time": 0.3610954284667969, "BaldoGA_of": 8992.691300613906, "BaldoGA_time": 3.64955735206604, "Solver_of": 9203.859493896765, "Solver_time": 59.86473321914673, "Z_threshold0.05_of": 9171.756962112599, "Z_threshold0.05_time": 1.114638328552246}