{"name": "L_300_71_1882.202.json", "BaldoML_of": 9126.13149860046, "BaldoML_time": 0.4316120147705078, "BaldoGA_of": 9047.120976624756, "BaldoGA_time": 3.215792179107666, "Solver_of": 9274.241656296901, "Solver_time": 4.690382242202759, "Z_threshold0.05_of": 9269.0743642115, "Z_threshold0.05_time": 0.5983057022094727, "Z_threshold0.1_of": 9174.887004145003, "Z_threshold0.1_time": 0.3739302158355713, "Z_threshold0.15_of": 9104.160315704608, "Z_threshold0.15_time": 0.23608136177062988, "Z_threshold0.2_of": 9074.131779893729, "Z_threshold0.2_time": 0.1462547779083252, "Z_threshold0.25_of": 9074.131779893729, "Z_threshold0.25_time": 0.1498091220855713, "Z_threshold0.3_of": 9074.131779893729, "Z_threshold0.3_time": 0.15143680572509766, "Z_threshold0.35_of": 8972.630490592166, "Z_threshold0.35_time": 0.14905548095703125, "Z_threshold0.4_of": 8721.84002026107, "Z_threshold0.4_time": 0.13561463356018066, "Z_threshold0.45_of": 8622.539202893771, "Z_threshold0.45_time": 0.13675165176391602, "Z_threshold0.5_of": 8622.539202893771, "Z_threshold0.5_time": 0.1350874900817871}