{"name": "L_300_74_3976.254.json", "BaldoML_of": 12449.853589608003, "BaldoML_time": 0.4895975589752197, "BaldoGA_of": 12369.10939742085, "BaldoGA_time": 4.657583951950073, "Solver_of": 12812.21892547159, "Solver_time": 12.125473976135254, "Z_threshold0.05_of": 12770.830437702778, "Z_threshold0.05_time": 0.98284912109375, "Z_threshold0.1_of": 12769.038578676362, "Z_threshold0.1_time": 0.7386577129364014, "Z_threshold0.15_of": 12613.844344933408, "Z_threshold0.15_time": 0.6323256492614746, "Z_threshold0.2_of": 12463.654568848136, "Z_threshold0.2_time": 0.44869422912597656, "Z_threshold0.25_of": 12463.654568848136, "Z_threshold0.25_time": 0.3958916664123535, "Z_threshold0.3_of": 12452.353556160804, "Z_threshold0.3_time": 0.29086947441101074, "Z_threshold0.35_of": 12418.096117264085, "Z_threshold0.35_time": 0.20475482940673828, "Z_threshold0.4_of": 12355.948910981162, "Z_threshold0.4_time": 0.15619206428527832, "Z_threshold0.45_of": 12272.595567707065, "Z_threshold0.45_time": 0.1530776023864746, "Z_threshold0.5_of": 12210.247985247499, "Z_threshold0.5_time": 0.15353894233703613}