{"name": "L_300_122_2652.637.json", "BaldoML_of": 9235.858074220105, "BaldoML_time": 0.3874483108520508, "BaldoGA_of": 9236.089487516438, "BaldoGA_time": 3.867335319519043, "Solver_of": 9528.093403850411, "Solver_time": 6.880163669586182, "Z_threshold0.05_of": 9362.41899193665, "Z_threshold0.05_time": 1.0508289337158203, "Z_threshold0.1_of": 9236.90424162464, "Z_threshold0.1_time": 0.6268215179443359, "Z_threshold0.15_of": 9117.513573368798, "Z_threshold0.15_time": 0.5966448783874512, "Z_threshold0.2_of": 8919.139287739226, "Z_threshold0.2_time": 0.6614742279052734}