{"name": "L_300_115_1898.926.json", "BaldoML_of": 7730.056664558973, "BaldoML_time": 0.31548523902893066, "BaldoGA_of": 7741.590454316124, "BaldoGA_time": 3.474468231201172, "Solver_of": 8021.747440757225, "Solver_time": 2.881187677383423, "Z_threshold0.05_of": 7715.2661699418495, "Z_threshold0.05_time": 0.6538600921630859, "Z_threshold0.1_of": 7382.514264288874, "Z_threshold0.1_time": 0.5648183822631836, "Z_threshold0.15_of": 7302.48411191456, "Z_threshold0.15_time": 0.5664417743682861, "Z_threshold0.2_of": 7243.013514085343, "Z_threshold0.2_time": 0.5782678127288818}