{"name": "L_300_158_3985.162.json", "BaldoML_of": 10347.068941477793, "BaldoML_time": 0.31588292121887207, "BaldoGA_of": 10305.990264840442, "BaldoGA_time": 4.626445293426514, "Solver_of": 10744.295117412803, "Solver_time": 84.22433686256409, "Z_threshold0.05_of": 10322.57686875888, "Z_threshold0.05_time": 0.18479156494140625, "Z_threshold0.1_of": 10307.638235034961, "Z_threshold0.1_time": 0.15398120880126953, "Z_threshold0.15_of": 10235.748755811717, "Z_threshold0.15_time": 0.1445178985595703, "Z_threshold0.2_of": 10205.009029471435, "Z_threshold0.2_time": 0.14400553703308105, "Z_threshold0.25_of": 10205.009029471435, "Z_threshold0.25_time": 0.13509440422058105, "Z_threshold0.3_of": 10205.009029471435, "Z_threshold0.3_time": 0.13446521759033203, "Z_threshold0.35_of": 10205.009029471435, "Z_threshold0.35_time": 0.13410258293151855, "Z_threshold0.4_of": 10205.009029471435, "Z_threshold0.4_time": 0.13621020317077637, "Z_threshold0.45_of": 10205.009029471435, "Z_threshold0.45_time": 0.13589215278625488, "Z_threshold0.5_of": 10205.009029471435, "Z_threshold0.5_time": 0.1430680751800537}