{"name": "L_300_144_3688.841.json", "BaldoML_of": 12600.088108792634, "BaldoML_time": 0.37032556533813477, "BaldoGA_of": 12698.215484155655, "BaldoGA_time": 6.0377302169799805, "Solver_of": 12969.66738128024, "Solver_time": 18.49199652671814, "Z_threshold0.05_of": 12909.055009848264, "Z_threshold0.05_time": 1.0018291473388672}