{"name": "L_300_68_4070.254.json", "BaldoML_of": 12368.956560775401, "BaldoML_time": 19.70488166809082, "BaldoGA_of": 11897.624721829216, "BaldoGA_time": 4.232571840286255, "Solver_of": 12368.956560775401, "Solver_time": 122.07503008842468, "Z_threshold0.05_of": 12326.949576340276, "Z_threshold0.05_time": 1.3252050876617432, "Z_threshold0.1_of": 12310.013966904358, "Z_threshold0.1_time": 1.228700876235962, "Z_threshold0.15_of": 12230.307409970075, "Z_threshold0.15_time": 0.94598388671875, "Z_threshold0.2_of": 12149.983747797438, "Z_threshold0.2_time": 0.5771338939666748, "Z_threshold0.25_of": 12149.983747797438, "Z_threshold0.25_time": 0.6015894412994385, "Z_threshold0.3_of": 12149.983747797438, "Z_threshold0.3_time": 0.5859024524688721, "Z_threshold0.35_of": 12149.895027894641, "Z_threshold0.35_time": 0.5473291873931885, "Z_threshold0.4_of": 12140.900954379911, "Z_threshold0.4_time": 0.44777989387512207, "Z_threshold0.45_of": 12101.655762048453, "Z_threshold0.45_time": 0.5630843639373779, "Z_threshold0.5_of": 12068.613319778578, "Z_threshold0.5_time": 0.4129903316497803}