{"name": "L_300_118_4065.107.json", "BaldoML_of": 11083.411979625163, "BaldoML_time": 0.27352118492126465, "BaldoGA_of": 11242.54629813873, "BaldoGA_time": 3.6160833835601807, "Solver_of": 11788.893929895656, "Solver_time": 13.218376636505127, "Z_threshold0.05_of": 11709.38758001413, "Z_threshold0.05_time": 1.121093511581421, "Z_threshold0.1_of": 11512.508005159225, "Z_threshold0.1_time": 0.9034233093261719, "Z_threshold0.15_of": 11138.002397523209, "Z_threshold0.15_time": 0.7535858154296875, "Z_threshold0.2_of": 10960.31998228785, "Z_threshold0.2_time": 0.5677833557128906, "Z_threshold0.25_of": 10581.524496818403, "Z_threshold0.25_time": 0.5553913116455078}