{"name": "L_300_143_1966.463.json", "BaldoML_of": 7314.175690666206, "BaldoML_time": 0.3273200988769531, "BaldoGA_of": 7344.738959241492, "BaldoGA_time": 1.1469452381134033, "Solver_of": 7596.704720537275, "Solver_time": 3.599277973175049, "Z_threshold0.05_of": 7344.738959241496, "Z_threshold0.05_time": 0.5804636478424072, "Z_threshold0.1_of": 7344.738959241496, "Z_threshold0.1_time": 0.5915594100952148, "Z_threshold0.15_of": 7344.738959241496, "Z_threshold0.15_time": 0.5744976997375488, "Z_threshold0.2_of": 7344.738959241496, "Z_threshold0.2_time": 0.572669506072998, "Z_threshold0.25_of": 7344.738959241496, "Z_threshold0.25_time": 0.5701587200164795}