{"name": "L_300_79_1920.723.json", "BaldoML_of": 7705.649893943336, "BaldoML_time": 0.44515275955200195, "BaldoGA_of": 7677.238292979183, "BaldoGA_time": 1.8794419765472412, "Solver_of": 7828.932817263072, "Solver_time": 12.250269651412964, "Z_threshold0.05_of": 7791.919847521206, "Z_threshold0.05_time": 1.0029137134552002, "Z_threshold0.1_of": 7719.025312482443, "Z_threshold0.1_time": 0.7768204212188721, "Z_threshold0.15_of": 7567.48439245698, "Z_threshold0.15_time": 0.6199336051940918, "Z_threshold0.2_of": 7415.3403496374185, "Z_threshold0.2_time": 0.6250004768371582}