{"name": "L_300_171_2703.929.json", "BaldoML_of": 8477.864487615441, "BaldoML_time": 0.3038649559020996, "BaldoGA_of": 8383.178081848226, "BaldoGA_time": 1.191479206085205, "Solver_of": 8877.90835238295, "Solver_time": 5.7870073318481445, "Z_threshold0.05_of": 8652.717443994954, "Z_threshold0.05_time": 0.1252124309539795, "Z_threshold0.1_of": 8652.717443994954, "Z_threshold0.1_time": 0.12391424179077148, "Z_threshold0.15_of": 8652.717443994954, "Z_threshold0.15_time": 0.12410473823547363, "Z_threshold0.2_of": 8652.717443994954, "Z_threshold0.2_time": 0.13366007804870605, "Z_threshold0.25_of": 8652.717443994954, "Z_threshold0.25_time": 0.1241915225982666, "Z_threshold0.3_of": 8652.717443994954, "Z_threshold0.3_time": 0.1262509822845459, "Z_threshold0.35_of": 8652.717443994954, "Z_threshold0.35_time": 0.12376260757446289, "Z_threshold0.4_of": 8652.717443994954, "Z_threshold0.4_time": 0.1256866455078125, "Z_threshold0.45_of": 8652.717443994954, "Z_threshold0.45_time": 0.12674641609191895, "Z_threshold0.5_of": 8652.717443994954, "Z_threshold0.5_time": 0.12407255172729492}