{"name": "L_300_96_3902.466.json", "BaldoML_of": 12210.024138694334, "BaldoML_time": 0.3285245895385742, "BaldoGA_of": 12233.911425536286, "BaldoGA_time": 4.236398696899414, "Solver_of": 12572.394133719214, "Solver_time": 15.231527328491211, "Z_threshold0.05_of": 12528.369178174067, "Z_threshold0.05_time": 2.2370922565460205, "Z_threshold0.1_of": 12437.774007492117, "Z_threshold0.1_time": 1.1395893096923828, "Z_threshold0.15_of": 12245.659851114244, "Z_threshold0.15_time": 0.7332015037536621, "Z_threshold0.2_of": 11947.518750019304, "Z_threshold0.2_time": 0.5617468357086182}