{"name": "L_300_92_1886.488.json", "BaldoML_of": 7981.3776781707065, "BaldoML_time": 0.42421865463256836, "BaldoGA_of": 7960.858939194994, "BaldoGA_time": 2.3726186752319336, "Solver_of": 8185.495440346889, "Solver_time": 3.8889174461364746, "Z_threshold0.05_of": 7989.116033526858, "Z_threshold0.05_time": 0.6407032012939453}