{"name": "L_300_84_1896.568.json", "BaldoML_of": 8219.011723703341, "BaldoML_time": 3.34529709815979, "BaldoGA_of": 7917.554332493346, "BaldoGA_time": 2.3632853031158447, "Solver_of": 8219.011723703341, "Solver_time": 8.933656454086304, "Z_threshold0.05_of": 8200.282669150585, "Z_threshold0.05_time": 0.907599687576294, "Z_threshold0.1_of": 8098.717425213973, "Z_threshold0.1_time": 0.5929896831512451, "Z_threshold0.15_of": 7931.094890367853, "Z_threshold0.15_time": 0.4519174098968506, "Z_threshold0.2_of": 7674.353225535597, "Z_threshold0.2_time": 0.26811981201171875, "Z_threshold0.25_of": 7501.789151333214, "Z_threshold0.25_time": 0.262955904006958, "Z_threshold0.3_of": 7428.395211478267, "Z_threshold0.3_time": 0.26808929443359375, "Z_threshold0.35_of": 7312.980594265698, "Z_threshold0.35_time": 0.26529669761657715, "Z_threshold0.4_of": 7312.980594265698, "Z_threshold0.4_time": 0.2724745273590088, "Z_threshold0.45_of": 7215.4482422839, "Z_threshold0.45_time": 0.2772836685180664, "Z_threshold0.5_of": 7098.151425861255, "Z_threshold0.5_time": 0.26955461502075195}