{"name": "L_300_162_2573.08.json", "BaldoML_of": 9410.481567888375, "BaldoML_time": 1.4447026252746582, "BaldoGA_of": 9140.758937005168, "BaldoGA_time": 1.5277354717254639, "Solver_of": 9434.479181080756, "Solver_time": 5.506565809249878, "Z_threshold0.05_of": 9277.363172805628, "Z_threshold0.05_time": 0.30829429626464844, "Z_threshold0.1_of": 9257.83001978007, "Z_threshold0.1_time": 0.2732505798339844, "Z_threshold0.15_of": 9257.83001978007, "Z_threshold0.15_time": 0.2667720317840576, "Z_threshold0.2_of": 9257.83001978007, "Z_threshold0.2_time": 0.2779409885406494, "Z_threshold0.25_of": 9257.83001978007, "Z_threshold0.25_time": 0.2669253349304199, "Z_threshold0.3_of": 9257.83001978007, "Z_threshold0.3_time": 0.2557518482208252, "Z_threshold0.35_of": 9257.83001978007, "Z_threshold0.35_time": 0.2602107524871826, "Z_threshold0.4_of": 9257.83001978007, "Z_threshold0.4_time": 0.26012754440307617, "Z_threshold0.45_of": 9257.83001978007, "Z_threshold0.45_time": 0.25186634063720703, "Z_threshold0.5_of": 9257.83001978007, "Z_threshold0.5_time": 0.2528524398803711}