{"name": "L_300_104_3733.427.json", "BaldoML_of": 11859.58734081972, "BaldoML_time": 0.2624392509460449, "BaldoGA_of": 11929.391243833843, "BaldoGA_time": 4.4874045848846436, "Solver_of": 12301.834966797422, "Solver_time": 21.223223209381104, "Z_threshold0.05_of": 12259.359705559267, "Z_threshold0.05_time": 1.3035621643066406, "Z_threshold0.1_of": 12181.571818769253, "Z_threshold0.1_time": 1.0758726596832275, "Z_threshold0.15_of": 12121.238669364639, "Z_threshold0.15_time": 0.9514071941375732, "Z_threshold0.2_of": 11985.961049983856, "Z_threshold0.2_time": 0.7966663837432861}