{"name": "L_300_72_3764.871.json", "BaldoML_of": 13048.346413156742, "BaldoML_time": 0.3902277946472168, "BaldoGA_of": 13095.959139871875, "BaldoGA_time": 4.26513934135437, "Solver_of": 13412.707892565746, "Solver_time": 11.55019998550415, "Z_threshold0.05_of": 13405.029163335752, "Z_threshold0.05_time": 2.168592691421509, "Z_threshold0.1_of": 13270.403351053123, "Z_threshold0.1_time": 1.167757272720337, "Z_threshold0.15_of": 13115.411044163886, "Z_threshold0.15_time": 0.976531982421875, "Z_threshold0.2_of": 12895.710135553763, "Z_threshold0.2_time": 0.6623532772064209}