{"name": "L_300_62_3676.62.json", "BaldoML_of": 13721.33826985578, "BaldoML_time": 0.42827796936035156, "BaldoGA_of": 13770.874436689792, "BaldoGA_time": 3.9363818168640137, "Solver_of": 14158.448206525443, "Solver_time": 9.561492919921875, "Z_threshold0.05_of": 14113.807381950499, "Z_threshold0.05_time": 1.0826356410980225, "Z_threshold0.1_of": 14098.940924408607, "Z_threshold0.1_time": 0.6263976097106934, "Z_threshold0.15_of": 13867.420596003389, "Z_threshold0.15_time": 0.8142120838165283, "Z_threshold0.2_of": 13854.281663145663, "Z_threshold0.2_time": 1.0180163383483887, "Z_threshold0.25_of": 13810.233381605283, "Z_threshold0.25_time": 0.6945919990539551, "Z_threshold0.3_of": 13798.174408977657, "Z_threshold0.3_time": 0.5802783966064453, "Z_threshold0.35_of": 13677.371783283794, "Z_threshold0.35_time": 0.21885395050048828, "Z_threshold0.4_of": 13371.57047491372, "Z_threshold0.4_time": 0.1250133514404297, "Z_threshold0.45_of": 13371.57047491372, "Z_threshold0.45_time": 0.12404847145080566, "Z_threshold0.5_of": 13371.57047491372, "Z_threshold0.5_time": 0.12673211097717285}