{"name": "L_300_76_1888.837.json", "BaldoML_of": 8433.183084505761, "BaldoML_time": 0.4542384147644043, "BaldoGA_of": 8327.47848490929, "BaldoGA_time": 2.617508888244629, "Solver_of": 8500.351507494024, "Solver_time": 9.688149690628052, "Z_threshold0.05_of": 8451.839619043416, "Z_threshold0.05_time": 1.0632078647613525, "Z_threshold0.1_of": 8449.757609492197, "Z_threshold0.1_time": 0.8478102684020996, "Z_threshold0.15_of": 8420.152386407764, "Z_threshold0.15_time": 0.7139561176300049, "Z_threshold0.2_of": 8322.819796130887, "Z_threshold0.2_time": 0.6769728660583496, "Z_threshold0.25_of": 8292.20820199009, "Z_threshold0.25_time": 0.6514410972595215}