{"name": "L_300_157_3766.042.json", "BaldoML_of": 11568.053976328789, "BaldoML_time": 0.36946988105773926, "BaldoGA_of": 11637.503140333169, "BaldoGA_time": 5.085681915283203, "Solver_of": 11792.903956822016, "Solver_time": 16.489408493041992, "Z_threshold0.05_of": 11659.396878781386, "Z_threshold0.05_time": 1.1367206573486328}