{"name": "L_300_149_3783.149.json", "BaldoML_of": 11140.389448675875, "BaldoML_time": 0.3385763168334961, "BaldoGA_of": 11115.46199563624, "BaldoGA_time": 4.675736427307129, "Solver_of": 11627.207722371786, "Solver_time": 81.8416359424591, "Z_threshold0.05_of": 11370.702670025046, "Z_threshold0.05_time": 1.2275466918945312}