{"name": "L_300_136_3734.831.json", "BaldoML_of": 11418.182690448572, "BaldoML_time": 0.3258693218231201, "BaldoGA_of": 11449.613866279878, "BaldoGA_time": 4.616261005401611, "Solver_of": 11872.032420801133, "Solver_time": 86.80783534049988, "Z_threshold0.05_of": 11652.654196857722, "Z_threshold0.05_time": 0.9557220935821533, "Z_threshold0.1_of": 11496.558507057593, "Z_threshold0.1_time": 0.9232404232025146, "Z_threshold0.15_of": 11239.559267914827, "Z_threshold0.15_time": 0.5933923721313477, "Z_threshold0.2_of": 11124.834808783111, "Z_threshold0.2_time": 0.5933480262756348, "Z_threshold0.25_of": 10788.294563653666, "Z_threshold0.25_time": 0.5745947360992432}