{"name": "L_300_178_2575.504.json", "BaldoML_of": 9521.70697355403, "BaldoML_time": 0.32152557373046875, "BaldoGA_of": 9552.315686315631, "BaldoGA_time": 1.6419024467468262, "Solver_of": 9852.342978682731, "Solver_time": 6.023406982421875, "Z_threshold0.05_of": 9552.315686315627, "Z_threshold0.05_time": 0.6161949634552002, "Z_threshold0.1_of": 9552.315686315627, "Z_threshold0.1_time": 0.6845953464508057, "Z_threshold0.15_of": 9552.315686315627, "Z_threshold0.15_time": 0.5995252132415771, "Z_threshold0.2_of": 9552.315686315627, "Z_threshold0.2_time": 0.5947327613830566}