{"name": "L_300_70_1927.723.json", "BaldoML_of": 8319.904959508462, "BaldoML_time": 0.4226078987121582, "BaldoGA_of": 8225.586344137559, "BaldoGA_time": 2.629443645477295, "Solver_of": 8450.898756161081, "Solver_time": 4.551270008087158, "Z_threshold0.05_of": 8408.093258610204, "Z_threshold0.05_time": 0.927170991897583, "Z_threshold0.1_of": 8350.683402446008, "Z_threshold0.1_time": 0.8264255523681641, "Z_threshold0.15_of": 8133.324565069117, "Z_threshold0.15_time": 0.6521151065826416, "Z_threshold0.2_of": 7718.430310255975, "Z_threshold0.2_time": 0.5656437873840332}