{"name": "L_300_148_3713.94.json", "BaldoML_of": 12383.842466914542, "BaldoML_time": 0.36228466033935547, "BaldoGA_of": 12397.881007362108, "BaldoGA_time": 5.80310845375061, "Solver_of": 12778.294258744547, "Solver_time": 11.605693817138672, "Z_threshold0.05_of": 12544.939475854297, "Z_threshold0.05_time": 0.8945002555847168}