{"name": "L_300_170_3994.958.json", "BaldoML_of": 11029.293158197506, "BaldoML_time": 0.413773775100708, "BaldoGA_of": 11065.258391218944, "BaldoGA_time": 5.621798038482666, "Solver_of": 11624.11231703348, "Solver_time": 80.57626867294312, "Z_threshold0.05_of": 11121.078751054582, "Z_threshold0.05_time": 0.7473752498626709}