{"name": "L_300_75_1882.103.json", "BaldoML_of": 7634.901255536396, "BaldoML_time": 0.43756794929504395, "BaldoGA_of": 7508.3414924426625, "BaldoGA_time": 2.3747878074645996, "Solver_of": 7774.502204910461, "Solver_time": 5.961458683013916, "Z_threshold0.05_of": 7737.011821192274, "Z_threshold0.05_time": 0.9964981079101562, "Z_threshold0.1_of": 7664.534212949635, "Z_threshold0.1_time": 0.7468161582946777, "Z_threshold0.15_of": 7557.081758834736, "Z_threshold0.15_time": 0.6476478576660156, "Z_threshold0.2_of": 7198.937955264603, "Z_threshold0.2_time": 0.5503251552581787}