{"name": "L_300_149_3783.149.json", "BaldoML_of": 11140.389448675875, "BaldoML_time": 0.3385763168334961, "BaldoGA_of": 11115.46199563624, "BaldoGA_time": 4.675736427307129, "Solver_of": 11627.207722371786, "Solver_time": 81.8416359424591, "Z_threshold0.05_of": 11370.702670025046, "Z_threshold0.05_time": 1.3098251819610596, "Z_threshold0.1_of": 11292.36745678742, "Z_threshold0.1_time": 0.8277058601379395, "Z_threshold0.15_of": 10804.799579004472, "Z_threshold0.15_time": 0.5631804466247559, "Z_threshold0.2_of": 10466.330826970288, "Z_threshold0.2_time": 0.5644354820251465, "Z_threshold0.25_of": 10307.984116775591, "Z_threshold0.25_time": 0.561124324798584}