{"name": "L_300_139_2014.141.json", "BaldoML_of": 7886.102358044938, "BaldoML_time": 1.6536602973937988, "BaldoGA_of": 7744.758854795442, "BaldoGA_time": 1.065641164779663, "Solver_of": 7895.72033303331, "Solver_time": 4.964099884033203, "Z_threshold0.05_of": 7730.161409987006, "Z_threshold0.05_time": 0.29037952423095703, "Z_threshold0.1_of": 7730.161409987006, "Z_threshold0.1_time": 0.3495769500732422, "Z_threshold0.15_of": 7730.161409987006, "Z_threshold0.15_time": 0.33448147773742676, "Z_threshold0.2_of": 7730.161409987006, "Z_threshold0.2_time": 0.3706536293029785, "Z_threshold0.25_of": 7730.161409987006, "Z_threshold0.25_time": 0.27603840827941895, "Z_threshold0.3_of": 7730.161409987006, "Z_threshold0.3_time": 0.30209970474243164, "Z_threshold0.35_of": 7730.161409987006, "Z_threshold0.35_time": 0.2857649326324463, "Z_threshold0.4_of": 7730.161409987006, "Z_threshold0.4_time": 0.3030376434326172, "Z_threshold0.45_of": 7730.161409987006, "Z_threshold0.45_time": 0.2927820682525635, "Z_threshold0.5_of": 7730.161409987006, "Z_threshold0.5_time": 0.2896733283996582}