{"name": "L_300_124_1883.033.json", "BaldoML_of": 7944.582144031255, "BaldoML_time": 0.3407108783721924, "BaldoGA_of": 7939.4882742768805, "BaldoGA_time": 2.766627073287964, "Solver_of": 8177.7005721530295, "Solver_time": 5.393671751022339, "Z_threshold0.05_of": 7830.76781363112, "Z_threshold0.05_time": 0.4846925735473633}