{"name": "L_300_63_3564.135.json", "BaldoML_of": 13905.853788862198, "BaldoML_time": 0.3941690921783447, "BaldoGA_of": 13719.839288463936, "BaldoGA_time": 4.547701120376587, "Solver_of": 14076.178496893266, "Solver_time": 6.902974367141724, "Z_threshold0.05_of": 13985.409048622845, "Z_threshold0.05_time": 0.9648525714874268}