{"name": "L_300_133_1881.388.json", "BaldoML_of": 8037.286627853963, "BaldoML_time": 0.29100799560546875, "BaldoGA_of": 7970.89830003778, "BaldoGA_time": 3.4150726795196533, "Solver_of": 8314.473011747432, "Solver_time": 5.009268522262573, "Z_threshold0.05_of": 7944.415101927574, "Z_threshold0.05_time": 0.14218664169311523, "Z_threshold0.1_of": 7944.415101927574, "Z_threshold0.1_time": 0.13610005378723145, "Z_threshold0.15_of": 7944.415101927574, "Z_threshold0.15_time": 0.13859820365905762, "Z_threshold0.2_of": 7944.415101927574, "Z_threshold0.2_time": 0.14743566513061523, "Z_threshold0.25_of": 7944.415101927574, "Z_threshold0.25_time": 0.13746023178100586, "Z_threshold0.3_of": 7944.415101927574, "Z_threshold0.3_time": 0.13622450828552246, "Z_threshold0.35_of": 7944.415101927574, "Z_threshold0.35_time": 0.1349477767944336, "Z_threshold0.4_of": 7944.415101927574, "Z_threshold0.4_time": 0.14038372039794922, "Z_threshold0.45_of": 7944.415101927574, "Z_threshold0.45_time": 0.13542938232421875, "Z_threshold0.5_of": 7944.415101927574, "Z_threshold0.5_time": 0.13723969459533691}