{"name": "L_300_102_1977.449.json", "BaldoML_of": 7783.7613528573465, "BaldoML_time": 2.965132713317871, "BaldoGA_of": 7428.313254233616, "BaldoGA_time": 2.6977243423461914, "Solver_of": 7783.9590117134585, "Solver_time": 6.835519313812256, "Z_threshold0.05_of": 7583.25824148029, "Z_threshold0.05_time": 0.48111987113952637, "Z_threshold0.1_of": 7382.879103883682, "Z_threshold0.1_time": 0.2883477210998535, "Z_threshold0.15_of": 7150.453962623615, "Z_threshold0.15_time": 0.318845272064209, "Z_threshold0.2_of": 7150.453962623615, "Z_threshold0.2_time": 0.2812483310699463, "Z_threshold0.25_of": 7150.453962623615, "Z_threshold0.25_time": 0.28859806060791016, "Z_threshold0.3_of": 7108.935595923458, "Z_threshold0.3_time": 0.30913424491882324, "Z_threshold0.35_of": 7108.935595923458, "Z_threshold0.35_time": 0.2834806442260742, "Z_threshold0.4_of": 7108.935595923458, "Z_threshold0.4_time": 0.27963900566101074, "Z_threshold0.45_of": 7108.935595923458, "Z_threshold0.45_time": 0.28536176681518555, "Z_threshold0.5_of": 7108.935595923458, "Z_threshold0.5_time": 0.3011505603790283}