{"name": "L_300_94_3924.245.json", "BaldoML_of": 11089.687341089555, "BaldoML_time": 0.33528923988342285, "BaldoGA_of": 11098.063124893502, "BaldoGA_time": 3.4765141010284424, "Solver_of": 11804.567465828519, "Solver_time": 65.84180736541748, "Z_threshold0.05_of": 11777.621844456686, "Z_threshold0.05_time": 1.0419895648956299, "Z_threshold0.1_of": 11643.832259575809, "Z_threshold0.1_time": 0.7011218070983887, "Z_threshold0.15_of": 11442.898074462577, "Z_threshold0.15_time": 0.5103726387023926, "Z_threshold0.2_of": 11279.804010170728, "Z_threshold0.2_time": 0.3103313446044922, "Z_threshold0.25_of": 11209.022308428566, "Z_threshold0.25_time": 0.1337127685546875, "Z_threshold0.3_of": 11209.022308428566, "Z_threshold0.3_time": 0.13661932945251465, "Z_threshold0.35_of": 11177.50273663151, "Z_threshold0.35_time": 0.13421010971069336, "Z_threshold0.4_of": 11177.50273663151, "Z_threshold0.4_time": 0.13643240928649902, "Z_threshold0.45_of": 11177.50273663151, "Z_threshold0.45_time": 0.14114975929260254, "Z_threshold0.5_of": 11177.50273663151, "Z_threshold0.5_time": 0.13559222221374512}