{"name": "L_300_85_3773.049.json", "BaldoML_of": 12219.48373567226, "BaldoML_time": 0.2980179786682129, "BaldoGA_of": 12297.920034745712, "BaldoGA_time": 4.609485864639282, "Solver_of": 12725.227167665622, "Solver_time": 15.996325969696045, "Z_threshold0.05_of": 12720.43703977156, "Z_threshold0.05_time": 1.4504859447479248, "Z_threshold0.1_of": 12687.174770910067, "Z_threshold0.1_time": 1.1559357643127441, "Z_threshold0.15_of": 12520.373861464865, "Z_threshold0.15_time": 0.8563745021820068, "Z_threshold0.2_of": 12325.634286098939, "Z_threshold0.2_time": 0.8500368595123291}