{"name": "L_300_80_3869.128.json", "BaldoML_of": 12239.173873215634, "BaldoML_time": 0.27794742584228516, "BaldoGA_of": 12376.382823765947, "BaldoGA_time": 3.841111660003662, "Solver_of": 12773.564272863538, "Solver_time": 138.18597960472107, "Z_threshold0.05_of": 12759.697285925697, "Z_threshold0.05_time": 1.3277661800384521, "Z_threshold0.1_of": 12638.135541656466, "Z_threshold0.1_time": 1.2422053813934326, "Z_threshold0.15_of": 12467.988345643189, "Z_threshold0.15_time": 0.909564733505249, "Z_threshold0.2_of": 12390.78290410429, "Z_threshold0.2_time": 0.7114002704620361}