{"name": "L_300_91_2003.791.json", "BaldoML_of": 8537.81120228126, "BaldoML_time": 1.9676618576049805, "BaldoGA_of": 8196.143285643268, "BaldoGA_time": 2.8375163078308105, "Solver_of": 8537.81120228126, "Solver_time": 6.566550970077515, "Z_threshold0.05_of": 8519.944185481732, "Z_threshold0.05_time": 0.7928590774536133, "Z_threshold0.1_of": 8479.216966054504, "Z_threshold0.1_time": 0.715507984161377, "Z_threshold0.15_of": 8257.037846273088, "Z_threshold0.15_time": 0.3446047306060791, "Z_threshold0.2_of": 7932.773164584904, "Z_threshold0.2_time": 0.28459787368774414, "Z_threshold0.25_of": 7830.902467470278, "Z_threshold0.25_time": 0.26787686347961426, "Z_threshold0.3_of": 7743.040513919645, "Z_threshold0.3_time": 0.2662067413330078, "Z_threshold0.35_of": 7656.555127901365, "Z_threshold0.35_time": 0.26856112480163574, "Z_threshold0.4_of": 7599.586018101363, "Z_threshold0.4_time": 0.26563549041748047, "Z_threshold0.45_of": 7414.810285823007, "Z_threshold0.45_time": 0.2699859142303467, "Z_threshold0.5_of": 7414.810285823007, "Z_threshold0.5_time": 0.2816896438598633}