{"name": "L_300_100_2558.58.json", "BaldoML_of": 9736.766955607385, "BaldoML_time": 0.3822922706604004, "BaldoGA_of": 9575.329789031699, "BaldoGA_time": 3.1037204265594482, "Solver_of": 9893.566240205799, "Solver_time": 4.788387060165405, "Z_threshold0.05_of": 9810.230345207614, "Z_threshold0.05_time": 1.2063467502593994, "Z_threshold0.1_of": 9677.808950746032, "Z_threshold0.1_time": 0.8765311241149902, "Z_threshold0.15_of": 9556.943498908802, "Z_threshold0.15_time": 0.6437571048736572, "Z_threshold0.2_of": 9133.24356002482, "Z_threshold0.2_time": 0.5677182674407959, "Z_threshold0.25_of": 9055.72667578293, "Z_threshold0.25_time": 0.5598208904266357}