{"name": "L_300_118_2599.87.json", "BaldoML_of": 8973.857001071367, "BaldoML_time": 0.3610954284667969, "BaldoGA_of": 8992.691300613906, "BaldoGA_time": 3.64955735206604, "Solver_of": 9203.859493896765, "Solver_time": 59.86473321914673, "Z_threshold0.05_of": 9195.726958964176, "Z_threshold0.05_time": 1.203404426574707, "Z_threshold0.1_of": 9055.080735083833, "Z_threshold0.1_time": 0.16680598258972168, "Z_threshold0.15_of": 8804.282496960832, "Z_threshold0.15_time": 0.14214825630187988, "Z_threshold0.2_of": 8477.097606041398, "Z_threshold0.2_time": 0.1384718418121338, "Z_threshold0.25_of": 8330.200852834674, "Z_threshold0.25_time": 0.14701366424560547, "Z_threshold0.3_of": 8330.200852834674, "Z_threshold0.3_time": 0.13838791847229004, "Z_threshold0.35_of": 8330.200852834674, "Z_threshold0.35_time": 0.13978862762451172, "Z_threshold0.4_of": 8330.200852834674, "Z_threshold0.4_time": 0.13567447662353516, "Z_threshold0.45_of": 8330.200852834674, "Z_threshold0.45_time": 0.1366736888885498, "Z_threshold0.5_of": 8330.200852834674, "Z_threshold0.5_time": 0.13887953758239746}