{"name": "L_300_142_1848.846.json", "BaldoML_of": 8661.867246911343, "BaldoML_time": 1.1309752464294434, "BaldoGA_of": 8540.02292422531, "BaldoGA_time": 1.2923622131347656, "Solver_of": 8687.32533008697, "Solver_time": 4.816922187805176, "Z_threshold0.05_of": 8611.36182842791, "Z_threshold0.05_time": 0.31088685989379883, "Z_threshold0.1_of": 8611.36182842791, "Z_threshold0.1_time": 0.3203551769256592, "Z_threshold0.15_of": 8611.36182842791, "Z_threshold0.15_time": 0.3034675121307373, "Z_threshold0.2_of": 8611.36182842791, "Z_threshold0.2_time": 0.3083152770996094, "Z_threshold0.25_of": 8611.36182842791, "Z_threshold0.25_time": 0.30884838104248047, "Z_threshold0.3_of": 8611.36182842791, "Z_threshold0.3_time": 0.30547618865966797, "Z_threshold0.35_of": 8611.36182842791, "Z_threshold0.35_time": 0.30191898345947266, "Z_threshold0.4_of": 8611.36182842791, "Z_threshold0.4_time": 0.3093898296356201, "Z_threshold0.45_of": 8611.36182842791, "Z_threshold0.45_time": 0.31717586517333984, "Z_threshold0.5_of": 8611.36182842791, "Z_threshold0.5_time": 0.3169560432434082}