{"name": "L_300_65_3746.26.json", "BaldoML_of": 13632.394559682072, "BaldoML_time": 0.417832612991333, "BaldoGA_of": 13707.577759525264, "BaldoGA_time": 4.643497467041016, "Solver_of": 14224.163731835844, "Solver_time": 13.13521695137024, "Z_threshold0.05_of": 14214.144089809342, "Z_threshold0.05_time": 2.1509439945220947, "Z_threshold0.1_of": 14090.776794414389, "Z_threshold0.1_time": 1.4127705097198486, "Z_threshold0.15_of": 13912.367679567646, "Z_threshold0.15_time": 1.0632572174072266, "Z_threshold0.2_of": 13823.590774700797, "Z_threshold0.2_time": 0.9059712886810303}