{"name": "L_300_75_3809.934.json", "BaldoML_of": 12095.08812424412, "BaldoML_time": 0.33881115913391113, "BaldoGA_of": 12221.919669904028, "BaldoGA_time": 4.037830829620361, "Solver_of": 12597.90333910092, "Solver_time": 14.095190286636353, "Z_threshold0.05_of": 12562.216156391132, "Z_threshold0.05_time": 1.8389430046081543, "Z_threshold0.1_of": 12517.422778450426, "Z_threshold0.1_time": 1.5044822692871094, "Z_threshold0.15_of": 12425.556942981566, "Z_threshold0.15_time": 1.8830833435058594, "Z_threshold0.2_of": 12331.431547247992, "Z_threshold0.2_time": 0.9379177093505859}