{"name": "L_300_93_2558.299.json", "BaldoML_of": 9126.398399877873, "BaldoML_time": 0.31680727005004883, "BaldoGA_of": 9109.540784770305, "BaldoGA_time": 2.609165906906128, "Solver_of": 9479.67520515056, "Solver_time": 5.172581672668457, "Z_threshold0.05_of": 9419.771650387858, "Z_threshold0.05_time": 0.865025520324707, "Z_threshold0.1_of": 9296.309598561318, "Z_threshold0.1_time": 0.7433288097381592, "Z_threshold0.15_of": 9009.937437445164, "Z_threshold0.15_time": 0.6344044208526611, "Z_threshold0.2_of": 8732.47747245096, "Z_threshold0.2_time": 0.5661633014678955, "Z_threshold0.25_of": 8600.048918064025, "Z_threshold0.25_time": 0.5650942325592041}