{"name": "L_300_166_1834.426.json", "BaldoML_of": 8409.971041554643, "BaldoML_time": 0.29986071586608887, "BaldoGA_of": 8435.576130220492, "BaldoGA_time": 1.1861891746520996, "Solver_of": 8726.32246054687, "Solver_time": 2.8201682567596436, "Z_threshold0.05_of": 8448.582318258968, "Z_threshold0.05_time": 0.5954465866088867, "Z_threshold0.1_of": 8448.582318258968, "Z_threshold0.1_time": 0.5863602161407471, "Z_threshold0.15_of": 8448.582318258968, "Z_threshold0.15_time": 0.5862839221954346, "Z_threshold0.2_of": 8448.582318258968, "Z_threshold0.2_time": 0.6109468936920166}