{"name": "L_300_71_1862.819.json", "BaldoML_of": 7921.85736458448, "BaldoML_time": 0.36754560470581055, "BaldoGA_of": 7825.267328027514, "BaldoGA_time": 2.495382308959961, "Solver_of": 8066.36129088884, "Solver_time": 4.478165864944458, "Z_threshold0.05_of": 8028.786443249651, "Z_threshold0.05_time": 1.0109422206878662, "Z_threshold0.1_of": 7937.57755548886, "Z_threshold0.1_time": 0.8525078296661377, "Z_threshold0.15_of": 7777.136459643663, "Z_threshold0.15_time": 0.6425137519836426, "Z_threshold0.2_of": 7503.02576948165, "Z_threshold0.2_time": 0.5512535572052002}