{"name": "L_300_118_2617.621.json", "BaldoML_of": 8980.24316671093, "BaldoML_time": 0.3517282009124756, "BaldoGA_of": 9088.708599607067, "BaldoGA_time": 3.1392223834991455, "Solver_of": 9346.146102671535, "Solver_time": 7.74962854385376, "Z_threshold0.05_of": 9241.558741658771, "Z_threshold0.05_time": 0.8819057941436768, "Z_threshold0.1_of": 8921.902486890976, "Z_threshold0.1_time": 0.6152467727661133, "Z_threshold0.15_of": 8816.735797375566, "Z_threshold0.15_time": 0.5595862865447998, "Z_threshold0.2_of": 8427.533639955, "Z_threshold0.2_time": 0.5906667709350586, "Z_threshold0.25_of": 8353.948440244287, "Z_threshold0.25_time": 0.5717899799346924}