{"name": "L_300_119_1951.801.json", "BaldoML_of": 7954.906082745662, "BaldoML_time": 0.41217803955078125, "BaldoGA_of": 7899.858414306132, "BaldoGA_time": 3.3584542274475098, "Solver_of": 8199.557066818445, "Solver_time": 5.227998733520508, "Z_threshold0.05_of": 8063.29608521966, "Z_threshold0.05_time": 0.16079187393188477, "Z_threshold0.1_of": 7778.996746943812, "Z_threshold0.1_time": 0.12465405464172363, "Z_threshold0.15_of": 7778.996746943812, "Z_threshold0.15_time": 0.1308917999267578, "Z_threshold0.2_of": 7778.996746943812, "Z_threshold0.2_time": 0.13458871841430664, "Z_threshold0.25_of": 7778.996746943812, "Z_threshold0.25_time": 0.12781572341918945, "Z_threshold0.3_of": 7778.996746943812, "Z_threshold0.3_time": 0.12384653091430664, "Z_threshold0.35_of": 7778.996746943812, "Z_threshold0.35_time": 0.12631916999816895, "Z_threshold0.4_of": 7778.996746943812, "Z_threshold0.4_time": 0.1256861686706543, "Z_threshold0.45_of": 7778.996746943812, "Z_threshold0.45_time": 0.12504339218139648, "Z_threshold0.5_of": 7778.996746943812, "Z_threshold0.5_time": 0.12463259696960449}