{"name": "L_300_165_4036.839.json", "BaldoML_of": 10933.820169050541, "BaldoML_time": 0.4000682830810547, "BaldoGA_of": 10964.082850115234, "BaldoGA_time": 5.354784965515137, "Solver_of": 11299.720481905775, "Solver_time": 94.19497561454773, "Z_threshold0.05_of": 11143.48938339482, "Z_threshold0.05_time": 1.0284199714660645, "Z_threshold0.1_of": 10606.27112588592, "Z_threshold0.1_time": 0.556753396987915, "Z_threshold0.15_of": 10445.215724999347, "Z_threshold0.15_time": 0.5597398281097412, "Z_threshold0.2_of": 10377.963538068827, "Z_threshold0.2_time": 0.5608398914337158, "Z_threshold0.25_of": 10351.718890255643, "Z_threshold0.25_time": 0.5595178604125977}