{"name": "L_300_86_2463.409.json", "BaldoML_of": 10497.480540764021, "BaldoML_time": 0.4396054744720459, "BaldoGA_of": 10505.667699413412, "BaldoGA_time": 3.8799262046813965, "Solver_of": 10684.99477551347, "Solver_time": 5.580833435058594, "Z_threshold0.05_of": 10656.97674328261, "Z_threshold0.05_time": 0.8700339794158936}