{"name": "L_300_178_2575.504.json", "BaldoML_of": 9838.00403780093, "BaldoML_time": 1.4233076572418213, "BaldoGA_of": 9552.315686315631, "BaldoGA_time": 1.6419024467468262, "Solver_of": 9852.342978682731, "Solver_time": 6.023406982421875, "Z_threshold0.05_of": 9730.469778390336, "Z_threshold0.05_time": 0.33958888053894043, "Z_threshold0.1_of": 9730.469778390336, "Z_threshold0.1_time": 0.31624293327331543, "Z_threshold0.15_of": 9730.469778390336, "Z_threshold0.15_time": 0.33672428131103516, "Z_threshold0.2_of": 9730.469778390336, "Z_threshold0.2_time": 0.32771897315979004, "Z_threshold0.25_of": 9730.469778390336, "Z_threshold0.25_time": 0.3005380630493164, "Z_threshold0.3_of": 9692.823301607554, "Z_threshold0.3_time": 0.2650892734527588, "Z_threshold0.35_of": 9692.823301607554, "Z_threshold0.35_time": 0.27376365661621094, "Z_threshold0.4_of": 9692.823301607554, "Z_threshold0.4_time": 0.2546670436859131, "Z_threshold0.45_of": 9692.823301607554, "Z_threshold0.45_time": 0.2763524055480957, "Z_threshold0.5_of": 9692.823301607554, "Z_threshold0.5_time": 0.27521538734436035}