{"name": "L_300_91_2442.135.json", "BaldoML_of": 9718.76418243587, "BaldoML_time": 0.3156251907348633, "BaldoGA_of": 9810.49953960919, "BaldoGA_time": 2.844792127609253, "Solver_of": 10006.06820544366, "Solver_time": 8.712333917617798, "Z_threshold0.05_of": 9992.414560743347, "Z_threshold0.05_time": 1.3442022800445557, "Z_threshold0.1_of": 9804.324415995901, "Z_threshold0.1_time": 0.9447834491729736, "Z_threshold0.15_of": 9719.764378064949, "Z_threshold0.15_time": 0.6444597244262695, "Z_threshold0.2_of": 9649.632222869419, "Z_threshold0.2_time": 0.6474406719207764}