{"name": "L_300_61_2431.868.json", "BaldoML_of": 10956.285250756857, "BaldoML_time": 0.4761662483215332, "BaldoGA_of": 10885.806821509901, "BaldoGA_time": 3.2440860271453857, "Solver_of": 11089.613739502507, "Solver_time": 4.832672119140625, "Z_threshold0.05_of": 11072.848329693517, "Z_threshold0.05_time": 1.0967297554016113, "Z_threshold0.1_of": 11072.84832969353, "Z_threshold0.1_time": 1.034407377243042, "Z_threshold0.15_of": 11072.848329693517, "Z_threshold0.15_time": 1.228740930557251, "Z_threshold0.2_of": 10943.940404251362, "Z_threshold0.2_time": 0.8893253803253174}