{"name": "L_300_141_2585.603.json", "BaldoML_of": 9579.75898563181, "BaldoML_time": 0.3176712989807129, "BaldoGA_of": 9488.154241921797, "BaldoGA_time": 3.614914655685425, "Solver_of": 9883.463504348629, "Solver_time": 3.729466676712036, "Z_threshold0.05_of": 9146.26852514718, "Z_threshold0.05_time": 0.5747754573822021, "Z_threshold0.1_of": 8988.111622141843, "Z_threshold0.1_time": 0.566338300704956, "Z_threshold0.15_of": 8988.111622141843, "Z_threshold0.15_time": 0.5699982643127441, "Z_threshold0.2_of": 8988.111622141843, "Z_threshold0.2_time": 0.5641477108001709, "Z_threshold0.25_of": 8988.111622141843, "Z_threshold0.25_time": 0.648749828338623}