{"name": "L_300_139_2014.141.json", "BaldoML_of": 7744.758854795446, "BaldoML_time": 0.28330254554748535, "BaldoGA_of": 7744.758854795442, "BaldoGA_time": 1.065641164779663, "Solver_of": 7895.72033303331, "Solver_time": 4.964099884033203, "Z_threshold0.05_of": 7746.8551513234115, "Z_threshold0.05_time": 0.5661671161651611, "Z_threshold0.1_of": 7746.8551513234115, "Z_threshold0.1_time": 0.5417826175689697, "Z_threshold0.15_of": 7746.8551513234115, "Z_threshold0.15_time": 0.5477180480957031, "Z_threshold0.2_of": 7746.8551513234115, "Z_threshold0.2_time": 0.5472939014434814, "Z_threshold0.25_of": 7746.8551513234115, "Z_threshold0.25_time": 0.5521879196166992}