{"name": "L_300_68_4070.254.json", "BaldoML_of": 12001.197862183604, "BaldoML_time": 0.4769425392150879, "BaldoGA_of": 11897.624721829216, "BaldoGA_time": 4.232571840286255, "Solver_of": 12368.956560775401, "Solver_time": 122.07503008842468, "Z_threshold0.05_of": 12326.949576340276, "Z_threshold0.05_time": 1.0797033309936523, "Z_threshold0.1_of": 12318.296318616665, "Z_threshold0.1_time": 2.6268980503082275, "Z_threshold0.15_of": 12230.307409970075, "Z_threshold0.15_time": 0.7728402614593506, "Z_threshold0.2_of": 12149.983747797438, "Z_threshold0.2_time": 0.5794882774353027, "Z_threshold0.25_of": 12093.58224946328, "Z_threshold0.25_time": 0.5885541439056396, "Z_threshold0.3_of": 12088.801116423225, "Z_threshold0.3_time": 0.49266767501831055, "Z_threshold0.35_of": 12061.18583985856, "Z_threshold0.35_time": 0.5183029174804688, "Z_threshold0.4_of": 12041.656513571728, "Z_threshold0.4_time": 0.373016357421875, "Z_threshold0.45_of": 11966.247529483604, "Z_threshold0.45_time": 0.1885366439819336, "Z_threshold0.5_of": 11946.59048072682, "Z_threshold0.5_time": 0.15657591819763184}