{"name": "L_300_133_3798.421.json", "BaldoML_of": 11340.613971189625, "BaldoML_time": 0.30179476737976074, "BaldoGA_of": 11356.956343451824, "BaldoGA_time": 4.494879484176636, "Solver_of": 11605.133382317053, "Solver_time": 72.67420601844788, "Z_threshold0.05_of": 11515.037868122803, "Z_threshold0.05_time": 0.7657628059387207, "Z_threshold0.1_of": 11454.990955539339, "Z_threshold0.1_time": 0.36199307441711426, "Z_threshold0.15_of": 11372.941573022425, "Z_threshold0.15_time": 0.1361980438232422, "Z_threshold0.2_of": 11314.325510821986, "Z_threshold0.2_time": 0.13672518730163574, "Z_threshold0.25_of": 11314.325510821986, "Z_threshold0.25_time": 0.13699960708618164, "Z_threshold0.3_of": 11242.900830976832, "Z_threshold0.3_time": 0.1371474266052246, "Z_threshold0.35_of": 11242.900830976832, "Z_threshold0.35_time": 0.1366574764251709, "Z_threshold0.4_of": 11242.900830976832, "Z_threshold0.4_time": 0.1368257999420166, "Z_threshold0.45_of": 11242.900830976832, "Z_threshold0.45_time": 0.13541078567504883, "Z_threshold0.5_of": 11190.73877977626, "Z_threshold0.5_time": 0.1366128921508789}