{"name": "L_300_157_3766.042.json", "BaldoML_of": 11568.053976328789, "BaldoML_time": 0.36946988105773926, "BaldoGA_of": 11637.503140333169, "BaldoGA_time": 5.085681915283203, "Solver_of": 11792.903956822016, "Solver_time": 16.489408493041992, "Z_threshold0.05_of": 11659.396878781386, "Z_threshold0.05_time": 1.2986218929290771, "Z_threshold0.1_of": 11593.279542762357, "Z_threshold0.1_time": 1.0685789585113525, "Z_threshold0.15_of": 11255.614096220523, "Z_threshold0.15_time": 0.5896761417388916, "Z_threshold0.2_of": 11018.818735111072, "Z_threshold0.2_time": 0.5848639011383057, "Z_threshold0.25_of": 10871.922518237228, "Z_threshold0.25_time": 0.5970568656921387}