{"name": "L_300_75_3809.934.json", "BaldoML_of": 12095.08812424412, "BaldoML_time": 0.33881115913391113, "BaldoGA_of": 12221.919669904028, "BaldoGA_time": 4.037830829620361, "Solver_of": 12597.90333910092, "Solver_time": 14.095190286636353, "Z_threshold0.05_of": 12562.216156391132, "Z_threshold0.05_time": 1.5921590328216553}