{"name": "L_300_133_3798.421.json", "BaldoML_of": 11605.13338231704, "BaldoML_time": 7.21112585067749, "BaldoGA_of": 11356.956343451824, "BaldoGA_time": 4.494879484176636, "Solver_of": 11605.133382317053, "Solver_time": 72.67420601844788, "Z_threshold0.05_of": 11515.037868122803, "Z_threshold0.05_time": 0.9403190612792969, "Z_threshold0.1_of": 11454.990955539339, "Z_threshold0.1_time": 0.4927241802215576, "Z_threshold0.15_of": 11408.451341050099, "Z_threshold0.15_time": 0.3569164276123047, "Z_threshold0.2_of": 11372.941573022425, "Z_threshold0.2_time": 0.30748701095581055, "Z_threshold0.25_of": 11314.325510821986, "Z_threshold0.25_time": 0.29200148582458496, "Z_threshold0.3_of": 11314.325510821986, "Z_threshold0.3_time": 0.29700207710266113, "Z_threshold0.35_of": 11314.325510821986, "Z_threshold0.35_time": 0.3045310974121094, "Z_threshold0.4_of": 11242.900830976832, "Z_threshold0.4_time": 0.3034684658050537, "Z_threshold0.45_of": 11242.900830976832, "Z_threshold0.45_time": 0.2923433780670166, "Z_threshold0.5_of": 11242.900830976832, "Z_threshold0.5_time": 0.30150556564331055}