{"name": "L_300_158_2552.824.json", "BaldoML_of": 9755.516950848762, "BaldoML_time": 0.3330113887786865, "BaldoGA_of": 9765.686598945253, "BaldoGA_time": 2.7074801921844482, "Solver_of": 10008.39213144604, "Solver_time": 5.916820526123047, "Z_threshold0.05_of": 9699.304878869914, "Z_threshold0.05_time": 0.55126953125, "Z_threshold0.1_of": 9699.304878869914, "Z_threshold0.1_time": 0.5482831001281738, "Z_threshold0.15_of": 9699.304878869914, "Z_threshold0.15_time": 0.5494089126586914, "Z_threshold0.2_of": 9699.304878869914, "Z_threshold0.2_time": 0.5516648292541504}