{"name": "L_300_97_2539.148.json", "BaldoML_of": 9500.659212556402, "BaldoML_time": 0.3663320541381836, "BaldoGA_of": 9501.817571870306, "BaldoGA_time": 2.5236964225769043, "Solver_of": 9704.444628989231, "Solver_time": 8.115699052810669, "Z_threshold0.05_of": 9619.366784149528, "Z_threshold0.05_time": 1.1256234645843506, "Z_threshold0.1_of": 9497.71153361565, "Z_threshold0.1_time": 0.7829766273498535, "Z_threshold0.15_of": 9046.957125696686, "Z_threshold0.15_time": 0.5669806003570557, "Z_threshold0.2_of": 8742.106769299253, "Z_threshold0.2_time": 0.5662200450897217, "Z_threshold0.25_of": 8662.232769706252, "Z_threshold0.25_time": 0.559736967086792}