{"name": "L_300_92_2587.459.json", "BaldoML_of": 9625.956384463341, "BaldoML_time": 3.4147591590881348, "BaldoGA_of": 9370.086390132525, "BaldoGA_time": 2.9651002883911133, "Solver_of": 9625.956384463332, "Solver_time": 12.207189798355103, "Z_threshold0.05_of": 9618.578242245016, "Z_threshold0.05_time": 1.2693078517913818, "Z_threshold0.1_of": 9455.777764751661, "Z_threshold0.1_time": 0.5347385406494141, "Z_threshold0.15_of": 9423.02991463545, "Z_threshold0.15_time": 0.4049825668334961, "Z_threshold0.2_of": 9314.40544590294, "Z_threshold0.2_time": 0.3952345848083496, "Z_threshold0.25_of": 9314.207000130049, "Z_threshold0.25_time": 0.5271663665771484, "Z_threshold0.3_of": 9147.69689020803, "Z_threshold0.3_time": 0.2924036979675293, "Z_threshold0.35_of": 8989.982135300885, "Z_threshold0.35_time": 0.27401041984558105, "Z_threshold0.4_of": 8958.610945988365, "Z_threshold0.4_time": 0.2736499309539795, "Z_threshold0.45_of": 8958.610945988365, "Z_threshold0.45_time": 0.27146339416503906, "Z_threshold0.5_of": 8936.811965434554, "Z_threshold0.5_time": 0.27578258514404297}