{"name": "L_300_178_2575.504.json", "BaldoML_of": 9521.70697355403, "BaldoML_time": 0.32152557373046875, "BaldoGA_of": 9552.315686315631, "BaldoGA_time": 1.6419024467468262, "Solver_of": 9852.342978682731, "Solver_time": 6.023406982421875, "Z_threshold0.05_of": 9692.823301607554, "Z_threshold0.05_time": 0.15338850021362305, "Z_threshold0.1_of": 9692.823301607554, "Z_threshold0.1_time": 0.15244007110595703, "Z_threshold0.15_of": 9692.823301607554, "Z_threshold0.15_time": 0.16350769996643066, "Z_threshold0.2_of": 9692.823301607554, "Z_threshold0.2_time": 0.152022123336792, "Z_threshold0.25_of": 9692.823301607554, "Z_threshold0.25_time": 0.1527843475341797, "Z_threshold0.3_of": 9692.823301607554, "Z_threshold0.3_time": 0.15112876892089844, "Z_threshold0.35_of": 9692.823301607554, "Z_threshold0.35_time": 0.15923619270324707, "Z_threshold0.4_of": 9692.823301607554, "Z_threshold0.4_time": 0.1924436092376709, "Z_threshold0.45_of": 9692.823301607554, "Z_threshold0.45_time": 0.15270471572875977, "Z_threshold0.5_of": 9692.823301607554, "Z_threshold0.5_time": 0.15262985229492188}