{"name": "L_300_122_1865.015.json", "BaldoML_of": 8903.775903428374, "BaldoML_time": 0.31613898277282715, "BaldoGA_of": 8840.562174322731, "BaldoGA_time": 3.830963611602783, "Solver_of": 9085.227605980273, "Solver_time": 3.9291837215423584, "Z_threshold0.05_of": 8889.874340271585, "Z_threshold0.05_time": 0.18771600723266602, "Z_threshold0.1_of": 8612.79120915643, "Z_threshold0.1_time": 0.15713191032409668, "Z_threshold0.15_of": 8612.79120915643, "Z_threshold0.15_time": 0.13718008995056152, "Z_threshold0.2_of": 8612.79120915643, "Z_threshold0.2_time": 0.12282490730285645, "Z_threshold0.25_of": 8574.28507925326, "Z_threshold0.25_time": 0.12222671508789062, "Z_threshold0.3_of": 8574.28507925326, "Z_threshold0.3_time": 0.12325882911682129, "Z_threshold0.35_of": 8574.28507925326, "Z_threshold0.35_time": 0.12346005439758301, "Z_threshold0.4_of": 8574.28507925326, "Z_threshold0.4_time": 0.12281441688537598, "Z_threshold0.45_of": 8574.28507925326, "Z_threshold0.45_time": 0.12311625480651855, "Z_threshold0.5_of": 8574.28507925326, "Z_threshold0.5_time": 0.12296319007873535}