{"name": "L_300_70_1826.253.json", "BaldoML_of": 8965.963031312065, "BaldoML_time": 0.4627349376678467, "BaldoGA_of": 8915.345739115242, "BaldoGA_time": 2.439384698867798, "Solver_of": 9200.704703757528, "Solver_time": 5.14584755897522, "Z_threshold0.05_of": 9104.78860556631, "Z_threshold0.05_time": 0.8359317779541016, "Z_threshold0.1_of": 8925.865095287982, "Z_threshold0.1_time": 0.7409169673919678, "Z_threshold0.15_of": 8848.976014426586, "Z_threshold0.15_time": 0.6530003547668457, "Z_threshold0.2_of": 8715.91499114206, "Z_threshold0.2_time": 0.5562758445739746, "Z_threshold0.25_of": 8543.1345661937, "Z_threshold0.25_time": 0.6358439922332764}