{"name": "L_300_176_2605.566.json", "BaldoML_of": 9917.104201035043, "BaldoML_time": 1.1591761112213135, "BaldoGA_of": 9675.902864435464, "BaldoGA_time": 1.7152190208435059, "Solver_of": 9952.71533953458, "Solver_time": 4.9575464725494385, "Z_threshold0.05_of": 9811.390881922624, "Z_threshold0.05_time": 0.3090231418609619, "Z_threshold0.1_of": 9811.390881922624, "Z_threshold0.1_time": 0.30167603492736816, "Z_threshold0.15_of": 9811.390881922624, "Z_threshold0.15_time": 0.2993185520172119, "Z_threshold0.2_of": 9811.390881922624, "Z_threshold0.2_time": 0.3099637031555176, "Z_threshold0.25_of": 9811.390881922624, "Z_threshold0.25_time": 0.3162856101989746, "Z_threshold0.3_of": 9811.390881922624, "Z_threshold0.3_time": 0.3039214611053467, "Z_threshold0.35_of": 9811.390881922624, "Z_threshold0.35_time": 0.29471778869628906, "Z_threshold0.4_of": 9811.390881922624, "Z_threshold0.4_time": 0.29937267303466797, "Z_threshold0.45_of": 9811.390881922624, "Z_threshold0.45_time": 0.29392576217651367, "Z_threshold0.5_of": 9811.390881922624, "Z_threshold0.5_time": 0.2942681312561035}