{"name": "L_300_109_1874.235.json", "BaldoML_of": 8250.53417747488, "BaldoML_time": 0.37969326972961426, "BaldoGA_of": 8229.009793554498, "BaldoGA_time": 2.9847042560577393, "Solver_of": 8392.794027211039, "Solver_time": 8.242860794067383, "Z_threshold0.05_of": 8288.249687107687, "Z_threshold0.05_time": 0.7921490669250488, "Z_threshold0.1_of": 7885.88544268138, "Z_threshold0.1_time": 0.5653219223022461, "Z_threshold0.15_of": 7612.895311499751, "Z_threshold0.15_time": 0.5667192935943604, "Z_threshold0.2_of": 7461.137282232572, "Z_threshold0.2_time": 0.5633335113525391, "Z_threshold0.25_of": 7461.137282232572, "Z_threshold0.25_time": 0.562422513961792}