{"name": "L_300_142_1848.846.json", "BaldoML_of": 8506.666325592018, "BaldoML_time": 0.29663753509521484, "BaldoGA_of": 8540.02292422531, "BaldoGA_time": 1.2923622131347656, "Solver_of": 8687.32533008697, "Solver_time": 4.816922187805176, "Z_threshold0.05_of": 8620.343564780997, "Z_threshold0.05_time": 0.14071393013000488, "Z_threshold0.1_of": 8620.343564780997, "Z_threshold0.1_time": 0.13771820068359375, "Z_threshold0.15_of": 8620.343564780997, "Z_threshold0.15_time": 0.1378164291381836, "Z_threshold0.2_of": 8620.343564780997, "Z_threshold0.2_time": 0.15358519554138184, "Z_threshold0.25_of": 8620.343564780997, "Z_threshold0.25_time": 0.1363537311553955, "Z_threshold0.3_of": 8620.343564780997, "Z_threshold0.3_time": 0.13940715789794922, "Z_threshold0.35_of": 8620.343564780997, "Z_threshold0.35_time": 0.13651156425476074, "Z_threshold0.4_of": 8620.343564780997, "Z_threshold0.4_time": 0.1381058692932129, "Z_threshold0.45_of": 8620.343564780997, "Z_threshold0.45_time": 0.13654804229736328, "Z_threshold0.5_of": 8620.343564780997, "Z_threshold0.5_time": 0.1375410556793213}