{"name": "L_300_159_3764.296.json", "BaldoML_of": 11806.3193342984, "BaldoML_time": 0.37543392181396484, "BaldoGA_of": 11892.814363533178, "BaldoGA_time": 5.779085874557495, "Solver_of": 12171.807313716758, "Solver_time": 31.647305488586426, "Z_threshold0.05_of": 11895.657898994032, "Z_threshold0.05_time": 0.7406840324401855, "Z_threshold0.1_of": 11584.279536961945, "Z_threshold0.1_time": 0.5513637065887451, "Z_threshold0.15_of": 11247.62601001574, "Z_threshold0.15_time": 0.5411391258239746, "Z_threshold0.2_of": 11187.876650201199, "Z_threshold0.2_time": 0.5461769104003906, "Z_threshold0.25_of": 11187.876650201199, "Z_threshold0.25_time": 0.557713508605957}