{"name": "L_300_117_2653.117.json", "BaldoML_of": 8869.970350548596, "BaldoML_time": 0.3481101989746094, "BaldoGA_of": 8970.825725815805, "BaldoGA_time": 3.323810577392578, "Solver_of": 9205.813397099719, "Solver_time": 8.88807725906372, "Z_threshold0.05_of": 9114.060542130293, "Z_threshold0.05_time": 1.0748186111450195, "Z_threshold0.1_of": 8832.62336805874, "Z_threshold0.1_time": 0.638775110244751, "Z_threshold0.15_of": 8536.1083576116, "Z_threshold0.15_time": 0.5458769798278809, "Z_threshold0.2_of": 8118.632983436894, "Z_threshold0.2_time": 0.5483255386352539, "Z_threshold0.25_of": 8038.3671491427385, "Z_threshold0.25_time": 0.5416271686553955}