{"name": "L_300_65_1949.95.json", "BaldoML_of": 7899.976971052043, "BaldoML_time": 0.3970520496368408, "BaldoGA_of": 7690.438336899257, "BaldoGA_time": 2.041269063949585, "Solver_of": 8013.349859434504, "Solver_time": 6.688522815704346, "Z_threshold0.05_of": 7936.831968458235, "Z_threshold0.05_time": 0.9935283660888672, "Z_threshold0.1_of": 7925.033977370066, "Z_threshold0.1_time": 0.8689596652984619, "Z_threshold0.15_of": 7737.0840573928235, "Z_threshold0.15_time": 0.749830961227417, "Z_threshold0.2_of": 7637.146491100982, "Z_threshold0.2_time": 0.6931676864624023}