{"name": "S_500_122_6447.163.json", "BaldoML_of": 18402.72404129681, "BaldoML_time": 0.573826789855957, "BaldoGA_of": 18163.894736166712, "BaldoGA_time": 4.986359357833862, "Solver_of": 18839.548127806356, "Solver_time": 52.8928017616272, "Z_threshold0.05_of": 18806.509454403815, "Z_threshold0.05_time": 2.0107481479644775}