{"name": "S_500_121_6667.223.json", "BaldoML_of": 17685.583039435285, "BaldoML_time": 0.47379565238952637, "BaldoGA_of": 17493.367967701393, "BaldoGA_time": 4.873945713043213, "Solver_of": 18303.642347783483, "Solver_time": 227.8835940361023, "Z_threshold0.05_of": 18212.548999959876, "Z_threshold0.05_time": 1.3305177688598633}