{"name": "S_500_115_6241.491.json", "BaldoML_of": 18999.160874306275, "BaldoML_time": 0.6342267990112305, "BaldoGA_of": 18561.70172849566, "BaldoGA_time": 4.3843770027160645, "Solver_of": 19526.07232601996, "Solver_time": 33.05311942100525, "Z_threshold0.05_of": 19479.280476479806, "Z_threshold0.05_time": 1.430302381515503, "Z_threshold0.1_of": 19405.068818481028, "Z_threshold0.1_time": 1.758528470993042, "Z_threshold0.15_of": 19372.52314263024, "Z_threshold0.15_time": 1.3402540683746338, "Z_threshold0.2_of": 19204.615149591482, "Z_threshold0.2_time": 1.1170988082885742, "Z_threshold0.25_of": 19147.812947002334, "Z_threshold0.25_time": 1.0423517227172852, "Z_threshold0.3_of": 19104.4503131284, "Z_threshold0.3_time": 0.7292201519012451, "Z_threshold0.35_of": 19056.595616729708, "Z_threshold0.35_time": 0.5446233749389648, "Z_threshold0.4_of": 19010.914393254905, "Z_threshold0.4_time": 0.4442307949066162, "Z_threshold0.45_of": 18895.117980579133, "Z_threshold0.45_time": 0.25182199478149414, "Z_threshold0.5_of": 18664.963907052228, "Z_threshold0.5_time": 0.24870586395263672}