{"name": "S_500_281_6452.454.json", "BaldoML_of": 17021.24595560203, "BaldoML_time": 10.443095207214355, "BaldoGA_of": 16578.62408859824, "BaldoGA_time": 6.858860969543457, "Solver_of": 17021.245956448365, "Solver_time": 86.78948545455933, "Z_threshold0.05_of": 16434.732068098634, "Z_threshold0.05_time": 0.5637967586517334, "Z_threshold0.1_of": 16364.08106252796, "Z_threshold0.1_time": 0.5169956684112549, "Z_threshold0.15_of": 16364.08106252796, "Z_threshold0.15_time": 0.5330543518066406, "Z_threshold0.2_of": 16364.08106252796, "Z_threshold0.2_time": 0.5280499458312988, "Z_threshold0.25_of": 16364.08106252796, "Z_threshold0.25_time": 0.520050048828125, "Z_threshold0.3_of": 16364.08106252796, "Z_threshold0.3_time": 0.5125248432159424, "Z_threshold0.35_of": 16364.08106252796, "Z_threshold0.35_time": 0.5288982391357422, "Z_threshold0.4_of": 16364.08106252796, "Z_threshold0.4_time": 0.5186471939086914, "Z_threshold0.45_of": 16364.08106252796, "Z_threshold0.45_time": 0.5161221027374268, "Z_threshold0.5_of": 16364.08106252796, "Z_threshold0.5_time": 0.5187826156616211}