{"name": "S_500_171_3191.013.json", "BaldoML_of": 12109.501391454853, "BaldoML_time": 0.47472476959228516, "BaldoGA_of": 11885.752829651427, "BaldoGA_time": 3.6706056594848633, "Solver_of": 12272.447351399624, "Solver_time": 9.759092807769775, "Z_threshold0.05_of": 12198.515565648331, "Z_threshold0.05_time": 1.4067468643188477, "Z_threshold0.1_of": 11737.979830604752, "Z_threshold0.1_time": 0.7489399909973145, "Z_threshold0.15_of": 11380.510133313395, "Z_threshold0.15_time": 0.5927584171295166, "Z_threshold0.2_of": 11257.365692453868, "Z_threshold0.2_time": 0.5897636413574219, "Z_threshold0.25_of": 11062.476863992328, "Z_threshold0.25_time": 0.5852546691894531}