{"name": "S_500_298_6607.254.json", "BaldoML_of": 16602.67283812554, "BaldoML_time": 0.32904601097106934, "BaldoGA_of": 16519.45900453204, "BaldoGA_time": 9.125885009765625, "Solver_of": 16966.06405996447, "Solver_time": 14.344305038452148, "Z_threshold0.05_of": 16572.363431875365, "Z_threshold0.05_time": 0.278395414352417, "Z_threshold0.1_of": 16572.363431875365, "Z_threshold0.1_time": 0.36310553550720215, "Z_threshold0.15_of": 16572.363431875365, "Z_threshold0.15_time": 0.31058502197265625, "Z_threshold0.2_of": 16572.363431875365, "Z_threshold0.2_time": 0.2856314182281494, "Z_threshold0.25_of": 16572.363431875365, "Z_threshold0.25_time": 0.28184938430786133, "Z_threshold0.3_of": 16572.363431875365, "Z_threshold0.3_time": 0.28289246559143066, "Z_threshold0.35_of": 16572.363431875365, "Z_threshold0.35_time": 0.27906346321105957, "Z_threshold0.4_of": 16572.363431875365, "Z_threshold0.4_time": 0.2810068130493164, "Z_threshold0.45_of": 16572.363431875365, "Z_threshold0.45_time": 0.2845890522003174, "Z_threshold0.5_of": 16572.363431875365, "Z_threshold0.5_time": 0.28191661834716797}