{"name": "S_500_257_6419.923.json", "BaldoML_of": 17489.532325816155, "BaldoML_time": 0.48366689682006836, "BaldoGA_of": 17405.67965907825, "BaldoGA_time": 7.087766647338867, "Solver_of": 17854.129717891992, "Solver_time": 87.28016114234924, "Z_threshold0.05_of": 17626.67720150937, "Z_threshold0.05_time": 1.608431339263916, "Z_threshold0.1_of": 17276.235138111333, "Z_threshold0.1_time": 0.6323862075805664, "Z_threshold0.15_of": 16674.754984602445, "Z_threshold0.15_time": 0.5969388484954834, "Z_threshold0.2_of": 16473.938772847603, "Z_threshold0.2_time": 0.6884455680847168, "Z_threshold0.25_of": 16464.198022273773, "Z_threshold0.25_time": 0.5966501235961914}