{"name": "S_500_231_4146.098.json", "BaldoML_of": 14720.781311475424, "BaldoML_time": 0.5540032386779785, "BaldoGA_of": 14561.950044577412, "BaldoGA_time": 5.535951375961304, "Solver_of": 14914.589058470196, "Solver_time": 34.751468658447266, "Z_threshold0.05_of": 14648.216677633885, "Z_threshold0.05_time": 0.8667256832122803, "Z_threshold0.1_of": 14149.609532421035, "Z_threshold0.1_time": 0.6211502552032471, "Z_threshold0.15_of": 13911.890902267582, "Z_threshold0.15_time": 0.6957061290740967, "Z_threshold0.2_of": 13869.017219804784, "Z_threshold0.2_time": 0.6188201904296875}