{"name": "S_500_186_6570.043.json", "BaldoML_of": 16052.389421188578, "BaldoML_time": 0.3924834728240967, "BaldoGA_of": 15885.171690131718, "BaldoGA_time": 4.423005104064941, "Solver_of": 16773.91834275948, "Solver_time": 156.22185492515564, "Z_threshold0.05_of": 16731.803557404113, "Z_threshold0.05_time": 2.9789369106292725, "Z_threshold0.1_of": 16614.422920762012, "Z_threshold0.1_time": 1.4364771842956543, "Z_threshold0.15_of": 16239.390430314794, "Z_threshold0.15_time": 0.944587230682373, "Z_threshold0.2_of": 15954.348920783086, "Z_threshold0.2_time": 0.7292125225067139, "Z_threshold0.25_of": 15686.36781923253, "Z_threshold0.25_time": 0.6490809917449951}