{"name": "S_500_171_3191.013.json", "BaldoML_of": 12265.866850579694, "BaldoML_time": 8.556732416152954, "BaldoGA_of": 11885.752829651427, "BaldoGA_time": 3.6706056594848633, "Solver_of": 12272.447351399624, "Solver_time": 9.759092807769775, "Z_threshold0.05_of": 12235.386656157223, "Z_threshold0.05_time": 1.3449409008026123, "Z_threshold0.1_of": 11850.532889165996, "Z_threshold0.1_time": 0.683060884475708, "Z_threshold0.15_of": 11422.461417526378, "Z_threshold0.15_time": 0.5210907459259033, "Z_threshold0.2_of": 11318.57150757097, "Z_threshold0.2_time": 0.5039994716644287, "Z_threshold0.25_of": 11207.39814672124, "Z_threshold0.25_time": 0.5029041767120361, "Z_threshold0.3_of": 11095.907196635635, "Z_threshold0.3_time": 0.4886820316314697, "Z_threshold0.35_of": 11009.031469114823, "Z_threshold0.35_time": 0.4842047691345215, "Z_threshold0.4_of": 10971.909601034466, "Z_threshold0.4_time": 0.49295854568481445, "Z_threshold0.45_of": 10971.909601034466, "Z_threshold0.45_time": 0.4486093521118164, "Z_threshold0.5_of": 10868.94757806475, "Z_threshold0.5_time": 0.455935001373291}