{"name": "S_500_282_6322.266.json", "BaldoML_of": 16410.738388443548, "BaldoML_time": 0.4091489315032959, "BaldoGA_of": 16295.540209551318, "BaldoGA_time": 6.739654541015625, "Solver_of": 16801.799269747164, "Solver_time": 125.3946259021759, "Z_threshold0.05_of": 16308.851335430714, "Z_threshold0.05_time": 0.3049612045288086, "Z_threshold0.1_of": 16166.025916254916, "Z_threshold0.1_time": 0.2434537410736084, "Z_threshold0.15_of": 16117.993904891699, "Z_threshold0.15_time": 0.2387528419494629, "Z_threshold0.2_of": 16117.993904891699, "Z_threshold0.2_time": 0.23873639106750488, "Z_threshold0.25_of": 16117.993904891699, "Z_threshold0.25_time": 0.23909997940063477, "Z_threshold0.3_of": 16117.993904891699, "Z_threshold0.3_time": 0.2820854187011719, "Z_threshold0.35_of": 16117.993904891699, "Z_threshold0.35_time": 0.377932071685791, "Z_threshold0.4_of": 16117.993904891699, "Z_threshold0.4_time": 0.23591971397399902, "Z_threshold0.45_of": 16117.993904891699, "Z_threshold0.45_time": 0.23265314102172852, "Z_threshold0.5_of": 16117.993904891699, "Z_threshold0.5_time": 0.23034000396728516}