{"name": "S_500_125_4206.261.json", "BaldoML_of": 15342.722330293393, "BaldoML_time": 0.498521089553833, "BaldoGA_of": 15121.186422956587, "BaldoGA_time": 4.030454874038696, "Solver_of": 15448.65920541369, "Solver_time": 5.376797437667847, "Z_threshold0.05_of": 15413.284440010717, "Z_threshold0.05_time": 1.631525993347168, "Z_threshold0.1_of": 15353.529437924812, "Z_threshold0.1_time": 1.303447961807251, "Z_threshold0.15_of": 15198.062815426285, "Z_threshold0.15_time": 0.9759299755096436, "Z_threshold0.2_of": 15022.743415536539, "Z_threshold0.2_time": 0.7384498119354248, "Z_threshold0.25_of": 14683.799954449947, "Z_threshold0.25_time": 0.7129852771759033}