{"name": "S_500_121_6406.354.json", "BaldoML_of": 17712.012193465438, "BaldoML_time": 0.4501981735229492, "BaldoGA_of": 17667.784732636585, "BaldoGA_time": 4.568743705749512, "Solver_of": 18507.72127088395, "Solver_time": 173.186509847641, "Z_threshold0.05_of": 18472.590783112555, "Z_threshold0.05_time": 3.944016695022583, "Z_threshold0.1_of": 18336.489083580836, "Z_threshold0.1_time": 1.7787675857543945, "Z_threshold0.15_of": 18193.764441075546, "Z_threshold0.15_time": 1.720212697982788, "Z_threshold0.2_of": 18109.25167445502, "Z_threshold0.2_time": 1.3591136932373047}