{"name": "S_500_242_6410.578.json", "BaldoML_of": 16362.027603604623, "BaldoML_time": 0.4621868133544922, "BaldoGA_of": 16322.429879734464, "BaldoGA_time": 6.233151912689209, "Solver_of": 16925.113000620568, "Solver_time": 126.0253484249115, "Z_threshold0.05_of": 16607.506775107293, "Z_threshold0.05_time": 1.1777317523956299}