{"name": "S_500_187_6049.403.json", "BaldoML_of": 17544.535997250565, "BaldoML_time": 0.3446638584136963, "BaldoGA_of": 17507.528624157, "BaldoGA_time": 4.915652275085449, "Solver_of": 18144.430048724542, "Solver_time": 16.324756383895874, "Z_threshold0.05_of": 18082.361756527735, "Z_threshold0.05_time": 1.6250269412994385, "Z_threshold0.1_of": 17836.454908172247, "Z_threshold0.1_time": 1.0117921829223633, "Z_threshold0.15_of": 17746.22084791109, "Z_threshold0.15_time": 0.6093111038208008, "Z_threshold0.2_of": 17727.900139538706, "Z_threshold0.2_time": 0.5193080902099609, "Z_threshold0.25_of": 17623.306311751294, "Z_threshold0.25_time": 0.2670412063598633, "Z_threshold0.3_of": 17464.25875727152, "Z_threshold0.3_time": 0.2585606575012207, "Z_threshold0.35_of": 17329.265648339184, "Z_threshold0.35_time": 0.2574727535247803, "Z_threshold0.4_of": 17329.265648339184, "Z_threshold0.4_time": 0.3426988124847412, "Z_threshold0.45_of": 17329.265648339184, "Z_threshold0.45_time": 0.2583801746368408, "Z_threshold0.5_of": 17329.265648339184, "Z_threshold0.5_time": 0.259021520614624}