{"name": "S_500_233_4254.281.json", "BaldoML_of": 13625.075584519636, "BaldoML_time": 0.3589210510253906, "BaldoGA_of": 13553.052339159427, "BaldoGA_time": 5.430418968200684, "Solver_of": 13945.5130603627, "Solver_time": 8.233222723007202, "Z_threshold0.05_of": 13439.926848170437, "Z_threshold0.05_time": 0.695214033126831, "Z_threshold0.1_of": 12907.951411743588, "Z_threshold0.1_time": 0.5901494026184082, "Z_threshold0.15_of": 12799.831044203525, "Z_threshold0.15_time": 0.5981166362762451, "Z_threshold0.2_of": 12772.153090063586, "Z_threshold0.2_time": 0.6791589260101318, "Z_threshold0.25_of": 12772.153090063586, "Z_threshold0.25_time": 0.6055529117584229}