{"name": "S_500_274_3133.337.json", "BaldoML_of": 12688.93708776433, "BaldoML_time": 1.6229557991027832, "BaldoGA_of": 12396.850287036745, "BaldoGA_time": 1.776709794998169, "Solver_of": 12804.559359327941, "Solver_time": 4.3961310386657715, "Z_threshold0.05_of": 12601.601703778073, "Z_threshold0.05_time": 0.5674982070922852, "Z_threshold0.1_of": 12601.601703778073, "Z_threshold0.1_time": 0.5068502426147461, "Z_threshold0.15_of": 12601.601703778073, "Z_threshold0.15_time": 0.5081968307495117, "Z_threshold0.2_of": 12601.601703778073, "Z_threshold0.2_time": 0.5044786930084229, "Z_threshold0.25_of": 12590.70583942865, "Z_threshold0.25_time": 0.4865603446960449, "Z_threshold0.3_of": 12590.70583942865, "Z_threshold0.3_time": 0.48511338233947754, "Z_threshold0.35_of": 12590.70583942865, "Z_threshold0.35_time": 0.5131430625915527, "Z_threshold0.4_of": 12590.70583942865, "Z_threshold0.4_time": 0.5125656127929688, "Z_threshold0.45_of": 12590.70583942865, "Z_threshold0.45_time": 0.5122566223144531, "Z_threshold0.5_of": 12590.70583942865, "Z_threshold0.5_time": 0.5054285526275635}