{"name": "S_500_225_4264.344.json", "BaldoML_of": 13257.913769341965, "BaldoML_time": 0.5034177303314209, "BaldoGA_of": 13166.477887941322, "BaldoGA_time": 4.868190765380859, "Solver_of": 13566.641488851825, "Solver_time": 6.177102565765381, "Z_threshold0.05_of": 13247.960669939577, "Z_threshold0.05_time": 0.8436741828918457, "Z_threshold0.1_of": 12875.63472422382, "Z_threshold0.1_time": 0.6067187786102295, "Z_threshold0.15_of": 12489.091613527877, "Z_threshold0.15_time": 0.6060826778411865, "Z_threshold0.2_of": 12455.9280532187, "Z_threshold0.2_time": 0.6120812892913818, "Z_threshold0.25_of": 12455.9280532187, "Z_threshold0.25_time": 0.7068653106689453}