{"name": "S_500_294_6567.223.json", "BaldoML_of": 16192.970477724655, "BaldoML_time": 0.3545043468475342, "BaldoGA_of": 16105.458822018674, "BaldoGA_time": 7.578108787536621, "Solver_of": 16619.11319061013, "Solver_time": 129.06500434875488, "Z_threshold0.05_of": 16128.33036606792, "Z_threshold0.05_time": 0.25931549072265625, "Z_threshold0.1_of": 16128.33036606792, "Z_threshold0.1_time": 0.24764776229858398, "Z_threshold0.15_of": 16128.33036606792, "Z_threshold0.15_time": 0.2518618106842041, "Z_threshold0.2_of": 16128.33036606792, "Z_threshold0.2_time": 0.2559807300567627, "Z_threshold0.25_of": 16128.33036606792, "Z_threshold0.25_time": 0.24965643882751465, "Z_threshold0.3_of": 16128.33036606792, "Z_threshold0.3_time": 0.24687981605529785, "Z_threshold0.35_of": 16128.33036606792, "Z_threshold0.35_time": 0.33315467834472656, "Z_threshold0.4_of": 16128.33036606792, "Z_threshold0.4_time": 0.2365410327911377, "Z_threshold0.45_of": 16128.33036606792, "Z_threshold0.45_time": 0.23230481147766113, "Z_threshold0.5_of": 16128.33036606792, "Z_threshold0.5_time": 0.23456549644470215}