{"name": "S_500_173_6412.484.json", "BaldoML_of": 18717.75970156819, "BaldoML_time": 4.6758668422698975, "BaldoGA_of": 17911.527960403488, "BaldoGA_time": 5.22043251991272, "Solver_of": 18717.759701568197, "Solver_time": 22.738708972930908, "Z_threshold0.05_of": 18613.500953557897, "Z_threshold0.05_time": 1.798424243927002, "Z_threshold0.1_of": 18520.193967347524, "Z_threshold0.1_time": 1.322317123413086, "Z_threshold0.15_of": 18464.325764358247, "Z_threshold0.15_time": 0.995551347732544, "Z_threshold0.2_of": 18447.351982736607, "Z_threshold0.2_time": 0.8393113613128662, "Z_threshold0.25_of": 18447.351982736607, "Z_threshold0.25_time": 0.7776088714599609, "Z_threshold0.3_of": 18372.180815571035, "Z_threshold0.3_time": 0.90901780128479, "Z_threshold0.35_of": 18352.351912477006, "Z_threshold0.35_time": 0.7093536853790283, "Z_threshold0.4_of": 18277.176984716047, "Z_threshold0.4_time": 0.5464253425598145, "Z_threshold0.45_of": 18092.998192641317, "Z_threshold0.45_time": 0.5394930839538574, "Z_threshold0.5_of": 17953.29099527353, "Z_threshold0.5_time": 0.564882755279541}