{"name": "S_500_120_3159.557.json", "BaldoML_of": 12624.408784213132, "BaldoML_time": 0.4348304271697998, "BaldoGA_of": 12385.969947368136, "BaldoGA_time": 3.0036416053771973, "Solver_of": 12798.570227740276, "Solver_time": 18.18540382385254, "Z_threshold0.05_of": 12795.367856870696, "Z_threshold0.05_time": 1.064363956451416, "Z_threshold0.1_of": 12659.273193835095, "Z_threshold0.1_time": 0.5846514701843262, "Z_threshold0.15_of": 12498.322026266833, "Z_threshold0.15_time": 0.3628969192504883, "Z_threshold0.2_of": 12275.886860879791, "Z_threshold0.2_time": 0.23374176025390625, "Z_threshold0.25_of": 11998.56013951796, "Z_threshold0.25_time": 0.22864603996276855, "Z_threshold0.3_of": 11832.068798424532, "Z_threshold0.3_time": 0.2271866798400879, "Z_threshold0.35_of": 11682.538627565633, "Z_threshold0.35_time": 0.22609519958496094, "Z_threshold0.4_of": 11399.228423813935, "Z_threshold0.4_time": 0.2266387939453125, "Z_threshold0.45_of": 11362.199924057377, "Z_threshold0.45_time": 0.22957253456115723, "Z_threshold0.5_of": 11261.132913513853, "Z_threshold0.5_time": 0.226027250289917}