{"name": "S_500_151_3290.905.json", "BaldoML_of": 12501.40374930218, "BaldoML_time": 4.079984664916992, "BaldoGA_of": 12121.961294940567, "BaldoGA_time": 3.1276447772979736, "Solver_of": 12511.190353811806, "Solver_time": 7.817023515701294, "Z_threshold0.05_of": 12414.371334173558, "Z_threshold0.05_time": 0.739849328994751, "Z_threshold0.1_of": 12311.228952709065, "Z_threshold0.1_time": 0.7266268730163574, "Z_threshold0.15_of": 12042.90154895141, "Z_threshold0.15_time": 0.5217711925506592, "Z_threshold0.2_of": 11722.588035557272, "Z_threshold0.2_time": 0.5457632541656494, "Z_threshold0.25_of": 11659.763985302849, "Z_threshold0.25_time": 0.5062685012817383, "Z_threshold0.3_of": 11575.651588423341, "Z_threshold0.3_time": 0.502169132232666, "Z_threshold0.35_of": 11575.651588423341, "Z_threshold0.35_time": 0.5166563987731934, "Z_threshold0.4_of": 11544.081695072691, "Z_threshold0.4_time": 0.5022475719451904, "Z_threshold0.45_of": 11519.85928839458, "Z_threshold0.45_time": 0.4956843852996826, "Z_threshold0.5_of": 11473.746013359963, "Z_threshold0.5_time": 0.5022542476654053}