{"name": "S_500_255_4275.513.json", "BaldoML_of": 13645.420868446878, "BaldoML_time": 0.37476062774658203, "BaldoGA_of": 13621.223843570084, "BaldoGA_time": 5.313557386398315, "Solver_of": 13879.068013873188, "Solver_time": 5.911230087280273, "Z_threshold0.05_of": 13212.769679955296, "Z_threshold0.05_time": 0.6179037094116211, "Z_threshold0.1_of": 13020.966731248334, "Z_threshold0.1_time": 0.688347339630127, "Z_threshold0.15_of": 13020.966731248334, "Z_threshold0.15_time": 0.6113011837005615, "Z_threshold0.2_of": 13020.966731248334, "Z_threshold0.2_time": 0.610314130783081}