{"name": "S_500_288_6247.535.json", "BaldoML_of": 17642.556039721527, "BaldoML_time": 0.44981837272644043, "BaldoGA_of": 17592.961731423107, "BaldoGA_time": 9.243690252304077, "Solver_of": 17968.868586486842, "Solver_time": 79.01273107528687, "Z_threshold0.05_of": 17817.156664922233, "Z_threshold0.05_time": 1.0359721183776855}