{"name": "S_500_197_3159.421.json", "BaldoML_of": 12023.384927462606, "BaldoML_time": 0.3601508140563965, "BaldoGA_of": 11877.223278542533, "BaldoGA_time": 4.117603063583374, "Solver_of": 12299.903843836331, "Solver_time": 7.194924592971802, "Z_threshold0.05_of": 11996.144030456257, "Z_threshold0.05_time": 0.7438926696777344, "Z_threshold0.1_of": 11385.763351176252, "Z_threshold0.1_time": 0.6879603862762451, "Z_threshold0.15_of": 11267.095645068366, "Z_threshold0.15_time": 0.6141636371612549, "Z_threshold0.2_of": 11155.428390209247, "Z_threshold0.2_time": 0.6096560955047607}