{"name": "S_500_207_6118.265.json", "BaldoML_of": 18120.811139398065, "BaldoML_time": 4.451704740524292, "BaldoGA_of": 17549.88454794755, "BaldoGA_time": 5.466940879821777, "Solver_of": 18120.811139398065, "Solver_time": 12.599973917007446, "Z_threshold0.05_of": 18016.708922711045, "Z_threshold0.05_time": 1.1944611072540283, "Z_threshold0.1_of": 17886.533274275054, "Z_threshold0.1_time": 1.4500715732574463, "Z_threshold0.15_of": 17770.414437100793, "Z_threshold0.15_time": 0.9527688026428223, "Z_threshold0.2_of": 17722.773590927936, "Z_threshold0.2_time": 0.8918392658233643, "Z_threshold0.25_of": 17705.955683465825, "Z_threshold0.25_time": 0.6995053291320801, "Z_threshold0.3_of": 17641.09348066057, "Z_threshold0.3_time": 0.5662906169891357, "Z_threshold0.35_of": 17410.714787079236, "Z_threshold0.35_time": 0.5641379356384277, "Z_threshold0.4_of": 17311.640417220304, "Z_threshold0.4_time": 0.5604946613311768, "Z_threshold0.45_of": 17311.640417220304, "Z_threshold0.45_time": 0.5975720882415771, "Z_threshold0.5_of": 17311.640417220304, "Z_threshold0.5_time": 0.56459641456604}