{"name": "S_500_285_4327.504.json", "BaldoML_of": 13424.509022796536, "BaldoML_time": 0.37650465965270996, "BaldoGA_of": 13331.12098555743, "BaldoGA_time": 2.082019090652466, "Solver_of": 13761.856034886172, "Solver_time": 4.535013437271118, "Z_threshold0.05_of": 13331.12098555745, "Z_threshold0.05_time": 0.6095795631408691, "Z_threshold0.1_of": 13331.12098555745, "Z_threshold0.1_time": 0.5978529453277588, "Z_threshold0.15_of": 13331.12098555745, "Z_threshold0.15_time": 0.5948123931884766, "Z_threshold0.2_of": 13331.12098555745, "Z_threshold0.2_time": 0.6046545505523682, "Z_threshold0.25_of": 13331.12098555745, "Z_threshold0.25_time": 0.6018147468566895}