{"name": "S_500_241_3202.375.json", "BaldoML_of": 11740.642719781368, "BaldoML_time": 0.31426072120666504, "BaldoGA_of": 11654.422686969823, "BaldoGA_time": 1.3595185279846191, "Solver_of": 12058.912185071298, "Solver_time": 10.753674983978271, "Z_threshold0.05_of": 11654.422686969814, "Z_threshold0.05_time": 0.6134028434753418, "Z_threshold0.1_of": 11654.422686969814, "Z_threshold0.1_time": 0.6049742698669434, "Z_threshold0.15_of": 11654.422686969814, "Z_threshold0.15_time": 0.6028027534484863, "Z_threshold0.2_of": 11654.422686969814, "Z_threshold0.2_time": 0.6037757396697998}