{"name": "S_500_137_6275.937.json", "BaldoML_of": 17986.635254414174, "BaldoML_time": 0.7496740818023682, "BaldoGA_of": 17735.853812727353, "BaldoGA_time": 4.174196243286133, "Solver_of": 18477.939359597072, "Solver_time": 13.014230012893677, "Z_threshold0.05_of": 18411.288941630206, "Z_threshold0.05_time": 1.5376534461975098}