{"name": "S_500_184_3066.665.json", "BaldoML_of": 12690.747202572618, "BaldoML_time": 0.5434601306915283, "BaldoGA_of": 12537.633128954341, "BaldoGA_time": 3.892178773880005, "Solver_of": 12816.401150510306, "Solver_time": 9.629393815994263, "Z_threshold0.05_of": 12716.856116613442, "Z_threshold0.05_time": 1.2244081497192383, "Z_threshold0.1_of": 12379.387067138163, "Z_threshold0.1_time": 0.6589655876159668, "Z_threshold0.15_of": 11957.574352772213, "Z_threshold0.15_time": 0.6210107803344727, "Z_threshold0.2_of": 11688.908453875125, "Z_threshold0.2_time": 0.6119158267974854}