{"name": "S_500_257_6419.923.json", "BaldoML_of": 17489.532325816155, "BaldoML_time": 0.48366689682006836, "BaldoGA_of": 17405.67965907825, "BaldoGA_time": 7.087766647338867, "Solver_of": 17854.129717891992, "Solver_time": 87.28016114234924, "Z_threshold0.05_of": 17626.67720150937, "Z_threshold0.05_time": 1.741058588027954, "Z_threshold0.1_of": 17276.235138111333, "Z_threshold0.1_time": 0.7338986396789551, "Z_threshold0.15_of": 16674.754984602445, "Z_threshold0.15_time": 0.6122322082519531, "Z_threshold0.2_of": 16473.938772847603, "Z_threshold0.2_time": 0.619915246963501}