{"name": "S_500_164_3313.893.json", "BaldoML_of": 12262.393039878807, "BaldoML_time": 0.6800386905670166, "BaldoGA_of": 12058.350190525072, "BaldoGA_time": 3.1690733432769775, "Solver_of": 12461.426492597431, "Solver_time": 25.247641563415527, "Z_threshold0.05_of": 12402.098211074788, "Z_threshold0.05_time": 0.9622561931610107, "Z_threshold0.1_of": 12172.445430508822, "Z_threshold0.1_time": 0.4081916809082031, "Z_threshold0.15_of": 12129.169493902033, "Z_threshold0.15_time": 0.27300190925598145, "Z_threshold0.2_of": 11841.512874898513, "Z_threshold0.2_time": 0.21706628799438477, "Z_threshold0.25_of": 11704.372090244557, "Z_threshold0.25_time": 0.2219552993774414, "Z_threshold0.3_of": 11616.898707475544, "Z_threshold0.3_time": 0.22617864608764648, "Z_threshold0.35_of": 11487.959199320008, "Z_threshold0.35_time": 0.21472811698913574, "Z_threshold0.4_of": 11239.943344658184, "Z_threshold0.4_time": 0.23440170288085938, "Z_threshold0.45_of": 11239.943344658184, "Z_threshold0.45_time": 0.2100200653076172, "Z_threshold0.5_of": 11158.893674014469, "Z_threshold0.5_time": 0.2129669189453125}