{"name": "S_500_218_6522.781.json", "BaldoML_of": 16119.710203039285, "BaldoML_time": 0.5865364074707031, "BaldoGA_of": 16115.89424673834, "BaldoGA_time": 4.839109659194946, "Solver_of": 16713.178918768986, "Solver_time": 122.20034098625183, "Z_threshold0.05_of": 16629.32222226708, "Z_threshold0.05_time": 2.234947919845581, "Z_threshold0.1_of": 16285.74291531279, "Z_threshold0.1_time": 1.5604994297027588, "Z_threshold0.15_of": 16146.009703202595, "Z_threshold0.15_time": 1.2154386043548584, "Z_threshold0.2_of": 16002.268567567613, "Z_threshold0.2_time": 0.9855806827545166}