{"name": "S_500_213_4372.519.json", "BaldoML_of": 13944.813352983068, "BaldoML_time": 0.5885336399078369, "BaldoGA_of": 13962.37880524732, "BaldoGA_time": 4.718350648880005, "Solver_of": 14298.164507216303, "Solver_time": 36.557215213775635, "Z_threshold0.05_of": 14021.866982635373, "Z_threshold0.05_time": 1.1493175029754639, "Z_threshold0.1_of": 13632.352554104602, "Z_threshold0.1_time": 0.6409251689910889, "Z_threshold0.15_of": 13121.043772231049, "Z_threshold0.15_time": 0.6258649826049805, "Z_threshold0.2_of": 12966.101910932703, "Z_threshold0.2_time": 0.6224014759063721, "Z_threshold0.25_of": 12951.909392306145, "Z_threshold0.25_time": 0.6351714134216309}