{"name": "S_500_272_3086.059.json", "BaldoML_of": 13158.786282333722, "BaldoML_time": 0.3482685089111328, "BaldoGA_of": 13116.856454422346, "BaldoGA_time": 1.6529667377471924, "Solver_of": 13405.968461272783, "Solver_time": 3.1720893383026123, "Z_threshold0.05_of": 13263.53278841279, "Z_threshold0.05_time": 0.2712850570678711, "Z_threshold0.1_of": 13263.53278841279, "Z_threshold0.1_time": 0.2816202640533447, "Z_threshold0.15_of": 13263.53278841279, "Z_threshold0.15_time": 0.27471089363098145, "Z_threshold0.2_of": 13263.53278841279, "Z_threshold0.2_time": 0.2706477642059326, "Z_threshold0.25_of": 13263.53278841279, "Z_threshold0.25_time": 0.2684013843536377, "Z_threshold0.3_of": 13263.53278841279, "Z_threshold0.3_time": 0.2677633762359619, "Z_threshold0.35_of": 13263.53278841279, "Z_threshold0.35_time": 0.26604175567626953, "Z_threshold0.4_of": 13263.53278841279, "Z_threshold0.4_time": 0.26993632316589355, "Z_threshold0.45_of": 13263.53278841279, "Z_threshold0.45_time": 0.2667412757873535, "Z_threshold0.5_of": 13263.53278841279, "Z_threshold0.5_time": 0.26735830307006836}