{"name": "S_500_287_6319.909.json", "BaldoML_of": 16665.29562487629, "BaldoML_time": 0.3161966800689697, "BaldoGA_of": 16508.08271814575, "BaldoGA_time": 8.228265285491943, "Solver_of": 17042.659621371047, "Solver_time": 24.02731966972351, "Z_threshold0.05_of": 16764.039318312607, "Z_threshold0.05_time": 0.9857416152954102}