{"name": "S_500_205_4200.547.json", "BaldoML_of": 13991.91507846338, "BaldoML_time": 0.5192975997924805, "BaldoGA_of": 13743.880887556365, "BaldoGA_time": 4.344249248504639, "Solver_of": 14226.43276420284, "Solver_time": 23.21308469772339, "Z_threshold0.05_of": 14065.053998614447, "Z_threshold0.05_time": 0.8087785243988037, "Z_threshold0.1_of": 13711.761881581331, "Z_threshold0.1_time": 0.2906334400177002, "Z_threshold0.15_of": 13634.321633894031, "Z_threshold0.15_time": 0.24729037284851074, "Z_threshold0.2_of": 13281.461711032021, "Z_threshold0.2_time": 0.24467802047729492, "Z_threshold0.25_of": 13115.653015087903, "Z_threshold0.25_time": 0.24366974830627441, "Z_threshold0.3_of": 13008.614466478488, "Z_threshold0.3_time": 0.24616026878356934, "Z_threshold0.35_of": 12889.713682307081, "Z_threshold0.35_time": 0.2402210235595703, "Z_threshold0.4_of": 12845.800308910446, "Z_threshold0.4_time": 0.23956680297851562, "Z_threshold0.45_of": 12845.800308910446, "Z_threshold0.45_time": 0.24071121215820312, "Z_threshold0.5_of": 12845.800308910446, "Z_threshold0.5_time": 0.25600337982177734}