{"name": "S_500_179_4255.147.json", "BaldoML_of": 14212.777533798175, "BaldoML_time": 0.499875545501709, "BaldoGA_of": 14079.490744087523, "BaldoGA_time": 4.002967596054077, "Solver_of": 14515.330140478072, "Solver_time": 9.657221794128418, "Z_threshold0.05_of": 14498.902761730198, "Z_threshold0.05_time": 2.0145692825317383, "Z_threshold0.1_of": 14314.098041381305, "Z_threshold0.1_time": 1.0929393768310547, "Z_threshold0.15_of": 14160.122414067037, "Z_threshold0.15_time": 0.9344644546508789, "Z_threshold0.2_of": 13997.548889614074, "Z_threshold0.2_time": 0.7139508724212646}