{"name": "S_500_121_6667.223.json", "BaldoML_of": 17685.583039435285, "BaldoML_time": 0.47379565238952637, "BaldoGA_of": 17493.367967701393, "BaldoGA_time": 4.873945713043213, "Solver_of": 18303.642347783483, "Solver_time": 227.8835940361023, "Z_threshold0.05_of": 18212.548999959876, "Z_threshold0.05_time": 1.485395908355713, "Z_threshold0.1_of": 18193.149158866014, "Z_threshold0.1_time": 1.5955932140350342, "Z_threshold0.15_of": 18091.95203639646, "Z_threshold0.15_time": 2.270904064178467, "Z_threshold0.2_of": 18073.64706214646, "Z_threshold0.2_time": 1.818542242050171, "Z_threshold0.25_of": 17961.285793997395, "Z_threshold0.25_time": 1.5122096538543701}