{"name": "S_500_289_6636.921.json", "BaldoML_of": 16848.41419635429, "BaldoML_time": 0.43765997886657715, "BaldoGA_of": 16768.6347446788, "BaldoGA_time": 8.576478481292725, "Solver_of": 17202.169044713788, "Solver_time": 11.410063028335571, "Z_threshold0.05_of": 16962.632831496627, "Z_threshold0.05_time": 0.9926600456237793, "Z_threshold0.1_of": 16182.73466001896, "Z_threshold0.1_time": 0.6039419174194336, "Z_threshold0.15_of": 15969.81365713963, "Z_threshold0.15_time": 0.5991122722625732, "Z_threshold0.2_of": 15938.080303613015, "Z_threshold0.2_time": 0.6027123928070068, "Z_threshold0.25_of": 15938.080303613015, "Z_threshold0.25_time": 0.5990200042724609}