{"name": "S_500_205_4200.547.json", "BaldoML_of": 13991.91507846338, "BaldoML_time": 0.5192975997924805, "BaldoGA_of": 13743.880887556365, "BaldoGA_time": 4.344249248504639, "Solver_of": 14226.43276420284, "Solver_time": 23.21308469772339, "Z_threshold0.05_of": 14083.781455727409, "Z_threshold0.05_time": 1.6826379299163818, "Z_threshold0.1_of": 13766.85572147799, "Z_threshold0.1_time": 0.7588396072387695, "Z_threshold0.15_of": 13276.614209963209, "Z_threshold0.15_time": 0.6102802753448486, "Z_threshold0.2_of": 13100.693847188804, "Z_threshold0.2_time": 0.6142630577087402}