{"name": "S_500_142_4113.38.json", "BaldoML_of": 15247.577962581832, "BaldoML_time": 0.48648548126220703, "BaldoGA_of": 15031.778763779375, "BaldoGA_time": 3.9872727394104004, "Solver_of": 15468.330108702254, "Solver_time": 8.642582178115845, "Z_threshold0.05_of": 15446.834169812146, "Z_threshold0.05_time": 1.3973820209503174, "Z_threshold0.1_of": 15348.936043135322, "Z_threshold0.1_time": 1.0527575016021729, "Z_threshold0.15_of": 15237.915921159527, "Z_threshold0.15_time": 0.8816356658935547, "Z_threshold0.2_of": 15135.528783097987, "Z_threshold0.2_time": 0.7477288246154785, "Z_threshold0.25_of": 15064.315757985045, "Z_threshold0.25_time": 0.7398157119750977}