{"name": "S_500_106_6415.476.json", "BaldoML_of": 18026.434539654525, "BaldoML_time": 0.4566972255706787, "BaldoGA_of": 17885.1749690802, "BaldoGA_time": 4.323549032211304, "Solver_of": 18809.43325476648, "Solver_time": 138.4035620689392, "Z_threshold0.05_of": 18737.83712216484, "Z_threshold0.05_time": 1.7594048976898193, "Z_threshold0.1_of": 18681.30005158682, "Z_threshold0.1_time": 1.6442558765411377, "Z_threshold0.15_of": 18586.40297454434, "Z_threshold0.15_time": 1.0793969631195068, "Z_threshold0.2_of": 18572.120067553285, "Z_threshold0.2_time": 1.183955192565918, "Z_threshold0.25_of": 18556.90341487085, "Z_threshold0.25_time": 0.9422907829284668, "Z_threshold0.3_of": 18507.157078928412, "Z_threshold0.3_time": 1.1475226879119873, "Z_threshold0.35_of": 18398.13401726234, "Z_threshold0.35_time": 0.7890138626098633, "Z_threshold0.4_of": 18321.12350125588, "Z_threshold0.4_time": 0.5424082279205322, "Z_threshold0.45_of": 18186.73981338108, "Z_threshold0.45_time": 0.47321534156799316, "Z_threshold0.5_of": 18108.992197483924, "Z_threshold0.5_time": 0.27072882652282715}