{"name": "S_500_143_3190.645.json", "BaldoML_of": 12156.856963312688, "BaldoML_time": 0.6277623176574707, "BaldoGA_of": 11950.170993381615, "BaldoGA_time": 3.299058198928833, "Solver_of": 12343.657683565607, "Solver_time": 8.87019681930542, "Z_threshold0.05_of": 12291.696703118781, "Z_threshold0.05_time": 1.1444532871246338, "Z_threshold0.1_of": 12220.688725506287, "Z_threshold0.1_time": 0.6065919399261475, "Z_threshold0.15_of": 12084.634697555057, "Z_threshold0.15_time": 0.29409122467041016, "Z_threshold0.2_of": 11758.56726176017, "Z_threshold0.2_time": 0.24205970764160156, "Z_threshold0.25_of": 11758.56726176017, "Z_threshold0.25_time": 0.23886752128601074, "Z_threshold0.3_of": 11509.811077228578, "Z_threshold0.3_time": 0.23625612258911133, "Z_threshold0.35_of": 11509.811077228578, "Z_threshold0.35_time": 0.2371513843536377, "Z_threshold0.4_of": 11351.420921378454, "Z_threshold0.4_time": 0.2352910041809082, "Z_threshold0.45_of": 11228.518620698707, "Z_threshold0.45_time": 0.23686552047729492, "Z_threshold0.5_of": 11067.546289036783, "Z_threshold0.5_time": 0.2541980743408203}