{"name": "S_500_281_3191.14.json", "BaldoML_of": 11602.680345156881, "BaldoML_time": 0.32377004623413086, "BaldoGA_of": 11562.193625045997, "BaldoGA_time": 1.6765062808990479, "Solver_of": 11849.547255382242, "Solver_time": 3.5299808979034424, "Z_threshold0.05_of": 11684.153965437847, "Z_threshold0.05_time": 0.24089312553405762, "Z_threshold0.1_of": 11684.153965437847, "Z_threshold0.1_time": 0.24475479125976562, "Z_threshold0.15_of": 11684.153965437847, "Z_threshold0.15_time": 0.23365426063537598, "Z_threshold0.2_of": 11684.153965437847, "Z_threshold0.2_time": 0.24536728858947754, "Z_threshold0.25_of": 11684.153965437847, "Z_threshold0.25_time": 0.23076462745666504, "Z_threshold0.3_of": 11684.153965437847, "Z_threshold0.3_time": 0.23257875442504883, "Z_threshold0.35_of": 11684.153965437847, "Z_threshold0.35_time": 0.23542284965515137, "Z_threshold0.4_of": 11684.153965437847, "Z_threshold0.4_time": 0.33847856521606445, "Z_threshold0.45_of": 11684.153965437847, "Z_threshold0.45_time": 0.2729804515838623, "Z_threshold0.5_of": 11684.153965437847, "Z_threshold0.5_time": 0.2686893939971924}