{"name": "S_500_118_3063.638.json", "BaldoML_of": 13237.13830767864, "BaldoML_time": 0.7536251544952393, "BaldoGA_of": 12976.578879355404, "BaldoGA_time": 2.853931188583374, "Solver_of": 13370.440160898415, "Solver_time": 8.044227838516235, "Z_threshold0.05_of": 13342.871524966024, "Z_threshold0.05_time": 1.5756862163543701, "Z_threshold0.1_of": 13198.161487714608, "Z_threshold0.1_time": 1.07432222366333, "Z_threshold0.15_of": 13105.999086873144, "Z_threshold0.15_time": 0.9222686290740967, "Z_threshold0.2_of": 12746.12323305317, "Z_threshold0.2_time": 0.6395039558410645, "Z_threshold0.25_of": 12388.225856828038, "Z_threshold0.25_time": 0.6106793880462646}