{"name": "S_500_122_6447.163.json", "BaldoML_of": 18834.243070299595, "BaldoML_time": 10.067753791809082, "BaldoGA_of": 18163.894736166712, "BaldoGA_time": 4.986359357833862, "Solver_of": 18839.548127806356, "Solver_time": 52.8928017616272, "Z_threshold0.05_of": 18797.40770208785, "Z_threshold0.05_time": 1.974855661392212, "Z_threshold0.1_of": 18648.70926599426, "Z_threshold0.1_time": 1.601224422454834, "Z_threshold0.15_of": 18614.14200701338, "Z_threshold0.15_time": 1.3263955116271973, "Z_threshold0.2_of": 18614.14200701338, "Z_threshold0.2_time": 1.353393793106079, "Z_threshold0.25_of": 18592.13054038361, "Z_threshold0.25_time": 1.6465113162994385, "Z_threshold0.3_of": 18522.09075428986, "Z_threshold0.3_time": 1.1273181438446045, "Z_threshold0.35_of": 18522.09075428986, "Z_threshold0.35_time": 1.017549753189087, "Z_threshold0.4_of": 18500.678189829534, "Z_threshold0.4_time": 0.933527946472168, "Z_threshold0.45_of": 18432.45748975443, "Z_threshold0.45_time": 0.5459084510803223, "Z_threshold0.5_of": 18285.963903796117, "Z_threshold0.5_time": 0.512150764465332}