{"name": "S_500_227_6400.503.json", "BaldoML_of": 17321.78679004715, "BaldoML_time": 0.3826735019683838, "BaldoGA_of": 17229.707431834064, "BaldoGA_time": 5.3331499099731445, "Solver_of": 17914.198695045106, "Solver_time": 94.97415852546692, "Z_threshold0.05_of": 17696.770936753506, "Z_threshold0.05_time": 1.316230058670044, "Z_threshold0.1_of": 17541.68047168276, "Z_threshold0.1_time": 1.391472339630127, "Z_threshold0.15_of": 17372.24477734925, "Z_threshold0.15_time": 0.8400399684906006, "Z_threshold0.2_of": 16876.88888207146, "Z_threshold0.2_time": 0.6398873329162598, "Z_threshold0.25_of": 16406.278160079743, "Z_threshold0.25_time": 0.6239793300628662}