{"name": "S_500_208_6592.204.json", "BaldoML_of": 16486.34863171311, "BaldoML_time": 0.42258429527282715, "BaldoGA_of": 16367.243069742117, "BaldoGA_time": 4.574111461639404, "Solver_of": 17038.873188238602, "Solver_time": 71.47576880455017, "Z_threshold0.05_of": 16941.632146492117, "Z_threshold0.05_time": 1.7745873928070068, "Z_threshold0.1_of": 16782.17429633144, "Z_threshold0.1_time": 1.5951428413391113, "Z_threshold0.15_of": 16566.385840274266, "Z_threshold0.15_time": 1.1034064292907715, "Z_threshold0.2_of": 16398.331298496603, "Z_threshold0.2_time": 0.8828616142272949}