{"name": "S_500_124_3192.638.json", "BaldoML_of": 13602.185396351519, "BaldoML_time": 0.580125093460083, "BaldoGA_of": 13377.576845383393, "BaldoGA_time": 2.9708049297332764, "Solver_of": 13771.308292888436, "Solver_time": 6.848082780838013, "Z_threshold0.05_of": 13765.408301518357, "Z_threshold0.05_time": 1.339526653289795, "Z_threshold0.1_of": 13599.359595687381, "Z_threshold0.1_time": 0.9685635566711426, "Z_threshold0.15_of": 13370.246683184314, "Z_threshold0.15_time": 0.6956455707550049, "Z_threshold0.2_of": 13196.867428505007, "Z_threshold0.2_time": 0.6086196899414062}