{"name": "S_500_128_6309.319.json", "BaldoML_of": 19275.851408381182, "BaldoML_time": 3.381805419921875, "BaldoGA_of": 18704.421441042712, "BaldoGA_time": 4.817350625991821, "Solver_of": 19275.851408381182, "Solver_time": 19.262791395187378, "Z_threshold0.05_of": 19228.470182196976, "Z_threshold0.05_time": 1.9138689041137695, "Z_threshold0.1_of": 19109.02492776028, "Z_threshold0.1_time": 1.6091053485870361, "Z_threshold0.15_of": 19005.748522372953, "Z_threshold0.15_time": 1.4867541790008545, "Z_threshold0.2_of": 18919.059289595607, "Z_threshold0.2_time": 0.9890086650848389, "Z_threshold0.25_of": 18919.059289595607, "Z_threshold0.25_time": 0.9868869781494141, "Z_threshold0.3_of": 18888.367234581794, "Z_threshold0.3_time": 1.2328267097473145, "Z_threshold0.35_of": 18868.278791663066, "Z_threshold0.35_time": 0.8789160251617432, "Z_threshold0.4_of": 18858.329717151904, "Z_threshold0.4_time": 1.0463829040527344, "Z_threshold0.45_of": 18852.362607807187, "Z_threshold0.45_time": 1.0543744564056396, "Z_threshold0.5_of": 18831.540417204098, "Z_threshold0.5_time": 0.9261105060577393}