{"name": "S_500_122_6196.918.json", "BaldoML_of": 18654.291593807728, "BaldoML_time": 0.5211052894592285, "BaldoGA_of": 18834.52145082448, "BaldoGA_time": 4.921830415725708, "Solver_of": 19597.760914661005, "Solver_time": 16.729578733444214, "Z_threshold0.05_of": 19541.05239895958, "Z_threshold0.05_time": 2.0195727348327637, "Z_threshold0.1_of": 19341.61008516836, "Z_threshold0.1_time": 1.3308589458465576, "Z_threshold0.15_of": 19025.761140070495, "Z_threshold0.15_time": 0.787895679473877, "Z_threshold0.2_of": 19025.761140070495, "Z_threshold0.2_time": 0.8740212917327881, "Z_threshold0.25_of": 18985.033650314304, "Z_threshold0.25_time": 0.628577470779419, "Z_threshold0.3_of": 18879.849213460682, "Z_threshold0.3_time": 0.3992886543273926, "Z_threshold0.35_of": 18756.371318509453, "Z_threshold0.35_time": 0.2677295207977295, "Z_threshold0.4_of": 18733.185338279145, "Z_threshold0.4_time": 0.26614999771118164, "Z_threshold0.45_of": 18713.673912350983, "Z_threshold0.45_time": 0.2653045654296875, "Z_threshold0.5_of": 18651.454770617118, "Z_threshold0.5_time": 0.27066659927368164}