{"name": "S_500_188_3036.852.json", "BaldoML_of": 13262.974173399482, "BaldoML_time": 0.48055362701416016, "BaldoGA_of": 13109.590738978712, "BaldoGA_time": 3.8911259174346924, "Solver_of": 13373.585003246742, "Solver_time": 13.996197938919067, "Z_threshold0.05_of": 13174.381375440249, "Z_threshold0.05_time": 0.9043376445770264, "Z_threshold0.1_of": 12573.521723707634, "Z_threshold0.1_time": 0.6020545959472656, "Z_threshold0.15_of": 12242.45399023843, "Z_threshold0.15_time": 0.5973663330078125, "Z_threshold0.2_of": 12195.271432948643, "Z_threshold0.2_time": 0.5984208583831787, "Z_threshold0.25_of": 12111.241477014357, "Z_threshold0.25_time": 0.5895936489105225}