{"name": "S_500_247_6656.418.json", "BaldoML_of": 16844.744917397245, "BaldoML_time": 0.48088884353637695, "BaldoGA_of": 16776.79026116558, "BaldoGA_time": 6.366391897201538, "Solver_of": 17348.991375493573, "Solver_time": 172.83305644989014, "Z_threshold0.05_of": 17055.936138847053, "Z_threshold0.05_time": 0.6539225578308105, "Z_threshold0.1_of": 16897.30408824854, "Z_threshold0.1_time": 0.270965576171875, "Z_threshold0.15_of": 16754.680040837615, "Z_threshold0.15_time": 0.23389363288879395, "Z_threshold0.2_of": 16475.076993011793, "Z_threshold0.2_time": 0.23288393020629883, "Z_threshold0.25_of": 16475.076993011793, "Z_threshold0.25_time": 0.23294448852539062, "Z_threshold0.3_of": 16452.964454320107, "Z_threshold0.3_time": 0.2301008701324463, "Z_threshold0.35_of": 16452.964454320107, "Z_threshold0.35_time": 0.23414850234985352, "Z_threshold0.4_of": 16452.964454320107, "Z_threshold0.4_time": 0.230743408203125, "Z_threshold0.45_of": 16452.964454320107, "Z_threshold0.45_time": 0.23189878463745117, "Z_threshold0.5_of": 16452.964454320107, "Z_threshold0.5_time": 0.23186516761779785}