{"name": "S_500_191_6286.426.json", "BaldoML_of": 17681.46199614294, "BaldoML_time": 0.4869844913482666, "BaldoGA_of": 17625.543136328655, "BaldoGA_time": 4.981733083724976, "Solver_of": 18514.224856631277, "Solver_time": 29.88062047958374, "Z_threshold0.05_of": 18476.15694213624, "Z_threshold0.05_time": 2.125965118408203}