{"name": "S_500_193_4103.372.json", "BaldoML_of": 15819.895725676504, "BaldoML_time": 0.5677094459533691, "BaldoGA_of": 15721.699551377815, "BaldoGA_time": 4.701542139053345, "Solver_of": 15930.976711724934, "Solver_time": 17.97021245956421, "Z_threshold0.05_of": 15843.376296007216, "Z_threshold0.05_time": 1.2379682064056396, "Z_threshold0.1_of": 15712.388539564248, "Z_threshold0.1_time": 0.8707365989685059, "Z_threshold0.15_of": 15532.538610957996, "Z_threshold0.15_time": 0.7062735557556152, "Z_threshold0.2_of": 14948.845219437577, "Z_threshold0.2_time": 0.6260886192321777}