{"name": "S_500_253_3142.995.json", "BaldoML_of": 11665.524563247689, "BaldoML_time": 0.31438779830932617, "BaldoGA_of": 11582.028393215733, "BaldoGA_time": 1.735954761505127, "Solver_of": 11962.892289911484, "Solver_time": 4.821276664733887, "Z_threshold0.05_of": 11595.414274668605, "Z_threshold0.05_time": 0.605454683303833, "Z_threshold0.1_of": 11595.414274668605, "Z_threshold0.1_time": 0.6043574810028076, "Z_threshold0.15_of": 11595.414274668605, "Z_threshold0.15_time": 0.606830358505249, "Z_threshold0.2_of": 11595.414274668605, "Z_threshold0.2_time": 0.6909694671630859, "Z_threshold0.25_of": 11595.414274668605, "Z_threshold0.25_time": 0.6049294471740723}