{"name": "S_500_278_3215.332.json", "BaldoML_of": 12147.851530093812, "BaldoML_time": 0.33332395553588867, "BaldoGA_of": 12096.640995988817, "BaldoGA_time": 1.5763137340545654, "Solver_of": 12434.627595347265, "Solver_time": 4.877805709838867, "Z_threshold0.05_of": 12111.418581863076, "Z_threshold0.05_time": 0.6126954555511475, "Z_threshold0.1_of": 12111.418581863076, "Z_threshold0.1_time": 0.610041618347168, "Z_threshold0.15_of": 12111.418581863076, "Z_threshold0.15_time": 0.6150150299072266, "Z_threshold0.2_of": 12111.418581863076, "Z_threshold0.2_time": 0.6029350757598877, "Z_threshold0.25_of": 12111.418581863076, "Z_threshold0.25_time": 0.611565351486206}