{"name": "S_500_276_6269.574.json", "BaldoML_of": 18058.057056388418, "BaldoML_time": 12.00521993637085, "BaldoGA_of": 17570.14148749865, "BaldoGA_time": 7.624471426010132, "Solver_of": 18058.057056388418, "Solver_time": 58.020893573760986, "Z_threshold0.05_of": 17721.058587698444, "Z_threshold0.05_time": 0.6626431941986084, "Z_threshold0.1_of": 17531.710089197957, "Z_threshold0.1_time": 0.5503618717193604, "Z_threshold0.15_of": 17531.710089197957, "Z_threshold0.15_time": 0.5378594398498535, "Z_threshold0.2_of": 17531.710089197957, "Z_threshold0.2_time": 0.5482354164123535, "Z_threshold0.25_of": 17531.710089197957, "Z_threshold0.25_time": 0.5187053680419922, "Z_threshold0.3_of": 17531.710089197957, "Z_threshold0.3_time": 0.48354578018188477, "Z_threshold0.35_of": 17531.710089197957, "Z_threshold0.35_time": 0.4959297180175781, "Z_threshold0.4_of": 17531.710089197957, "Z_threshold0.4_time": 0.5000498294830322, "Z_threshold0.45_of": 17531.710089197957, "Z_threshold0.45_time": 0.49373745918273926, "Z_threshold0.5_of": 17531.710089197957, "Z_threshold0.5_time": 0.5034275054931641}