{"name": "S_500_158_3227.352.json", "BaldoML_of": 12445.250074657588, "BaldoML_time": 0.4376699924468994, "BaldoGA_of": 12377.719061844818, "BaldoGA_time": 3.5981011390686035, "Solver_of": 12685.729604364444, "Solver_time": 17.9576575756073, "Z_threshold0.05_of": 12577.307005125806, "Z_threshold0.05_time": 1.1594517230987549, "Z_threshold0.1_of": 12211.117016641589, "Z_threshold0.1_time": 0.769711971282959, "Z_threshold0.15_of": 12085.781238934765, "Z_threshold0.15_time": 0.6551377773284912, "Z_threshold0.2_of": 11829.892430872804, "Z_threshold0.2_time": 0.7050466537475586}