{"name": "S_500_258_3111.539.json", "BaldoML_of": 12489.188996318211, "BaldoML_time": 0.3735823631286621, "BaldoGA_of": 12494.841855629376, "BaldoGA_time": 1.5376875400543213, "Solver_of": 12810.402597173801, "Solver_time": 4.26152229309082, "Z_threshold0.05_of": 12642.658562500468, "Z_threshold0.05_time": 0.26653409004211426, "Z_threshold0.1_of": 12642.658562500468, "Z_threshold0.1_time": 0.28426098823547363, "Z_threshold0.15_of": 12642.658562500468, "Z_threshold0.15_time": 0.2332613468170166, "Z_threshold0.2_of": 12609.152299471765, "Z_threshold0.2_time": 0.21557140350341797, "Z_threshold0.25_of": 12609.152299471765, "Z_threshold0.25_time": 0.21610069274902344, "Z_threshold0.3_of": 12609.152299471765, "Z_threshold0.3_time": 0.21849918365478516, "Z_threshold0.35_of": 12609.152299471765, "Z_threshold0.35_time": 0.21885919570922852, "Z_threshold0.4_of": 12609.152299471765, "Z_threshold0.4_time": 0.21594738960266113, "Z_threshold0.45_of": 12609.152299471765, "Z_threshold0.45_time": 0.21685194969177246, "Z_threshold0.5_of": 12609.152299471765, "Z_threshold0.5_time": 0.2135484218597412}