{"name": "S_500_115_6241.491.json", "BaldoML_of": 18999.160874306275, "BaldoML_time": 0.6342267990112305, "BaldoGA_of": 18561.70172849566, "BaldoGA_time": 4.3843770027160645, "Solver_of": 19526.07232601996, "Solver_time": 33.05311942100525, "Z_threshold0.05_of": 19479.2804764798, "Z_threshold0.05_time": 1.696183204650879, "Z_threshold0.1_of": 19411.17534855193, "Z_threshold0.1_time": 2.2546706199645996, "Z_threshold0.15_of": 19372.523142630234, "Z_threshold0.15_time": 2.030254364013672, "Z_threshold0.2_of": 19204.615149591475, "Z_threshold0.2_time": 1.3692805767059326}