{"name": "S_500_208_3382.353.json", "BaldoML_of": 11094.377319640886, "BaldoML_time": 0.36118197441101074, "BaldoGA_of": 11009.320410918293, "BaldoGA_time": 3.787616729736328, "Solver_of": 11316.449861662466, "Solver_time": 5.415872573852539, "Z_threshold0.05_of": 10688.189122680302, "Z_threshold0.05_time": 0.6159236431121826, "Z_threshold0.1_of": 10688.189122680302, "Z_threshold0.1_time": 0.6141774654388428, "Z_threshold0.15_of": 10688.189122680302, "Z_threshold0.15_time": 0.6080102920532227, "Z_threshold0.2_of": 10688.189122680302, "Z_threshold0.2_time": 0.6065170764923096, "Z_threshold0.25_of": 10636.308265565554, "Z_threshold0.25_time": 0.6061069965362549}