{"name": "S_500_269_4092.911.json", "BaldoML_of": 14926.388539664531, "BaldoML_time": 3.1433184146881104, "BaldoGA_of": 14717.070551054105, "BaldoGA_time": 5.18804931640625, "Solver_of": 14926.388539664531, "Solver_time": 5.18412184715271, "Z_threshold0.05_of": 14685.557104709296, "Z_threshold0.05_time": 0.5823612213134766, "Z_threshold0.1_of": 14685.557104709296, "Z_threshold0.1_time": 0.5475983619689941, "Z_threshold0.15_of": 14685.557104709296, "Z_threshold0.15_time": 0.5438029766082764, "Z_threshold0.2_of": 14685.557104709296, "Z_threshold0.2_time": 0.5349869728088379, "Z_threshold0.25_of": 14685.557104709296, "Z_threshold0.25_time": 0.5390894412994385, "Z_threshold0.3_of": 14661.287115434761, "Z_threshold0.3_time": 0.4982016086578369, "Z_threshold0.35_of": 14661.287115434761, "Z_threshold0.35_time": 0.5016007423400879, "Z_threshold0.4_of": 14661.287115434761, "Z_threshold0.4_time": 0.5035414695739746, "Z_threshold0.45_of": 14661.287115434761, "Z_threshold0.45_time": 0.5034661293029785, "Z_threshold0.5_of": 14661.287115434761, "Z_threshold0.5_time": 0.49137043952941895}