{"name": "S_500_195_4343.568.json", "BaldoML_of": 13829.602982016551, "BaldoML_time": 0.6702992916107178, "BaldoGA_of": 13788.73758996476, "BaldoGA_time": 4.58819055557251, "Solver_of": 14145.323217931415, "Solver_time": 16.462995052337646, "Z_threshold0.05_of": 14031.982605440491, "Z_threshold0.05_time": 0.9496700763702393, "Z_threshold0.1_of": 13768.896031285925, "Z_threshold0.1_time": 0.7577362060546875, "Z_threshold0.15_of": 13469.809130056048, "Z_threshold0.15_time": 0.5987374782562256, "Z_threshold0.2_of": 12940.45358386738, "Z_threshold0.2_time": 0.5937559604644775, "Z_threshold0.25_of": 12823.836044995134, "Z_threshold0.25_time": 0.5901150703430176}