{"name": "S_500_128_6448.626.json", "BaldoML_of": 18739.439152536677, "BaldoML_time": 7.945336818695068, "BaldoGA_of": 17935.359809806494, "BaldoGA_time": 4.753260612487793, "Solver_of": 18739.43915253669, "Solver_time": 137.60235953330994, "Z_threshold0.05_of": 18727.781530831064, "Z_threshold0.05_time": 4.669801473617554, "Z_threshold0.1_of": 18585.682703745722, "Z_threshold0.1_time": 2.6450819969177246, "Z_threshold0.15_of": 18467.543406504657, "Z_threshold0.15_time": 1.5297799110412598, "Z_threshold0.2_of": 18467.543406504657, "Z_threshold0.2_time": 1.6004769802093506, "Z_threshold0.25_of": 18435.747200959777, "Z_threshold0.25_time": 1.277538537979126, "Z_threshold0.3_of": 18291.189702285097, "Z_threshold0.3_time": 1.2294363975524902, "Z_threshold0.35_of": 18225.292941503525, "Z_threshold0.35_time": 0.946397066116333, "Z_threshold0.4_of": 18139.07062334828, "Z_threshold0.4_time": 0.6015298366546631, "Z_threshold0.45_of": 18117.290973327323, "Z_threshold0.45_time": 0.5984234809875488, "Z_threshold0.5_of": 17864.713279290998, "Z_threshold0.5_time": 0.5541207790374756}