{"name": "S_500_276_3207.999.json", "BaldoML_of": 11807.573167126702, "BaldoML_time": 0.37150144577026367, "BaldoGA_of": 11747.888855361534, "BaldoGA_time": 1.586963176727295, "Solver_of": 12072.07683922066, "Solver_time": 8.877115964889526, "Z_threshold0.05_of": 11754.375505647968, "Z_threshold0.05_time": 0.7306983470916748, "Z_threshold0.1_of": 11739.355701721757, "Z_threshold0.1_time": 0.6146888732910156, "Z_threshold0.15_of": 11739.355701721757, "Z_threshold0.15_time": 0.6123661994934082, "Z_threshold0.2_of": 11739.355701721757, "Z_threshold0.2_time": 0.6167788505554199}