{"name": "S_500_220_3201.845.json", "BaldoML_of": 12088.557343806408, "BaldoML_time": 0.4166135787963867, "BaldoGA_of": 11954.991707082374, "BaldoGA_time": 4.432305574417114, "Solver_of": 12173.304617452477, "Solver_time": 3.686408519744873, "Z_threshold0.05_of": 11645.960458440271, "Z_threshold0.05_time": 0.5586183071136475}