{"name": "S_500_199_4325.71.json", "BaldoML_of": 13997.107382929578, "BaldoML_time": 0.6668610572814941, "BaldoGA_of": 13874.811750963067, "BaldoGA_time": 4.005597352981567, "Solver_of": 14207.388671386989, "Solver_time": 26.292999982833862, "Z_threshold0.05_of": 14118.10364290285, "Z_threshold0.05_time": 1.0377798080444336, "Z_threshold0.1_of": 13937.448607216562, "Z_threshold0.1_time": 0.41195058822631836, "Z_threshold0.15_of": 13879.06541503734, "Z_threshold0.15_time": 0.3994605541229248, "Z_threshold0.2_of": 13627.983383503422, "Z_threshold0.2_time": 0.2515523433685303, "Z_threshold0.25_of": 13455.905264081855, "Z_threshold0.25_time": 0.2856166362762451, "Z_threshold0.3_of": 13248.887924254454, "Z_threshold0.3_time": 0.24502015113830566, "Z_threshold0.35_of": 13248.887924254454, "Z_threshold0.35_time": 0.24742627143859863, "Z_threshold0.4_of": 13205.066547055303, "Z_threshold0.4_time": 0.24770426750183105, "Z_threshold0.45_of": 13131.090434338723, "Z_threshold0.45_time": 0.24550819396972656, "Z_threshold0.5_of": 13131.090434338723, "Z_threshold0.5_time": 0.24198079109191895}