{"name": "S_500_217_3221.213.json", "BaldoML_of": 12044.296700770255, "BaldoML_time": 0.3501734733581543, "BaldoGA_of": 11944.242832711792, "BaldoGA_time": 3.8931777477264404, "Solver_of": 12171.493541169428, "Solver_time": 5.359996557235718, "Z_threshold0.05_of": 11753.497875737867, "Z_threshold0.05_time": 0.23770380020141602, "Z_threshold0.1_of": 11753.497875737867, "Z_threshold0.1_time": 0.24501919746398926, "Z_threshold0.15_of": 11753.497875737867, "Z_threshold0.15_time": 0.23797178268432617, "Z_threshold0.2_of": 11753.497875737867, "Z_threshold0.2_time": 0.24118685722351074, "Z_threshold0.25_of": 11753.497875737867, "Z_threshold0.25_time": 0.235931396484375, "Z_threshold0.3_of": 11753.497875737867, "Z_threshold0.3_time": 0.23690032958984375, "Z_threshold0.35_of": 11753.497875737867, "Z_threshold0.35_time": 0.23999452590942383, "Z_threshold0.4_of": 11753.497875737867, "Z_threshold0.4_time": 0.2358236312866211, "Z_threshold0.45_of": 11753.497875737867, "Z_threshold0.45_time": 0.2331695556640625, "Z_threshold0.5_of": 11753.497875737867, "Z_threshold0.5_time": 0.23314571380615234}