{"name": "S_500_128_6309.319.json", "BaldoML_of": 18925.519567161777, "BaldoML_time": 0.7481534481048584, "BaldoGA_of": 18704.421441042712, "BaldoGA_time": 4.817350625991821, "Solver_of": 19275.851408381182, "Solver_time": 19.262791395187378, "Z_threshold0.05_of": 19228.47018219698, "Z_threshold0.05_time": 1.7265198230743408, "Z_threshold0.1_of": 19152.24329532204, "Z_threshold0.1_time": 1.6532373428344727, "Z_threshold0.15_of": 19005.748522372967, "Z_threshold0.15_time": 1.1340820789337158, "Z_threshold0.2_of": 18919.059289595625, "Z_threshold0.2_time": 1.0619134902954102}