{"name": "S_500_158_3227.352.json", "BaldoML_of": 12445.250074657588, "BaldoML_time": 0.4376699924468994, "BaldoGA_of": 12377.719061844818, "BaldoGA_time": 3.5981011390686035, "Solver_of": 12685.729604364444, "Solver_time": 17.9576575756073, "Z_threshold0.05_of": 12577.307005125806, "Z_threshold0.05_time": 1.2213428020477295, "Z_threshold0.1_of": 12211.117016641589, "Z_threshold0.1_time": 0.7670183181762695, "Z_threshold0.15_of": 12085.781238934765, "Z_threshold0.15_time": 0.6672396659851074, "Z_threshold0.2_of": 11829.892430872804, "Z_threshold0.2_time": 0.5997035503387451, "Z_threshold0.25_of": 11556.742758036526, "Z_threshold0.25_time": 0.6066465377807617}