{"name": "S_500_282_3238.239.json", "BaldoML_of": 11415.698136031791, "BaldoML_time": 0.3639347553253174, "BaldoGA_of": 11347.553678838212, "BaldoGA_time": 1.4164526462554932, "Solver_of": 11846.14716863166, "Solver_time": 4.313068389892578, "Z_threshold0.05_of": 11375.048976016773, "Z_threshold0.05_time": 0.635042667388916, "Z_threshold0.1_of": 11375.048976016773, "Z_threshold0.1_time": 0.6261448860168457, "Z_threshold0.15_of": 11375.048976016773, "Z_threshold0.15_time": 0.6315593719482422, "Z_threshold0.2_of": 11375.048976016773, "Z_threshold0.2_time": 0.6094865798950195}