{"name": "S_500_174_3112.057.json", "BaldoML_of": 12591.626379878957, "BaldoML_time": 5.506567716598511, "BaldoGA_of": 12285.684364200486, "BaldoGA_time": 3.344360828399658, "Solver_of": 12591.626379878957, "Solver_time": 13.395068407058716, "Z_threshold0.05_of": 12520.144299961032, "Z_threshold0.05_time": 0.8162853717803955, "Z_threshold0.1_of": 12302.238770813994, "Z_threshold0.1_time": 0.594135046005249, "Z_threshold0.15_of": 11984.268054094768, "Z_threshold0.15_time": 0.4854285717010498, "Z_threshold0.2_of": 11899.260321808202, "Z_threshold0.2_time": 0.48812341690063477, "Z_threshold0.25_of": 11771.484724314478, "Z_threshold0.25_time": 0.5153279304504395, "Z_threshold0.3_of": 11745.577511330366, "Z_threshold0.3_time": 0.4856560230255127, "Z_threshold0.35_of": 11600.799943798995, "Z_threshold0.35_time": 0.49518680572509766, "Z_threshold0.4_of": 11600.799943798995, "Z_threshold0.4_time": 0.4787318706512451, "Z_threshold0.45_of": 11535.878498345317, "Z_threshold0.45_time": 0.4697682857513428, "Z_threshold0.5_of": 11448.094493274986, "Z_threshold0.5_time": 0.46970629692077637}