{"name": "S_500_191_6286.426.json", "BaldoML_of": 17681.46199614294, "BaldoML_time": 0.4869844913482666, "BaldoGA_of": 17625.543136328655, "BaldoGA_time": 4.981733083724976, "Solver_of": 18514.224856631277, "Solver_time": 29.88062047958374, "Z_threshold0.05_of": 18476.15694213624, "Z_threshold0.05_time": 2.271923065185547, "Z_threshold0.1_of": 18006.090891520915, "Z_threshold0.1_time": 1.0982675552368164, "Z_threshold0.15_of": 17672.42241114122, "Z_threshold0.15_time": 0.8467822074890137, "Z_threshold0.2_of": 17465.1496026554, "Z_threshold0.2_time": 0.6161165237426758, "Z_threshold0.25_of": 17014.896355636927, "Z_threshold0.25_time": 0.6121425628662109}