{"name": "S_500_119_3235.55.json", "BaldoML_of": 12873.170359711266, "BaldoML_time": 0.6252076625823975, "BaldoGA_of": 12737.193533674348, "BaldoGA_time": 2.6960222721099854, "Solver_of": 13030.838882181924, "Solver_time": 3.9746227264404297, "Z_threshold0.05_of": 13017.041377690794, "Z_threshold0.05_time": 0.9028253555297852, "Z_threshold0.1_of": 12871.776054735948, "Z_threshold0.1_time": 0.6495530605316162, "Z_threshold0.15_of": 12734.269415735052, "Z_threshold0.15_time": 0.5058794021606445, "Z_threshold0.2_of": 12662.015516085883, "Z_threshold0.2_time": 0.46224474906921387, "Z_threshold0.25_of": 12364.600218797517, "Z_threshold0.25_time": 0.2540462017059326, "Z_threshold0.3_of": 12166.933036380811, "Z_threshold0.3_time": 0.2497103214263916, "Z_threshold0.35_of": 12124.925003815308, "Z_threshold0.35_time": 0.24856352806091309, "Z_threshold0.4_of": 12081.252860722792, "Z_threshold0.4_time": 0.251514196395874, "Z_threshold0.45_of": 11931.234607821549, "Z_threshold0.45_time": 0.24333620071411133, "Z_threshold0.5_of": 11825.040757814664, "Z_threshold0.5_time": 0.23695588111877441}