{"name": "S_500_224_4147.88.json", "BaldoML_of": 14714.272641248761, "BaldoML_time": 0.48705077171325684, "BaldoGA_of": 14716.13148668602, "BaldoGA_time": 5.450765132904053, "Solver_of": 14947.776812892425, "Solver_time": 7.255721569061279, "Z_threshold0.05_of": 14663.350005111486, "Z_threshold0.05_time": 0.30036497116088867, "Z_threshold0.1_of": 14177.054651169572, "Z_threshold0.1_time": 0.2623414993286133, "Z_threshold0.15_of": 14102.807751531878, "Z_threshold0.15_time": 0.2538743019104004, "Z_threshold0.2_of": 14102.807751531878, "Z_threshold0.2_time": 0.24656224250793457, "Z_threshold0.25_of": 14102.807751531878, "Z_threshold0.25_time": 0.27926111221313477, "Z_threshold0.3_of": 14102.807751531878, "Z_threshold0.3_time": 0.2589445114135742, "Z_threshold0.35_of": 14102.807751531878, "Z_threshold0.35_time": 0.25045180320739746, "Z_threshold0.4_of": 14102.807751531878, "Z_threshold0.4_time": 0.2517402172088623, "Z_threshold0.45_of": 14102.807751531878, "Z_threshold0.45_time": 0.2566652297973633, "Z_threshold0.5_of": 14102.807751531878, "Z_threshold0.5_time": 0.2533609867095947}