{"name": "S_500_126_4123.06.json", "BaldoML_of": 15472.512830035648, "BaldoML_time": 0.6628684997558594, "BaldoGA_of": 15229.874904613853, "BaldoGA_time": 4.027116537094116, "Solver_of": 15705.200423915629, "Solver_time": 7.67795467376709, "Z_threshold0.05_of": 15693.884017076927, "Z_threshold0.05_time": 1.1936469078063965, "Z_threshold0.1_of": 15581.537048840353, "Z_threshold0.1_time": 1.024930477142334, "Z_threshold0.15_of": 15441.26222347229, "Z_threshold0.15_time": 1.1245088577270508, "Z_threshold0.2_of": 15372.99394400979, "Z_threshold0.2_time": 0.9386053085327148, "Z_threshold0.25_of": 15086.584097889401, "Z_threshold0.25_time": 0.7000420093536377}