{"name": "S_500_259_3221.035.json", "BaldoML_of": 11628.930573675176, "BaldoML_time": 0.3794364929199219, "BaldoGA_of": 11609.632198765974, "BaldoGA_time": 1.6486351490020752, "Solver_of": 11908.694512541735, "Solver_time": 5.456536293029785, "Z_threshold0.05_of": 11611.858336588979, "Z_threshold0.05_time": 0.6286029815673828, "Z_threshold0.1_of": 11611.858336588979, "Z_threshold0.1_time": 0.631575345993042, "Z_threshold0.15_of": 11611.858336588979, "Z_threshold0.15_time": 0.6253182888031006, "Z_threshold0.2_of": 11611.858336588979, "Z_threshold0.2_time": 0.6270966529846191, "Z_threshold0.25_of": 11611.858336588979, "Z_threshold0.25_time": 0.6242303848266602}