{"name": "S_500_272_3086.059.json", "BaldoML_of": 13367.88576399665, "BaldoML_time": 1.514563798904419, "BaldoGA_of": 13116.856454422346, "BaldoGA_time": 1.6529667377471924, "Solver_of": 13405.968461272783, "Solver_time": 3.1720893383026123, "Z_threshold0.05_of": 13271.622316896252, "Z_threshold0.05_time": 0.5209331512451172, "Z_threshold0.1_of": 13271.622316896252, "Z_threshold0.1_time": 0.5162382125854492, "Z_threshold0.15_of": 13271.622316896252, "Z_threshold0.15_time": 0.5284698009490967, "Z_threshold0.2_of": 13244.766961507203, "Z_threshold0.2_time": 0.5045182704925537, "Z_threshold0.25_of": 13244.766961507203, "Z_threshold0.25_time": 0.49844861030578613, "Z_threshold0.3_of": 13244.766961507203, "Z_threshold0.3_time": 0.5202169418334961, "Z_threshold0.35_of": 13244.766961507203, "Z_threshold0.35_time": 0.5057268142700195, "Z_threshold0.4_of": 13244.766961507203, "Z_threshold0.4_time": 0.4996805191040039, "Z_threshold0.45_of": 13244.766961507203, "Z_threshold0.45_time": 0.518857479095459, "Z_threshold0.5_of": 13244.766961507203, "Z_threshold0.5_time": 0.5058791637420654}