{"name": "S_500_155_3128.824.json", "BaldoML_of": 12370.157735086146, "BaldoML_time": 0.42760443687438965, "BaldoGA_of": 12318.493283486945, "BaldoGA_time": 3.1563475131988525, "Solver_of": 12569.052288198363, "Solver_time": 6.602593183517456, "Z_threshold0.05_of": 12464.667872794487, "Z_threshold0.05_time": 0.7241737842559814, "Z_threshold0.1_of": 12330.278223475449, "Z_threshold0.1_time": 0.4691779613494873, "Z_threshold0.15_of": 12186.583420969664, "Z_threshold0.15_time": 0.24507784843444824, "Z_threshold0.2_of": 11865.083197315775, "Z_threshold0.2_time": 0.2534177303314209, "Z_threshold0.25_of": 11684.957951605329, "Z_threshold0.25_time": 0.2453761100769043, "Z_threshold0.3_of": 11577.84343022303, "Z_threshold0.3_time": 0.24460434913635254, "Z_threshold0.35_of": 11577.84343022303, "Z_threshold0.35_time": 0.23768329620361328, "Z_threshold0.4_of": 11442.10896227929, "Z_threshold0.4_time": 0.24644064903259277, "Z_threshold0.45_of": 11442.10896227929, "Z_threshold0.45_time": 0.2446458339691162, "Z_threshold0.5_of": 11442.10896227929, "Z_threshold0.5_time": 0.24210453033447266}