{"name": "S_500_225_4216.51.json", "BaldoML_of": 14542.592772827236, "BaldoML_time": 8.84136438369751, "BaldoGA_of": 14262.085432819513, "BaldoGA_time": 5.245257139205933, "Solver_of": 14542.592772827236, "Solver_time": 26.143717527389526, "Z_threshold0.05_of": 14394.527325850397, "Z_threshold0.05_time": 0.7276980876922607, "Z_threshold0.1_of": 14167.42328397891, "Z_threshold0.1_time": 0.5106103420257568, "Z_threshold0.15_of": 13940.121144237757, "Z_threshold0.15_time": 0.5088675022125244, "Z_threshold0.2_of": 13900.804795762695, "Z_threshold0.2_time": 0.512054443359375, "Z_threshold0.25_of": 13879.320500666421, "Z_threshold0.25_time": 0.5110905170440674, "Z_threshold0.3_of": 13879.320500666421, "Z_threshold0.3_time": 0.5093865394592285, "Z_threshold0.35_of": 13879.320500666421, "Z_threshold0.35_time": 0.5102102756500244, "Z_threshold0.4_of": 13857.817522141168, "Z_threshold0.4_time": 0.5160696506500244, "Z_threshold0.45_of": 13827.33311488189, "Z_threshold0.45_time": 0.513115406036377, "Z_threshold0.5_of": 13827.33311488189, "Z_threshold0.5_time": 0.5211453437805176}