{"name": "S_500_289_6636.921.json", "BaldoML_of": 17202.169044713788, "BaldoML_time": 9.567922592163086, "BaldoGA_of": 16768.6347446788, "BaldoGA_time": 8.576478481292725, "Solver_of": 17202.169044713788, "Solver_time": 11.410063028335571, "Z_threshold0.05_of": 16774.062272734747, "Z_threshold0.05_time": 0.6058106422424316, "Z_threshold0.1_of": 16701.847415403987, "Z_threshold0.1_time": 0.5001697540283203, "Z_threshold0.15_of": 16701.847415403987, "Z_threshold0.15_time": 0.4927051067352295, "Z_threshold0.2_of": 16701.847415403987, "Z_threshold0.2_time": 0.5110189914703369, "Z_threshold0.25_of": 16701.847415403987, "Z_threshold0.25_time": 0.4927084445953369, "Z_threshold0.3_of": 16701.847415403987, "Z_threshold0.3_time": 0.49077415466308594, "Z_threshold0.35_of": 16701.847415403987, "Z_threshold0.35_time": 0.48906803131103516, "Z_threshold0.4_of": 16701.847415403987, "Z_threshold0.4_time": 0.5057556629180908, "Z_threshold0.45_of": 16701.847415403987, "Z_threshold0.45_time": 0.5384945869445801, "Z_threshold0.5_of": 16701.847415403987, "Z_threshold0.5_time": 0.5235137939453125}