{"name": "S_500_189_3296.533.json", "BaldoML_of": 12092.216068856877, "BaldoML_time": 5.40426230430603, "BaldoGA_of": 11883.576159647644, "BaldoGA_time": 3.912885904312134, "Solver_of": 12092.216068856877, "Solver_time": 14.203348875045776, "Z_threshold0.05_of": 11860.356306208807, "Z_threshold0.05_time": 0.611485481262207, "Z_threshold0.1_of": 11390.645695484027, "Z_threshold0.1_time": 0.540686845779419, "Z_threshold0.15_of": 11295.938402525187, "Z_threshold0.15_time": 0.5294759273529053, "Z_threshold0.2_of": 11237.043765283563, "Z_threshold0.2_time": 0.4884297847747803, "Z_threshold0.25_of": 11237.043765283563, "Z_threshold0.25_time": 0.5410482883453369, "Z_threshold0.3_of": 11237.043765283563, "Z_threshold0.3_time": 0.4923398494720459, "Z_threshold0.35_of": 11207.32827034368, "Z_threshold0.35_time": 0.49344778060913086, "Z_threshold0.4_of": 11184.511900176718, "Z_threshold0.4_time": 0.5199089050292969, "Z_threshold0.45_of": 11184.511900176718, "Z_threshold0.45_time": 0.4931015968322754, "Z_threshold0.5_of": 11184.511900176718, "Z_threshold0.5_time": 0.5072438716888428}