{"name": "S_500_273_6280.474.json", "BaldoML_of": 17057.871241149824, "BaldoML_time": 0.42080211639404297, "BaldoGA_of": 16923.29631030171, "BaldoGA_time": 7.392838716506958, "Solver_of": 17428.86010773574, "Solver_time": 221.22258877754211, "Z_threshold0.05_of": 17195.31734389542, "Z_threshold0.05_time": 1.3954322338104248}