{"name": "S_500_280_6523.474.json", "BaldoML_of": 17027.28394156344, "BaldoML_time": 0.29904627799987793, "BaldoGA_of": 16865.9833918211, "BaldoGA_time": 8.352776527404785, "Solver_of": 17483.025861789094, "Solver_time": 67.2565050125122, "Z_threshold0.05_of": 17252.196625581222, "Z_threshold0.05_time": 1.3231854438781738, "Z_threshold0.1_of": 16658.945164954996, "Z_threshold0.1_time": 0.6041204929351807, "Z_threshold0.15_of": 16205.091360747047, "Z_threshold0.15_time": 0.6086907386779785, "Z_threshold0.2_of": 15983.789310176191, "Z_threshold0.2_time": 0.6093013286590576}