{"name": "S_500_143_3190.645.json", "BaldoML_of": 12156.856963312688, "BaldoML_time": 0.6277623176574707, "BaldoGA_of": 11950.170993381615, "BaldoGA_time": 3.299058198928833, "Solver_of": 12343.657683565607, "Solver_time": 8.87019681930542, "Z_threshold0.05_of": 12307.325966544397, "Z_threshold0.05_time": 1.5418057441711426, "Z_threshold0.1_of": 12170.39145675499, "Z_threshold0.1_time": 0.897834300994873, "Z_threshold0.15_of": 11973.524265520096, "Z_threshold0.15_time": 0.6378881931304932, "Z_threshold0.2_of": 11693.220321658422, "Z_threshold0.2_time": 0.6738154888153076}