{"name": "S_500_199_6237.331.json", "BaldoML_of": 17751.119297379108, "BaldoML_time": 0.6027250289916992, "BaldoGA_of": 17642.031361954723, "BaldoGA_time": 5.704760313034058, "Solver_of": 18208.97232763654, "Solver_time": 116.10585379600525, "Z_threshold0.05_of": 18089.282471489812, "Z_threshold0.05_time": 2.904283285140991, "Z_threshold0.1_of": 17840.74882219039, "Z_threshold0.1_time": 1.357419729232788, "Z_threshold0.15_of": 17671.438795987902, "Z_threshold0.15_time": 1.078240156173706, "Z_threshold0.2_of": 17280.513724535027, "Z_threshold0.2_time": 0.616701602935791}