{"name": "S_500_227_6237.512.json", "BaldoML_of": 17768.59954136376, "BaldoML_time": 0.5191390514373779, "BaldoGA_of": 17783.522154612332, "BaldoGA_time": 6.129880428314209, "Solver_of": 18195.26819849742, "Solver_time": 77.53309655189514, "Z_threshold0.05_of": 18031.74124580543, "Z_threshold0.05_time": 1.242504596710205, "Z_threshold0.1_of": 17853.92931972546, "Z_threshold0.1_time": 0.7230379581451416, "Z_threshold0.15_of": 17781.975162334224, "Z_threshold0.15_time": 0.39818787574768066, "Z_threshold0.2_of": 17663.180213089217, "Z_threshold0.2_time": 0.2896089553833008, "Z_threshold0.25_of": 17590.450720838584, "Z_threshold0.25_time": 0.27395129203796387, "Z_threshold0.3_of": 17547.175121453416, "Z_threshold0.3_time": 0.2735462188720703, "Z_threshold0.35_of": 17437.356662735965, "Z_threshold0.35_time": 0.26354146003723145, "Z_threshold0.4_of": 17437.356662735965, "Z_threshold0.4_time": 0.2632627487182617, "Z_threshold0.45_of": 17437.356662735965, "Z_threshold0.45_time": 0.26903223991394043, "Z_threshold0.5_of": 17437.356662735965, "Z_threshold0.5_time": 0.26508617401123047}