{"name": "S_500_121_4241.317.json", "BaldoML_of": 14799.073709810385, "BaldoML_time": 0.6448791027069092, "BaldoGA_of": 14655.410332884963, "BaldoGA_time": 3.7856557369232178, "Solver_of": 15060.666500217005, "Solver_time": 9.784776449203491, "Z_threshold0.05_of": 15045.297701080282, "Z_threshold0.05_time": 2.841970443725586, "Z_threshold0.1_of": 14933.23377581798, "Z_threshold0.1_time": 1.5193123817443848, "Z_threshold0.15_of": 14806.988772377283, "Z_threshold0.15_time": 1.0242657661437988, "Z_threshold0.2_of": 14581.344853799244, "Z_threshold0.2_time": 1.0302221775054932, "Z_threshold0.25_of": 14562.664105971005, "Z_threshold0.25_time": 0.8469276428222656}