{"name": "S_500_217_3221.213.json", "BaldoML_of": 12044.296700770255, "BaldoML_time": 0.3501734733581543, "BaldoGA_of": 11944.242832711792, "BaldoGA_time": 3.8931777477264404, "Solver_of": 12171.493541169428, "Solver_time": 5.359996557235718, "Z_threshold0.05_of": 11805.424444190343, "Z_threshold0.05_time": 0.5670716762542725}