{"name": "S_500_275_3094.534.json", "BaldoML_of": 13313.779488122856, "BaldoML_time": 0.3110952377319336, "BaldoGA_of": 13251.74801851442, "BaldoGA_time": 1.6765670776367188, "Solver_of": 13511.988641679889, "Solver_time": 3.3834614753723145, "Z_threshold0.05_of": 13345.61911670895, "Z_threshold0.05_time": 0.25421953201293945, "Z_threshold0.1_of": 13345.61911670895, "Z_threshold0.1_time": 0.25736045837402344, "Z_threshold0.15_of": 13345.61911670895, "Z_threshold0.15_time": 0.25115966796875, "Z_threshold0.2_of": 13345.61911670895, "Z_threshold0.2_time": 0.2528650760650635, "Z_threshold0.25_of": 13345.61911670895, "Z_threshold0.25_time": 0.2502009868621826, "Z_threshold0.3_of": 13345.61911670895, "Z_threshold0.3_time": 0.25371241569519043, "Z_threshold0.35_of": 13345.61911670895, "Z_threshold0.35_time": 0.2502920627593994, "Z_threshold0.4_of": 13345.61911670895, "Z_threshold0.4_time": 0.25819945335388184, "Z_threshold0.45_of": 13345.61911670895, "Z_threshold0.45_time": 0.26410937309265137, "Z_threshold0.5_of": 13345.61911670895, "Z_threshold0.5_time": 0.25196194648742676}