{"name": "S_500_217_4251.559.json", "BaldoML_of": 13898.411837716154, "BaldoML_time": 0.4494171142578125, "BaldoGA_of": 13741.07270857235, "BaldoGA_time": 4.774601221084595, "Solver_of": 14108.182644415092, "Solver_time": 6.203112840652466, "Z_threshold0.05_of": 13925.951848882392, "Z_threshold0.05_time": 0.6187145709991455}