{"name": "S_500_227_6237.512.json", "BaldoML_of": 18193.847566978297, "BaldoML_time": 17.004335165023804, "BaldoGA_of": 17783.522154612332, "BaldoGA_time": 6.129880428314209, "Solver_of": 18195.26819849742, "Solver_time": 77.53309655189514, "Z_threshold0.05_of": 17967.46808814418, "Z_threshold0.05_time": 1.8363494873046875, "Z_threshold0.1_of": 17853.92931972546, "Z_threshold0.1_time": 0.9091536998748779, "Z_threshold0.15_of": 17812.511197978, "Z_threshold0.15_time": 0.8354156017303467, "Z_threshold0.2_of": 17781.975162334224, "Z_threshold0.2_time": 0.6442465782165527, "Z_threshold0.25_of": 17663.180213089217, "Z_threshold0.25_time": 0.5617470741271973, "Z_threshold0.3_of": 17590.450720838584, "Z_threshold0.3_time": 0.5312662124633789, "Z_threshold0.35_of": 17547.175121453416, "Z_threshold0.35_time": 0.5270595550537109, "Z_threshold0.4_of": 17437.356662735965, "Z_threshold0.4_time": 0.5288434028625488, "Z_threshold0.45_of": 17437.356662735965, "Z_threshold0.45_time": 0.5329022407531738, "Z_threshold0.5_of": 17437.356662735965, "Z_threshold0.5_time": 0.5661802291870117}