{"name": "S_500_155_3234.36.json", "BaldoML_of": 12151.204186217277, "BaldoML_time": 0.6511538028717041, "BaldoGA_of": 12141.609359175529, "BaldoGA_time": 3.427370071411133, "Solver_of": 12375.838544483377, "Solver_time": 9.180668592453003, "Z_threshold0.05_of": 12332.095998992272, "Z_threshold0.05_time": 1.1596462726593018, "Z_threshold0.1_of": 12156.421872940407, "Z_threshold0.1_time": 0.8684065341949463, "Z_threshold0.15_of": 12140.886589075764, "Z_threshold0.15_time": 0.7087621688842773, "Z_threshold0.2_of": 12004.11317116589, "Z_threshold0.2_time": 0.6037673950195312}