{"name": "S_500_233_4254.281.json", "BaldoML_of": 13625.075584519636, "BaldoML_time": 0.3589210510253906, "BaldoGA_of": 13553.052339159427, "BaldoGA_time": 5.430418968200684, "Solver_of": 13945.5130603627, "Solver_time": 8.233222723007202, "Z_threshold0.05_of": 13592.286354724272, "Z_threshold0.05_time": 0.2877476215362549, "Z_threshold0.1_of": 13262.993428331565, "Z_threshold0.1_time": 0.2336406707763672, "Z_threshold0.15_of": 13156.208887142704, "Z_threshold0.15_time": 0.2250988483428955, "Z_threshold0.2_of": 13063.093990329397, "Z_threshold0.2_time": 0.22287607192993164, "Z_threshold0.25_of": 13063.093990329397, "Z_threshold0.25_time": 0.22470712661743164, "Z_threshold0.3_of": 13063.093990329397, "Z_threshold0.3_time": 0.24872303009033203, "Z_threshold0.35_of": 13063.093990329397, "Z_threshold0.35_time": 0.22243738174438477, "Z_threshold0.4_of": 13063.093990329397, "Z_threshold0.4_time": 0.22322654724121094, "Z_threshold0.45_of": 13063.093990329397, "Z_threshold0.45_time": 0.22374796867370605, "Z_threshold0.5_of": 13063.093990329397, "Z_threshold0.5_time": 0.22786593437194824}