{"name": "S_500_281_6362.84.json", "BaldoML_of": 17172.972544989665, "BaldoML_time": 0.37163758277893066, "BaldoGA_of": 17144.07136520886, "BaldoGA_time": 8.389757871627808, "Solver_of": 17556.29049789416, "Solver_time": 73.67567706108093, "Z_threshold0.05_of": 17394.378426319825, "Z_threshold0.05_time": 0.9508345127105713, "Z_threshold0.1_of": 16558.485414053044, "Z_threshold0.1_time": 0.6273880004882812, "Z_threshold0.15_of": 16363.679579542046, "Z_threshold0.15_time": 0.6224000453948975, "Z_threshold0.2_of": 16363.679579542046, "Z_threshold0.2_time": 0.6300804615020752, "Z_threshold0.25_of": 16295.172342375508, "Z_threshold0.25_time": 0.6405539512634277}