{"name": "S_500_136_3169.055.json", "BaldoML_of": 12677.239921437013, "BaldoML_time": 0.485715389251709, "BaldoGA_of": 12425.81835482448, "BaldoGA_time": 3.3836405277252197, "Solver_of": 12817.078366037742, "Solver_time": 4.071833848953247, "Z_threshold0.05_of": 12770.069751177534, "Z_threshold0.05_time": 1.094473123550415, "Z_threshold0.1_of": 12686.952018770704, "Z_threshold0.1_time": 0.939889669418335, "Z_threshold0.15_of": 12559.913541198124, "Z_threshold0.15_time": 0.7982046604156494, "Z_threshold0.2_of": 12417.044906551258, "Z_threshold0.2_time": 0.6071183681488037, "Z_threshold0.25_of": 12207.249766400422, "Z_threshold0.25_time": 0.5849459171295166}