{"name": "S_500_151_4115.838.json", "BaldoML_of": 14807.072728665225, "BaldoML_time": 8.465296983718872, "BaldoGA_of": 14404.199690752317, "BaldoGA_time": 3.775336265563965, "Solver_of": 14807.072728665213, "Solver_time": 17.429386138916016, "Z_threshold0.05_of": 14753.145205642704, "Z_threshold0.05_time": 2.027189254760742, "Z_threshold0.1_of": 14665.546728654059, "Z_threshold0.1_time": 1.1643764972686768, "Z_threshold0.15_of": 14554.877050623882, "Z_threshold0.15_time": 0.7145805358886719, "Z_threshold0.2_of": 14390.624710052187, "Z_threshold0.2_time": 0.5753638744354248, "Z_threshold0.25_of": 14203.478001649506, "Z_threshold0.25_time": 0.535266637802124, "Z_threshold0.3_of": 13954.687363022427, "Z_threshold0.3_time": 0.5039622783660889, "Z_threshold0.35_of": 13954.687363022427, "Z_threshold0.35_time": 0.534271240234375, "Z_threshold0.4_of": 13734.733948197401, "Z_threshold0.4_time": 0.5408470630645752, "Z_threshold0.45_of": 13622.369405179188, "Z_threshold0.45_time": 0.5029113292694092, "Z_threshold0.5_of": 13501.157633147508, "Z_threshold0.5_time": 0.4990229606628418}