{"name": "S_500_276_3207.999.json", "BaldoML_of": 11807.573167126702, "BaldoML_time": 0.37150144577026367, "BaldoGA_of": 11747.888855361534, "BaldoGA_time": 1.586963176727295, "Solver_of": 12072.07683922066, "Solver_time": 8.877115964889526, "Z_threshold0.05_of": 11754.375505647968, "Z_threshold0.05_time": 0.5534026622772217}