{"name": "S_500_246_6444.417.json", "BaldoML_of": 16204.045458701186, "BaldoML_time": 0.45976972579956055, "BaldoGA_of": 16174.767516605447, "BaldoGA_time": 5.444073438644409, "Solver_of": 16710.536420842895, "Solver_time": 330.4819688796997, "Z_threshold0.05_of": 16482.184606553914, "Z_threshold0.05_time": 1.545684814453125}