{"name": "S_500_177_4314.865.json", "BaldoML_of": 13595.99452963081, "BaldoML_time": 0.47238683700561523, "BaldoGA_of": 13332.49030826516, "BaldoGA_time": 3.6908957958221436, "Solver_of": 13824.887335219468, "Solver_time": 51.479122161865234, "Z_threshold0.05_of": 13695.432191952586, "Z_threshold0.05_time": 0.9401388168334961, "Z_threshold0.1_of": 13436.525483841724, "Z_threshold0.1_time": 0.3083786964416504, "Z_threshold0.15_of": 13359.406785040897, "Z_threshold0.15_time": 0.26195788383483887, "Z_threshold0.2_of": 13025.371253967029, "Z_threshold0.2_time": 0.25223302841186523, "Z_threshold0.25_of": 12788.788212581854, "Z_threshold0.25_time": 0.22078609466552734, "Z_threshold0.3_of": 12788.788212581854, "Z_threshold0.3_time": 0.21902894973754883, "Z_threshold0.35_of": 12675.300128633302, "Z_threshold0.35_time": 0.2214820384979248, "Z_threshold0.4_of": 12553.608119798513, "Z_threshold0.4_time": 0.2202901840209961, "Z_threshold0.45_of": 12492.839712407027, "Z_threshold0.45_time": 0.2159256935119629, "Z_threshold0.5_of": 12376.685214057217, "Z_threshold0.5_time": 0.21752309799194336}