{"name": "S_500_141_6280.422.json", "BaldoML_of": 18580.163423447735, "BaldoML_time": 0.5618290901184082, "BaldoGA_of": 18436.152008543468, "BaldoGA_time": 5.120091199874878, "Solver_of": 19102.148582075402, "Solver_time": 23.023371696472168, "Z_threshold0.05_of": 19052.68639683239, "Z_threshold0.05_time": 1.86177396774292, "Z_threshold0.1_of": 18997.39529821229, "Z_threshold0.1_time": 1.338879108428955, "Z_threshold0.15_of": 18878.450127537097, "Z_threshold0.15_time": 1.267956018447876, "Z_threshold0.2_of": 18838.566281900108, "Z_threshold0.2_time": 0.8148348331451416, "Z_threshold0.25_of": 18811.10696687218, "Z_threshold0.25_time": 0.5592999458312988, "Z_threshold0.3_of": 18745.457551503365, "Z_threshold0.3_time": 0.41481685638427734, "Z_threshold0.35_of": 18598.79928517045, "Z_threshold0.35_time": 0.2709052562713623, "Z_threshold0.4_of": 18468.29037086179, "Z_threshold0.4_time": 0.27300310134887695, "Z_threshold0.45_of": 18398.056943270465, "Z_threshold0.45_time": 0.27779364585876465, "Z_threshold0.5_of": 18363.229487576016, "Z_threshold0.5_time": 0.28009963035583496}