{"name": "S_500_121_4241.317.json", "BaldoML_of": 14799.073709810385, "BaldoML_time": 0.6448791027069092, "BaldoGA_of": 14655.410332884963, "BaldoGA_time": 3.7856557369232178, "Solver_of": 15060.666500217005, "Solver_time": 9.784776449203491, "Z_threshold0.05_of": 15045.297701080282, "Z_threshold0.05_time": 2.681255340576172}