{"name": "S_500_164_3313.893.json", "BaldoML_of": 12262.393039878807, "BaldoML_time": 0.6800386905670166, "BaldoGA_of": 12058.350190525072, "BaldoGA_time": 3.1690733432769775, "Solver_of": 12461.426492597431, "Solver_time": 25.247641563415527, "Z_threshold0.05_of": 12390.881892224468, "Z_threshold0.05_time": 1.514157772064209}