{"name": "S_500_255_4186.01.json", "BaldoML_of": 14095.040252854815, "BaldoML_time": 0.4158186912536621, "BaldoGA_of": 13982.121632376986, "BaldoGA_time": 5.502498626708984, "Solver_of": 14322.614644688072, "Solver_time": 4.786381006240845, "Z_threshold0.05_of": 13849.327752661828, "Z_threshold0.05_time": 0.23914027214050293, "Z_threshold0.1_of": 13712.444745008146, "Z_threshold0.1_time": 0.24108648300170898, "Z_threshold0.15_of": 13712.444745008146, "Z_threshold0.15_time": 0.23631048202514648, "Z_threshold0.2_of": 13712.444745008146, "Z_threshold0.2_time": 0.23483514785766602, "Z_threshold0.25_of": 13712.444745008146, "Z_threshold0.25_time": 0.24182939529418945, "Z_threshold0.3_of": 13712.444745008146, "Z_threshold0.3_time": 0.24155497550964355, "Z_threshold0.35_of": 13712.444745008146, "Z_threshold0.35_time": 0.23698687553405762, "Z_threshold0.4_of": 13712.444745008146, "Z_threshold0.4_time": 0.23461127281188965, "Z_threshold0.45_of": 13712.444745008146, "Z_threshold0.45_time": 0.23643827438354492, "Z_threshold0.5_of": 13712.444745008146, "Z_threshold0.5_time": 0.23336386680603027}