{"name": "S_500_136_6579.599.json", "BaldoML_of": 17309.371859280272, "BaldoML_time": 0.5582129955291748, "BaldoGA_of": 16988.125853300706, "BaldoGA_time": 4.655446290969849, "Solver_of": 18003.980908569993, "Solver_time": 72.40265083312988, "Z_threshold0.05_of": 17967.444231612677, "Z_threshold0.05_time": 2.8568553924560547, "Z_threshold0.1_of": 17835.279301816703, "Z_threshold0.1_time": 1.6724097728729248, "Z_threshold0.15_of": 17740.331983252407, "Z_threshold0.15_time": 1.2816057205200195, "Z_threshold0.2_of": 17673.27035159076, "Z_threshold0.2_time": 0.6363928318023682, "Z_threshold0.25_of": 17639.29312984112, "Z_threshold0.25_time": 1.1282775402069092, "Z_threshold0.3_of": 17609.217699177145, "Z_threshold0.3_time": 0.8892679214477539, "Z_threshold0.35_of": 17510.989428309025, "Z_threshold0.35_time": 0.47054386138916016, "Z_threshold0.4_of": 17379.929332441607, "Z_threshold0.4_time": 0.24036145210266113, "Z_threshold0.45_of": 17349.70794410173, "Z_threshold0.45_time": 0.2457263469696045, "Z_threshold0.5_of": 17317.304485081324, "Z_threshold0.5_time": 0.24290752410888672}