{"name": "S_500_177_4314.865.json", "BaldoML_of": 13595.99452963081, "BaldoML_time": 0.47238683700561523, "BaldoGA_of": 13332.49030826516, "BaldoGA_time": 3.6908957958221436, "Solver_of": 13824.887335219468, "Solver_time": 51.479122161865234, "Z_threshold0.05_of": 13712.9692977023, "Z_threshold0.05_time": 1.5175893306732178, "Z_threshold0.1_of": 13575.28988340983, "Z_threshold0.1_time": 0.9159343242645264, "Z_threshold0.15_of": 13420.259979911865, "Z_threshold0.15_time": 0.7812166213989258, "Z_threshold0.2_of": 13186.058781581289, "Z_threshold0.2_time": 0.6278607845306396, "Z_threshold0.25_of": 12808.713562020775, "Z_threshold0.25_time": 0.6196622848510742}