{"name": "S_500_118_3063.638.json", "BaldoML_of": 13237.13830767864, "BaldoML_time": 0.7536251544952393, "BaldoGA_of": 12976.578879355404, "BaldoGA_time": 2.853931188583374, "Solver_of": 13370.440160898415, "Solver_time": 8.044227838516235, "Z_threshold0.05_of": 13348.892852499426, "Z_threshold0.05_time": 1.049931287765503, "Z_threshold0.1_of": 13277.4509972835, "Z_threshold0.1_time": 0.6925232410430908, "Z_threshold0.15_of": 13148.115603253791, "Z_threshold0.15_time": 0.6223716735839844, "Z_threshold0.2_of": 13049.853911083925, "Z_threshold0.2_time": 0.4894986152648926, "Z_threshold0.25_of": 12618.344289519318, "Z_threshold0.25_time": 0.2411518096923828, "Z_threshold0.3_of": 12565.006758462087, "Z_threshold0.3_time": 0.23869633674621582, "Z_threshold0.35_of": 12340.215963193808, "Z_threshold0.35_time": 0.24315428733825684, "Z_threshold0.4_of": 12287.37690449879, "Z_threshold0.4_time": 0.23610854148864746, "Z_threshold0.45_of": 12019.466016032424, "Z_threshold0.45_time": 0.23733830451965332, "Z_threshold0.5_of": 11820.58125682445, "Z_threshold0.5_time": 0.23493719100952148}