{"name": "S_500_286_6326.389.json", "BaldoML_of": 17740.271147031293, "BaldoML_time": 0.41071391105651855, "BaldoGA_of": 17646.914912660963, "BaldoGA_time": 9.087889671325684, "Solver_of": 18095.809566613938, "Solver_time": 100.33260011672974, "Z_threshold0.05_of": 17809.06323681097, "Z_threshold0.05_time": 0.9125761985778809}