{"name": "S_500_236_4150.069.json", "BaldoML_of": 14093.923487092807, "BaldoML_time": 0.364046573638916, "BaldoGA_of": 14020.213848294004, "BaldoGA_time": 5.7047295570373535, "Solver_of": 14283.563892456248, "Solver_time": 8.739495515823364, "Z_threshold0.05_of": 13859.823025177004, "Z_threshold0.05_time": 0.22574281692504883, "Z_threshold0.1_of": 13770.196119775159, "Z_threshold0.1_time": 0.22484517097473145, "Z_threshold0.15_of": 13747.58833757216, "Z_threshold0.15_time": 0.23447751998901367, "Z_threshold0.2_of": 13747.58833757216, "Z_threshold0.2_time": 0.25359272956848145, "Z_threshold0.25_of": 13747.58833757216, "Z_threshold0.25_time": 0.22971129417419434, "Z_threshold0.3_of": 13747.58833757216, "Z_threshold0.3_time": 0.22994494438171387, "Z_threshold0.35_of": 13747.58833757216, "Z_threshold0.35_time": 0.22996902465820312, "Z_threshold0.4_of": 13747.58833757216, "Z_threshold0.4_time": 0.22925090789794922, "Z_threshold0.45_of": 13747.58833757216, "Z_threshold0.45_time": 0.23073935508728027, "Z_threshold0.5_of": 13747.58833757216, "Z_threshold0.5_time": 0.22962427139282227}