{"name": "S_500_128_6309.319.json", "BaldoML_of": 18925.519567161777, "BaldoML_time": 0.7481534481048584, "BaldoGA_of": 18704.421441042712, "BaldoGA_time": 4.817350625991821, "Solver_of": 19275.851408381182, "Solver_time": 19.262791395187378, "Z_threshold0.05_of": 19228.470182196976, "Z_threshold0.05_time": 1.5285382270812988, "Z_threshold0.1_of": 19149.954592054215, "Z_threshold0.1_time": 1.7465810775756836, "Z_threshold0.15_of": 19005.748522372953, "Z_threshold0.15_time": 1.1280806064605713, "Z_threshold0.2_of": 18919.059289595607, "Z_threshold0.2_time": 0.7303078174591064, "Z_threshold0.25_of": 18919.059289595607, "Z_threshold0.25_time": 0.6934962272644043, "Z_threshold0.3_of": 18874.091873919864, "Z_threshold0.3_time": 0.9111080169677734, "Z_threshold0.35_of": 18858.329717151904, "Z_threshold0.35_time": 0.9661355018615723, "Z_threshold0.4_of": 18852.362607807187, "Z_threshold0.4_time": 0.7820572853088379, "Z_threshold0.45_of": 18831.540417204098, "Z_threshold0.45_time": 0.6642935276031494, "Z_threshold0.5_of": 18829.10191729642, "Z_threshold0.5_time": 0.3429570198059082}