{"name": "S_500_215_6351.183.json", "BaldoML_of": 17650.501581588265, "BaldoML_time": 0.5148353576660156, "BaldoGA_of": 17495.288716695213, "BaldoGA_time": 5.782771825790405, "Solver_of": 17970.775215456666, "Solver_time": 63.812257289886475, "Z_threshold0.05_of": 17822.321022404758, "Z_threshold0.05_time": 1.3485674858093262, "Z_threshold0.1_of": 17623.49677249307, "Z_threshold0.1_time": 0.9832234382629395, "Z_threshold0.15_of": 17379.645978392342, "Z_threshold0.15_time": 0.6818256378173828, "Z_threshold0.2_of": 16945.733848819396, "Z_threshold0.2_time": 0.6457798480987549}