{"name": "S_500_295_3232.887.json", "BaldoML_of": 12337.528469416846, "BaldoML_time": 0.31258153915405273, "BaldoGA_of": 12295.93754429678, "BaldoGA_time": 1.819512128829956, "Solver_of": 12651.741438594907, "Solver_time": 3.342111587524414, "Z_threshold0.05_of": 12504.94823354862, "Z_threshold0.05_time": 0.2886321544647217, "Z_threshold0.1_of": 12504.94823354862, "Z_threshold0.1_time": 0.2928175926208496, "Z_threshold0.15_of": 12498.937885739033, "Z_threshold0.15_time": 0.23816537857055664, "Z_threshold0.2_of": 12498.937885739033, "Z_threshold0.2_time": 0.23824715614318848, "Z_threshold0.25_of": 12498.937885739033, "Z_threshold0.25_time": 0.2384357452392578, "Z_threshold0.3_of": 12498.937885739033, "Z_threshold0.3_time": 0.23799729347229004, "Z_threshold0.35_of": 12498.937885739033, "Z_threshold0.35_time": 0.23806262016296387, "Z_threshold0.4_of": 12498.937885739033, "Z_threshold0.4_time": 0.23703384399414062, "Z_threshold0.45_of": 12498.937885739033, "Z_threshold0.45_time": 0.24304533004760742, "Z_threshold0.5_of": 12498.937885739033, "Z_threshold0.5_time": 0.23545289039611816}