{"name": "S_500_233_6305.686.json", "BaldoML_of": 17899.21050661763, "BaldoML_time": 12.551870822906494, "BaldoGA_of": 17361.849492336998, "BaldoGA_time": 6.28690767288208, "Solver_of": 17899.469226984264, "Solver_time": 23.75801396369934, "Z_threshold0.05_of": 17698.508029163862, "Z_threshold0.05_time": 1.4260954856872559, "Z_threshold0.1_of": 17636.099814720834, "Z_threshold0.1_time": 1.1002633571624756, "Z_threshold0.15_of": 17480.21032684935, "Z_threshold0.15_time": 0.6084794998168945, "Z_threshold0.2_of": 17440.598159619025, "Z_threshold0.2_time": 0.6251769065856934, "Z_threshold0.25_of": 17314.51094869427, "Z_threshold0.25_time": 0.5367770195007324, "Z_threshold0.3_of": 17288.02094112186, "Z_threshold0.3_time": 0.5366127490997314, "Z_threshold0.35_of": 17232.434944562036, "Z_threshold0.35_time": 0.5267322063446045, "Z_threshold0.4_of": 17232.434944562036, "Z_threshold0.4_time": 0.5255355834960938, "Z_threshold0.45_of": 17198.797897086413, "Z_threshold0.45_time": 0.6045403480529785, "Z_threshold0.5_of": 17198.797897086413, "Z_threshold0.5_time": 0.5380663871765137}