{"name": "S_500_297_6479.943.json", "BaldoML_of": 16326.075815587787, "BaldoML_time": 0.34655141830444336, "BaldoGA_of": 16292.665484230343, "BaldoGA_time": 8.018921852111816, "Solver_of": 16730.333820757467, "Solver_time": 74.9727075099945, "Z_threshold0.05_of": 16480.98346619961, "Z_threshold0.05_time": 0.8157081604003906}