{"name": "S_500_136_3169.055.json", "BaldoML_of": 12677.239921437013, "BaldoML_time": 0.485715389251709, "BaldoGA_of": 12425.81835482448, "BaldoGA_time": 3.3836405277252197, "Solver_of": 12817.078366037742, "Solver_time": 4.071833848953247, "Z_threshold0.05_of": 12770.069751177534, "Z_threshold0.05_time": 1.1752984523773193, "Z_threshold0.1_of": 12686.952018770704, "Z_threshold0.1_time": 1.1056993007659912, "Z_threshold0.15_of": 12559.913541198124, "Z_threshold0.15_time": 0.7604551315307617, "Z_threshold0.2_of": 12417.044906551258, "Z_threshold0.2_time": 0.642113447189331}