{"name": "S_500_282_6425.633.json", "BaldoML_of": 16041.297504716815, "BaldoML_time": 0.4947211742401123, "BaldoGA_of": 15984.208390422076, "BaldoGA_time": 7.882753849029541, "Solver_of": 16462.29928231412, "Solver_time": 108.75274896621704, "Z_threshold0.05_of": 15930.016793954559, "Z_threshold0.05_time": 0.2435929775238037, "Z_threshold0.1_of": 15930.016793954559, "Z_threshold0.1_time": 0.2457275390625, "Z_threshold0.15_of": 15930.016793954559, "Z_threshold0.15_time": 0.24404144287109375, "Z_threshold0.2_of": 15930.016793954559, "Z_threshold0.2_time": 0.23950839042663574, "Z_threshold0.25_of": 15930.016793954559, "Z_threshold0.25_time": 0.24135994911193848, "Z_threshold0.3_of": 15930.016793954559, "Z_threshold0.3_time": 0.23749971389770508, "Z_threshold0.35_of": 15930.016793954559, "Z_threshold0.35_time": 0.24644231796264648, "Z_threshold0.4_of": 15930.016793954559, "Z_threshold0.4_time": 0.24907541275024414, "Z_threshold0.45_of": 15930.016793954559, "Z_threshold0.45_time": 0.24140119552612305, "Z_threshold0.5_of": 15930.016793954559, "Z_threshold0.5_time": 0.23886656761169434}