{"name": "S_500_281_6362.84.json", "BaldoML_of": 17556.262386066468, "BaldoML_time": 12.281032085418701, "BaldoGA_of": 17144.07136520886, "BaldoGA_time": 8.389757871627808, "Solver_of": 17556.29049789416, "Solver_time": 73.67567706108093, "Z_threshold0.05_of": 17332.0498510254, "Z_threshold0.05_time": 0.5476040840148926, "Z_threshold0.1_of": 17285.277669409745, "Z_threshold0.1_time": 0.5354287624359131, "Z_threshold0.15_of": 17285.277669409745, "Z_threshold0.15_time": 0.5383100509643555, "Z_threshold0.2_of": 17285.277669409745, "Z_threshold0.2_time": 0.5460102558135986, "Z_threshold0.25_of": 17285.277669409745, "Z_threshold0.25_time": 0.5388731956481934, "Z_threshold0.3_of": 17285.277669409745, "Z_threshold0.3_time": 0.5294485092163086, "Z_threshold0.35_of": 17285.277669409745, "Z_threshold0.35_time": 0.5230815410614014, "Z_threshold0.4_of": 17285.277669409745, "Z_threshold0.4_time": 0.5445060729980469, "Z_threshold0.45_of": 17285.277669409745, "Z_threshold0.45_time": 0.5348527431488037, "Z_threshold0.5_of": 17285.277669409745, "Z_threshold0.5_time": 0.563446044921875}