{"name": "S_500_269_6398.536.json", "BaldoML_of": 17190.541543307452, "BaldoML_time": 0.527367115020752, "BaldoGA_of": 17155.7093650464, "BaldoGA_time": 7.394218683242798, "Solver_of": 17492.261550386953, "Solver_time": 142.92992329597473, "Z_threshold0.05_of": 17380.81851039353, "Z_threshold0.05_time": 2.5420897006988525, "Z_threshold0.1_of": 16963.72450041, "Z_threshold0.1_time": 0.6593761444091797, "Z_threshold0.15_of": 16651.230056164808, "Z_threshold0.15_time": 0.6499941349029541, "Z_threshold0.2_of": 16454.593259046545, "Z_threshold0.2_time": 0.6437041759490967}