{"name": "S_500_257_6419.923.json", "BaldoML_of": 17489.532325816155, "BaldoML_time": 0.48366689682006836, "BaldoGA_of": 17405.67965907825, "BaldoGA_time": 7.087766647338867, "Solver_of": 17854.129717891992, "Solver_time": 87.28016114234924, "Z_threshold0.05_of": 17539.752699682696, "Z_threshold0.05_time": 0.43242931365966797, "Z_threshold0.1_of": 17419.216510581307, "Z_threshold0.1_time": 0.24511432647705078, "Z_threshold0.15_of": 17387.67304591528, "Z_threshold0.15_time": 0.24010133743286133, "Z_threshold0.2_of": 17347.342116091764, "Z_threshold0.2_time": 0.24347877502441406, "Z_threshold0.25_of": 17347.342116091764, "Z_threshold0.25_time": 0.2606043815612793, "Z_threshold0.3_of": 17347.342116091764, "Z_threshold0.3_time": 0.23716092109680176, "Z_threshold0.35_of": 17347.342116091764, "Z_threshold0.35_time": 0.2400798797607422, "Z_threshold0.4_of": 17347.342116091764, "Z_threshold0.4_time": 0.2417140007019043, "Z_threshold0.45_of": 17347.342116091764, "Z_threshold0.45_time": 0.23610448837280273, "Z_threshold0.5_of": 17347.342116091764, "Z_threshold0.5_time": 0.2362532615661621}