{"name": "S_500_150_4237.478.json", "BaldoML_of": 15505.92787593087, "BaldoML_time": 11.064749002456665, "BaldoGA_of": 15089.4420126634, "BaldoGA_time": 3.8999736309051514, "Solver_of": 15505.92787593086, "Solver_time": 11.286778450012207, "Z_threshold0.05_of": 15489.232373495306, "Z_threshold0.05_time": 1.8907337188720703, "Z_threshold0.1_of": 15373.770409500743, "Z_threshold0.1_time": 1.1528325080871582, "Z_threshold0.15_of": 15297.015312955129, "Z_threshold0.15_time": 0.8944652080535889, "Z_threshold0.2_of": 15246.085434778055, "Z_threshold0.2_time": 0.800919771194458, "Z_threshold0.25_of": 15210.400003689318, "Z_threshold0.25_time": 0.734980583190918, "Z_threshold0.3_of": 15170.66067182623, "Z_threshold0.3_time": 0.5418226718902588, "Z_threshold0.35_of": 14968.373054095358, "Z_threshold0.35_time": 0.509211540222168, "Z_threshold0.4_of": 14968.373054095358, "Z_threshold0.4_time": 0.5120704174041748, "Z_threshold0.45_of": 14769.258496958535, "Z_threshold0.45_time": 0.5269982814788818, "Z_threshold0.5_of": 14544.302344248317, "Z_threshold0.5_time": 0.5506272315979004}