{"name": "S_500_155_3234.36.json", "BaldoML_of": 12151.204186217277, "BaldoML_time": 0.6511538028717041, "BaldoGA_of": 12141.609359175529, "BaldoGA_time": 3.427370071411133, "Solver_of": 12375.838544483377, "Solver_time": 9.180668592453003, "Z_threshold0.05_of": 12332.09599899226, "Z_threshold0.05_time": 0.8835535049438477, "Z_threshold0.1_of": 12216.742487808398, "Z_threshold0.1_time": 0.6641919612884521, "Z_threshold0.15_of": 12189.017617793215, "Z_threshold0.15_time": 0.529052734375, "Z_threshold0.2_of": 12104.30930616413, "Z_threshold0.2_time": 0.3411388397216797, "Z_threshold0.25_of": 11845.8919394344, "Z_threshold0.25_time": 0.2497847080230713, "Z_threshold0.3_of": 11527.106732331975, "Z_threshold0.3_time": 0.24320483207702637, "Z_threshold0.35_of": 11244.65467141166, "Z_threshold0.35_time": 0.24019861221313477, "Z_threshold0.4_of": 11156.751029872741, "Z_threshold0.4_time": 0.32144641876220703, "Z_threshold0.45_of": 11066.751446091661, "Z_threshold0.45_time": 0.2327284812927246, "Z_threshold0.5_of": 10984.47301507065, "Z_threshold0.5_time": 0.22744989395141602}