{"name": "S_500_199_6237.331.json", "BaldoML_of": 17751.119297379108, "BaldoML_time": 0.6027250289916992, "BaldoGA_of": 17642.031361954723, "BaldoGA_time": 5.704760313034058, "Solver_of": 18208.97232763654, "Solver_time": 116.10585379600525, "Z_threshold0.05_of": 18089.2824714898, "Z_threshold0.05_time": 1.4674317836761475, "Z_threshold0.1_of": 17795.123921157232, "Z_threshold0.1_time": 0.9011919498443604, "Z_threshold0.15_of": 17714.028671698874, "Z_threshold0.15_time": 0.41880035400390625, "Z_threshold0.2_of": 17679.287683580176, "Z_threshold0.2_time": 0.2941310405731201, "Z_threshold0.25_of": 17506.921300521677, "Z_threshold0.25_time": 0.24652767181396484, "Z_threshold0.3_of": 17482.46572661543, "Z_threshold0.3_time": 0.24625396728515625, "Z_threshold0.35_of": 17439.308535481283, "Z_threshold0.35_time": 0.24510550498962402, "Z_threshold0.4_of": 17439.308535481283, "Z_threshold0.4_time": 0.24660706520080566, "Z_threshold0.45_of": 17356.198337243477, "Z_threshold0.45_time": 0.24612879753112793, "Z_threshold0.5_of": 17356.198337243477, "Z_threshold0.5_time": 0.24503159523010254}