{"name": "S_500_119_3235.55.json", "BaldoML_of": 12873.170359711266, "BaldoML_time": 0.6252076625823975, "BaldoGA_of": 12737.193533674348, "BaldoGA_time": 2.6960222721099854, "Solver_of": 13030.838882181924, "Solver_time": 3.9746227264404297, "Z_threshold0.05_of": 13017.041377690783, "Z_threshold0.05_time": 1.2158961296081543}