{"name": "S_500_123_3127.142.json", "BaldoML_of": 13738.747979159332, "BaldoML_time": 0.5028078556060791, "BaldoGA_of": 13622.914564625484, "BaldoGA_time": 3.2627651691436768, "Solver_of": 13841.927416648447, "Solver_time": 6.460455656051636, "Z_threshold0.05_of": 13800.239544985236, "Z_threshold0.05_time": 1.3539671897888184, "Z_threshold0.1_of": 13763.114943113267, "Z_threshold0.1_time": 1.125598430633545, "Z_threshold0.15_of": 13596.585971957205, "Z_threshold0.15_time": 0.6892001628875732, "Z_threshold0.2_of": 13444.58146690827, "Z_threshold0.2_time": 0.6057446002960205, "Z_threshold0.25_of": 13383.710577365247, "Z_threshold0.25_time": 0.5945909023284912}