{"name": "S_500_143_3190.645.json", "BaldoML_of": 12156.856963312688, "BaldoML_time": 0.6277623176574707, "BaldoGA_of": 11950.170993381615, "BaldoGA_time": 3.299058198928833, "Solver_of": 12343.657683565607, "Solver_time": 8.87019681930542, "Z_threshold0.05_of": 12307.32596654439, "Z_threshold0.05_time": 1.336634874343872, "Z_threshold0.1_of": 12170.39145675499, "Z_threshold0.1_time": 0.9460608959197998, "Z_threshold0.15_of": 11973.524265520096, "Z_threshold0.15_time": 0.627981424331665, "Z_threshold0.2_of": 11693.220321658422, "Z_threshold0.2_time": 0.5902845859527588, "Z_threshold0.25_of": 11582.575287466167, "Z_threshold0.25_time": 0.5796396732330322}