{"name": "S_500_251_6309.18.json", "BaldoML_of": 17485.551147894723, "BaldoML_time": 0.48499488830566406, "BaldoGA_of": 17465.700976406035, "BaldoGA_time": 7.297380447387695, "Solver_of": 17936.74257091204, "Solver_time": 71.86942195892334, "Z_threshold0.05_of": 17625.862027210598, "Z_threshold0.05_time": 1.2650635242462158, "Z_threshold0.1_of": 17515.933796333862, "Z_threshold0.1_time": 0.9601080417633057, "Z_threshold0.15_of": 17049.303847563046, "Z_threshold0.15_time": 0.6243577003479004, "Z_threshold0.2_of": 16536.785929502235, "Z_threshold0.2_time": 0.6845533847808838, "Z_threshold0.25_of": 16441.993118292106, "Z_threshold0.25_time": 0.5988430976867676}