{"name": "S_500_193_6238.314.json", "BaldoML_of": 18211.86391328451, "BaldoML_time": 0.5242528915405273, "BaldoGA_of": 17936.29691978598, "BaldoGA_time": 5.715806007385254, "Solver_of": 18624.591637520498, "Solver_time": 12.252261400222778, "Z_threshold0.05_of": 18583.91104438753, "Z_threshold0.05_time": 2.755542039871216, "Z_threshold0.1_of": 18372.186102147178, "Z_threshold0.1_time": 1.3494586944580078, "Z_threshold0.15_of": 18202.37958889805, "Z_threshold0.15_time": 0.8842041492462158, "Z_threshold0.2_of": 17915.69126330241, "Z_threshold0.2_time": 0.6855545043945312, "Z_threshold0.25_of": 17678.71948525867, "Z_threshold0.25_time": 0.6076076030731201}