{"name": "S_500_261_3137.322.json", "BaldoML_of": 12246.681684674133, "BaldoML_time": 0.4333066940307617, "BaldoGA_of": 12082.690859678667, "BaldoGA_time": 1.4571468830108643, "Solver_of": 12630.066021061386, "Solver_time": 3.875006914138794, "Z_threshold0.05_of": 12084.724868676229, "Z_threshold0.05_time": 0.5752663612365723}