{"name": "S_500_207_6118.265.json", "BaldoML_of": 17592.001079667632, "BaldoML_time": 0.5235755443572998, "BaldoGA_of": 17549.88454794755, "BaldoGA_time": 5.466940879821777, "Solver_of": 18120.811139398065, "Solver_time": 12.599973917007446, "Z_threshold0.05_of": 18035.084341610098, "Z_threshold0.05_time": 1.7241947650909424, "Z_threshold0.1_of": 17849.668474864222, "Z_threshold0.1_time": 0.8709652423858643, "Z_threshold0.15_of": 17723.683045159192, "Z_threshold0.15_time": 0.6706323623657227, "Z_threshold0.2_of": 17709.59586761425, "Z_threshold0.2_time": 0.4161717891693115, "Z_threshold0.25_of": 17693.55388749328, "Z_threshold0.25_time": 0.32509636878967285, "Z_threshold0.3_of": 17351.605649041132, "Z_threshold0.3_time": 0.2474362850189209, "Z_threshold0.35_of": 17311.640417220304, "Z_threshold0.35_time": 0.24252557754516602, "Z_threshold0.4_of": 17311.640417220304, "Z_threshold0.4_time": 0.2404031753540039, "Z_threshold0.45_of": 17311.640417220304, "Z_threshold0.45_time": 0.24043583869934082, "Z_threshold0.5_of": 17311.640417220304, "Z_threshold0.5_time": 0.25253891944885254}