{"name": "S_500_128_3230.606.json", "BaldoML_of": 12150.60630382939, "BaldoML_time": 0.5943624973297119, "BaldoGA_of": 11862.369973182325, "BaldoGA_time": 2.630596399307251, "Solver_of": 12416.800541545499, "Solver_time": 5.245086669921875, "Z_threshold0.05_of": 12401.717916438396, "Z_threshold0.05_time": 1.0593252182006836, "Z_threshold0.1_of": 12371.696666166465, "Z_threshold0.1_time": 0.5698196887969971, "Z_threshold0.15_of": 12257.38908130254, "Z_threshold0.15_time": 0.3781251907348633, "Z_threshold0.2_of": 12067.93185392909, "Z_threshold0.2_time": 0.2284390926361084, "Z_threshold0.25_of": 11920.23734610635, "Z_threshold0.25_time": 0.22890639305114746, "Z_threshold0.3_of": 11859.916942726106, "Z_threshold0.3_time": 0.2625260353088379, "Z_threshold0.35_of": 11675.398640603109, "Z_threshold0.35_time": 0.24552083015441895, "Z_threshold0.4_of": 11607.471319694278, "Z_threshold0.4_time": 0.2221519947052002, "Z_threshold0.45_of": 11499.749292427365, "Z_threshold0.45_time": 0.22266769409179688, "Z_threshold0.5_of": 11442.082741746792, "Z_threshold0.5_time": 0.22311711311340332}