{"name": "S_500_240_6391.247.json", "BaldoML_of": 18383.784651593225, "BaldoML_time": 0.40207457542419434, "BaldoGA_of": 18199.090810718793, "BaldoGA_time": 6.720523834228516, "Solver_of": 18696.67364881066, "Solver_time": 64.14771175384521, "Z_threshold0.05_of": 18540.229350873, "Z_threshold0.05_time": 1.3661932945251465, "Z_threshold0.1_of": 18393.274569610763, "Z_threshold0.1_time": 0.9296295642852783, "Z_threshold0.15_of": 17746.730639646245, "Z_threshold0.15_time": 0.7158927917480469, "Z_threshold0.2_of": 17327.827457254854, "Z_threshold0.2_time": 0.6404483318328857}