{"name": "S_500_150_4237.478.json", "BaldoML_of": 15303.976892272538, "BaldoML_time": 0.5406391620635986, "BaldoGA_of": 15089.4420126634, "BaldoGA_time": 3.8999736309051514, "Solver_of": 15505.92787593086, "Solver_time": 11.286778450012207, "Z_threshold0.05_of": 15469.414940060735, "Z_threshold0.05_time": 1.958545446395874}