{"name": "S_500_253_3221.257.json", "BaldoML_of": 12523.270902403774, "BaldoML_time": 0.3285226821899414, "BaldoGA_of": 12440.989639029849, "BaldoGA_time": 1.5307629108428955, "Solver_of": 12820.783347700739, "Solver_time": 4.191396951675415, "Z_threshold0.05_of": 12440.989639029825, "Z_threshold0.05_time": 0.6331648826599121, "Z_threshold0.1_of": 12440.989639029825, "Z_threshold0.1_time": 0.7055323123931885, "Z_threshold0.15_of": 12440.989639029825, "Z_threshold0.15_time": 0.6187610626220703, "Z_threshold0.2_of": 12440.989639029825, "Z_threshold0.2_time": 0.6341848373413086, "Z_threshold0.25_of": 12440.989639029825, "Z_threshold0.25_time": 0.6306953430175781}