{"name": "S_500_285_4327.504.json", "BaldoML_of": 13741.620611372595, "BaldoML_time": 2.18363881111145, "BaldoGA_of": 13331.12098555743, "BaldoGA_time": 2.082019090652466, "Solver_of": 13761.856034886172, "Solver_time": 4.535013437271118, "Z_threshold0.05_of": 13482.089571991222, "Z_threshold0.05_time": 0.5923879146575928, "Z_threshold0.1_of": 13482.089571991222, "Z_threshold0.1_time": 0.5609457492828369, "Z_threshold0.15_of": 13482.089571991222, "Z_threshold0.15_time": 0.6003539562225342, "Z_threshold0.2_of": 13482.089571991222, "Z_threshold0.2_time": 0.5862710475921631, "Z_threshold0.25_of": 13482.089571991222, "Z_threshold0.25_time": 0.5589010715484619, "Z_threshold0.3_of": 13482.089571991222, "Z_threshold0.3_time": 0.550947904586792, "Z_threshold0.35_of": 13482.089571991222, "Z_threshold0.35_time": 0.6040489673614502, "Z_threshold0.4_of": 13482.089571991222, "Z_threshold0.4_time": 0.5607640743255615, "Z_threshold0.45_of": 13482.089571991222, "Z_threshold0.45_time": 0.5536708831787109, "Z_threshold0.5_of": 13482.089571991222, "Z_threshold0.5_time": 0.5582253932952881}