{"name": "S_500_247_6656.418.json", "BaldoML_of": 16844.744917397245, "BaldoML_time": 0.48088884353637695, "BaldoGA_of": 16776.79026116558, "BaldoGA_time": 6.366391897201538, "Solver_of": 17348.991375493573, "Solver_time": 172.83305644989014, "Z_threshold0.05_of": 17072.218479180458, "Z_threshold0.05_time": 2.4508554935455322, "Z_threshold0.1_of": 16812.00645502281, "Z_threshold0.1_time": 0.7915096282958984, "Z_threshold0.15_of": 16226.93039506749, "Z_threshold0.15_time": 0.6445181369781494, "Z_threshold0.2_of": 16021.36147226581, "Z_threshold0.2_time": 0.7202351093292236}