{"name": "S_500_181_4052.095.json", "BaldoML_of": 14189.400607754296, "BaldoML_time": 0.45546650886535645, "BaldoGA_of": 14044.064585372815, "BaldoGA_time": 3.7644765377044678, "Solver_of": 14395.564519118472, "Solver_time": 8.496489524841309, "Z_threshold0.05_of": 14354.070090538666, "Z_threshold0.05_time": 1.744828701019287}