{"name": "S_500_259_3221.035.json", "BaldoML_of": 11628.930573675176, "BaldoML_time": 0.3794364929199219, "BaldoGA_of": 11609.632198765974, "BaldoGA_time": 1.6486351490020752, "Solver_of": 11908.694512541735, "Solver_time": 5.456536293029785, "Z_threshold0.05_of": 11808.566576387451, "Z_threshold0.05_time": 0.22981619834899902, "Z_threshold0.1_of": 11808.566576387451, "Z_threshold0.1_time": 0.23391413688659668, "Z_threshold0.15_of": 11808.566576387451, "Z_threshold0.15_time": 0.24002361297607422, "Z_threshold0.2_of": 11808.566576387451, "Z_threshold0.2_time": 0.2430708408355713, "Z_threshold0.25_of": 11808.566576387451, "Z_threshold0.25_time": 0.22957301139831543, "Z_threshold0.3_of": 11808.566576387451, "Z_threshold0.3_time": 0.22865533828735352, "Z_threshold0.35_of": 11808.566576387451, "Z_threshold0.35_time": 0.23195290565490723, "Z_threshold0.4_of": 11754.320406019353, "Z_threshold0.4_time": 0.2089548110961914, "Z_threshold0.45_of": 11754.320406019353, "Z_threshold0.45_time": 0.20972084999084473, "Z_threshold0.5_of": 11754.320406019353, "Z_threshold0.5_time": 0.21133017539978027}