{"name": "S_500_260_4183.046.json", "BaldoML_of": 14403.558064259043, "BaldoML_time": 0.44368743896484375, "BaldoGA_of": 14256.37816146011, "BaldoGA_time": 5.33742094039917, "Solver_of": 14620.980115544504, "Solver_time": 6.121511220932007, "Z_threshold0.05_of": 14044.391475147066, "Z_threshold0.05_time": 0.6233265399932861, "Z_threshold0.1_of": 14044.391475147066, "Z_threshold0.1_time": 0.6276047229766846, "Z_threshold0.15_of": 14044.391475147066, "Z_threshold0.15_time": 0.6185779571533203, "Z_threshold0.2_of": 14044.391475147066, "Z_threshold0.2_time": 0.6159985065460205, "Z_threshold0.25_of": 14044.391475147066, "Z_threshold0.25_time": 0.619051456451416}