{"name": "S_500_273_6481.526.json", "BaldoML_of": 16955.391656949407, "BaldoML_time": 10.855468034744263, "BaldoGA_of": 16450.439731994415, "BaldoGA_time": 7.340226650238037, "Solver_of": 16955.391656949407, "Solver_time": 88.72673201560974, "Z_threshold0.05_of": 16519.695528770208, "Z_threshold0.05_time": 0.6356222629547119, "Z_threshold0.1_of": 16453.298635704865, "Z_threshold0.1_time": 0.552316427230835, "Z_threshold0.15_of": 16395.781273921493, "Z_threshold0.15_time": 0.5337355136871338, "Z_threshold0.2_of": 16395.781273921493, "Z_threshold0.2_time": 0.5213947296142578, "Z_threshold0.25_of": 16395.781273921493, "Z_threshold0.25_time": 0.5241174697875977, "Z_threshold0.3_of": 16395.781273921493, "Z_threshold0.3_time": 0.531339168548584, "Z_threshold0.35_of": 16344.372137072865, "Z_threshold0.35_time": 0.5212347507476807, "Z_threshold0.4_of": 16344.372137072865, "Z_threshold0.4_time": 0.5204408168792725, "Z_threshold0.45_of": 16344.372137072865, "Z_threshold0.45_time": 0.523716926574707, "Z_threshold0.5_of": 16344.372137072865, "Z_threshold0.5_time": 0.5139353275299072}