{"name": "S_500_165_3126.882.json", "BaldoML_of": 12314.102448284297, "BaldoML_time": 0.6661686897277832, "BaldoGA_of": 12155.179896805037, "BaldoGA_time": 3.1022677421569824, "Solver_of": 12595.150580244856, "Solver_time": 17.882654428482056, "Z_threshold0.05_of": 12419.891360726113, "Z_threshold0.05_time": 1.0127439498901367}