{"name": "S_500_273_6481.526.json", "BaldoML_of": 16511.63101823697, "BaldoML_time": 0.4154238700866699, "BaldoGA_of": 16450.439731994415, "BaldoGA_time": 7.340226650238037, "Solver_of": 16955.391656949407, "Solver_time": 88.72673201560974, "Z_threshold0.05_of": 16761.418558119847, "Z_threshold0.05_time": 1.2527530193328857, "Z_threshold0.1_of": 16304.17625943761, "Z_threshold0.1_time": 0.7024490833282471, "Z_threshold0.15_of": 15758.166710417236, "Z_threshold0.15_time": 0.6251487731933594, "Z_threshold0.2_of": 15609.421820261521, "Z_threshold0.2_time": 0.6339216232299805, "Z_threshold0.25_of": 15440.481910119612, "Z_threshold0.25_time": 0.7025659084320068}