{"name": "S_500_280_6523.474.json", "BaldoML_of": 17483.025861789094, "BaldoML_time": 14.12295413017273, "BaldoGA_of": 16865.9833918211, "BaldoGA_time": 8.352776527404785, "Solver_of": 17483.025861789094, "Solver_time": 67.2565050125122, "Z_threshold0.05_of": 17143.977961415585, "Z_threshold0.05_time": 0.6147892475128174, "Z_threshold0.1_of": 17071.677388567285, "Z_threshold0.1_time": 0.527660608291626, "Z_threshold0.15_of": 16999.565304656062, "Z_threshold0.15_time": 0.5438461303710938, "Z_threshold0.2_of": 16999.565304656062, "Z_threshold0.2_time": 0.518885612487793, "Z_threshold0.25_of": 16999.565304656062, "Z_threshold0.25_time": 0.5149486064910889, "Z_threshold0.3_of": 16999.565304656062, "Z_threshold0.3_time": 0.5214118957519531, "Z_threshold0.35_of": 16999.565304656062, "Z_threshold0.35_time": 0.51485276222229, "Z_threshold0.4_of": 16999.565304656062, "Z_threshold0.4_time": 0.5069303512573242, "Z_threshold0.45_of": 16999.565304656062, "Z_threshold0.45_time": 0.5211076736450195, "Z_threshold0.5_of": 16999.565304656062, "Z_threshold0.5_time": 0.5302009582519531}