{"name": "S_500_281_3191.14.json", "BaldoML_of": 11602.680345156881, "BaldoML_time": 0.32377004623413086, "BaldoGA_of": 11562.193625045997, "BaldoGA_time": 1.6765062808990479, "Solver_of": 11849.547255382242, "Solver_time": 3.5299808979034424, "Z_threshold0.05_of": 11568.146559107447, "Z_threshold0.05_time": 0.6000139713287354, "Z_threshold0.1_of": 11568.146559107447, "Z_threshold0.1_time": 0.590794563293457, "Z_threshold0.15_of": 11562.193625046004, "Z_threshold0.15_time": 0.5811724662780762, "Z_threshold0.2_of": 11562.193625046004, "Z_threshold0.2_time": 0.5766603946685791, "Z_threshold0.25_of": 11562.193625046004, "Z_threshold0.25_time": 0.5755550861358643}