{"name": "S_500_125_4206.261.json", "BaldoML_of": 15448.65920541369, "BaldoML_time": 2.8168158531188965, "BaldoGA_of": 15121.186422956587, "BaldoGA_time": 4.030454874038696, "Solver_of": 15448.65920541369, "Solver_time": 5.376797437667847, "Z_threshold0.05_of": 15413.284440010713, "Z_threshold0.05_time": 1.195300579071045, "Z_threshold0.1_of": 15373.155604984202, "Z_threshold0.1_time": 1.0521695613861084, "Z_threshold0.15_of": 15306.253164556305, "Z_threshold0.15_time": 0.9112398624420166, "Z_threshold0.2_of": 15240.121232008632, "Z_threshold0.2_time": 0.801703691482544, "Z_threshold0.25_of": 15051.247896060828, "Z_threshold0.25_time": 0.5378251075744629, "Z_threshold0.3_of": 14728.652791413624, "Z_threshold0.3_time": 0.5178184509277344, "Z_threshold0.35_of": 14648.55375830606, "Z_threshold0.35_time": 0.5353848934173584, "Z_threshold0.4_of": 14498.297960187198, "Z_threshold0.4_time": 0.52685546875, "Z_threshold0.45_of": 14172.856893454085, "Z_threshold0.45_time": 0.5392303466796875, "Z_threshold0.5_of": 14115.772922550615, "Z_threshold0.5_time": 0.5174560546875}