{"name": "S_500_196_6321.544.json", "BaldoML_of": 16783.299310546492, "BaldoML_time": 0.46965932846069336, "BaldoGA_of": 16571.330604565785, "BaldoGA_time": 4.428960800170898, "Solver_of": 17362.228227585772, "Solver_time": 212.4561207294464, "Z_threshold0.05_of": 17256.463291731045, "Z_threshold0.05_time": 3.416659355163574, "Z_threshold0.1_of": 16994.763381493016, "Z_threshold0.1_time": 1.483964204788208, "Z_threshold0.15_of": 16822.91809982705, "Z_threshold0.15_time": 1.089390754699707, "Z_threshold0.2_of": 16566.57431507915, "Z_threshold0.2_time": 0.6965103149414062}