{"name": "S_500_165_4268.125.json", "BaldoML_of": 14002.337162133535, "BaldoML_time": 0.6019322872161865, "BaldoGA_of": 13890.969551450744, "BaldoGA_time": 4.023433446884155, "Solver_of": 14281.496650485522, "Solver_time": 10.16091799736023, "Z_threshold0.05_of": 14272.751562750038, "Z_threshold0.05_time": 1.701711654663086, "Z_threshold0.1_of": 14136.359292513496, "Z_threshold0.1_time": 1.2477660179138184, "Z_threshold0.15_of": 13969.118042226772, "Z_threshold0.15_time": 0.958667516708374, "Z_threshold0.2_of": 13847.2418647821, "Z_threshold0.2_time": 0.7872891426086426}