{"name": "S_500_202_6550.355.json", "BaldoML_of": 17614.31072755514, "BaldoML_time": 0.494243860244751, "BaldoGA_of": 17679.042847989283, "BaldoGA_time": 5.403338193893433, "Solver_of": 18288.42943426376, "Solver_time": 52.87766218185425, "Z_threshold0.05_of": 18152.064327168257, "Z_threshold0.05_time": 3.539578437805176, "Z_threshold0.1_of": 17940.59816318439, "Z_threshold0.1_time": 1.6203126907348633, "Z_threshold0.15_of": 17623.501533417373, "Z_threshold0.15_time": 1.0329504013061523, "Z_threshold0.2_of": 17484.916698987883, "Z_threshold0.2_time": 0.7024989128112793, "Z_threshold0.25_of": 17125.936315409774, "Z_threshold0.25_time": 0.6354348659515381}