{"name": "S_500_160_3302.457.json", "BaldoML_of": 12034.96371896224, "BaldoML_time": 0.47873806953430176, "BaldoGA_of": 11934.182582560186, "BaldoGA_time": 3.7551937103271484, "Solver_of": 12217.343457643301, "Solver_time": 9.304272413253784, "Z_threshold0.05_of": 12117.319849983152, "Z_threshold0.05_time": 1.4564378261566162, "Z_threshold0.1_of": 11889.462752820187, "Z_threshold0.1_time": 0.935612678527832, "Z_threshold0.15_of": 11839.389609336064, "Z_threshold0.15_time": 0.7518935203552246, "Z_threshold0.2_of": 11555.179769317252, "Z_threshold0.2_time": 0.6285891532897949}