{"name": "S_500_186_3985.274.json", "BaldoML_of": 15272.748486335591, "BaldoML_time": 0.6011111736297607, "BaldoGA_of": 15010.3064485662, "BaldoGA_time": 4.4637696743011475, "Solver_of": 15417.900010157278, "Solver_time": 7.978724002838135, "Z_threshold0.05_of": 15358.728362709748, "Z_threshold0.05_time": 1.2814867496490479, "Z_threshold0.1_of": 15097.342303327405, "Z_threshold0.1_time": 0.35558152198791504, "Z_threshold0.15_of": 14796.703200117665, "Z_threshold0.15_time": 0.2861747741699219, "Z_threshold0.2_of": 14632.996297999633, "Z_threshold0.2_time": 0.25693655014038086, "Z_threshold0.25_of": 14530.68736442278, "Z_threshold0.25_time": 0.25647687911987305, "Z_threshold0.3_of": 14462.936128276058, "Z_threshold0.3_time": 0.24338221549987793, "Z_threshold0.35_of": 14407.113687865614, "Z_threshold0.35_time": 0.24427008628845215, "Z_threshold0.4_of": 14365.561780392301, "Z_threshold0.4_time": 0.23929762840270996, "Z_threshold0.45_of": 14265.229792004133, "Z_threshold0.45_time": 0.23798012733459473, "Z_threshold0.5_of": 14193.159242020216, "Z_threshold0.5_time": 0.23888301849365234}