{"name": "S_500_171_6706.168.json", "BaldoML_of": 16934.730480655402, "BaldoML_time": 0.41145944595336914, "BaldoGA_of": 16857.540763865465, "BaldoGA_time": 4.872335195541382, "Solver_of": 17496.704964414424, "Solver_time": 119.47474956512451, "Z_threshold0.05_of": 17473.346466813775, "Z_threshold0.05_time": 4.553503751754761, "Z_threshold0.1_of": 17342.725337690532, "Z_threshold0.1_time": 1.4238026142120361, "Z_threshold0.15_of": 17202.661419159704, "Z_threshold0.15_time": 1.2851238250732422, "Z_threshold0.2_of": 16802.73211582663, "Z_threshold0.2_time": 0.903719425201416, "Z_threshold0.25_of": 16597.932500788214, "Z_threshold0.25_time": 0.7237091064453125}