{"name": "S_500_186_6362.231.json", "BaldoML_of": 16465.532783245817, "BaldoML_time": 0.4254179000854492, "BaldoGA_of": 16284.882623376716, "BaldoGA_time": 4.658877849578857, "Solver_of": 17006.610576044146, "Solver_time": 136.96848607063293, "Z_threshold0.05_of": 16886.386491130954, "Z_threshold0.05_time": 2.7173068523406982}