{"name": "S_500_281_6362.84.json", "BaldoML_of": 17172.972544989665, "BaldoML_time": 0.37163758277893066, "BaldoGA_of": 17144.07136520886, "BaldoGA_time": 8.389757871627808, "Solver_of": 17556.29049789416, "Solver_time": 73.67567706108093, "Z_threshold0.05_of": 17332.0498510254, "Z_threshold0.05_time": 0.24257421493530273, "Z_threshold0.1_of": 17285.277669409745, "Z_threshold0.1_time": 0.24586248397827148, "Z_threshold0.15_of": 17285.277669409745, "Z_threshold0.15_time": 0.27777624130249023, "Z_threshold0.2_of": 17285.277669409745, "Z_threshold0.2_time": 0.2629818916320801, "Z_threshold0.25_of": 17285.277669409745, "Z_threshold0.25_time": 0.239609956741333, "Z_threshold0.3_of": 17285.277669409745, "Z_threshold0.3_time": 0.2364652156829834, "Z_threshold0.35_of": 17285.277669409745, "Z_threshold0.35_time": 0.23975014686584473, "Z_threshold0.4_of": 17285.277669409745, "Z_threshold0.4_time": 0.23758769035339355, "Z_threshold0.45_of": 17285.277669409745, "Z_threshold0.45_time": 0.23832154273986816, "Z_threshold0.5_of": 17285.277669409745, "Z_threshold0.5_time": 0.23529648780822754}