{"name": "S_500_265_4377.198.json", "BaldoML_of": 13094.169226897817, "BaldoML_time": 0.38592052459716797, "BaldoGA_of": 12982.483947046356, "BaldoGA_time": 5.7942728996276855, "Solver_of": 13447.591690403913, "Solver_time": 4.283222675323486, "Z_threshold0.05_of": 12580.792659291827, "Z_threshold0.05_time": 0.5797185897827148}