{"name": "S_500_149_4264.012.json", "BaldoML_of": 13978.456147098048, "BaldoML_time": 0.4998137950897217, "BaldoGA_of": 13615.455810324373, "BaldoGA_time": 3.0931999683380127, "Solver_of": 14134.27889200135, "Solver_time": 10.014012813568115, "Z_threshold0.05_of": 14110.607975629579, "Z_threshold0.05_time": 1.4082121849060059}