{"name": "S_500_269_4223.047.json", "BaldoML_of": 15011.95826263826, "BaldoML_time": 0.3785665035247803, "BaldoGA_of": 14954.65381195541, "BaldoGA_time": 5.891826629638672, "Solver_of": 15201.0777789566, "Solver_time": 6.6235573291778564, "Z_threshold0.05_of": 14920.793714567078, "Z_threshold0.05_time": 0.2824258804321289, "Z_threshold0.1_of": 14920.793714567078, "Z_threshold0.1_time": 0.28626060485839844, "Z_threshold0.15_of": 14920.793714567078, "Z_threshold0.15_time": 0.2907979488372803, "Z_threshold0.2_of": 14920.793714567078, "Z_threshold0.2_time": 0.28255128860473633, "Z_threshold0.25_of": 14920.793714567078, "Z_threshold0.25_time": 0.2819070816040039, "Z_threshold0.3_of": 14920.793714567078, "Z_threshold0.3_time": 0.28020739555358887, "Z_threshold0.35_of": 14920.793714567078, "Z_threshold0.35_time": 0.2854788303375244, "Z_threshold0.4_of": 14920.793714567078, "Z_threshold0.4_time": 0.28060054779052734, "Z_threshold0.45_of": 14920.793714567078, "Z_threshold0.45_time": 0.2828347682952881, "Z_threshold0.5_of": 14920.793714567078, "Z_threshold0.5_time": 0.2803511619567871}