{"name": "S_500_149_4209.041.json", "BaldoML_of": 14331.782934665902, "BaldoML_time": 0.4865550994873047, "BaldoGA_of": 14158.877363553387, "BaldoGA_time": 3.433098077774048, "Solver_of": 14619.286447822637, "Solver_time": 6.783697843551636, "Z_threshold0.05_of": 14593.631206057073, "Z_threshold0.05_time": 1.4947285652160645, "Z_threshold0.1_of": 14426.20711633961, "Z_threshold0.1_time": 1.2040660381317139, "Z_threshold0.15_of": 14279.421574356562, "Z_threshold0.15_time": 0.9774036407470703, "Z_threshold0.2_of": 14058.67872595815, "Z_threshold0.2_time": 0.7550532817840576, "Z_threshold0.25_of": 13781.783165413719, "Z_threshold0.25_time": 0.62886643409729}