{"name": "S_500_233_3221.096.json", "BaldoML_of": 11581.609449249881, "BaldoML_time": 0.44048428535461426, "BaldoGA_of": 11529.40483672379, "BaldoGA_time": 2.385233163833618, "Solver_of": 11778.34490327775, "Solver_time": 4.780288934707642, "Z_threshold0.05_of": 11407.332114260947, "Z_threshold0.05_time": 0.5993709564208984, "Z_threshold0.1_of": 11407.332114260947, "Z_threshold0.1_time": 0.6881518363952637, "Z_threshold0.15_of": 11407.332114260947, "Z_threshold0.15_time": 0.5797224044799805, "Z_threshold0.2_of": 11407.332114260947, "Z_threshold0.2_time": 0.5781667232513428}