{"name": "S_500_298_6607.254.json", "BaldoML_of": 16602.67283812554, "BaldoML_time": 0.32904601097106934, "BaldoGA_of": 16519.45900453204, "BaldoGA_time": 9.125885009765625, "Solver_of": 16966.06405996447, "Solver_time": 14.344305038452148, "Z_threshold0.05_of": 16723.356036282985, "Z_threshold0.05_time": 0.836052417755127, "Z_threshold0.1_of": 15945.202679358936, "Z_threshold0.1_time": 0.6045534610748291, "Z_threshold0.15_of": 15908.775660338852, "Z_threshold0.15_time": 0.6006102561950684, "Z_threshold0.2_of": 15908.775660338852, "Z_threshold0.2_time": 0.6076374053955078, "Z_threshold0.25_of": 15908.775660338852, "Z_threshold0.25_time": 0.6025969982147217}