{"name": "S_500_267_6379.86.json", "BaldoML_of": 16576.025948642404, "BaldoML_time": 9.39299750328064, "BaldoGA_of": 15948.34698781709, "BaldoGA_time": 5.905763149261475, "Solver_of": 16576.05638358434, "Solver_time": 101.32582783699036, "Z_threshold0.05_of": 16137.677721127333, "Z_threshold0.05_time": 0.940570592880249, "Z_threshold0.1_of": 15945.553926263681, "Z_threshold0.1_time": 0.5281081199645996, "Z_threshold0.15_of": 15863.15491122089, "Z_threshold0.15_time": 0.5029885768890381, "Z_threshold0.2_of": 15811.305847811067, "Z_threshold0.2_time": 0.5158135890960693, "Z_threshold0.25_of": 15811.305847811067, "Z_threshold0.25_time": 0.49584245681762695, "Z_threshold0.3_of": 15811.305847811067, "Z_threshold0.3_time": 0.502488374710083, "Z_threshold0.35_of": 15811.305847811067, "Z_threshold0.35_time": 0.5013234615325928, "Z_threshold0.4_of": 15811.305847811067, "Z_threshold0.4_time": 0.5026695728302002, "Z_threshold0.45_of": 15811.305847811067, "Z_threshold0.45_time": 0.5060176849365234, "Z_threshold0.5_of": 15811.305847811067, "Z_threshold0.5_time": 0.5034852027893066}