{"name": "S_500_184_3066.665.json", "BaldoML_of": 12816.401150510306, "BaldoML_time": 11.40868854522705, "BaldoGA_of": 12537.633128954341, "BaldoGA_time": 3.892178773880005, "Solver_of": 12816.401150510306, "Solver_time": 9.629393815994263, "Z_threshold0.05_of": 12763.096296597068, "Z_threshold0.05_time": 1.0445868968963623, "Z_threshold0.1_of": 12598.083706067982, "Z_threshold0.1_time": 0.5063722133636475, "Z_threshold0.15_of": 12228.755823145402, "Z_threshold0.15_time": 0.48721742630004883, "Z_threshold0.2_of": 12024.056796755374, "Z_threshold0.2_time": 0.4852478504180908, "Z_threshold0.25_of": 11953.526874539983, "Z_threshold0.25_time": 0.48909592628479004, "Z_threshold0.3_of": 11907.041030593025, "Z_threshold0.3_time": 0.4990112781524658, "Z_threshold0.35_of": 11907.041030593025, "Z_threshold0.35_time": 0.4734618663787842, "Z_threshold0.4_of": 11885.681197746415, "Z_threshold0.4_time": 0.4802725315093994, "Z_threshold0.45_of": 11885.681197746415, "Z_threshold0.45_time": 0.5144155025482178, "Z_threshold0.5_of": 11845.938189995852, "Z_threshold0.5_time": 0.47647833824157715}