{"name": "S_500_235_3310.051.json", "BaldoML_of": 11840.753374089552, "BaldoML_time": 0.36197376251220703, "BaldoGA_of": 11701.624592866681, "BaldoGA_time": 1.731766700744629, "Solver_of": 12086.003782250147, "Solver_time": 5.786468267440796, "Z_threshold0.05_of": 11939.725900726275, "Z_threshold0.05_time": 0.26245665550231934, "Z_threshold0.1_of": 11939.725900726275, "Z_threshold0.1_time": 0.2429795265197754, "Z_threshold0.15_of": 11939.725900726275, "Z_threshold0.15_time": 0.2459545135498047, "Z_threshold0.2_of": 11939.725900726275, "Z_threshold0.2_time": 0.24085640907287598, "Z_threshold0.25_of": 11939.725900726275, "Z_threshold0.25_time": 0.26024413108825684, "Z_threshold0.3_of": 11939.725900726275, "Z_threshold0.3_time": 0.2595713138580322, "Z_threshold0.35_of": 11939.725900726275, "Z_threshold0.35_time": 0.29008960723876953, "Z_threshold0.4_of": 11939.725900726275, "Z_threshold0.4_time": 0.3509232997894287, "Z_threshold0.45_of": 11939.725900726275, "Z_threshold0.45_time": 0.2768094539642334, "Z_threshold0.5_of": 11939.725900726275, "Z_threshold0.5_time": 0.2672901153564453}