{"name": "S_500_235_4418.912.json", "BaldoML_of": 13586.38990098777, "BaldoML_time": 0.4479808807373047, "BaldoGA_of": 13549.831538123975, "BaldoGA_time": 4.874307870864868, "Solver_of": 13922.191187936249, "Solver_time": 6.306782960891724, "Z_threshold0.05_of": 13511.248839158381, "Z_threshold0.05_time": 0.7216074466705322, "Z_threshold0.1_of": 13012.950842727707, "Z_threshold0.1_time": 0.587660551071167, "Z_threshold0.15_of": 12857.358293219479, "Z_threshold0.15_time": 0.6640815734863281, "Z_threshold0.2_of": 12836.421483552302, "Z_threshold0.2_time": 0.5844392776489258, "Z_threshold0.25_of": 12786.405330882722, "Z_threshold0.25_time": 0.5887737274169922}