{"name": "S_500_169_4167.024.json", "BaldoML_of": 14081.08116889199, "BaldoML_time": 0.4965400695800781, "BaldoGA_of": 14025.941140439605, "BaldoGA_time": 3.664741277694702, "Solver_of": 14515.31336773998, "Solver_time": 21.699389457702637, "Z_threshold0.05_of": 14439.166858219223, "Z_threshold0.05_time": 2.6133551597595215}