{"name": "S_500_199_6237.331.json", "BaldoML_of": 17751.119297379108, "BaldoML_time": 0.6027250289916992, "BaldoGA_of": 17642.031361954723, "BaldoGA_time": 5.704760313034058, "Solver_of": 18208.97232763654, "Solver_time": 116.10585379600525, "Z_threshold0.05_of": 18089.282471489812, "Z_threshold0.05_time": 2.3702235221862793, "Z_threshold0.1_of": 17840.74882219039, "Z_threshold0.1_time": 1.3726649284362793, "Z_threshold0.15_of": 17671.438795987902, "Z_threshold0.15_time": 0.9286031723022461, "Z_threshold0.2_of": 17305.697999295928, "Z_threshold0.2_time": 0.6825470924377441, "Z_threshold0.25_of": 17060.610277813375, "Z_threshold0.25_time": 0.6111204624176025}