{"name": "S_500_297_6479.943.json", "BaldoML_of": 16730.333820757467, "BaldoML_time": 13.54143476486206, "BaldoGA_of": 16292.665484230343, "BaldoGA_time": 8.018921852111816, "Solver_of": 16730.333820757467, "Solver_time": 74.9727075099945, "Z_threshold0.05_of": 16455.51237466149, "Z_threshold0.05_time": 0.5325696468353271, "Z_threshold0.1_of": 16455.51237466149, "Z_threshold0.1_time": 0.5295896530151367, "Z_threshold0.15_of": 16455.51237466149, "Z_threshold0.15_time": 0.5468237400054932, "Z_threshold0.2_of": 16455.51237466149, "Z_threshold0.2_time": 0.5270206928253174, "Z_threshold0.25_of": 16430.5441616267, "Z_threshold0.25_time": 0.5069279670715332, "Z_threshold0.3_of": 16430.5441616267, "Z_threshold0.3_time": 0.5577168464660645, "Z_threshold0.35_of": 16430.5441616267, "Z_threshold0.35_time": 0.5089490413665771, "Z_threshold0.4_of": 16430.5441616267, "Z_threshold0.4_time": 0.49219250679016113, "Z_threshold0.45_of": 16430.5441616267, "Z_threshold0.45_time": 0.5265886783599854, "Z_threshold0.5_of": 16430.5441616267, "Z_threshold0.5_time": 0.49436473846435547}