{"name": "S_500_215_6197.591.json", "BaldoML_of": 16957.4555329286, "BaldoML_time": 0.3335850238800049, "BaldoGA_of": 16715.121628975623, "BaldoGA_time": 5.871317148208618, "Solver_of": 17276.15204832406, "Solver_time": 203.13645839691162, "Z_threshold0.05_of": 17212.23143763404, "Z_threshold0.05_time": 4.688078165054321}