{"name": "S_500_144_4309.194.json", "BaldoML_of": 13762.199169539259, "BaldoML_time": 0.6818437576293945, "BaldoGA_of": 13681.119700973428, "BaldoGA_time": 3.479311943054199, "Solver_of": 14084.954113552458, "Solver_time": 18.661897659301758, "Z_threshold0.05_of": 13998.960999203218, "Z_threshold0.05_time": 1.7129521369934082, "Z_threshold0.1_of": 13882.609129161066, "Z_threshold0.1_time": 1.3740026950836182, "Z_threshold0.15_of": 13710.4725119698, "Z_threshold0.15_time": 1.146369457244873, "Z_threshold0.2_of": 13519.43903165825, "Z_threshold0.2_time": 0.6537854671478271, "Z_threshold0.25_of": 13187.752083578944, "Z_threshold0.25_time": 0.6354818344116211}