{"name": "S_500_204_6243.974.json", "BaldoML_of": 17372.36388464512, "BaldoML_time": 0.4066281318664551, "BaldoGA_of": 17227.315485841522, "BaldoGA_time": 5.445370674133301, "Solver_of": 17963.801412614495, "Solver_time": 13.797654628753662, "Z_threshold0.05_of": 17928.977395213406, "Z_threshold0.05_time": 4.389160394668579, "Z_threshold0.1_of": 17771.10565416333, "Z_threshold0.1_time": 2.1164305210113525, "Z_threshold0.15_of": 17461.9283696711, "Z_threshold0.15_time": 1.0198771953582764, "Z_threshold0.2_of": 17247.159959305565, "Z_threshold0.2_time": 0.6983499526977539}