{"name": "S_500_149_4262.669.json", "BaldoML_of": 14920.657252445924, "BaldoML_time": 0.41402173042297363, "BaldoGA_of": 14613.291605039487, "BaldoGA_time": 3.221074104309082, "Solver_of": 15104.136627138218, "Solver_time": 7.0663604736328125, "Z_threshold0.05_of": 15081.025749782737, "Z_threshold0.05_time": 1.7174005508422852}