{"name": "S_500_281_6452.454.json", "BaldoML_of": 16656.7634158426, "BaldoML_time": 0.34825897216796875, "BaldoGA_of": 16578.62408859824, "BaldoGA_time": 6.858860969543457, "Solver_of": 17021.245956448365, "Solver_time": 86.78948545455933, "Z_threshold0.05_of": 16386.637231724635, "Z_threshold0.05_time": 0.254042387008667, "Z_threshold0.1_of": 16386.637231724635, "Z_threshold0.1_time": 0.24551749229431152, "Z_threshold0.15_of": 16386.637231724635, "Z_threshold0.15_time": 0.25425148010253906, "Z_threshold0.2_of": 16386.637231724635, "Z_threshold0.2_time": 0.2434234619140625, "Z_threshold0.25_of": 16386.637231724635, "Z_threshold0.25_time": 0.25823521614074707, "Z_threshold0.3_of": 16386.637231724635, "Z_threshold0.3_time": 0.24463534355163574, "Z_threshold0.35_of": 16386.637231724635, "Z_threshold0.35_time": 0.24339795112609863, "Z_threshold0.4_of": 16386.637231724635, "Z_threshold0.4_time": 0.24386096000671387, "Z_threshold0.45_of": 16386.637231724635, "Z_threshold0.45_time": 0.25360894203186035, "Z_threshold0.5_of": 16386.637231724635, "Z_threshold0.5_time": 0.24631071090698242}