{"name": "S_500_287_6319.909.json", "BaldoML_of": 16665.29562487629, "BaldoML_time": 0.3161966800689697, "BaldoGA_of": 16508.08271814575, "BaldoGA_time": 8.228265285491943, "Solver_of": 17042.659621371047, "Solver_time": 24.02731966972351, "Z_threshold0.05_of": 16764.039318312607, "Z_threshold0.05_time": 0.964632511138916, "Z_threshold0.1_of": 16099.774695216143, "Z_threshold0.1_time": 0.5948801040649414, "Z_threshold0.15_of": 15887.001293790605, "Z_threshold0.15_time": 0.6822741031646729, "Z_threshold0.2_of": 15818.250411381023, "Z_threshold0.2_time": 0.597902774810791, "Z_threshold0.25_of": 15791.366761379611, "Z_threshold0.25_time": 0.601747989654541}