{"name": "S_500_292_3132.023.json", "BaldoML_of": 12080.513847934119, "BaldoML_time": 0.348055362701416, "BaldoGA_of": 11963.864880853707, "BaldoGA_time": 1.3919250965118408, "Solver_of": 12370.713338865518, "Solver_time": 3.3997819423675537, "Z_threshold0.05_of": 11983.886282478748, "Z_threshold0.05_time": 0.7248151302337646, "Z_threshold0.1_of": 11955.888612656521, "Z_threshold0.1_time": 0.5927019119262695, "Z_threshold0.15_of": 11955.888612656521, "Z_threshold0.15_time": 0.5746603012084961, "Z_threshold0.2_of": 11955.888612656521, "Z_threshold0.2_time": 0.6070761680603027, "Z_threshold0.25_of": 11955.888612656521, "Z_threshold0.25_time": 0.5750992298126221}