{"name": "S_500_255_4186.01.json", "BaldoML_of": 14095.040252854815, "BaldoML_time": 0.4158186912536621, "BaldoGA_of": 13982.121632376986, "BaldoGA_time": 5.502498626708984, "Solver_of": 14322.614644688072, "Solver_time": 4.786381006240845, "Z_threshold0.05_of": 13613.064494684635, "Z_threshold0.05_time": 0.5967166423797607, "Z_threshold0.1_of": 13507.029941878705, "Z_threshold0.1_time": 0.6974656581878662, "Z_threshold0.15_of": 13435.689843248962, "Z_threshold0.15_time": 0.6151700019836426, "Z_threshold0.2_of": 13435.689843248962, "Z_threshold0.2_time": 0.6148784160614014, "Z_threshold0.25_of": 13435.689843248962, "Z_threshold0.25_time": 0.6169352531433105}