{"name": "S_500_242_6410.578.json", "BaldoML_of": 16925.113001109552, "BaldoML_time": 11.237337350845337, "BaldoGA_of": 16322.429879734464, "BaldoGA_time": 6.233151912689209, "Solver_of": 16925.113000620568, "Solver_time": 126.0253484249115, "Z_threshold0.05_of": 16607.506775107322, "Z_threshold0.05_time": 1.0803849697113037, "Z_threshold0.1_of": 16461.495958782212, "Z_threshold0.1_time": 0.7004876136779785, "Z_threshold0.15_of": 16439.84760515101, "Z_threshold0.15_time": 0.51058030128479, "Z_threshold0.2_of": 16254.428341768229, "Z_threshold0.2_time": 0.5123913288116455, "Z_threshold0.25_of": 16209.767308349114, "Z_threshold0.25_time": 0.5393872261047363, "Z_threshold0.3_of": 16166.802205210659, "Z_threshold0.3_time": 0.5437390804290771, "Z_threshold0.35_of": 16166.802205210659, "Z_threshold0.35_time": 0.5265426635742188, "Z_threshold0.4_of": 16166.802205210659, "Z_threshold0.4_time": 0.5516858100891113, "Z_threshold0.45_of": 16166.802205210659, "Z_threshold0.45_time": 0.5079591274261475, "Z_threshold0.5_of": 16166.802205210659, "Z_threshold0.5_time": 0.5131497383117676}