{"name": "S_500_245_3114.587.json", "BaldoML_of": 12378.27858038802, "BaldoML_time": 0.3453340530395508, "BaldoGA_of": 12275.104495292997, "BaldoGA_time": 1.462012529373169, "Solver_of": 12597.395866861787, "Solver_time": 5.239213228225708, "Z_threshold0.05_of": 12324.877885682236, "Z_threshold0.05_time": 0.24024319648742676, "Z_threshold0.1_of": 12324.877885682236, "Z_threshold0.1_time": 0.2473278045654297, "Z_threshold0.15_of": 12324.877885682236, "Z_threshold0.15_time": 0.24136757850646973, "Z_threshold0.2_of": 12324.877885682236, "Z_threshold0.2_time": 0.23987269401550293, "Z_threshold0.25_of": 12324.877885682236, "Z_threshold0.25_time": 0.25925111770629883, "Z_threshold0.3_of": 12324.877885682236, "Z_threshold0.3_time": 0.25234508514404297, "Z_threshold0.35_of": 12324.877885682236, "Z_threshold0.35_time": 0.24824762344360352, "Z_threshold0.4_of": 12324.877885682236, "Z_threshold0.4_time": 0.24658918380737305, "Z_threshold0.45_of": 12324.877885682236, "Z_threshold0.45_time": 0.2413473129272461, "Z_threshold0.5_of": 12324.877885682236, "Z_threshold0.5_time": 0.237959623336792}