{"name": "S_500_118_3063.638.json", "BaldoML_of": 13358.990840802287, "BaldoML_time": 3.033292293548584, "BaldoGA_of": 12976.578879355404, "BaldoGA_time": 2.853931188583374, "Solver_of": 13370.440160898415, "Solver_time": 8.044227838516235, "Z_threshold0.05_of": 13348.892852499426, "Z_threshold0.05_time": 1.4622557163238525, "Z_threshold0.1_of": 13271.875335619996, "Z_threshold0.1_time": 0.9366073608398438, "Z_threshold0.15_of": 13129.471652804748, "Z_threshold0.15_time": 0.9014747142791748, "Z_threshold0.2_of": 13046.2467251008, "Z_threshold0.2_time": 0.5948700904846191, "Z_threshold0.25_of": 12594.031382539191, "Z_threshold0.25_time": 0.5269267559051514, "Z_threshold0.3_of": 12531.634628376318, "Z_threshold0.3_time": 0.5039701461791992, "Z_threshold0.35_of": 12503.376315148538, "Z_threshold0.35_time": 0.49843573570251465, "Z_threshold0.4_of": 12278.88905001385, "Z_threshold0.4_time": 0.4915027618408203, "Z_threshold0.45_of": 12187.988335985141, "Z_threshold0.45_time": 0.4972512722015381, "Z_threshold0.5_of": 11893.180065989469, "Z_threshold0.5_time": 0.4960770606994629}