{"name": "S_500_208_6182.997.json", "BaldoML_of": 18228.131630408247, "BaldoML_time": 0.420440673828125, "BaldoGA_of": 18109.742636442683, "BaldoGA_time": 5.3170623779296875, "Solver_of": 18588.93949532979, "Solver_time": 26.258116245269775, "Z_threshold0.05_of": 18489.659691540328, "Z_threshold0.05_time": 3.7653613090515137, "Z_threshold0.1_of": 18302.91496068303, "Z_threshold0.1_time": 1.2628228664398193, "Z_threshold0.15_of": 18208.760260883875, "Z_threshold0.15_time": 1.1596763134002686, "Z_threshold0.2_of": 18111.710816739214, "Z_threshold0.2_time": 0.7215454578399658, "Z_threshold0.25_of": 17755.130519363007, "Z_threshold0.25_time": 0.6943800449371338}