{"name": "S_500_174_3112.057.json", "BaldoML_of": 12429.585288546457, "BaldoML_time": 0.48340535163879395, "BaldoGA_of": 12285.684364200486, "BaldoGA_time": 3.344360828399658, "Solver_of": 12591.626379878957, "Solver_time": 13.395068407058716, "Z_threshold0.05_of": 12522.999363967812, "Z_threshold0.05_time": 0.682396411895752, "Z_threshold0.1_of": 12311.654434905638, "Z_threshold0.1_time": 0.38012075424194336, "Z_threshold0.15_of": 12052.985472237217, "Z_threshold0.15_time": 0.2507510185241699, "Z_threshold0.2_of": 11885.863196314564, "Z_threshold0.2_time": 0.24844837188720703, "Z_threshold0.25_of": 11839.855667779479, "Z_threshold0.25_time": 0.2463397979736328, "Z_threshold0.3_of": 11657.955190281227, "Z_threshold0.3_time": 0.24272608757019043, "Z_threshold0.35_of": 11621.103479758896, "Z_threshold0.35_time": 0.24237394332885742, "Z_threshold0.4_of": 11621.103479758896, "Z_threshold0.4_time": 0.24076032638549805, "Z_threshold0.45_of": 11504.420036072288, "Z_threshold0.45_time": 0.2408127784729004, "Z_threshold0.5_of": 11438.318995133015, "Z_threshold0.5_time": 0.2353053092956543}