{"name": "S_500_249_3141.278.json", "BaldoML_of": 11758.451817794876, "BaldoML_time": 0.3354623317718506, "BaldoGA_of": 11666.583878863503, "BaldoGA_time": 1.6883525848388672, "Solver_of": 12145.075913437451, "Solver_time": 4.1630213260650635, "Z_threshold0.05_of": 11666.583878863485, "Z_threshold0.05_time": 0.5906682014465332, "Z_threshold0.1_of": 11657.316851971087, "Z_threshold0.1_time": 0.6490788459777832, "Z_threshold0.15_of": 11657.316851971087, "Z_threshold0.15_time": 0.5787487030029297, "Z_threshold0.2_of": 11657.316851971087, "Z_threshold0.2_time": 0.5773482322692871, "Z_threshold0.25_of": 11657.316851971087, "Z_threshold0.25_time": 0.5728049278259277}