{"name": "S_500_208_3382.353.json", "BaldoML_of": 11316.449861662466, "BaldoML_time": 4.552855014801025, "BaldoGA_of": 11009.320410918293, "BaldoGA_time": 3.787616729736328, "Solver_of": 11316.449861662466, "Solver_time": 5.415872573852539, "Z_threshold0.05_of": 10820.548121815753, "Z_threshold0.05_time": 0.5154414176940918, "Z_threshold0.1_of": 10643.799620998558, "Z_threshold0.1_time": 0.49914979934692383, "Z_threshold0.15_of": 10643.799620998558, "Z_threshold0.15_time": 0.48745036125183105, "Z_threshold0.2_of": 10643.799620998558, "Z_threshold0.2_time": 0.48975706100463867, "Z_threshold0.25_of": 10643.799620998558, "Z_threshold0.25_time": 0.5441932678222656, "Z_threshold0.3_of": 10643.799620998558, "Z_threshold0.3_time": 0.4936344623565674, "Z_threshold0.35_of": 10643.799620998558, "Z_threshold0.35_time": 0.4872438907623291, "Z_threshold0.4_of": 10643.799620998558, "Z_threshold0.4_time": 0.5185208320617676, "Z_threshold0.45_of": 10643.799620998558, "Z_threshold0.45_time": 0.5165398120880127, "Z_threshold0.5_of": 10643.799620998558, "Z_threshold0.5_time": 0.4926176071166992}