{"name": "S_500_173_6412.484.json", "BaldoML_of": 18096.121560354874, "BaldoML_time": 0.42877650260925293, "BaldoGA_of": 17911.527960403488, "BaldoGA_time": 5.22043251991272, "Solver_of": 18717.759701568197, "Solver_time": 22.738708972930908, "Z_threshold0.05_of": 18711.392101521724, "Z_threshold0.05_time": 3.1191842555999756, "Z_threshold0.1_of": 18528.853976858205, "Z_threshold0.1_time": 1.534900426864624, "Z_threshold0.15_of": 18261.61170807423, "Z_threshold0.15_time": 0.991710901260376, "Z_threshold0.2_of": 18096.121560354866, "Z_threshold0.2_time": 0.8565552234649658}