{"name": "S_500_271_4286.983.json", "BaldoML_of": 13921.993957403634, "BaldoML_time": 0.37386488914489746, "BaldoGA_of": 13808.459551523954, "BaldoGA_time": 3.3700027465820312, "Solver_of": 14112.286180254923, "Solver_time": 3.844641923904419, "Z_threshold0.05_of": 13908.366509515356, "Z_threshold0.05_time": 0.25777411460876465, "Z_threshold0.1_of": 13876.284547590887, "Z_threshold0.1_time": 0.23680830001831055, "Z_threshold0.15_of": 13876.284547590887, "Z_threshold0.15_time": 0.22501206398010254, "Z_threshold0.2_of": 13876.284547590887, "Z_threshold0.2_time": 0.22218012809753418, "Z_threshold0.25_of": 13876.284547590887, "Z_threshold0.25_time": 0.2247154712677002, "Z_threshold0.3_of": 13876.284547590887, "Z_threshold0.3_time": 0.22581791877746582, "Z_threshold0.35_of": 13876.284547590887, "Z_threshold0.35_time": 0.22603201866149902, "Z_threshold0.4_of": 13876.284547590887, "Z_threshold0.4_time": 0.22360801696777344, "Z_threshold0.45_of": 13876.284547590887, "Z_threshold0.45_time": 0.25965332984924316, "Z_threshold0.5_of": 13876.284547590887, "Z_threshold0.5_time": 0.36670851707458496}