{"name": "S_500_203_3187.607.json", "BaldoML_of": 11842.148063144885, "BaldoML_time": 0.44305992126464844, "BaldoGA_of": 11740.209328842018, "BaldoGA_time": 4.114247560501099, "Solver_of": 12024.473956286596, "Solver_time": 5.3259289264678955, "Z_threshold0.05_of": 11736.702579183615, "Z_threshold0.05_time": 0.26839661598205566, "Z_threshold0.1_of": 11413.447201858937, "Z_threshold0.1_time": 0.2291884422302246, "Z_threshold0.15_of": 11253.852885592734, "Z_threshold0.15_time": 0.21438074111938477, "Z_threshold0.2_of": 11219.156202248902, "Z_threshold0.2_time": 0.21539878845214844, "Z_threshold0.25_of": 11161.867270352175, "Z_threshold0.25_time": 0.21787118911743164, "Z_threshold0.3_of": 11132.049903530906, "Z_threshold0.3_time": 0.2144482135772705, "Z_threshold0.35_of": 11132.049903530906, "Z_threshold0.35_time": 0.21302556991577148, "Z_threshold0.4_of": 11132.049903530906, "Z_threshold0.4_time": 0.21396350860595703, "Z_threshold0.45_of": 11132.049903530906, "Z_threshold0.45_time": 0.2179715633392334, "Z_threshold0.5_of": 11132.049903530906, "Z_threshold0.5_time": 0.2144637107849121}