{"name": "S_500_284_6579.404.json", "BaldoML_of": 15684.307872235282, "BaldoML_time": 0.38010478019714355, "BaldoGA_of": 15618.915258717629, "BaldoGA_time": 7.7866973876953125, "Solver_of": 16081.986528089217, "Solver_time": 248.70233416557312, "Z_threshold0.05_of": 15852.442485247853, "Z_threshold0.05_time": 0.8836710453033447}