{"name": "S_500_113_3226.001.json", "BaldoML_of": 13391.491759997745, "BaldoML_time": 0.681204080581665, "BaldoGA_of": 13132.54717396219, "BaldoGA_time": 2.6196281909942627, "Solver_of": 13589.109874060088, "Solver_time": 7.326614618301392, "Z_threshold0.05_of": 13543.880609810445, "Z_threshold0.05_time": 1.4850795269012451}