{"name": "S_500_195_6600.171.json", "BaldoML_of": 16597.358022917015, "BaldoML_time": 0.41577720642089844, "BaldoGA_of": 16555.63447723514, "BaldoGA_time": 4.57888388633728, "Solver_of": 17182.19027089888, "Solver_time": 42.13439440727234, "Z_threshold0.05_of": 17067.782221906513, "Z_threshold0.05_time": 2.500227451324463, "Z_threshold0.1_of": 16971.262737287663, "Z_threshold0.1_time": 1.2767105102539062, "Z_threshold0.15_of": 16738.329235002366, "Z_threshold0.15_time": 1.036853313446045, "Z_threshold0.2_of": 16387.61228362158, "Z_threshold0.2_time": 0.7011101245880127}