{"name": "S_500_259_3221.035.json", "BaldoML_of": 11810.122464478518, "BaldoML_time": 1.253880500793457, "BaldoGA_of": 11609.632198765974, "BaldoGA_time": 1.6486351490020752, "Solver_of": 11908.694512541735, "Solver_time": 5.456536293029785, "Z_threshold0.05_of": 11786.3353077666, "Z_threshold0.05_time": 0.5237021446228027, "Z_threshold0.1_of": 11786.3353077666, "Z_threshold0.1_time": 0.5076773166656494, "Z_threshold0.15_of": 11786.3353077666, "Z_threshold0.15_time": 0.5205178260803223, "Z_threshold0.2_of": 11786.3353077666, "Z_threshold0.2_time": 0.5057473182678223, "Z_threshold0.25_of": 11786.3353077666, "Z_threshold0.25_time": 0.507892370223999, "Z_threshold0.3_of": 11786.3353077666, "Z_threshold0.3_time": 0.5001277923583984, "Z_threshold0.35_of": 11786.3353077666, "Z_threshold0.35_time": 0.5184593200683594, "Z_threshold0.4_of": 11786.3353077666, "Z_threshold0.4_time": 0.529792308807373, "Z_threshold0.45_of": 11786.3353077666, "Z_threshold0.45_time": 0.5282540321350098, "Z_threshold0.5_of": 11786.3353077666, "Z_threshold0.5_time": 0.5396413803100586}