{"name": "S_500_225_4264.344.json", "BaldoML_of": 13257.913769341965, "BaldoML_time": 0.5034177303314209, "BaldoGA_of": 13166.477887941322, "BaldoGA_time": 4.868190765380859, "Solver_of": 13566.641488851825, "Solver_time": 6.177102565765381, "Z_threshold0.05_of": 13174.282168526986, "Z_threshold0.05_time": 0.2824530601501465, "Z_threshold0.1_of": 13140.240685004837, "Z_threshold0.1_time": 0.24477458000183105, "Z_threshold0.15_of": 12891.054851525741, "Z_threshold0.15_time": 0.24229025840759277, "Z_threshold0.2_of": 12666.582443502299, "Z_threshold0.2_time": 0.24003100395202637, "Z_threshold0.25_of": 12604.093684580615, "Z_threshold0.25_time": 0.241807222366333, "Z_threshold0.3_of": 12519.365887472812, "Z_threshold0.3_time": 0.2379317283630371, "Z_threshold0.35_of": 12519.365887472812, "Z_threshold0.35_time": 0.2370302677154541, "Z_threshold0.4_of": 12519.365887472812, "Z_threshold0.4_time": 0.23996329307556152, "Z_threshold0.45_of": 12519.365887472812, "Z_threshold0.45_time": 0.28063130378723145, "Z_threshold0.5_of": 12519.365887472812, "Z_threshold0.5_time": 0.2504584789276123}