{"name": "S_500_114_3095.922.json", "BaldoML_of": 13440.261205067198, "BaldoML_time": 2.8024439811706543, "BaldoGA_of": 13143.223694964689, "BaldoGA_time": 2.854154586791992, "Solver_of": 13440.261205067187, "Solver_time": 5.27516508102417, "Z_threshold0.05_of": 13401.55496140599, "Z_threshold0.05_time": 1.0698504447937012, "Z_threshold0.1_of": 13349.210111543322, "Z_threshold0.1_time": 1.2327711582183838, "Z_threshold0.15_of": 13349.210111543322, "Z_threshold0.15_time": 1.0346219539642334, "Z_threshold0.2_of": 13313.808816025745, "Z_threshold0.2_time": 0.9961099624633789, "Z_threshold0.25_of": 13207.811352025232, "Z_threshold0.25_time": 0.6839447021484375, "Z_threshold0.3_of": 12955.790091312363, "Z_threshold0.3_time": 0.5236825942993164, "Z_threshold0.35_of": 12904.599695912746, "Z_threshold0.35_time": 0.5241997241973877, "Z_threshold0.4_of": 12904.599695912746, "Z_threshold0.4_time": 0.5439050197601318, "Z_threshold0.45_of": 12553.634951519658, "Z_threshold0.45_time": 0.5372581481933594, "Z_threshold0.5_of": 12424.087562843131, "Z_threshold0.5_time": 0.5126993656158447}