{"name": "S_500_235_3310.051.json", "BaldoML_of": 11840.753374089552, "BaldoML_time": 0.36197376251220703, "BaldoGA_of": 11701.624592866681, "BaldoGA_time": 1.731766700744629, "Solver_of": 12086.003782250147, "Solver_time": 5.786468267440796, "Z_threshold0.05_of": 11705.580240556099, "Z_threshold0.05_time": 0.5873489379882812, "Z_threshold0.1_of": 11705.580240556099, "Z_threshold0.1_time": 0.6094567775726318, "Z_threshold0.15_of": 11705.580240556099, "Z_threshold0.15_time": 0.5898702144622803, "Z_threshold0.2_of": 11705.580240556099, "Z_threshold0.2_time": 0.5929956436157227, "Z_threshold0.25_of": 11705.580240556099, "Z_threshold0.25_time": 0.5944070816040039}