{"name": "S_500_168_6498.202.json", "BaldoML_of": 16720.999922258165, "BaldoML_time": 0.6639647483825684, "BaldoGA_of": 16535.19964516813, "BaldoGA_time": 4.8166210651397705, "Solver_of": 17588.205824818153, "Solver_time": 40.71624565124512, "Z_threshold0.05_of": 17588.054735338028, "Z_threshold0.05_time": 2.1435253620147705, "Z_threshold0.1_of": 17356.084174302207, "Z_threshold0.1_time": 1.2129971981048584, "Z_threshold0.15_of": 17089.216640150524, "Z_threshold0.15_time": 1.303710699081421, "Z_threshold0.2_of": 17059.62841756734, "Z_threshold0.2_time": 0.5775496959686279, "Z_threshold0.25_of": 17042.111258272154, "Z_threshold0.25_time": 0.7197256088256836, "Z_threshold0.3_of": 16966.05424471875, "Z_threshold0.3_time": 0.30186986923217773, "Z_threshold0.35_of": 16938.19800791436, "Z_threshold0.35_time": 0.2684295177459717, "Z_threshold0.4_of": 16899.8140603257, "Z_threshold0.4_time": 0.2660510540008545, "Z_threshold0.45_of": 16715.72660748564, "Z_threshold0.45_time": 0.2635078430175781, "Z_threshold0.5_of": 16662.268130625496, "Z_threshold0.5_time": 0.26825666427612305}