{"name": "S_500_208_6182.997.json", "BaldoML_of": 18228.131630408247, "BaldoML_time": 0.420440673828125, "BaldoGA_of": 18109.742636442683, "BaldoGA_time": 5.3170623779296875, "Solver_of": 18588.93949532979, "Solver_time": 26.258116245269775, "Z_threshold0.05_of": 18489.659691540328, "Z_threshold0.05_time": 2.50581955909729}