{"name": "S_500_193_6238.314.json", "BaldoML_of": 18211.86391328451, "BaldoML_time": 0.5242528915405273, "BaldoGA_of": 17936.29691978598, "BaldoGA_time": 5.715806007385254, "Solver_of": 18624.591637520498, "Solver_time": 12.252261400222778, "Z_threshold0.05_of": 18582.572584305006, "Z_threshold0.05_time": 1.7825393676757812, "Z_threshold0.1_of": 18370.332397966016, "Z_threshold0.1_time": 0.8795003890991211, "Z_threshold0.15_of": 18296.836306600315, "Z_threshold0.15_time": 0.7465600967407227, "Z_threshold0.2_of": 18284.324309340358, "Z_threshold0.2_time": 0.7716488838195801, "Z_threshold0.25_of": 18244.925469333844, "Z_threshold0.25_time": 0.5107486248016357, "Z_threshold0.3_of": 18170.860326754195, "Z_threshold0.3_time": 0.27663731575012207, "Z_threshold0.35_of": 18064.73701330989, "Z_threshold0.35_time": 0.2745530605316162, "Z_threshold0.4_of": 17988.557367574314, "Z_threshold0.4_time": 0.273425817489624, "Z_threshold0.45_of": 17872.84820020195, "Z_threshold0.45_time": 0.2924482822418213, "Z_threshold0.5_of": 17780.113525568624, "Z_threshold0.5_time": 0.2658805847167969}