{"name": "S_500_136_4287.421.json", "BaldoML_of": 15216.539143630123, "BaldoML_time": 0.5455729961395264, "BaldoGA_of": 14909.592814788979, "BaldoGA_time": 3.741989850997925, "Solver_of": 15426.466212780935, "Solver_time": 8.40731430053711, "Z_threshold0.05_of": 15420.83768583932, "Z_threshold0.05_time": 1.7855510711669922, "Z_threshold0.1_of": 15351.760257975751, "Z_threshold0.1_time": 1.0118181705474854, "Z_threshold0.15_of": 15339.524105479537, "Z_threshold0.15_time": 0.6462962627410889, "Z_threshold0.2_of": 15254.222169327972, "Z_threshold0.2_time": 0.4583561420440674, "Z_threshold0.25_of": 15202.406127200542, "Z_threshold0.25_time": 0.37821245193481445, "Z_threshold0.3_of": 14957.711160032892, "Z_threshold0.3_time": 0.2556324005126953, "Z_threshold0.35_of": 14726.48546422385, "Z_threshold0.35_time": 0.252331018447876, "Z_threshold0.4_of": 14452.519419597493, "Z_threshold0.4_time": 0.2541332244873047, "Z_threshold0.45_of": 14173.549339525307, "Z_threshold0.45_time": 0.24900269508361816, "Z_threshold0.5_of": 14173.549339525307, "Z_threshold0.5_time": 0.2530217170715332}