{"name": "S_500_137_6275.937.json", "BaldoML_of": 17986.635254414174, "BaldoML_time": 0.7496740818023682, "BaldoGA_of": 17735.853812727353, "BaldoGA_time": 4.174196243286133, "Solver_of": 18477.939359597072, "Solver_time": 13.014230012893677, "Z_threshold0.05_of": 18411.288941630206, "Z_threshold0.05_time": 1.651111125946045, "Z_threshold0.1_of": 18349.589272702076, "Z_threshold0.1_time": 1.8270509243011475, "Z_threshold0.15_of": 18258.324637672322, "Z_threshold0.15_time": 1.7984840869903564, "Z_threshold0.2_of": 18061.993424429085, "Z_threshold0.2_time": 1.2801084518432617, "Z_threshold0.25_of": 17836.163335889207, "Z_threshold0.25_time": 0.7920699119567871}