{"name": "S_500_168_6498.202.json", "BaldoML_of": 16720.999922258165, "BaldoML_time": 0.6639647483825684, "BaldoGA_of": 16535.19964516813, "BaldoGA_time": 4.8166210651397705, "Solver_of": 17588.205824818153, "Solver_time": 40.71624565124512, "Z_threshold0.05_of": 17588.054735338028, "Z_threshold0.05_time": 3.5222089290618896, "Z_threshold0.1_of": 17356.08417430219, "Z_threshold0.1_time": 1.3629157543182373, "Z_threshold0.15_of": 16995.28937276045, "Z_threshold0.15_time": 1.4984371662139893, "Z_threshold0.2_of": 16788.73255321953, "Z_threshold0.2_time": 1.1192960739135742}