{"name": "S_500_271_4286.983.json", "BaldoML_of": 13921.993957403634, "BaldoML_time": 0.37386488914489746, "BaldoGA_of": 13808.459551523954, "BaldoGA_time": 3.3700027465820312, "Solver_of": 14112.286180254923, "Solver_time": 3.844641923904419, "Z_threshold0.05_of": 13719.641427899256, "Z_threshold0.05_time": 0.627244234085083, "Z_threshold0.1_of": 13719.641427899256, "Z_threshold0.1_time": 0.6326634883880615, "Z_threshold0.15_of": 13719.641427899256, "Z_threshold0.15_time": 0.6328387260437012, "Z_threshold0.2_of": 13719.641427899256, "Z_threshold0.2_time": 0.5877730846405029, "Z_threshold0.25_of": 13719.641427899256, "Z_threshold0.25_time": 0.586909294128418}