{"name": "S_500_224_4147.88.json", "BaldoML_of": 14714.272641248761, "BaldoML_time": 0.48705077171325684, "BaldoGA_of": 14716.13148668602, "BaldoGA_time": 5.450765132904053, "Solver_of": 14947.776812892425, "Solver_time": 7.255721569061279, "Z_threshold0.05_of": 14680.385253335475, "Z_threshold0.05_time": 0.7293529510498047, "Z_threshold0.1_of": 14073.972431290731, "Z_threshold0.1_time": 0.6041100025177002, "Z_threshold0.15_of": 13924.798895125106, "Z_threshold0.15_time": 0.5981483459472656, "Z_threshold0.2_of": 13901.529381094952, "Z_threshold0.2_time": 0.6052172183990479, "Z_threshold0.25_of": 13901.529381094952, "Z_threshold0.25_time": 0.6760575771331787}