{"name": "S_500_253_3142.995.json", "BaldoML_of": 11665.524563247689, "BaldoML_time": 0.31438779830932617, "BaldoGA_of": 11582.028393215733, "BaldoGA_time": 1.735954761505127, "Solver_of": 11962.892289911484, "Solver_time": 4.821276664733887, "Z_threshold0.05_of": 11595.414274668605, "Z_threshold0.05_time": 0.5841245651245117}