{"name": "S_500_191_3021.302.json", "BaldoML_of": 12991.23415032685, "BaldoML_time": 0.5478429794311523, "BaldoGA_of": 12927.218029677613, "BaldoGA_time": 3.9787378311157227, "Solver_of": 13225.489066967779, "Solver_time": 13.195685625076294, "Z_threshold0.05_of": 13101.890888419415, "Z_threshold0.05_time": 1.0030779838562012, "Z_threshold0.1_of": 12756.169714189746, "Z_threshold0.1_time": 0.6346421241760254, "Z_threshold0.15_of": 12302.215692657237, "Z_threshold0.15_time": 0.6732025146484375, "Z_threshold0.2_of": 12184.958976926355, "Z_threshold0.2_time": 0.6163449287414551}