{"name": "S_500_253_3142.995.json", "BaldoML_of": 11850.344853980652, "BaldoML_time": 1.7994279861450195, "BaldoGA_of": 11582.028393215733, "BaldoGA_time": 1.735954761505127, "Solver_of": 11962.892289911484, "Solver_time": 4.821276664733887, "Z_threshold0.05_of": 11797.480826694655, "Z_threshold0.05_time": 0.5406613349914551, "Z_threshold0.1_of": 11797.480826694655, "Z_threshold0.1_time": 0.5372421741485596, "Z_threshold0.15_of": 11797.480826694655, "Z_threshold0.15_time": 0.5746610164642334, "Z_threshold0.2_of": 11797.480826694655, "Z_threshold0.2_time": 0.5404839515686035, "Z_threshold0.25_of": 11797.480826694655, "Z_threshold0.25_time": 0.5811173915863037, "Z_threshold0.3_of": 11797.480826694655, "Z_threshold0.3_time": 0.5619473457336426, "Z_threshold0.35_of": 11797.480826694655, "Z_threshold0.35_time": 0.5444226264953613, "Z_threshold0.4_of": 11797.480826694655, "Z_threshold0.4_time": 0.5474457740783691, "Z_threshold0.45_of": 11797.480826694655, "Z_threshold0.45_time": 0.5363972187042236, "Z_threshold0.5_of": 11797.480826694655, "Z_threshold0.5_time": 0.5377373695373535}