{"name": "S_500_102_6487.709.json", "BaldoML_of": 18612.276762856476, "BaldoML_time": 0.80100417137146, "BaldoGA_of": 18463.168368569517, "BaldoGA_time": 4.31167197227478, "Solver_of": 19169.960508171866, "Solver_time": 69.63207650184631, "Z_threshold0.05_of": 19095.765442946667, "Z_threshold0.05_time": 3.746934175491333, "Z_threshold0.1_of": 19099.715175672616, "Z_threshold0.1_time": 2.9440982341766357, "Z_threshold0.15_of": 19031.972745137067, "Z_threshold0.15_time": 1.9155430793762207, "Z_threshold0.2_of": 18937.275702054656, "Z_threshold0.2_time": 1.362227439880371, "Z_threshold0.25_of": 18863.221187713913, "Z_threshold0.25_time": 1.2666072845458984, "Z_threshold0.3_of": 18863.221187713913, "Z_threshold0.3_time": 1.077899694442749, "Z_threshold0.35_of": 18752.0985591399, "Z_threshold0.35_time": 1.3840365409851074, "Z_threshold0.4_of": 18709.145971483355, "Z_threshold0.4_time": 0.9818437099456787, "Z_threshold0.45_of": 18644.93596890301, "Z_threshold0.45_time": 0.7055158615112305, "Z_threshold0.5_of": 18589.17584805021, "Z_threshold0.5_time": 0.4978969097137451}