{"name": "S_500_298_6705.603.json", "BaldoML_of": 15862.5296848779, "BaldoML_time": 0.37923598289489746, "BaldoGA_of": 15655.255684604255, "BaldoGA_time": 7.712425470352173, "Solver_of": 16319.902977052485, "Solver_time": 139.16387510299683, "Z_threshold0.05_of": 15896.218985888114, "Z_threshold0.05_time": 0.6914794445037842}