{"name": "S_500_126_6312.223.json", "BaldoML_of": 18188.113553838735, "BaldoML_time": 0.4436180591583252, "BaldoGA_of": 18062.932814863005, "BaldoGA_time": 4.928948640823364, "Solver_of": 19001.140062485887, "Solver_time": 19.262213706970215, "Z_threshold0.05_of": 18916.309734460647, "Z_threshold0.05_time": 3.748523235321045, "Z_threshold0.1_of": 18912.343545251104, "Z_threshold0.1_time": 2.1197359561920166, "Z_threshold0.15_of": 18732.773960015922, "Z_threshold0.15_time": 1.4813835620880127, "Z_threshold0.2_of": 18629.973262410003, "Z_threshold0.2_time": 1.4422967433929443}