{"name": "S_500_149_4262.669.json", "BaldoML_of": 14920.657252445924, "BaldoML_time": 0.41402173042297363, "BaldoGA_of": 14613.291605039487, "BaldoGA_time": 3.221074104309082, "Solver_of": 15104.136627138218, "Solver_time": 7.0663604736328125, "Z_threshold0.05_of": 15081.025749782724, "Z_threshold0.05_time": 1.050703763961792, "Z_threshold0.1_of": 15002.579782146342, "Z_threshold0.1_time": 0.7872714996337891, "Z_threshold0.15_of": 14942.58931704588, "Z_threshold0.15_time": 0.5171036720275879, "Z_threshold0.2_of": 14838.263566737041, "Z_threshold0.2_time": 0.3097383975982666, "Z_threshold0.25_of": 14610.21174083755, "Z_threshold0.25_time": 0.22501826286315918, "Z_threshold0.3_of": 14286.20741248079, "Z_threshold0.3_time": 0.22275948524475098, "Z_threshold0.35_of": 14074.62737999997, "Z_threshold0.35_time": 0.22045564651489258, "Z_threshold0.4_of": 13845.981145618525, "Z_threshold0.4_time": 0.22145462036132812, "Z_threshold0.45_of": 13684.353901512159, "Z_threshold0.45_time": 0.21953988075256348, "Z_threshold0.5_of": 13533.487346051408, "Z_threshold0.5_time": 0.2187199592590332}