{"name": "S_500_285_4279.126.json", "BaldoML_of": 13843.00926427321, "BaldoML_time": 0.3386502265930176, "BaldoGA_of": 13697.464301371378, "BaldoGA_time": 1.8112051486968994, "Solver_of": 14163.83101332644, "Solver_time": 6.775721788406372, "Z_threshold0.05_of": 13730.413015875227, "Z_threshold0.05_time": 0.6489415168762207, "Z_threshold0.1_of": 13730.413015875227, "Z_threshold0.1_time": 0.6547234058380127, "Z_threshold0.15_of": 13730.413015875227, "Z_threshold0.15_time": 0.7260861396789551, "Z_threshold0.2_of": 13730.413015875227, "Z_threshold0.2_time": 0.6511387825012207}