{"name": "S_500_137_6275.937.json", "BaldoML_of": 18464.322869898442, "BaldoML_time": 5.322963237762451, "BaldoGA_of": 17735.853812727353, "BaldoGA_time": 4.174196243286133, "Solver_of": 18477.939359597072, "Solver_time": 13.014230012893677, "Z_threshold0.05_of": 18411.288941630195, "Z_threshold0.05_time": 1.514671802520752, "Z_threshold0.1_of": 18280.201564211035, "Z_threshold0.1_time": 1.2288422584533691, "Z_threshold0.15_of": 18253.377342650798, "Z_threshold0.15_time": 1.4023966789245605, "Z_threshold0.2_of": 18253.377342650798, "Z_threshold0.2_time": 1.4102628231048584, "Z_threshold0.25_of": 18223.31633570533, "Z_threshold0.25_time": 1.6063117980957031, "Z_threshold0.3_of": 18167.803280720174, "Z_threshold0.3_time": 1.1204636096954346, "Z_threshold0.35_of": 18140.428714183603, "Z_threshold0.35_time": 0.9856646060943604, "Z_threshold0.4_of": 18079.499242068272, "Z_threshold0.4_time": 0.8558652400970459, "Z_threshold0.45_of": 18029.231690096047, "Z_threshold0.45_time": 0.5351033210754395, "Z_threshold0.5_of": 18020.189305845524, "Z_threshold0.5_time": 0.49959564208984375}