{"name": "S_500_274_3133.337.json", "BaldoML_of": 12464.53989560225, "BaldoML_time": 0.3252072334289551, "BaldoGA_of": 12396.850287036745, "BaldoGA_time": 1.776709794998169, "Solver_of": 12804.559359327941, "Solver_time": 4.3961310386657715, "Z_threshold0.05_of": 12417.814769966668, "Z_threshold0.05_time": 0.6023359298706055, "Z_threshold0.1_of": 12417.814769966668, "Z_threshold0.1_time": 0.6034948825836182, "Z_threshold0.15_of": 12417.814769966668, "Z_threshold0.15_time": 0.6666388511657715, "Z_threshold0.2_of": 12417.814769966668, "Z_threshold0.2_time": 0.592033863067627, "Z_threshold0.25_of": 12417.814769966668, "Z_threshold0.25_time": 0.5922868251800537}