{"name": "S_500_193_4103.372.json", "BaldoML_of": 15819.895725676504, "BaldoML_time": 0.5677094459533691, "BaldoGA_of": 15721.699551377815, "BaldoGA_time": 4.701542139053345, "Solver_of": 15930.976711724934, "Solver_time": 17.97021245956421, "Z_threshold0.05_of": 15843.376296007216, "Z_threshold0.05_time": 1.2330081462860107, "Z_threshold0.1_of": 15712.388539564248, "Z_threshold0.1_time": 0.8078083992004395, "Z_threshold0.15_of": 15532.538610957996, "Z_threshold0.15_time": 0.5933816432952881, "Z_threshold0.2_of": 14883.573464204086, "Z_threshold0.2_time": 0.5941867828369141, "Z_threshold0.25_of": 14883.573464204086, "Z_threshold0.25_time": 0.5897161960601807}