{"name": "S_500_118_6382.621.json", "BaldoML_of": 18576.203320539946, "BaldoML_time": 0.5774240493774414, "BaldoGA_of": 18472.733565529994, "BaldoGA_time": 4.840383291244507, "Solver_of": 19264.434706669992, "Solver_time": 20.407674312591553, "Z_threshold0.05_of": 19150.39962239445, "Z_threshold0.05_time": 1.8774690628051758, "Z_threshold0.1_of": 19017.676683168283, "Z_threshold0.1_time": 1.8784925937652588, "Z_threshold0.15_of": 18841.34500744407, "Z_threshold0.15_time": 1.1242828369140625, "Z_threshold0.2_of": 18784.805900482548, "Z_threshold0.2_time": 1.3998992443084717, "Z_threshold0.25_of": 18570.059771016426, "Z_threshold0.25_time": 1.1478257179260254}