{"name": "S_500_208_6592.204.json", "BaldoML_of": 16486.34863171311, "BaldoML_time": 0.42258429527282715, "BaldoGA_of": 16367.243069742117, "BaldoGA_time": 4.574111461639404, "Solver_of": 17038.873188238602, "Solver_time": 71.47576880455017, "Z_threshold0.05_of": 16941.632146492084, "Z_threshold0.05_time": 1.6824836730957031, "Z_threshold0.1_of": 16763.143858176205, "Z_threshold0.1_time": 0.827376127243042, "Z_threshold0.15_of": 16701.118389222196, "Z_threshold0.15_time": 0.6012721061706543, "Z_threshold0.2_of": 16652.11149992498, "Z_threshold0.2_time": 0.4190866947174072, "Z_threshold0.25_of": 16642.220089735736, "Z_threshold0.25_time": 0.3368051052093506, "Z_threshold0.3_of": 16607.750512339564, "Z_threshold0.3_time": 0.25613927841186523, "Z_threshold0.35_of": 16442.305457073366, "Z_threshold0.35_time": 0.2532467842102051, "Z_threshold0.4_of": 16332.458207087808, "Z_threshold0.4_time": 0.3277308940887451, "Z_threshold0.45_of": 16332.458207087808, "Z_threshold0.45_time": 0.2534050941467285, "Z_threshold0.5_of": 16294.513508668651, "Z_threshold0.5_time": 0.2527437210083008}