{"name": "S_500_142_4113.38.json", "BaldoML_of": 15468.330108702254, "BaldoML_time": 4.872555255889893, "BaldoGA_of": 15031.778763779375, "BaldoGA_time": 3.9872727394104004, "Solver_of": 15468.330108702254, "Solver_time": 8.642582178115845, "Z_threshold0.05_of": 15468.330108702266, "Z_threshold0.05_time": 1.584223985671997, "Z_threshold0.1_of": 15415.658764183767, "Z_threshold0.1_time": 1.2970352172851562, "Z_threshold0.15_of": 15301.758142103054, "Z_threshold0.15_time": 0.9133634567260742, "Z_threshold0.2_of": 15280.44328500853, "Z_threshold0.2_time": 0.7299718856811523, "Z_threshold0.25_of": 15242.337018352602, "Z_threshold0.25_time": 0.9185657501220703, "Z_threshold0.3_of": 15224.04134545541, "Z_threshold0.3_time": 0.5646908283233643, "Z_threshold0.35_of": 14979.37279147532, "Z_threshold0.35_time": 0.5228369235992432, "Z_threshold0.4_of": 14705.961397912608, "Z_threshold0.4_time": 0.5229396820068359, "Z_threshold0.45_of": 14669.65299724406, "Z_threshold0.45_time": 0.532240629196167, "Z_threshold0.5_of": 14560.099644123593, "Z_threshold0.5_time": 0.5167961120605469}