{"name": "S_500_122_6196.918.json", "BaldoML_of": 19597.760914661005, "BaldoML_time": 4.413727521896362, "BaldoGA_of": 18834.52145082448, "BaldoGA_time": 4.921830415725708, "Solver_of": 19597.760914661005, "Solver_time": 16.729578733444214, "Z_threshold0.05_of": 19533.022177225583, "Z_threshold0.05_time": 3.267686128616333, "Z_threshold0.1_of": 19225.629737141524, "Z_threshold0.1_time": 1.61928129196167, "Z_threshold0.15_of": 19025.761140070495, "Z_threshold0.15_time": 1.0185706615447998, "Z_threshold0.2_of": 19025.761140070495, "Z_threshold0.2_time": 1.177138328552246, "Z_threshold0.25_of": 19011.306417892207, "Z_threshold0.25_time": 1.2218787670135498, "Z_threshold0.3_of": 18947.671448978872, "Z_threshold0.3_time": 1.0835990905761719, "Z_threshold0.35_of": 18862.743837515296, "Z_threshold0.35_time": 0.5886518955230713, "Z_threshold0.4_of": 18756.371318509453, "Z_threshold0.4_time": 0.5288224220275879, "Z_threshold0.45_of": 18733.185338279145, "Z_threshold0.45_time": 0.5321986675262451, "Z_threshold0.5_of": 18713.673912350983, "Z_threshold0.5_time": 0.5429139137268066}