{"name": "S_500_234_6399.464.json", "BaldoML_of": 16784.414340688043, "BaldoML_time": 0.6896967887878418, "BaldoGA_of": 16671.819495447933, "BaldoGA_time": 5.38755989074707, "Solver_of": 17245.32996303196, "Solver_time": 75.08016610145569, "Z_threshold0.05_of": 17198.57536551425, "Z_threshold0.05_time": 1.0808095932006836, "Z_threshold0.1_of": 16976.192625803982, "Z_threshold0.1_time": 0.4587244987487793, "Z_threshold0.15_of": 16867.915313484966, "Z_threshold0.15_time": 0.28591394424438477, "Z_threshold0.2_of": 16749.01419604339, "Z_threshold0.2_time": 0.2693812847137451, "Z_threshold0.25_of": 16627.67374276614, "Z_threshold0.25_time": 0.23879504203796387, "Z_threshold0.3_of": 16592.469086785924, "Z_threshold0.3_time": 0.24597978591918945, "Z_threshold0.35_of": 16567.10361830894, "Z_threshold0.35_time": 0.2422323226928711, "Z_threshold0.4_of": 16527.250282547306, "Z_threshold0.4_time": 0.23748493194580078, "Z_threshold0.45_of": 16487.500694856968, "Z_threshold0.45_time": 0.23904204368591309, "Z_threshold0.5_of": 16487.500694856968, "Z_threshold0.5_time": 0.23909711837768555}