{"name": "S_500_282_6322.266.json", "BaldoML_of": 16410.738388443548, "BaldoML_time": 0.4091489315032959, "BaldoGA_of": 16295.540209551318, "BaldoGA_time": 6.739654541015625, "Solver_of": 16801.799269747164, "Solver_time": 125.3946259021759, "Z_threshold0.05_of": 16515.652420619717, "Z_threshold0.05_time": 1.039684534072876, "Z_threshold0.1_of": 15972.245728680857, "Z_threshold0.1_time": 0.6430830955505371, "Z_threshold0.15_of": 15521.820884765868, "Z_threshold0.15_time": 0.6341755390167236, "Z_threshold0.2_of": 15368.434726370717, "Z_threshold0.2_time": 0.6294448375701904}