{"name": "S_500_149_4262.669.json", "BaldoML_of": 14920.657252445924, "BaldoML_time": 0.41402173042297363, "BaldoGA_of": 14613.291605039487, "BaldoGA_time": 3.221074104309082, "Solver_of": 15104.136627138218, "Solver_time": 7.0663604736328125, "Z_threshold0.05_of": 15081.025749782737, "Z_threshold0.05_time": 1.8707671165466309, "Z_threshold0.1_of": 15002.579782146347, "Z_threshold0.1_time": 1.3636837005615234, "Z_threshold0.15_of": 14912.463357941831, "Z_threshold0.15_time": 0.9729633331298828, "Z_threshold0.2_of": 14802.290851159953, "Z_threshold0.2_time": 0.9777195453643799}