{"name": "S_500_229_3110.458.json", "BaldoML_of": 12699.240412234874, "BaldoML_time": 0.33709192276000977, "BaldoGA_of": 12564.51528969506, "BaldoGA_time": 3.5656635761260986, "Solver_of": 12830.802014387455, "Solver_time": 6.71533465385437, "Z_threshold0.05_of": 12324.206458118453, "Z_threshold0.05_time": 0.5277519226074219}