{"name": "S_500_116_3291.511.json", "BaldoML_of": 13268.257769393414, "BaldoML_time": 0.5830001831054688, "BaldoGA_of": 13106.339468003784, "BaldoGA_time": 2.9864706993103027, "Solver_of": 13374.471108415639, "Solver_time": 6.600572347640991, "Z_threshold0.05_of": 13356.811065848728, "Z_threshold0.05_time": 1.1340572834014893, "Z_threshold0.1_of": 13261.074132779497, "Z_threshold0.1_time": 0.8676831722259521, "Z_threshold0.15_of": 13184.14110697354, "Z_threshold0.15_time": 0.7392449378967285, "Z_threshold0.2_of": 12971.930173159537, "Z_threshold0.2_time": 0.6178498268127441, "Z_threshold0.25_of": 12961.315743026538, "Z_threshold0.25_time": 0.604412317276001}