{"name": "S_500_258_3111.539.json", "BaldoML_of": 12489.188996318211, "BaldoML_time": 0.3735823631286621, "BaldoGA_of": 12494.841855629376, "BaldoGA_time": 1.5376875400543213, "Solver_of": 12810.402597173801, "Solver_time": 4.26152229309082, "Z_threshold0.05_of": 12500.99168334069, "Z_threshold0.05_time": 0.5613389015197754}