{"name": "S_500_266_6476.01.json", "BaldoML_of": 16239.424540251732, "BaldoML_time": 0.34761595726013184, "BaldoGA_of": 16013.759862122783, "BaldoGA_time": 5.754072189331055, "Solver_of": 16611.35611086069, "Solver_time": 93.20542860031128, "Z_threshold0.05_of": 16117.7832030336, "Z_threshold0.05_time": 0.32753682136535645, "Z_threshold0.1_of": 15942.346712637867, "Z_threshold0.1_time": 0.24809885025024414, "Z_threshold0.15_of": 15878.498429512938, "Z_threshold0.15_time": 0.24912762641906738, "Z_threshold0.2_of": 15858.662102514785, "Z_threshold0.2_time": 0.2457420825958252, "Z_threshold0.25_of": 15858.662102514785, "Z_threshold0.25_time": 0.24541974067687988, "Z_threshold0.3_of": 15858.662102514785, "Z_threshold0.3_time": 0.24434471130371094, "Z_threshold0.35_of": 15858.662102514785, "Z_threshold0.35_time": 0.24718642234802246, "Z_threshold0.4_of": 15858.662102514785, "Z_threshold0.4_time": 0.24493956565856934, "Z_threshold0.45_of": 15858.662102514785, "Z_threshold0.45_time": 0.24397611618041992, "Z_threshold0.5_of": 15858.662102514785, "Z_threshold0.5_time": 0.27779269218444824}