{"name": "S_500_279_4234.254.json", "BaldoML_of": 13336.008301024152, "BaldoML_time": 0.3680992126464844, "BaldoGA_of": 13326.353929919896, "BaldoGA_time": 2.045698881149292, "Solver_of": 13691.913974646288, "Solver_time": 15.374534845352173, "Z_threshold0.05_of": 13506.658387104588, "Z_threshold0.05_time": 0.2637956142425537, "Z_threshold0.1_of": 13506.658387104588, "Z_threshold0.1_time": 0.2514762878417969, "Z_threshold0.15_of": 13506.658387104588, "Z_threshold0.15_time": 0.24367499351501465, "Z_threshold0.2_of": 13506.658387104588, "Z_threshold0.2_time": 0.24798202514648438, "Z_threshold0.25_of": 13506.658387104588, "Z_threshold0.25_time": 0.2692437171936035, "Z_threshold0.3_of": 13506.658387104588, "Z_threshold0.3_time": 0.24837756156921387, "Z_threshold0.35_of": 13506.658387104588, "Z_threshold0.35_time": 0.2523200511932373, "Z_threshold0.4_of": 13506.658387104588, "Z_threshold0.4_time": 0.24924302101135254, "Z_threshold0.45_of": 13506.658387104588, "Z_threshold0.45_time": 0.24962782859802246, "Z_threshold0.5_of": 13506.658387104588, "Z_threshold0.5_time": 0.25127625465393066}