{"name": "S_500_273_4281.517.json", "BaldoML_of": 14548.44534820926, "BaldoML_time": 0.3735990524291992, "BaldoGA_of": 14464.127445470493, "BaldoGA_time": 6.262228727340698, "Solver_of": 14723.910467402618, "Solver_time": 16.247153520584106, "Z_threshold0.05_of": 14094.517835702472, "Z_threshold0.05_time": 0.5874435901641846}