{"name": "S_500_122_6196.918.json", "BaldoML_of": 18654.291593807728, "BaldoML_time": 0.5211052894592285, "BaldoGA_of": 18834.52145082448, "BaldoGA_time": 4.921830415725708, "Solver_of": 19597.760914661005, "Solver_time": 16.729578733444214, "Z_threshold0.05_of": 19542.146338165097, "Z_threshold0.05_time": 1.9571177959442139}