{"name": "S_500_142_4113.38.json", "BaldoML_of": 15247.577962581832, "BaldoML_time": 0.48648548126220703, "BaldoGA_of": 15031.778763779375, "BaldoGA_time": 3.9872727394104004, "Solver_of": 15468.330108702254, "Solver_time": 8.642582178115845, "Z_threshold0.05_of": 15446.834169812146, "Z_threshold0.05_time": 1.3960349559783936}