{"name": "S_500_255_4275.513.json", "BaldoML_of": 13879.068013873188, "BaldoML_time": 2.3225600719451904, "BaldoGA_of": 13621.223843570084, "BaldoGA_time": 5.313557386398315, "Solver_of": 13879.068013873188, "Solver_time": 5.911230087280273, "Z_threshold0.05_of": 13499.484728483389, "Z_threshold0.05_time": 0.5106773376464844, "Z_threshold0.1_of": 13499.484728483389, "Z_threshold0.1_time": 0.48232316970825195, "Z_threshold0.15_of": 13499.484728483389, "Z_threshold0.15_time": 0.4784214496612549, "Z_threshold0.2_of": 13499.484728483389, "Z_threshold0.2_time": 0.4833388328552246, "Z_threshold0.25_of": 13499.484728483389, "Z_threshold0.25_time": 0.49193692207336426, "Z_threshold0.3_of": 13499.484728483389, "Z_threshold0.3_time": 0.5154926776885986, "Z_threshold0.35_of": 13410.492178879758, "Z_threshold0.35_time": 0.49138617515563965, "Z_threshold0.4_of": 13410.492178879758, "Z_threshold0.4_time": 0.4966568946838379, "Z_threshold0.45_of": 13410.492178879758, "Z_threshold0.45_time": 0.4895298480987549, "Z_threshold0.5_of": 13410.492178879758, "Z_threshold0.5_time": 0.4947812557220459}