{"name": "S_500_182_6361.266.json", "BaldoML_of": 17903.290951872114, "BaldoML_time": 0.4909803867340088, "BaldoGA_of": 17759.67343715461, "BaldoGA_time": 5.67548942565918, "Solver_of": 18459.195212799816, "Solver_time": 32.65133762359619, "Z_threshold0.05_of": 18381.95084662743, "Z_threshold0.05_time": 1.4984018802642822, "Z_threshold0.1_of": 18219.83002201865, "Z_threshold0.1_time": 1.0099091529846191, "Z_threshold0.15_of": 18171.852877164303, "Z_threshold0.15_time": 0.6901829242706299, "Z_threshold0.2_of": 18131.85228018742, "Z_threshold0.2_time": 0.5315902233123779, "Z_threshold0.25_of": 18105.269329921717, "Z_threshold0.25_time": 0.46082472801208496, "Z_threshold0.3_of": 17930.169873002586, "Z_threshold0.3_time": 0.2691648006439209, "Z_threshold0.35_of": 17738.674877094174, "Z_threshold0.35_time": 0.26658034324645996, "Z_threshold0.4_of": 17704.0350521697, "Z_threshold0.4_time": 0.2697582244873047, "Z_threshold0.45_of": 17704.0350521697, "Z_threshold0.45_time": 0.2631552219390869, "Z_threshold0.5_of": 17704.0350521697, "Z_threshold0.5_time": 0.2568247318267822}