{"name": "S_500_229_3110.458.json", "BaldoML_of": 12699.240412234874, "BaldoML_time": 0.33709192276000977, "BaldoGA_of": 12564.51528969506, "BaldoGA_time": 3.5656635761260986, "Solver_of": 12830.802014387455, "Solver_time": 6.71533465385437, "Z_threshold0.05_of": 12511.167936117106, "Z_threshold0.05_time": 0.2594904899597168, "Z_threshold0.1_of": 12511.167936117106, "Z_threshold0.1_time": 0.2438340187072754, "Z_threshold0.15_of": 12511.167936117106, "Z_threshold0.15_time": 0.2502021789550781, "Z_threshold0.2_of": 12511.167936117106, "Z_threshold0.2_time": 0.27274584770202637, "Z_threshold0.25_of": 12511.167936117106, "Z_threshold0.25_time": 0.257932186126709, "Z_threshold0.3_of": 12511.167936117106, "Z_threshold0.3_time": 0.2469346523284912, "Z_threshold0.35_of": 12511.167936117106, "Z_threshold0.35_time": 0.2515583038330078, "Z_threshold0.4_of": 12511.167936117106, "Z_threshold0.4_time": 0.23879289627075195, "Z_threshold0.45_of": 12511.167936117106, "Z_threshold0.45_time": 0.24643230438232422, "Z_threshold0.5_of": 12511.167936117106, "Z_threshold0.5_time": 0.23884320259094238}