{"name": "S_500_165_6060.596.json", "BaldoML_of": 19790.539745951733, "BaldoML_time": 0.5291919708251953, "BaldoGA_of": 19617.742778132233, "BaldoGA_time": 5.294870138168335, "Solver_of": 20233.00614957845, "Solver_time": 27.272106647491455, "Z_threshold0.05_of": 20193.466587970666, "Z_threshold0.05_time": 2.216066837310791, "Z_threshold0.1_of": 20047.70388802736, "Z_threshold0.1_time": 1.1880786418914795, "Z_threshold0.15_of": 19985.26626610687, "Z_threshold0.15_time": 0.5850210189819336, "Z_threshold0.2_of": 19982.8578406947, "Z_threshold0.2_time": 0.5910136699676514, "Z_threshold0.25_of": 19963.076528255067, "Z_threshold0.25_time": 0.4438052177429199, "Z_threshold0.3_of": 19953.45912662312, "Z_threshold0.3_time": 0.28005361557006836, "Z_threshold0.35_of": 19897.752811838593, "Z_threshold0.35_time": 0.2441401481628418, "Z_threshold0.4_of": 19828.13034137309, "Z_threshold0.4_time": 0.24325013160705566, "Z_threshold0.45_of": 19828.13034137309, "Z_threshold0.45_time": 0.24387454986572266, "Z_threshold0.5_of": 19796.672745036598, "Z_threshold0.5_time": 0.27263474464416504}