{"name": "S_500_201_4222.988.json", "BaldoML_of": 14271.869986873207, "BaldoML_time": 0.5483605861663818, "BaldoGA_of": 14067.413661531617, "BaldoGA_time": 4.06599760055542, "Solver_of": 14373.473981946112, "Solver_time": 21.38793706893921, "Z_threshold0.05_of": 14345.348185403307, "Z_threshold0.05_time": 1.0218102931976318, "Z_threshold0.1_of": 14122.466861862596, "Z_threshold0.1_time": 0.4299795627593994, "Z_threshold0.15_of": 13759.241866608025, "Z_threshold0.15_time": 0.2720656394958496, "Z_threshold0.2_of": 13546.582094664584, "Z_threshold0.2_time": 0.25045084953308105, "Z_threshold0.25_of": 13414.172221977984, "Z_threshold0.25_time": 0.24609923362731934, "Z_threshold0.3_of": 13272.015595573186, "Z_threshold0.3_time": 0.24446654319763184, "Z_threshold0.35_of": 13272.015595573186, "Z_threshold0.35_time": 0.24756908416748047, "Z_threshold0.4_of": 13204.723951656124, "Z_threshold0.4_time": 0.24379515647888184, "Z_threshold0.45_of": 13176.717157918287, "Z_threshold0.45_time": 0.24953389167785645, "Z_threshold0.5_of": 13176.717157918287, "Z_threshold0.5_time": 0.2527740001678467}