{"name": "S_500_282_3238.239.json", "BaldoML_of": 11415.698136031791, "BaldoML_time": 0.3639347553253174, "BaldoGA_of": 11347.553678838212, "BaldoGA_time": 1.4164526462554932, "Solver_of": 11846.14716863166, "Solver_time": 4.313068389892578, "Z_threshold0.05_of": 11375.048976016773, "Z_threshold0.05_time": 0.6318671703338623}