{"name": "S_500_266_6476.01.json", "BaldoML_of": 16239.424540251732, "BaldoML_time": 0.34761595726013184, "BaldoGA_of": 16013.759862122783, "BaldoGA_time": 5.754072189331055, "Solver_of": 16611.35611086069, "Solver_time": 93.20542860031128, "Z_threshold0.05_of": 16406.377803834923, "Z_threshold0.05_time": 1.618701457977295, "Z_threshold0.1_of": 16021.547774793504, "Z_threshold0.1_time": 0.8162996768951416, "Z_threshold0.15_of": 15474.248207976441, "Z_threshold0.15_time": 0.6235065460205078, "Z_threshold0.2_of": 15208.458809764476, "Z_threshold0.2_time": 0.6245191097259521, "Z_threshold0.25_of": 15058.15864113427, "Z_threshold0.25_time": 0.709566593170166}