{"name": "S_500_141_6223.074.json", "BaldoML_of": 18314.563725029286, "BaldoML_time": 0.46234869956970215, "BaldoGA_of": 18124.503180673604, "BaldoGA_time": 4.940904140472412, "Solver_of": 18886.638209942037, "Solver_time": 19.64399003982544, "Z_threshold0.05_of": 18886.63820994202, "Z_threshold0.05_time": 2.2369699478149414, "Z_threshold0.1_of": 18760.33321056137, "Z_threshold0.1_time": 1.7596075534820557, "Z_threshold0.15_of": 18703.410438189112, "Z_threshold0.15_time": 1.5736513137817383, "Z_threshold0.2_of": 18593.557022966095, "Z_threshold0.2_time": 1.439441204071045, "Z_threshold0.25_of": 18477.31918979376, "Z_threshold0.25_time": 1.0343668460845947}