{"name": "S_500_210_4284.7.json", "BaldoML_of": 13983.844643298675, "BaldoML_time": 0.5386819839477539, "BaldoGA_of": 13999.91815346094, "BaldoGA_time": 4.581917762756348, "Solver_of": 14319.672383699082, "Solver_time": 37.25370001792908, "Z_threshold0.05_of": 14132.46402901368, "Z_threshold0.05_time": 1.7034032344818115, "Z_threshold0.1_of": 13594.498393894894, "Z_threshold0.1_time": 0.6367359161376953, "Z_threshold0.15_of": 13232.609037968421, "Z_threshold0.15_time": 0.7103621959686279, "Z_threshold0.2_of": 13125.410082709193, "Z_threshold0.2_time": 0.629157543182373, "Z_threshold0.25_of": 13063.758909617942, "Z_threshold0.25_time": 0.626274824142456}