{"name": "S_500_286_6326.389.json", "BaldoML_of": 17740.271147031293, "BaldoML_time": 0.41071391105651855, "BaldoGA_of": 17646.914912660963, "BaldoGA_time": 9.087889671325684, "Solver_of": 18095.809566613938, "Solver_time": 100.33260011672974, "Z_threshold0.05_of": 17810.09000181598, "Z_threshold0.05_time": 1.0058515071868896, "Z_threshold0.1_of": 17129.139610332866, "Z_threshold0.1_time": 0.6470293998718262, "Z_threshold0.15_of": 16827.55842067224, "Z_threshold0.15_time": 0.7184512615203857, "Z_threshold0.2_of": 16827.55842067224, "Z_threshold0.2_time": 0.6395962238311768, "Z_threshold0.25_of": 16827.55842067224, "Z_threshold0.25_time": 0.6369154453277588}