{"name": "S_500_275_3094.534.json", "BaldoML_of": 13313.779488122856, "BaldoML_time": 0.3110952377319336, "BaldoGA_of": 13251.74801851442, "BaldoGA_time": 1.6765670776367188, "Solver_of": 13511.988641679889, "Solver_time": 3.3834614753723145, "Z_threshold0.05_of": 13251.74801851442, "Z_threshold0.05_time": 0.6521096229553223, "Z_threshold0.1_of": 13251.74801851442, "Z_threshold0.1_time": 0.6502439975738525, "Z_threshold0.15_of": 13251.74801851442, "Z_threshold0.15_time": 0.6511728763580322, "Z_threshold0.2_of": 13251.74801851442, "Z_threshold0.2_time": 0.6570820808410645}