{"name": "S_500_106_6415.476.json", "BaldoML_of": 18026.434539654525, "BaldoML_time": 0.4566972255706787, "BaldoGA_of": 17885.1749690802, "BaldoGA_time": 4.323549032211304, "Solver_of": 18809.43325476648, "Solver_time": 138.4035620689392, "Z_threshold0.05_of": 18737.837122164852, "Z_threshold0.05_time": 2.603281259536743, "Z_threshold0.1_of": 18681.3000515868, "Z_threshold0.1_time": 1.7874886989593506, "Z_threshold0.15_of": 18586.402974544355, "Z_threshold0.15_time": 1.2952244281768799, "Z_threshold0.2_of": 18572.120067553304, "Z_threshold0.2_time": 1.335899829864502, "Z_threshold0.25_of": 18507.157078928398, "Z_threshold0.25_time": 1.31595778465271}