{"name": "S_500_136_6579.599.json", "BaldoML_of": 18003.98090857001, "BaldoML_time": 15.00776720046997, "BaldoGA_of": 16988.125853300706, "BaldoGA_time": 4.655446290969849, "Solver_of": 18003.980908569993, "Solver_time": 72.40265083312988, "Z_threshold0.05_of": 17966.51943762862, "Z_threshold0.05_time": 5.0119171142578125, "Z_threshold0.1_of": 17788.390552327295, "Z_threshold0.1_time": 1.5455825328826904, "Z_threshold0.15_of": 17740.331983252407, "Z_threshold0.15_time": 1.9676122665405273, "Z_threshold0.2_of": 17680.272383305106, "Z_threshold0.2_time": 1.4371800422668457, "Z_threshold0.25_of": 17653.203280498306, "Z_threshold0.25_time": 1.294903039932251, "Z_threshold0.3_of": 17634.423853534834, "Z_threshold0.3_time": 1.484039306640625, "Z_threshold0.35_of": 17609.217699177145, "Z_threshold0.35_time": 1.1325886249542236, "Z_threshold0.4_of": 17463.7911544676, "Z_threshold0.4_time": 0.6249845027923584, "Z_threshold0.45_of": 17379.929332441607, "Z_threshold0.45_time": 0.5432784557342529, "Z_threshold0.5_of": 17349.70794410173, "Z_threshold0.5_time": 0.5417609214782715}