{"name": "S_500_278_3215.332.json", "BaldoML_of": 12147.851530093812, "BaldoML_time": 0.33332395553588867, "BaldoGA_of": 12096.640995988817, "BaldoGA_time": 1.5763137340545654, "Solver_of": 12434.627595347265, "Solver_time": 4.877805709838867, "Z_threshold0.05_of": 12255.96691648781, "Z_threshold0.05_time": 0.2668581008911133, "Z_threshold0.1_of": 12255.96691648781, "Z_threshold0.1_time": 0.26097774505615234, "Z_threshold0.15_of": 12255.96691648781, "Z_threshold0.15_time": 0.34299492835998535, "Z_threshold0.2_of": 12255.96691648781, "Z_threshold0.2_time": 0.287672758102417, "Z_threshold0.25_of": 12255.96691648781, "Z_threshold0.25_time": 0.2572169303894043, "Z_threshold0.3_of": 12255.96691648781, "Z_threshold0.3_time": 0.2539806365966797, "Z_threshold0.35_of": 12255.96691648781, "Z_threshold0.35_time": 0.2506566047668457, "Z_threshold0.4_of": 12255.96691648781, "Z_threshold0.4_time": 0.24669981002807617, "Z_threshold0.45_of": 12255.96691648781, "Z_threshold0.45_time": 0.25719356536865234, "Z_threshold0.5_of": 12255.96691648781, "Z_threshold0.5_time": 0.24729681015014648}