{"name": "S_500_121_6406.354.json", "BaldoML_of": 17712.012193465438, "BaldoML_time": 0.4501981735229492, "BaldoGA_of": 17667.784732636585, "BaldoGA_time": 4.568743705749512, "Solver_of": 18507.72127088395, "Solver_time": 173.186509847641, "Z_threshold0.05_of": 18472.590783112526, "Z_threshold0.05_time": 3.740666389465332, "Z_threshold0.1_of": 18336.489083275796, "Z_threshold0.1_time": 1.3972957134246826, "Z_threshold0.15_of": 18191.809979612124, "Z_threshold0.15_time": 1.2974164485931396, "Z_threshold0.2_of": 18125.150489920914, "Z_threshold0.2_time": 1.3271150588989258, "Z_threshold0.25_of": 18050.917363640274, "Z_threshold0.25_time": 0.8105804920196533, "Z_threshold0.3_of": 18005.187077696355, "Z_threshold0.3_time": 0.5339961051940918, "Z_threshold0.35_of": 17990.76309397492, "Z_threshold0.35_time": 0.5861306190490723, "Z_threshold0.4_of": 17923.166168330048, "Z_threshold0.4_time": 0.4308662414550781, "Z_threshold0.45_of": 17823.344343257588, "Z_threshold0.45_time": 0.2507660388946533, "Z_threshold0.5_of": 17699.986321423567, "Z_threshold0.5_time": 0.24675202369689941}