{"name": "S_500_269_4092.911.json", "BaldoML_of": 14800.48762515816, "BaldoML_time": 0.42670345306396484, "BaldoGA_of": 14717.070551054105, "BaldoGA_time": 5.18804931640625, "Solver_of": 14926.388539664531, "Solver_time": 5.18412184715271, "Z_threshold0.05_of": 14407.18839528564, "Z_threshold0.05_time": 0.6392536163330078, "Z_threshold0.1_of": 14407.18839528564, "Z_threshold0.1_time": 0.6246600151062012, "Z_threshold0.15_of": 14407.18839528564, "Z_threshold0.15_time": 0.6316781044006348, "Z_threshold0.2_of": 14407.18839528564, "Z_threshold0.2_time": 0.6324703693389893}