{"name": "S_500_269_4223.047.json", "BaldoML_of": 15011.95826263826, "BaldoML_time": 0.3785665035247803, "BaldoGA_of": 14954.65381195541, "BaldoGA_time": 5.891826629638672, "Solver_of": 15201.0777789566, "Solver_time": 6.6235573291778564, "Z_threshold0.05_of": 14669.941252925899, "Z_threshold0.05_time": 0.622150182723999, "Z_threshold0.1_of": 14621.076156831445, "Z_threshold0.1_time": 0.6232399940490723, "Z_threshold0.15_of": 14621.076156831445, "Z_threshold0.15_time": 0.7088775634765625, "Z_threshold0.2_of": 14621.076156831445, "Z_threshold0.2_time": 0.6282083988189697, "Z_threshold0.25_of": 14621.076156831445, "Z_threshold0.25_time": 0.6333849430084229}