{"name": "S_500_198_6508.284.json", "BaldoML_of": 16669.468657572812, "BaldoML_time": 0.44384241104125977, "BaldoGA_of": 16516.795688914946, "BaldoGA_time": 4.599207401275635, "Solver_of": 17102.264388496955, "Solver_time": 35.899378061294556, "Z_threshold0.05_of": 17058.673896724264, "Z_threshold0.05_time": 1.83174729347229, "Z_threshold0.1_of": 16966.109973819362, "Z_threshold0.1_time": 1.7526390552520752, "Z_threshold0.15_of": 16751.587829538123, "Z_threshold0.15_time": 1.206477403640747, "Z_threshold0.2_of": 16678.20909148602, "Z_threshold0.2_time": 0.8695282936096191}