{"name": "S_500_189_3296.533.json", "BaldoML_of": 11913.506082062262, "BaldoML_time": 0.41681790351867676, "BaldoGA_of": 11883.576159647644, "BaldoGA_time": 3.912885904312134, "Solver_of": 12092.216068856877, "Solver_time": 14.203348875045776, "Z_threshold0.05_of": 11822.119125174127, "Z_threshold0.05_time": 0.7508127689361572}