{"name": "S_500_227_6400.503.json", "BaldoML_of": 17321.78679004715, "BaldoML_time": 0.3826735019683838, "BaldoGA_of": 17229.707431834064, "BaldoGA_time": 5.3331499099731445, "Solver_of": 17914.198695045106, "Solver_time": 94.97415852546692, "Z_threshold0.05_of": 17694.05595263677, "Z_threshold0.05_time": 1.655148983001709, "Z_threshold0.1_of": 17550.668432441318, "Z_threshold0.1_time": 0.3712589740753174, "Z_threshold0.15_of": 17467.93806542912, "Z_threshold0.15_time": 0.2647843360900879, "Z_threshold0.2_of": 17351.735712568607, "Z_threshold0.2_time": 0.2401590347290039, "Z_threshold0.25_of": 17311.875329541577, "Z_threshold0.25_time": 0.24120807647705078, "Z_threshold0.3_of": 17138.49825427479, "Z_threshold0.3_time": 0.24961113929748535, "Z_threshold0.35_of": 17090.63180826032, "Z_threshold0.35_time": 0.24618005752563477, "Z_threshold0.4_of": 17090.63180826032, "Z_threshold0.4_time": 0.24745678901672363, "Z_threshold0.45_of": 17090.63180826032, "Z_threshold0.45_time": 0.25371503829956055, "Z_threshold0.5_of": 17063.12248197533, "Z_threshold0.5_time": 0.26268553733825684}