{"name": "S_500_137_6275.937.json", "BaldoML_of": 17986.635254414174, "BaldoML_time": 0.7496740818023682, "BaldoGA_of": 17735.853812727353, "BaldoGA_time": 4.174196243286133, "Solver_of": 18477.939359597072, "Solver_time": 13.014230012893677, "Z_threshold0.05_of": 18411.288941630195, "Z_threshold0.05_time": 1.8769233226776123, "Z_threshold0.1_of": 18343.13890214842, "Z_threshold0.1_time": 1.3781137466430664, "Z_threshold0.15_of": 18253.377342650798, "Z_threshold0.15_time": 1.3200194835662842, "Z_threshold0.2_of": 18249.21365635373, "Z_threshold0.2_time": 1.3021574020385742, "Z_threshold0.25_of": 18167.803280720174, "Z_threshold0.25_time": 0.8639824390411377, "Z_threshold0.3_of": 18140.428714183603, "Z_threshold0.3_time": 0.7843549251556396, "Z_threshold0.35_of": 18079.499242068272, "Z_threshold0.35_time": 0.5564000606536865, "Z_threshold0.4_of": 18029.231690096047, "Z_threshold0.4_time": 0.2872946262359619, "Z_threshold0.45_of": 18020.189305845524, "Z_threshold0.45_time": 0.25343966484069824, "Z_threshold0.5_of": 17957.511805576767, "Z_threshold0.5_time": 0.2440176010131836}