{"name": "S_500_208_6335.801.json", "BaldoML_of": 17807.128673167048, "BaldoML_time": 12.666633129119873, "BaldoGA_of": 17348.502659463145, "BaldoGA_time": 4.8272316455841064, "Solver_of": 17807.128673167048, "Solver_time": 62.817020416259766, "Z_threshold0.05_of": 17708.18384818936, "Z_threshold0.05_time": 3.438253402709961, "Z_threshold0.1_of": 17643.644452131837, "Z_threshold0.1_time": 1.5543136596679688, "Z_threshold0.15_of": 17570.949866049476, "Z_threshold0.15_time": 1.2130703926086426, "Z_threshold0.2_of": 17436.44293176511, "Z_threshold0.2_time": 0.8658163547515869, "Z_threshold0.25_of": 17355.542096501675, "Z_threshold0.25_time": 0.5810940265655518, "Z_threshold0.3_of": 17282.058382902684, "Z_threshold0.3_time": 0.5412733554840088, "Z_threshold0.35_of": 17034.756091563166, "Z_threshold0.35_time": 0.5108325481414795, "Z_threshold0.4_of": 16890.49624364972, "Z_threshold0.4_time": 0.5080137252807617, "Z_threshold0.45_of": 16822.83403168692, "Z_threshold0.45_time": 0.5126879215240479, "Z_threshold0.5_of": 16822.83403168692, "Z_threshold0.5_time": 0.515089750289917}