{"name": "S_500_287_6319.909.json", "BaldoML_of": 16665.29562487629, "BaldoML_time": 0.3161966800689697, "BaldoGA_of": 16508.08271814575, "BaldoGA_time": 8.228265285491943, "Solver_of": 17042.659621371047, "Solver_time": 24.02731966972351, "Z_threshold0.05_of": 16476.09278622749, "Z_threshold0.05_time": 0.3021516799926758, "Z_threshold0.1_of": 16344.478857616223, "Z_threshold0.1_time": 0.24535250663757324, "Z_threshold0.15_of": 16326.855778181385, "Z_threshold0.15_time": 0.2608959674835205, "Z_threshold0.2_of": 16326.855778181385, "Z_threshold0.2_time": 0.23297333717346191, "Z_threshold0.25_of": 16326.855778181385, "Z_threshold0.25_time": 0.23852205276489258, "Z_threshold0.3_of": 16326.855778181385, "Z_threshold0.3_time": 0.23316597938537598, "Z_threshold0.35_of": 16326.855778181385, "Z_threshold0.35_time": 0.23450565338134766, "Z_threshold0.4_of": 16326.855778181385, "Z_threshold0.4_time": 0.23391413688659668, "Z_threshold0.45_of": 16326.855778181385, "Z_threshold0.45_time": 0.23778867721557617, "Z_threshold0.5_of": 16326.855778181385, "Z_threshold0.5_time": 0.23359370231628418}