{"name": "S_500_113_3226.001.json", "BaldoML_of": 13391.491759997745, "BaldoML_time": 0.681204080581665, "BaldoGA_of": 13132.54717396219, "BaldoGA_time": 2.6196281909942627, "Solver_of": 13589.109874060088, "Solver_time": 7.326614618301392, "Z_threshold0.05_of": 13548.177204596503, "Z_threshold0.05_time": 0.8428537845611572, "Z_threshold0.1_of": 13397.241975808924, "Z_threshold0.1_time": 0.6610383987426758, "Z_threshold0.15_of": 13243.244225050734, "Z_threshold0.15_time": 0.5164656639099121, "Z_threshold0.2_of": 13161.233215671213, "Z_threshold0.2_time": 0.36169934272766113, "Z_threshold0.25_of": 12905.30564954846, "Z_threshold0.25_time": 0.2532529830932617, "Z_threshold0.3_of": 12673.093415388423, "Z_threshold0.3_time": 0.24822425842285156, "Z_threshold0.35_of": 12516.200563098095, "Z_threshold0.35_time": 0.24049639701843262, "Z_threshold0.4_of": 12375.074555953275, "Z_threshold0.4_time": 0.2409348487854004, "Z_threshold0.45_of": 12283.708370218254, "Z_threshold0.45_time": 0.24033212661743164, "Z_threshold0.5_of": 12179.380729913826, "Z_threshold0.5_time": 0.2397475242614746}