{"name": "S_500_205_6309.165.json", "BaldoML_of": 17208.42235629363, "BaldoML_time": 0.4112837314605713, "BaldoGA_of": 17221.024810822495, "BaldoGA_time": 5.968512296676636, "Solver_of": 17646.36318074754, "Solver_time": 22.140735387802124, "Z_threshold0.05_of": 17594.62820253068, "Z_threshold0.05_time": 2.644774913787842, "Z_threshold0.1_of": 17403.36438018966, "Z_threshold0.1_time": 1.2684924602508545, "Z_threshold0.15_of": 17268.238169798875, "Z_threshold0.15_time": 1.0713937282562256, "Z_threshold0.2_of": 17145.459177282602, "Z_threshold0.2_time": 0.753079891204834, "Z_threshold0.25_of": 17058.845446319116, "Z_threshold0.25_time": 0.6659400463104248}