{"name": "S_500_171_6706.168.json", "BaldoML_of": 16934.730480655402, "BaldoML_time": 0.41145944595336914, "BaldoGA_of": 16857.540763865465, "BaldoGA_time": 4.872335195541382, "Solver_of": 17496.704964414424, "Solver_time": 119.47474956512451, "Z_threshold0.05_of": 17473.34646681379, "Z_threshold0.05_time": 4.475045680999756, "Z_threshold0.1_of": 17342.725337690543, "Z_threshold0.1_time": 1.0662755966186523, "Z_threshold0.15_of": 17214.425472943785, "Z_threshold0.15_time": 0.7850110530853271, "Z_threshold0.2_of": 17187.46372711029, "Z_threshold0.2_time": 0.6891608238220215, "Z_threshold0.25_of": 17178.038132724414, "Z_threshold0.25_time": 0.6376750469207764, "Z_threshold0.3_of": 17167.141364554067, "Z_threshold0.3_time": 0.43255066871643066, "Z_threshold0.35_of": 17167.141364554067, "Z_threshold0.35_time": 0.3893160820007324, "Z_threshold0.4_of": 16802.110649112677, "Z_threshold0.4_time": 0.27329182624816895, "Z_threshold0.45_of": 16802.110649112677, "Z_threshold0.45_time": 0.2752704620361328, "Z_threshold0.5_of": 16615.15010401632, "Z_threshold0.5_time": 0.2735719680786133}