{"name": "S_500_285_4454.441.json", "BaldoML_of": 12818.356649449699, "BaldoML_time": 0.32100915908813477, "BaldoGA_of": 12678.347667831229, "BaldoGA_time": 2.0517325401306152, "Solver_of": 13279.606628185575, "Solver_time": 4.614174842834473, "Z_threshold0.05_of": 12689.166114949187, "Z_threshold0.05_time": 0.6672966480255127, "Z_threshold0.1_of": 12689.166114949187, "Z_threshold0.1_time": 0.6220500469207764, "Z_threshold0.15_of": 12689.166114949187, "Z_threshold0.15_time": 0.6331815719604492, "Z_threshold0.2_of": 12689.166114949187, "Z_threshold0.2_time": 0.6295714378356934, "Z_threshold0.25_of": 12689.166114949187, "Z_threshold0.25_time": 0.6342744827270508}