{"name": "S_500_189_3042.373.json", "BaldoML_of": 12766.033861475178, "BaldoML_time": 0.6422748565673828, "BaldoGA_of": 12624.069716880174, "BaldoGA_time": 3.7102389335632324, "Solver_of": 13000.487784967623, "Solver_time": 7.997710227966309, "Z_threshold0.05_of": 12749.793676815098, "Z_threshold0.05_time": 0.39815807342529297, "Z_threshold0.1_of": 12484.251589425317, "Z_threshold0.1_time": 0.28073859214782715, "Z_threshold0.15_of": 12185.765541587949, "Z_threshold0.15_time": 0.2504720687866211, "Z_threshold0.2_of": 11863.924437924992, "Z_threshold0.2_time": 0.24026107788085938, "Z_threshold0.25_of": 11863.924437924992, "Z_threshold0.25_time": 0.2391059398651123, "Z_threshold0.3_of": 11863.924437924992, "Z_threshold0.3_time": 0.22487545013427734, "Z_threshold0.35_of": 11831.357109863495, "Z_threshold0.35_time": 0.22830605506896973, "Z_threshold0.4_of": 11778.540452550422, "Z_threshold0.4_time": 0.2262568473815918, "Z_threshold0.45_of": 11750.718258235416, "Z_threshold0.45_time": 0.2275831699371338, "Z_threshold0.5_of": 11750.718258235416, "Z_threshold0.5_time": 0.22727274894714355}