{"name": "S_500_296_6177.464.json", "BaldoML_of": 17630.621866605066, "BaldoML_time": 0.38872218132019043, "BaldoGA_of": 17616.709874781685, "BaldoGA_time": 8.477182388305664, "Solver_of": 18024.62105686346, "Solver_time": 62.40095019340515, "Z_threshold0.05_of": 17720.17422952421, "Z_threshold0.05_time": 0.8641958236694336, "Z_threshold0.1_of": 17073.868479783134, "Z_threshold0.1_time": 0.6445119380950928, "Z_threshold0.15_of": 16904.740502057954, "Z_threshold0.15_time": 0.6342418193817139, "Z_threshold0.2_of": 16904.740502057954, "Z_threshold0.2_time": 0.6348319053649902}