{"name": "S_500_227_6237.512.json", "BaldoML_of": 17768.59954136376, "BaldoML_time": 0.5191390514373779, "BaldoGA_of": 17783.522154612332, "BaldoGA_time": 6.129880428314209, "Solver_of": 18195.26819849742, "Solver_time": 77.53309655189514, "Z_threshold0.05_of": 18031.74124580545, "Z_threshold0.05_time": 1.5460889339447021, "Z_threshold0.1_of": 17797.114685372017, "Z_threshold0.1_time": 0.9790329933166504, "Z_threshold0.15_of": 17716.84481363561, "Z_threshold0.15_time": 0.9577910900115967, "Z_threshold0.2_of": 17652.198175139223, "Z_threshold0.2_time": 0.6475253105163574, "Z_threshold0.25_of": 17221.565870303795, "Z_threshold0.25_time": 0.6490774154663086}