{"name": "S_500_246_6444.417.json", "BaldoML_of": 16700.877818807916, "BaldoML_time": 22.535597324371338, "BaldoGA_of": 16174.767516605447, "BaldoGA_time": 5.444073438644409, "Solver_of": 16710.536420842895, "Solver_time": 330.4819688796997, "Z_threshold0.05_of": 16474.096885501847, "Z_threshold0.05_time": 2.9630250930786133, "Z_threshold0.1_of": 16335.817564080913, "Z_threshold0.1_time": 0.6833915710449219, "Z_threshold0.15_of": 16235.489822250127, "Z_threshold0.15_time": 0.5962460041046143, "Z_threshold0.2_of": 16115.85748438729, "Z_threshold0.2_time": 0.6481213569641113, "Z_threshold0.25_of": 16076.783574146844, "Z_threshold0.25_time": 0.5709664821624756, "Z_threshold0.3_of": 16048.8394486297, "Z_threshold0.3_time": 0.6422226428985596, "Z_threshold0.35_of": 16026.135136446504, "Z_threshold0.35_time": 0.6007964611053467, "Z_threshold0.4_of": 16026.135136446504, "Z_threshold0.4_time": 0.5600614547729492, "Z_threshold0.45_of": 16000.951066170386, "Z_threshold0.45_time": 0.5424702167510986, "Z_threshold0.5_of": 16000.951066170386, "Z_threshold0.5_time": 0.5412821769714355}