{"name": "S_500_229_6298.481.json", "BaldoML_of": 17968.413328556813, "BaldoML_time": 0.4892873764038086, "BaldoGA_of": 17737.396612416807, "BaldoGA_time": 5.3966474533081055, "Solver_of": 18244.38344516413, "Solver_time": 68.16854882240295, "Z_threshold0.05_of": 18132.156519425167, "Z_threshold0.05_time": 1.5534298419952393, "Z_threshold0.1_of": 17980.346569357826, "Z_threshold0.1_time": 1.0702886581420898, "Z_threshold0.15_of": 17818.667439011544, "Z_threshold0.15_time": 0.6775705814361572, "Z_threshold0.2_of": 17389.119301550934, "Z_threshold0.2_time": 0.6243343353271484}