{"name": "S_500_149_4264.012.json", "BaldoML_of": 13978.456147098048, "BaldoML_time": 0.4998137950897217, "BaldoGA_of": 13615.455810324373, "BaldoGA_time": 3.0931999683380127, "Solver_of": 14134.27889200135, "Solver_time": 10.014012813568115, "Z_threshold0.05_of": 14110.607975629579, "Z_threshold0.05_time": 1.558532953262329, "Z_threshold0.1_of": 14079.174069136421, "Z_threshold0.1_time": 1.0909056663513184, "Z_threshold0.15_of": 13919.229619791056, "Z_threshold0.15_time": 1.176262617111206, "Z_threshold0.2_of": 13595.860357986776, "Z_threshold0.2_time": 0.6047525405883789, "Z_threshold0.25_of": 13417.25063311243, "Z_threshold0.25_time": 0.6028695106506348}