{"name": "S_500_204_6243.974.json", "BaldoML_of": 17372.36388464512, "BaldoML_time": 0.4066281318664551, "BaldoGA_of": 17227.315485841522, "BaldoGA_time": 5.445370674133301, "Solver_of": 17963.801412614495, "Solver_time": 13.797654628753662, "Z_threshold0.05_of": 17928.977395213413, "Z_threshold0.05_time": 2.078744888305664, "Z_threshold0.1_of": 17668.55522422096, "Z_threshold0.1_time": 0.8614504337310791, "Z_threshold0.15_of": 17634.923140601168, "Z_threshold0.15_time": 0.6816115379333496, "Z_threshold0.2_of": 17568.988372043827, "Z_threshold0.2_time": 0.47414350509643555, "Z_threshold0.25_of": 17568.988372043827, "Z_threshold0.25_time": 0.43224334716796875, "Z_threshold0.3_of": 17371.06738160472, "Z_threshold0.3_time": 0.27411985397338867, "Z_threshold0.35_of": 17222.641345023116, "Z_threshold0.35_time": 0.2710685729980469, "Z_threshold0.4_of": 17181.476203637027, "Z_threshold0.4_time": 0.2667396068572998, "Z_threshold0.45_of": 17144.40222871095, "Z_threshold0.45_time": 0.27275538444519043, "Z_threshold0.5_of": 17052.119604971016, "Z_threshold0.5_time": 0.2620503902435303}