{"name": "S_500_144_4309.194.json", "BaldoML_of": 13762.199169539259, "BaldoML_time": 0.6818437576293945, "BaldoGA_of": 13681.119700973428, "BaldoGA_time": 3.479311943054199, "Solver_of": 14084.954113552458, "Solver_time": 18.661897659301758, "Z_threshold0.05_of": 13984.937406437617, "Z_threshold0.05_time": 1.4794328212738037, "Z_threshold0.1_of": 13935.79555072081, "Z_threshold0.1_time": 1.1507582664489746, "Z_threshold0.15_of": 13894.258101502483, "Z_threshold0.15_time": 0.6206018924713135, "Z_threshold0.2_of": 13856.640375737035, "Z_threshold0.2_time": 0.3045387268066406, "Z_threshold0.25_of": 13645.86184224466, "Z_threshold0.25_time": 0.24564886093139648, "Z_threshold0.3_of": 13645.86184224466, "Z_threshold0.3_time": 0.24538922309875488, "Z_threshold0.35_of": 13625.111642709015, "Z_threshold0.35_time": 0.24573040008544922, "Z_threshold0.4_of": 13354.602782510523, "Z_threshold0.4_time": 0.243316650390625, "Z_threshold0.45_of": 13354.602782510523, "Z_threshold0.45_time": 0.24199628829956055, "Z_threshold0.5_of": 12989.750244062421, "Z_threshold0.5_time": 0.24330353736877441}