{"name": "S_700_241_5986.984.json", "BaldoML_of": 18796.87334715204, "BaldoML_time": 1.3821876049041748, "BaldoGA_of": 18427.91654164694, "BaldoGA_time": 5.531834363937378, "Solver_of": 19172.613208852887, "Solver_time": 94.29895329475403, "Z_threshold0.05_of": 19111.825137713844, "Z_threshold0.05_time": 2.462200880050659, "Z_threshold0.1_of": 18846.036471308038, "Z_threshold0.1_time": 1.000596046447754, "Z_threshold0.15_of": 18734.533338359084, "Z_threshold0.15_time": 0.6360363960266113, "Z_threshold0.2_of": 18495.373986389663, "Z_threshold0.2_time": 0.3712179660797119, "Z_threshold0.25_of": 18222.172007629284, "Z_threshold0.25_time": 0.36491942405700684, "Z_threshold0.3_of": 18063.713625408356, "Z_threshold0.3_time": 0.3670012950897217, "Z_threshold0.35_of": 17795.026603247352, "Z_threshold0.35_time": 0.36832451820373535, "Z_threshold0.4_of": 17587.187777597108, "Z_threshold0.4_time": 0.3605515956878662, "Z_threshold0.45_of": 17417.251243300496, "Z_threshold0.45_time": 0.3627755641937256, "Z_threshold0.5_of": 17417.251243300496, "Z_threshold0.5_time": 0.36787891387939453}