{"name": "S_700_289_4539.53.json", "BaldoML_of": 16365.371621674356, "BaldoML_time": 0.6652610301971436, "BaldoGA_of": 16116.972219571551, "BaldoGA_time": 7.690973997116089, "Solver_of": 16661.709542359, "Solver_time": 10.815456867218018, "Z_threshold0.05_of": 16197.865946249683, "Z_threshold0.05_time": 0.4379596710205078, "Z_threshold0.1_of": 15570.16309195282, "Z_threshold0.1_time": 0.38465404510498047, "Z_threshold0.15_of": 15536.759432452174, "Z_threshold0.15_time": 0.3815176486968994, "Z_threshold0.2_of": 15536.759432452174, "Z_threshold0.2_time": 0.4065248966217041, "Z_threshold0.25_of": 15536.759432452174, "Z_threshold0.25_time": 0.3940415382385254, "Z_threshold0.3_of": 15536.759432452174, "Z_threshold0.3_time": 0.3856654167175293, "Z_threshold0.35_of": 15536.759432452174, "Z_threshold0.35_time": 0.3871173858642578, "Z_threshold0.4_of": 15536.759432452174, "Z_threshold0.4_time": 0.38628339767456055, "Z_threshold0.45_of": 15536.759432452174, "Z_threshold0.45_time": 0.38828253746032715, "Z_threshold0.5_of": 15536.759432452174, "Z_threshold0.5_time": 0.38580918312072754}