{"name": "S_700_299_8893.662.json", "BaldoML_of": 24199.513690377884, "BaldoML_time": 0.8437325954437256, "BaldoGA_of": 23706.651912704714, "BaldoGA_time": 9.511136293411255, "Solver_of": 24790.118503813068, "Solver_time": 375.1584138870239, "Z_threshold0.05_of": 24705.174486033797, "Z_threshold0.05_time": 4.441112041473389}