{"name": "S_700_363_8930.167.json", "BaldoML_of": 24213.44948075509, "BaldoML_time": 0.5653560161590576, "BaldoGA_of": 23956.62072741149, "BaldoGA_time": 11.977283000946045, "Solver_of": 24734.87555451689, "Solver_time": 685.0655252933502, "Z_threshold0.05_of": 24493.268887559505, "Z_threshold0.05_time": 6.7066521644592285, "Z_threshold0.1_of": 24149.51643225699, "Z_threshold0.1_time": 1.4470415115356445, "Z_threshold0.15_of": 23500.240461151527, "Z_threshold0.15_time": 0.879035472869873, "Z_threshold0.2_of": 23066.051655176216, "Z_threshold0.2_time": 0.9531843662261963}