{"name": "S_700_244_6162.152.json", "BaldoML_of": 19389.046551899602, "BaldoML_time": 0.855501651763916, "BaldoGA_of": 19006.653633237504, "BaldoGA_time": 6.399303436279297, "Solver_of": 19719.001783385513, "Solver_time": 25.39176845550537, "Z_threshold0.05_of": 19651.13562149296, "Z_threshold0.05_time": 2.5427143573760986}