{"name": "S_700_310_9157.825.json", "BaldoML_of": 23467.60151894876, "BaldoML_time": 0.6187667846679688, "BaldoGA_of": 23358.647926828835, "BaldoGA_time": 8.40971326828003, "Solver_of": 24483.456190012697, "Solver_time": 157.1689214706421, "Z_threshold0.05_of": 24261.48250931826, "Z_threshold0.05_time": 7.661485433578491, "Z_threshold0.1_of": 23857.531628169745, "Z_threshold0.1_time": 0.9493887424468994, "Z_threshold0.15_of": 23705.417679407263, "Z_threshold0.15_time": 0.5422232151031494, "Z_threshold0.2_of": 23415.474795105132, "Z_threshold0.2_time": 0.42363452911376953, "Z_threshold0.25_of": 23274.874714573267, "Z_threshold0.25_time": 0.41854333877563477, "Z_threshold0.3_of": 23024.501852733076, "Z_threshold0.3_time": 0.42012715339660645, "Z_threshold0.35_of": 23024.501852733076, "Z_threshold0.35_time": 0.41556549072265625, "Z_threshold0.4_of": 22962.732484468714, "Z_threshold0.4_time": 0.41729283332824707, "Z_threshold0.45_of": 22938.859377779536, "Z_threshold0.45_time": 0.4149951934814453, "Z_threshold0.5_of": 22915.01143777643, "Z_threshold0.5_time": 0.4138634204864502}