{"name": "S_700_277_4515.021.json", "BaldoML_of": 17947.772320246244, "BaldoML_time": 0.5933520793914795, "BaldoGA_of": 17746.185126592904, "BaldoGA_time": 8.137963771820068, "Solver_of": 18156.68257343267, "Solver_time": 11.64578890800476, "Z_threshold0.05_of": 17805.129597026757, "Z_threshold0.05_time": 1.0135443210601807, "Z_threshold0.1_of": 17133.33563428832, "Z_threshold0.1_time": 0.8466522693634033, "Z_threshold0.15_of": 16956.252887668987, "Z_threshold0.15_time": 0.8535723686218262, "Z_threshold0.2_of": 16935.888034427106, "Z_threshold0.2_time": 0.8393528461456299, "Z_threshold0.25_of": 16935.888034427106, "Z_threshold0.25_time": 0.8463423252105713}