{"name": "S_700_201_4350.149.json", "BaldoML_of": 18878.3746003538, "BaldoML_time": 1.344933271408081, "BaldoGA_of": 18623.577907692434, "BaldoGA_time": 5.62022066116333, "Solver_of": 19005.098366560695, "Solver_time": 20.50586771965027, "Z_threshold0.05_of": 18987.208520209588, "Z_threshold0.05_time": 2.8765807151794434, "Z_threshold0.1_of": 18808.177409739015, "Z_threshold0.1_time": 1.4798531532287598, "Z_threshold0.15_of": 18641.049156117297, "Z_threshold0.15_time": 0.975243330001831, "Z_threshold0.2_of": 18360.718759599367, "Z_threshold0.2_time": 0.9390683174133301, "Z_threshold0.25_of": 18131.23217149197, "Z_threshold0.25_time": 0.8614656925201416}