{"name": "S_700_193_6044.671.json", "BaldoML_of": 19882.168257111975, "BaldoML_time": 1.0541918277740479, "BaldoGA_of": 19337.94147416471, "BaldoGA_time": 5.036621809005737, "Solver_of": 20239.417887954733, "Solver_time": 34.905189752578735, "Z_threshold0.05_of": 20206.539228227277, "Z_threshold0.05_time": 2.011223077774048, "Z_threshold0.1_of": 20021.602614658754, "Z_threshold0.1_time": 1.849085807800293, "Z_threshold0.15_of": 19816.253627320562, "Z_threshold0.15_time": 1.1998565196990967, "Z_threshold0.2_of": 19359.287274627095, "Z_threshold0.2_time": 0.9267697334289551}