{"name": "S_700_147_4432.626.json", "BaldoML_of": 18765.30511993776, "BaldoML_time": 0.975182056427002, "BaldoGA_of": 18230.745521362907, "BaldoGA_time": 4.660288333892822, "Solver_of": 18891.468277621847, "Solver_time": 9.095218181610107, "Z_threshold0.05_of": 18875.827792942015, "Z_threshold0.05_time": 1.9409444332122803}