{"name": "S_700_322_5928.496.json", "BaldoML_of": 19899.2854574977, "BaldoML_time": 0.539036750793457, "BaldoGA_of": 19769.27898208917, "BaldoGA_time": 8.529349565505981, "Solver_of": 20199.705741675734, "Solver_time": 14.346702337265015, "Z_threshold0.05_of": 19864.592462902478, "Z_threshold0.05_time": 0.47304463386535645, "Z_threshold0.1_of": 19294.302773857216, "Z_threshold0.1_time": 0.44397616386413574, "Z_threshold0.15_of": 19228.697941056267, "Z_threshold0.15_time": 0.40407752990722656, "Z_threshold0.2_of": 19228.697941056267, "Z_threshold0.2_time": 0.40354371070861816, "Z_threshold0.25_of": 19228.697941056267, "Z_threshold0.25_time": 0.39656519889831543, "Z_threshold0.3_of": 19228.697941056267, "Z_threshold0.3_time": 0.4024813175201416, "Z_threshold0.35_of": 19228.697941056267, "Z_threshold0.35_time": 0.3968794345855713, "Z_threshold0.4_of": 19228.697941056267, "Z_threshold0.4_time": 0.396348237991333, "Z_threshold0.45_of": 19228.697941056267, "Z_threshold0.45_time": 0.407970666885376, "Z_threshold0.5_of": 19228.697941056267, "Z_threshold0.5_time": 0.3982830047607422}