{"name": "S_700_161_4445.428.json", "BaldoML_of": 17651.767903075284, "BaldoML_time": 1.5243449211120605, "BaldoGA_of": 17279.736958497808, "BaldoGA_time": 4.570272207260132, "Solver_of": 17819.509808618088, "Solver_time": 34.075382471084595, "Z_threshold0.05_of": 17804.357811706705, "Z_threshold0.05_time": 3.204219341278076, "Z_threshold0.1_of": 17742.459708956612, "Z_threshold0.1_time": 1.409841537475586, "Z_threshold0.15_of": 17593.839533349725, "Z_threshold0.15_time": 1.3953735828399658, "Z_threshold0.2_of": 17374.40420011623, "Z_threshold0.2_time": 1.3484296798706055, "Z_threshold0.25_of": 16892.199690652153, "Z_threshold0.25_time": 0.8736352920532227}