{"name": "S_700_346_4498.589.json", "BaldoML_of": 16156.926519054621, "BaldoML_time": 0.5136141777038574, "BaldoGA_of": 16058.763490276013, "BaldoGA_time": 3.0400562286376953, "Solver_of": 16584.4768355687, "Solver_time": 7.4634850025177, "Z_threshold0.05_of": 16063.673933106633, "Z_threshold0.05_time": 0.9491262435913086, "Z_threshold0.1_of": 16063.673933106633, "Z_threshold0.1_time": 0.9450840950012207, "Z_threshold0.15_of": 16063.673933106633, "Z_threshold0.15_time": 0.9444930553436279, "Z_threshold0.2_of": 16063.673933106633, "Z_threshold0.2_time": 0.93914794921875}