{"name": "S_700_175_5788.306.json", "BaldoML_of": 21437.269318707247, "BaldoML_time": 1.0787866115570068, "BaldoGA_of": 20964.836232416466, "BaldoGA_time": 5.63636326789856, "Solver_of": 21686.159427403716, "Solver_time": 18.75801372528076, "Z_threshold0.05_of": 21657.374046869485, "Z_threshold0.05_time": 1.675351858139038, "Z_threshold0.1_of": 21610.36180353521, "Z_threshold0.1_time": 1.6066744327545166, "Z_threshold0.15_of": 21564.94392951624, "Z_threshold0.15_time": 1.0807936191558838, "Z_threshold0.2_of": 21355.506663709442, "Z_threshold0.2_time": 0.7850782871246338, "Z_threshold0.25_of": 21157.893565444618, "Z_threshold0.25_time": 0.37778186798095703, "Z_threshold0.3_of": 20752.320744369736, "Z_threshold0.3_time": 0.37777233123779297, "Z_threshold0.35_of": 20569.696395142393, "Z_threshold0.35_time": 0.3737916946411133, "Z_threshold0.4_of": 20447.169606415548, "Z_threshold0.4_time": 0.39039158821105957, "Z_threshold0.45_of": 20239.87007588046, "Z_threshold0.45_time": 0.3728296756744385, "Z_threshold0.5_of": 19998.76539225264, "Z_threshold0.5_time": 0.3771352767944336}