{"name": "S_700_354_6050.372.json", "BaldoML_of": 19025.984251395683, "BaldoML_time": 0.5531587600708008, "BaldoGA_of": 18880.605871061296, "BaldoGA_time": 10.808400869369507, "Solver_of": 19401.957471939357, "Solver_time": 19.37422490119934, "Z_threshold0.05_of": 18398.142423057256, "Z_threshold0.05_time": 0.9015107154846191, "Z_threshold0.1_of": 18289.962956939773, "Z_threshold0.1_time": 0.8846073150634766, "Z_threshold0.15_of": 18289.962956939773, "Z_threshold0.15_time": 0.8763151168823242, "Z_threshold0.2_of": 18289.962956939773, "Z_threshold0.2_time": 0.961740255355835, "Z_threshold0.25_of": 18289.962956939773, "Z_threshold0.25_time": 0.8792455196380615}