{"name": "S_700_241_5986.984.json", "BaldoML_of": 19172.113247582674, "BaldoML_time": 19.05509901046753, "BaldoGA_of": 18427.91654164694, "BaldoGA_time": 5.531834363937378, "Solver_of": 19172.613208852887, "Solver_time": 94.29895329475403, "Z_threshold0.05_of": 19111.825137713844, "Z_threshold0.05_time": 3.8443706035614014, "Z_threshold0.1_of": 18866.79169147449, "Z_threshold0.1_time": 1.462568998336792, "Z_threshold0.15_of": 18767.056910536092, "Z_threshold0.15_time": 1.228377342224121, "Z_threshold0.2_of": 18654.314408277118, "Z_threshold0.2_time": 0.9816598892211914, "Z_threshold0.25_of": 18395.695090382203, "Z_threshold0.25_time": 0.8418276309967041, "Z_threshold0.3_of": 18175.34695592401, "Z_threshold0.3_time": 0.8341104984283447, "Z_threshold0.35_of": 17942.814302875566, "Z_threshold0.35_time": 0.8438341617584229, "Z_threshold0.4_of": 17560.923056480646, "Z_threshold0.4_time": 0.835256814956665, "Z_threshold0.45_of": 17449.319142334305, "Z_threshold0.45_time": 0.8743510246276855, "Z_threshold0.5_of": 17391.13337104258, "Z_threshold0.5_time": 0.8417308330535889}