{"name": "S_700_322_8771.971.json", "BaldoML_of": 24398.342881240547, "BaldoML_time": 0.8182597160339355, "BaldoGA_of": 24045.790886399245, "BaldoGA_time": 9.506560325622559, "Solver_of": 24831.289659804726, "Solver_time": 116.23072171211243, "Z_threshold0.05_of": 24543.606955236082, "Z_threshold0.05_time": 5.145541191101074}