{"name": "S_700_354_9094.271.json", "BaldoML_of": 23341.716321239885, "BaldoML_time": 0.6090550422668457, "BaldoGA_of": 23077.800347343262, "BaldoGA_time": 9.494507789611816, "Solver_of": 23773.284703332196, "Solver_time": 310.5528585910797, "Z_threshold0.05_of": 23691.365563917796, "Z_threshold0.05_time": 4.10168194770813, "Z_threshold0.1_of": 23392.870509108256, "Z_threshold0.1_time": 1.30051851272583, "Z_threshold0.15_of": 23084.547531496763, "Z_threshold0.15_time": 0.9924297332763672, "Z_threshold0.2_of": 22523.121538443665, "Z_threshold0.2_time": 0.8868329524993896}