{"name": "S_700_145_4483.77.json", "BaldoML_of": 18671.963433862573, "BaldoML_time": 0.983973503112793, "BaldoGA_of": 18194.408532165256, "BaldoGA_time": 5.437760591506958, "Solver_of": 18837.86910513381, "Solver_time": 7.4346160888671875, "Z_threshold0.05_of": 18805.325809423546, "Z_threshold0.05_time": 1.6186668872833252, "Z_threshold0.1_of": 18671.963433862573, "Z_threshold0.1_time": 1.5237154960632324, "Z_threshold0.15_of": 18546.066864273074, "Z_threshold0.15_time": 1.4325470924377441, "Z_threshold0.2_of": 18373.881157882082, "Z_threshold0.2_time": 0.9315171241760254}