{"name": "S_700_403_9050.397.json", "BaldoML_of": 23402.340720234162, "BaldoML_time": 0.5649847984313965, "BaldoGA_of": 23196.03054304424, "BaldoGA_time": 16.35180926322937, "Solver_of": 23936.96073053048, "Solver_time": 130.32766222953796, "Z_threshold0.05_of": 23562.908239421286, "Z_threshold0.05_time": 1.220970630645752, "Z_threshold0.1_of": 22494.798381170487, "Z_threshold0.1_time": 1.0161020755767822, "Z_threshold0.15_of": 22290.377117177595, "Z_threshold0.15_time": 0.9357280731201172, "Z_threshold0.2_of": 22250.591332774813, "Z_threshold0.2_time": 0.9307725429534912}