{"name": "S_700_414_6132.03.json", "BaldoML_of": 18114.825669199592, "BaldoML_time": 0.5758023262023926, "BaldoGA_of": 17845.25370515762, "BaldoGA_time": 3.979107141494751, "Solver_of": 18491.181675750395, "Solver_time": 8.391995429992676, "Z_threshold0.05_of": 17823.21353160194, "Z_threshold0.05_time": 0.8605709075927734, "Z_threshold0.1_of": 17823.21353160194, "Z_threshold0.1_time": 0.8620061874389648, "Z_threshold0.15_of": 17823.21353160194, "Z_threshold0.15_time": 0.8601446151733398, "Z_threshold0.2_of": 17823.21353160194, "Z_threshold0.2_time": 0.8618855476379395, "Z_threshold0.25_of": 17823.21353160194, "Z_threshold0.25_time": 0.8600306510925293}