{"name": "S_700_363_8930.167.json", "BaldoML_of": 24213.44948075509, "BaldoML_time": 0.5653560161590576, "BaldoGA_of": 23956.62072741149, "BaldoGA_time": 11.977283000946045, "Solver_of": 24734.87555451689, "Solver_time": 685.0655252933502, "Z_threshold0.05_of": 24493.268887559505, "Z_threshold0.05_time": 5.805756568908691}