{"name": "S_700_290_4542.201.json", "BaldoML_of": 16673.66542176814, "BaldoML_time": 0.5693502426147461, "BaldoGA_of": 16424.493593117142, "BaldoGA_time": 7.878736972808838, "Solver_of": 16923.504367279304, "Solver_time": 10.14406418800354, "Z_threshold0.05_of": 16049.967492448839, "Z_threshold0.05_time": 0.8659090995788574, "Z_threshold0.1_of": 15827.77435038843, "Z_threshold0.1_time": 0.855912446975708, "Z_threshold0.15_of": 15827.77435038843, "Z_threshold0.15_time": 0.8567230701446533, "Z_threshold0.2_of": 15827.77435038843, "Z_threshold0.2_time": 0.9280054569244385, "Z_threshold0.25_of": 15827.77435038843, "Z_threshold0.25_time": 0.8495316505432129}