{"name": "S_700_341_6208.068.json", "BaldoML_of": 19331.442492468213, "BaldoML_time": 0.48978519439697266, "BaldoGA_of": 19131.47320021575, "BaldoGA_time": 9.60728144645691, "Solver_of": 19577.649728923618, "Solver_time": 11.411885499954224, "Z_threshold0.05_of": 18930.6036921104, "Z_threshold0.05_time": 0.41619324684143066, "Z_threshold0.1_of": 18756.515135368216, "Z_threshold0.1_time": 0.40831685066223145, "Z_threshold0.15_of": 18756.515135368216, "Z_threshold0.15_time": 0.40543580055236816, "Z_threshold0.2_of": 18756.515135368216, "Z_threshold0.2_time": 0.4136350154876709, "Z_threshold0.25_of": 18756.515135368216, "Z_threshold0.25_time": 0.41352224349975586, "Z_threshold0.3_of": 18756.515135368216, "Z_threshold0.3_time": 0.40882134437561035, "Z_threshold0.35_of": 18756.515135368216, "Z_threshold0.35_time": 0.40793585777282715, "Z_threshold0.4_of": 18756.515135368216, "Z_threshold0.4_time": 0.4045228958129883, "Z_threshold0.45_of": 18756.515135368216, "Z_threshold0.45_time": 0.40909528732299805, "Z_threshold0.5_of": 18756.515135368216, "Z_threshold0.5_time": 0.4076395034790039}