{"name": "S_700_286_8805.97.json", "BaldoML_of": 23949.28888330635, "BaldoML_time": 0.7237098217010498, "BaldoGA_of": 23864.604049568483, "BaldoGA_time": 7.892055511474609, "Solver_of": 24839.737587979496, "Solver_time": 147.39458441734314, "Z_threshold0.05_of": 24827.40815237783, "Z_threshold0.05_time": 10.956899166107178}