{"name": "S_700_228_5930.25.json", "BaldoML_of": 20807.86187365874, "BaldoML_time": 0.9984292984008789, "BaldoGA_of": 20511.81295012697, "BaldoGA_time": 6.132235050201416, "Solver_of": 21181.190593123247, "Solver_time": 21.84241223335266, "Z_threshold0.05_of": 21111.596030263325, "Z_threshold0.05_time": 4.629724502563477, "Z_threshold0.1_of": 20882.895020913813, "Z_threshold0.1_time": 1.7938058376312256, "Z_threshold0.15_of": 20534.7187115935, "Z_threshold0.15_time": 0.9969046115875244, "Z_threshold0.2_of": 20224.398170272692, "Z_threshold0.2_time": 0.9059312343597412, "Z_threshold0.25_of": 19979.37196742158, "Z_threshold0.25_time": 0.9062759876251221}