{"name": "S_700_418_8401.8.json", "BaldoML_of": 24785.3994013156, "BaldoML_time": 0.658104658126831, "BaldoGA_of": 24529.891806587133, "BaldoGA_time": 16.023093938827515, "Solver_of": 25176.284882892065, "Solver_time": 108.13178634643555, "Z_threshold0.05_of": 24767.22577764043, "Z_threshold0.05_time": 1.2374424934387207, "Z_threshold0.1_of": 23763.91548910404, "Z_threshold0.1_time": 0.9248607158660889, "Z_threshold0.15_of": 23642.077287144737, "Z_threshold0.15_time": 0.8925426006317139, "Z_threshold0.2_of": 23642.077287144737, "Z_threshold0.2_time": 0.9679427146911621}