{"name": "S_700_320_8791.999.json", "BaldoML_of": 24269.061099510862, "BaldoML_time": 0.8643603324890137, "BaldoGA_of": 24013.002825716372, "BaldoGA_time": 8.675849676132202, "Solver_of": 24770.601293893396, "Solver_time": 165.74909806251526, "Z_threshold0.05_of": 24585.607071434148, "Z_threshold0.05_time": 2.712080955505371, "Z_threshold0.1_of": 24417.06797403447, "Z_threshold0.1_time": 1.4147348403930664, "Z_threshold0.15_of": 24267.538799695736, "Z_threshold0.15_time": 0.7821557521820068, "Z_threshold0.2_of": 24223.395993881397, "Z_threshold0.2_time": 0.42738938331604004, "Z_threshold0.25_of": 23883.976235230068, "Z_threshold0.25_time": 0.39044785499572754, "Z_threshold0.3_of": 23883.976235230068, "Z_threshold0.3_time": 0.39580392837524414, "Z_threshold0.35_of": 23826.87472894311, "Z_threshold0.35_time": 0.38931727409362793, "Z_threshold0.4_of": 23649.971189008407, "Z_threshold0.4_time": 0.40860676765441895, "Z_threshold0.45_of": 23609.63639286166, "Z_threshold0.45_time": 0.40436482429504395, "Z_threshold0.5_of": 23498.378600374857, "Z_threshold0.5_time": 0.4042825698852539}