{"name": "S_700_357_8618.063.json", "BaldoML_of": 24054.965114472336, "BaldoML_time": 0.7076709270477295, "BaldoGA_of": 23941.60903560354, "BaldoGA_time": 9.930009126663208, "Solver_of": 24709.20340591717, "Solver_time": 142.38569712638855, "Z_threshold0.05_of": 24413.602694310608, "Z_threshold0.05_time": 5.879332780838013, "Z_threshold0.1_of": 23940.716116214528, "Z_threshold0.1_time": 1.33766508102417, "Z_threshold0.15_of": 23493.118379055126, "Z_threshold0.15_time": 0.9944784641265869, "Z_threshold0.2_of": 22837.54942459448, "Z_threshold0.2_time": 0.9000191688537598}