{"name": "S_700_293_8649.801.json", "BaldoML_of": 24983.54959294232, "BaldoML_time": 0.9104654788970947, "BaldoGA_of": 24812.186708979963, "BaldoGA_time": 9.072616577148438, "Solver_of": 25576.90848183861, "Solver_time": 94.76396942138672, "Z_threshold0.05_of": 25453.181101589682, "Z_threshold0.05_time": 4.149933815002441, "Z_threshold0.1_of": 25307.897383063108, "Z_threshold0.1_time": 1.3425614833831787, "Z_threshold0.15_of": 25233.858173181678, "Z_threshold0.15_time": 0.9816012382507324, "Z_threshold0.2_of": 25194.21345065722, "Z_threshold0.2_time": 0.9601116180419922, "Z_threshold0.25_of": 25139.39984947516, "Z_threshold0.25_time": 0.556610107421875, "Z_threshold0.3_of": 24736.893932353454, "Z_threshold0.3_time": 0.4032917022705078, "Z_threshold0.35_of": 24653.674418009705, "Z_threshold0.35_time": 0.4014103412628174, "Z_threshold0.4_of": 24560.003101809143, "Z_threshold0.4_time": 0.40088748931884766, "Z_threshold0.45_of": 24472.62269888339, "Z_threshold0.45_time": 0.3992147445678711, "Z_threshold0.5_of": 24374.216690883124, "Z_threshold0.5_time": 0.4028043746948242}