{"name": "S_700_404_4467.833.json", "BaldoML_of": 17325.063988128357, "BaldoML_time": 0.4968395233154297, "BaldoGA_of": 17072.363354999372, "BaldoGA_time": 3.5755815505981445, "Solver_of": 17573.536369962036, "Solver_time": 9.390424251556396, "Z_threshold0.05_of": 17075.19178097262, "Z_threshold0.05_time": 0.8817758560180664}