{"name": "S_700_212_8776.605.json", "BaldoML_of": 24918.276632994905, "BaldoML_time": 0.7889049053192139, "BaldoGA_of": 24940.267341867588, "BaldoGA_time": 8.359280586242676, "Solver_of": 25910.809809154904, "Solver_time": 38.580416202545166, "Z_threshold0.05_of": 25861.84032035046, "Z_threshold0.05_time": 3.8456735610961914, "Z_threshold0.1_of": 25727.7931134504, "Z_threshold0.1_time": 4.036568880081177, "Z_threshold0.15_of": 25485.40317052719, "Z_threshold0.15_time": 2.681539535522461, "Z_threshold0.2_of": 25410.1865723096, "Z_threshold0.2_time": 2.527200937271118}