{"name": "S_700_309_8956.785.json", "BaldoML_of": 24685.19179920139, "BaldoML_time": 21.720514059066772, "BaldoGA_of": 23665.14146587896, "BaldoGA_time": 8.07414984703064, "Solver_of": 24685.191799201384, "Solver_time": 153.76119446754456, "Z_threshold0.05_of": 24552.5019966504, "Z_threshold0.05_time": 5.399348974227905, "Z_threshold0.1_of": 24316.333328955614, "Z_threshold0.1_time": 1.55010986328125, "Z_threshold0.15_of": 24233.834290035684, "Z_threshold0.15_time": 1.1757423877716064, "Z_threshold0.2_of": 24029.538744668138, "Z_threshold0.2_time": 1.1301984786987305, "Z_threshold0.25_of": 23775.684578863667, "Z_threshold0.25_time": 0.9401860237121582, "Z_threshold0.3_of": 23652.34778531879, "Z_threshold0.3_time": 0.9128813743591309, "Z_threshold0.35_of": 23581.645833459763, "Z_threshold0.35_time": 0.91969895362854, "Z_threshold0.4_of": 23460.151748471442, "Z_threshold0.4_time": 0.8805463314056396, "Z_threshold0.45_of": 23317.369441970393, "Z_threshold0.45_time": 0.8866126537322998, "Z_threshold0.5_of": 23295.775868182605, "Z_threshold0.5_time": 0.9069857597351074}