{"name": "S_700_193_5892.243.json", "BaldoML_of": 20766.860541404854, "BaldoML_time": 1.0347068309783936, "BaldoGA_of": 20362.860524284046, "BaldoGA_time": 6.335318326950073, "Solver_of": 21122.594223977503, "Solver_time": 20.81353998184204, "Z_threshold0.05_of": 21084.936590405985, "Z_threshold0.05_time": 2.190856456756592, "Z_threshold0.1_of": 20879.55395952516, "Z_threshold0.1_time": 1.9154579639434814, "Z_threshold0.15_of": 20726.306350234143, "Z_threshold0.15_time": 1.728386640548706, "Z_threshold0.2_of": 20540.129867404048, "Z_threshold0.2_time": 1.2863633632659912}