{"name": "S_700_270_8871.082.json", "BaldoML_of": 23206.396100264166, "BaldoML_time": 0.5972280502319336, "BaldoGA_of": 23016.681704415787, "BaldoGA_time": 6.747619152069092, "Solver_of": 24058.105337250654, "Solver_time": 357.19905948638916, "Z_threshold0.05_of": 23903.909178078342, "Z_threshold0.05_time": 4.380420684814453, "Z_threshold0.1_of": 23660.805747835813, "Z_threshold0.1_time": 2.155714273452759, "Z_threshold0.15_of": 23345.11787421834, "Z_threshold0.15_time": 1.4718201160430908, "Z_threshold0.2_of": 23087.190943248366, "Z_threshold0.2_time": 0.9525229930877686}