{"name": "S_700_299_8893.662.json", "BaldoML_of": 24199.513690377884, "BaldoML_time": 0.8437325954437256, "BaldoGA_of": 23706.651912704714, "BaldoGA_time": 9.511136293411255, "Solver_of": 24790.118503813068, "Solver_time": 375.1584138870239, "Z_threshold0.05_of": 24705.174486033797, "Z_threshold0.05_time": 4.631098747253418, "Z_threshold0.1_of": 24366.461167231355, "Z_threshold0.1_time": 2.0186362266540527, "Z_threshold0.15_of": 24113.446826917258, "Z_threshold0.15_time": 1.2365748882293701, "Z_threshold0.2_of": 23542.987729912096, "Z_threshold0.2_time": 0.8848798274993896, "Z_threshold0.25_of": 23202.963892468357, "Z_threshold0.25_time": 0.8851897716522217}