{"name": "S_700_145_4483.77.json", "BaldoML_of": 18671.963433862573, "BaldoML_time": 0.983973503112793, "BaldoGA_of": 18194.408532165256, "BaldoGA_time": 5.437760591506958, "Solver_of": 18837.86910513381, "Solver_time": 7.4346160888671875, "Z_threshold0.05_of": 18805.325809423546, "Z_threshold0.05_time": 1.47245454788208}