{"name": "S_700_295_8892.024.json", "BaldoML_of": 23913.160673071055, "BaldoML_time": 0.929163932800293, "BaldoGA_of": 23525.40380243174, "BaldoGA_time": 7.705666542053223, "Solver_of": 24569.517664937324, "Solver_time": 138.31452059745789, "Z_threshold0.05_of": 24453.237875049334, "Z_threshold0.05_time": 3.049916982650757, "Z_threshold0.1_of": 24227.38886611954, "Z_threshold0.1_time": 1.9856512546539307, "Z_threshold0.15_of": 24092.955330306995, "Z_threshold0.15_time": 1.5380065441131592, "Z_threshold0.2_of": 23747.87841446866, "Z_threshold0.2_time": 1.2140519618988037}