{"name": "S_700_362_5509.865.json", "BaldoML_of": 21406.503606323222, "BaldoML_time": 0.5505354404449463, "BaldoGA_of": 21210.77287082524, "BaldoGA_time": 10.705607891082764, "Solver_of": 21598.915364544406, "Solver_time": 9.803056478500366, "Z_threshold0.05_of": 20930.38467114607, "Z_threshold0.05_time": 0.4086875915527344, "Z_threshold0.1_of": 20795.264399466876, "Z_threshold0.1_time": 0.4069333076477051, "Z_threshold0.15_of": 20795.264399466876, "Z_threshold0.15_time": 0.4058666229248047, "Z_threshold0.2_of": 20795.264399466876, "Z_threshold0.2_time": 0.4090254306793213, "Z_threshold0.25_of": 20795.264399466876, "Z_threshold0.25_time": 0.4462711811065674, "Z_threshold0.3_of": 20795.264399466876, "Z_threshold0.3_time": 0.4431278705596924, "Z_threshold0.35_of": 20795.264399466876, "Z_threshold0.35_time": 0.4304928779602051, "Z_threshold0.4_of": 20795.264399466876, "Z_threshold0.4_time": 0.5027120113372803, "Z_threshold0.45_of": 20795.264399466876, "Z_threshold0.45_time": 0.4041726589202881, "Z_threshold0.5_of": 20795.264399466876, "Z_threshold0.5_time": 0.4062535762786865}