{"name": "S_700_140_6170.21.json", "BaldoML_of": 20004.506368394585, "BaldoML_time": 1.326899528503418, "BaldoGA_of": 19592.161510660815, "BaldoGA_time": 5.431248664855957, "Solver_of": 20540.61072690741, "Solver_time": 100.43574571609497, "Z_threshold0.05_of": 20470.4515180105, "Z_threshold0.05_time": 2.4170143604278564, "Z_threshold0.1_of": 20440.152938505944, "Z_threshold0.1_time": 2.078711748123169, "Z_threshold0.15_of": 20235.615868990677, "Z_threshold0.15_time": 1.9819211959838867, "Z_threshold0.2_of": 20096.00875363922, "Z_threshold0.2_time": 2.154977798461914}