{"name": "S_700_337_5876.573.json", "BaldoML_of": 19999.203267858164, "BaldoML_time": 0.6314210891723633, "BaldoGA_of": 19746.389287693215, "BaldoGA_time": 8.73407244682312, "Solver_of": 20365.87897744302, "Solver_time": 12.783687114715576, "Z_threshold0.05_of": 19281.872430927873, "Z_threshold0.05_time": 0.8417596817016602, "Z_threshold0.1_of": 19007.03767911459, "Z_threshold0.1_time": 0.9182593822479248, "Z_threshold0.15_of": 19007.03767911459, "Z_threshold0.15_time": 0.8360872268676758, "Z_threshold0.2_of": 19007.03767911459, "Z_threshold0.2_time": 0.8479766845703125, "Z_threshold0.25_of": 19007.03767911459, "Z_threshold0.25_time": 0.9207403659820557}