{"name": "S_700_259_5912.084.json", "BaldoML_of": 19575.490946830007, "BaldoML_time": 0.9401051998138428, "BaldoGA_of": 19201.52211923607, "BaldoGA_time": 6.232396364212036, "Solver_of": 19999.790310296936, "Solver_time": 96.63436722755432, "Z_threshold0.05_of": 19894.353195524673, "Z_threshold0.05_time": 1.7550349235534668, "Z_threshold0.1_of": 19527.53323568745, "Z_threshold0.1_time": 0.6032288074493408, "Z_threshold0.15_of": 18932.03216974928, "Z_threshold0.15_time": 0.3753838539123535, "Z_threshold0.2_of": 18632.85752308616, "Z_threshold0.2_time": 0.3712921142578125, "Z_threshold0.25_of": 18454.40130694151, "Z_threshold0.25_time": 0.3760986328125, "Z_threshold0.3_of": 18273.744585232394, "Z_threshold0.3_time": 0.36804986000061035, "Z_threshold0.35_of": 18273.744585232394, "Z_threshold0.35_time": 0.36774563789367676, "Z_threshold0.4_of": 18205.304850073677, "Z_threshold0.4_time": 0.372359037399292, "Z_threshold0.45_of": 18205.304850073677, "Z_threshold0.45_time": 0.3686189651489258, "Z_threshold0.5_of": 18160.64240888769, "Z_threshold0.5_time": 0.39645981788635254}