{"name": "S_700_296_5767.037.json", "BaldoML_of": 20399.534776418073, "BaldoML_time": 0.8287210464477539, "BaldoGA_of": 20170.54007313224, "BaldoGA_time": 8.596368551254272, "Solver_of": 20756.985173938254, "Solver_time": 35.53701686859131, "Z_threshold0.05_of": 20479.03314080312, "Z_threshold0.05_time": 1.3456652164459229}