{"name": "S_700_333_5885.385.json", "BaldoML_of": 19390.049868136204, "BaldoML_time": 0.5027608871459961, "BaldoGA_of": 19093.556360220988, "BaldoGA_time": 8.654897212982178, "Solver_of": 19738.93343999575, "Solver_time": 10.213667154312134, "Z_threshold0.05_of": 19357.149417262666, "Z_threshold0.05_time": 0.4500741958618164, "Z_threshold0.1_of": 18859.218909787396, "Z_threshold0.1_time": 0.36930036544799805, "Z_threshold0.15_of": 18641.483881339347, "Z_threshold0.15_time": 0.3708922863006592, "Z_threshold0.2_of": 18610.36834564882, "Z_threshold0.2_time": 0.41577982902526855, "Z_threshold0.25_of": 18585.19423389953, "Z_threshold0.25_time": 0.37816381454467773, "Z_threshold0.3_of": 18585.19423389953, "Z_threshold0.3_time": 0.3742547035217285, "Z_threshold0.35_of": 18585.19423389953, "Z_threshold0.35_time": 0.37194132804870605, "Z_threshold0.4_of": 18585.19423389953, "Z_threshold0.4_time": 0.3716256618499756, "Z_threshold0.45_of": 18585.19423389953, "Z_threshold0.45_time": 0.372112512588501, "Z_threshold0.5_of": 18585.19423389953, "Z_threshold0.5_time": 0.3717048168182373}