{"name": "S_700_329_4389.347.json", "BaldoML_of": 17751.902813979275, "BaldoML_time": 0.46471500396728516, "BaldoGA_of": 17587.119797819945, "BaldoGA_time": 2.6940252780914307, "Solver_of": 18000.319976024955, "Solver_time": 7.402399063110352, "Z_threshold0.05_of": 17587.119797819934, "Z_threshold0.05_time": 0.7680177688598633}