{"name": "S_700_253_5982.864.json", "BaldoML_of": 20241.60502700918, "BaldoML_time": 18.443536520004272, "BaldoGA_of": 19520.12876812427, "BaldoGA_time": 5.926755428314209, "Solver_of": 20254.251818800138, "Solver_time": 48.706217765808105, "Z_threshold0.05_of": 20106.365962210504, "Z_threshold0.05_time": 4.196118354797363, "Z_threshold0.1_of": 19967.7852167446, "Z_threshold0.1_time": 1.7096843719482422, "Z_threshold0.15_of": 19759.600342620673, "Z_threshold0.15_time": 1.2329072952270508, "Z_threshold0.2_of": 19668.896966291897, "Z_threshold0.2_time": 0.9754040241241455, "Z_threshold0.25_of": 19268.55441278697, "Z_threshold0.25_time": 0.9149234294891357, "Z_threshold0.3_of": 19039.965454377438, "Z_threshold0.3_time": 0.9068355560302734, "Z_threshold0.35_of": 18711.427583449466, "Z_threshold0.35_time": 0.9525024890899658, "Z_threshold0.4_of": 18512.27755609123, "Z_threshold0.4_time": 0.9209065437316895, "Z_threshold0.45_of": 18410.58100436193, "Z_threshold0.45_time": 0.9084312915802002, "Z_threshold0.5_of": 18243.200691579645, "Z_threshold0.5_time": 0.904245138168335}