{"name": "S_700_184_8669.345.json", "BaldoML_of": 26104.185598331904, "BaldoML_time": 1.2205429077148438, "BaldoGA_of": 25519.553786629876, "BaldoGA_time": 7.51134991645813, "Solver_of": 26677.42322219801, "Solver_time": 80.68866491317749, "Z_threshold0.05_of": 26628.927067925535, "Z_threshold0.05_time": 5.18446159362793, "Z_threshold0.1_of": 26609.34404699329, "Z_threshold0.1_time": 5.463520288467407, "Z_threshold0.15_of": 26474.15860575817, "Z_threshold0.15_time": 2.461663246154785, "Z_threshold0.2_of": 26279.013527173895, "Z_threshold0.2_time": 2.1864778995513916}