{"name": "S_700_284_8886.431.json", "BaldoML_of": 23346.815336997857, "BaldoML_time": 0.649559497833252, "BaldoGA_of": 23007.96719734892, "BaldoGA_time": 7.397428750991821, "Solver_of": 24058.81748820722, "Solver_time": 193.13657355308533, "Z_threshold0.05_of": 24006.98752171039, "Z_threshold0.05_time": 9.001754760742188, "Z_threshold0.1_of": 23853.359867059047, "Z_threshold0.1_time": 2.55887508392334, "Z_threshold0.15_of": 23521.00920255225, "Z_threshold0.15_time": 1.5686726570129395, "Z_threshold0.2_of": 23320.034807673892, "Z_threshold0.2_time": 1.2909071445465088, "Z_threshold0.25_of": 22999.008302431157, "Z_threshold0.25_time": 0.9430735111236572}