{"name": "S_700_345_4418.959.json", "BaldoML_of": 16980.30385869621, "BaldoML_time": 2.859029769897461, "BaldoGA_of": 16494.53989717334, "BaldoGA_time": 2.6435012817382812, "Solver_of": 17051.710764760697, "Solver_time": 6.719494819641113, "Z_threshold0.05_of": 16718.233064663607, "Z_threshold0.05_time": 0.9723641872406006, "Z_threshold0.1_of": 16718.233064663607, "Z_threshold0.1_time": 0.982844352722168, "Z_threshold0.15_of": 16718.233064663607, "Z_threshold0.15_time": 0.9883401393890381, "Z_threshold0.2_of": 16718.233064663607, "Z_threshold0.2_time": 0.9570672512054443, "Z_threshold0.25_of": 16718.233064663607, "Z_threshold0.25_time": 1.005326509475708, "Z_threshold0.3_of": 16718.233064663607, "Z_threshold0.3_time": 0.9490902423858643, "Z_threshold0.35_of": 16718.233064663607, "Z_threshold0.35_time": 0.9542388916015625, "Z_threshold0.4_of": 16718.233064663607, "Z_threshold0.4_time": 0.9488828182220459, "Z_threshold0.45_of": 16718.233064663607, "Z_threshold0.45_time": 0.9467520713806152, "Z_threshold0.5_of": 16718.233064663607, "Z_threshold0.5_time": 0.9416415691375732}