{"name": "S_700_346_9322.074.json", "BaldoML_of": 21640.58473831841, "BaldoML_time": 0.657334566116333, "BaldoGA_of": 21245.98405988958, "BaldoGA_time": 8.087026119232178, "Solver_of": -1, "Solver_time": 600.0019764900208, "Z_threshold0.05_of": 22034.334827787006, "Z_threshold0.05_time": 3.5642125606536865, "Z_threshold0.1_of": 21807.3371870441, "Z_threshold0.1_time": 0.5467550754547119, "Z_threshold0.15_of": 21477.55055018113, "Z_threshold0.15_time": 0.3930380344390869, "Z_threshold0.2_of": 21191.76924906156, "Z_threshold0.2_time": 0.4149909019470215, "Z_threshold0.25_of": 20994.499969792414, "Z_threshold0.25_time": 0.38691163063049316, "Z_threshold0.3_of": 20963.48814983842, "Z_threshold0.3_time": 0.38994908332824707, "Z_threshold0.35_of": 20943.922959406707, "Z_threshold0.35_time": 0.3897716999053955, "Z_threshold0.4_of": 20919.259663426215, "Z_threshold0.4_time": 0.3872568607330322, "Z_threshold0.45_of": 20919.259663426215, "Z_threshold0.45_time": 0.3984205722808838, "Z_threshold0.5_of": 20919.259663426215, "Z_threshold0.5_time": 0.3851473331451416}