{"name": "S_700_204_9098.488.json", "BaldoML_of": 24992.86225519366, "BaldoML_time": 24.922199249267578, "BaldoGA_of": 23735.38984667012, "BaldoGA_time": 6.936180353164673, "Solver_of": 25016.44991481817, "Solver_time": 269.6749789714813, "Z_threshold0.05_of": 24982.13962953056, "Z_threshold0.05_time": 6.601789236068726, "Z_threshold0.1_of": 24919.16411290563, "Z_threshold0.1_time": 3.7858803272247314, "Z_threshold0.15_of": 24878.92241401006, "Z_threshold0.15_time": 2.848615884780884, "Z_threshold0.2_of": 24766.114374876357, "Z_threshold0.2_time": 2.129906177520752, "Z_threshold0.25_of": 24718.28148797047, "Z_threshold0.25_time": 1.8175716400146484, "Z_threshold0.3_of": 24620.7105740008, "Z_threshold0.3_time": 1.3566508293151855, "Z_threshold0.35_of": 24594.81437647237, "Z_threshold0.35_time": 1.0427861213684082, "Z_threshold0.4_of": 24432.441200790137, "Z_threshold0.4_time": 0.8795955181121826, "Z_threshold0.45_of": 24035.14086757004, "Z_threshold0.45_time": 0.8758900165557861, "Z_threshold0.5_of": 23814.111508982154, "Z_threshold0.5_time": 0.9059545993804932}