{"name": "S_700_196_4423.703.json", "BaldoML_of": 18248.462656836888, "BaldoML_time": 0.8594083786010742, "BaldoGA_of": 17937.902530872383, "BaldoGA_time": 4.942778825759888, "Solver_of": 18420.606943767074, "Solver_time": 14.421766757965088, "Z_threshold0.05_of": 18365.40086229029, "Z_threshold0.05_time": 1.9054172039031982, "Z_threshold0.1_of": 18045.9924300806, "Z_threshold0.1_time": 1.1594724655151367, "Z_threshold0.15_of": 17864.053380582227, "Z_threshold0.15_time": 1.0231139659881592, "Z_threshold0.2_of": 17666.12507891867, "Z_threshold0.2_time": 0.8753807544708252, "Z_threshold0.25_of": 17451.677958408836, "Z_threshold0.25_time": 0.8692562580108643}