{"name": "S_700_227_9057.279.json", "BaldoML_of": 23476.17421563866, "BaldoML_time": 0.6982924938201904, "BaldoGA_of": 23102.169303440056, "BaldoGA_time": 7.278531551361084, "Solver_of": 24516.06969815556, "Solver_time": 746.2776553630829, "Z_threshold0.05_of": 24497.093609347397, "Z_threshold0.05_time": 7.363180637359619, "Z_threshold0.1_of": 24277.015049575442, "Z_threshold0.1_time": 3.8671507835388184, "Z_threshold0.15_of": 23960.760550776125, "Z_threshold0.15_time": 2.8984873294830322, "Z_threshold0.2_of": 23687.883077999053, "Z_threshold0.2_time": 1.5893030166625977, "Z_threshold0.25_of": 23310.84837933308, "Z_threshold0.25_time": 0.9864239692687988}