{"name": "S_700_294_4523.868.json", "BaldoML_of": 17587.442392797475, "BaldoML_time": 0.5937166213989258, "BaldoGA_of": 17404.747788040735, "BaldoGA_time": 8.816081285476685, "Solver_of": 17893.595131100195, "Solver_time": 7.627748727798462, "Z_threshold0.05_of": 17389.023880633267, "Z_threshold0.05_time": 0.37017107009887695, "Z_threshold0.1_of": 17107.69366113008, "Z_threshold0.1_time": 0.3798670768737793, "Z_threshold0.15_of": 17107.69366113008, "Z_threshold0.15_time": 0.36545753479003906, "Z_threshold0.2_of": 17107.69366113008, "Z_threshold0.2_time": 0.3623487949371338, "Z_threshold0.25_of": 17107.69366113008, "Z_threshold0.25_time": 0.3635377883911133, "Z_threshold0.3_of": 17107.69366113008, "Z_threshold0.3_time": 0.37559008598327637, "Z_threshold0.35_of": 17107.69366113008, "Z_threshold0.35_time": 0.36940908432006836, "Z_threshold0.4_of": 17107.69366113008, "Z_threshold0.4_time": 0.36365795135498047, "Z_threshold0.45_of": 17107.69366113008, "Z_threshold0.45_time": 0.3734424114227295, "Z_threshold0.5_of": 17107.69366113008, "Z_threshold0.5_time": 0.36222338676452637}