{"name": "S_700_344_5942.403.json", "BaldoML_of": 19596.761802518635, "BaldoML_time": 0.5891149044036865, "BaldoGA_of": 19466.47274604439, "BaldoGA_time": 10.396329879760742, "Solver_of": 19865.380550595077, "Solver_time": 18.622023820877075, "Z_threshold0.05_of": 19179.168159399484, "Z_threshold0.05_time": 0.899693489074707, "Z_threshold0.1_of": 18826.898786654063, "Z_threshold0.1_time": 0.9071948528289795, "Z_threshold0.15_of": 18826.898786654063, "Z_threshold0.15_time": 0.9066324234008789, "Z_threshold0.2_of": 18826.898786654063, "Z_threshold0.2_time": 0.9087083339691162}