{"name": "S_700_144_9115.908.json", "BaldoML_of": 26698.105874098474, "BaldoML_time": 1.0376911163330078, "BaldoGA_of": 26173.377102534956, "BaldoGA_time": 8.708927869796753, "Solver_of": 27317.516526975633, "Solver_time": 124.85658931732178, "Z_threshold0.05_of": 27274.153379093983, "Z_threshold0.05_time": 6.074342966079712, "Z_threshold0.1_of": 27266.196402938844, "Z_threshold0.1_time": 3.2610137462615967, "Z_threshold0.15_of": 27147.78013568568, "Z_threshold0.15_time": 1.8772296905517578, "Z_threshold0.2_of": 26986.091135769184, "Z_threshold0.2_time": 1.7031447887420654, "Z_threshold0.25_of": 26961.638758956982, "Z_threshold0.25_time": 1.725250244140625, "Z_threshold0.3_of": 26866.322207222274, "Z_threshold0.3_time": 1.5670926570892334, "Z_threshold0.35_of": 26716.024171408117, "Z_threshold0.35_time": 1.091080904006958, "Z_threshold0.4_of": 26632.195475179375, "Z_threshold0.4_time": 0.8087155818939209, "Z_threshold0.45_of": 26341.709088826483, "Z_threshold0.45_time": 0.4531290531158447, "Z_threshold0.5_of": 26105.357612965232, "Z_threshold0.5_time": 0.4661126136779785}