{"name": "S_700_253_5982.864.json", "BaldoML_of": 19859.050177670513, "BaldoML_time": 1.0714292526245117, "BaldoGA_of": 19520.12876812427, "BaldoGA_time": 5.926755428314209, "Solver_of": 20254.251818800138, "Solver_time": 48.706217765808105, "Z_threshold0.05_of": 20106.014161523937, "Z_threshold0.05_time": 4.353336572647095, "Z_threshold0.1_of": 19870.277520824933, "Z_threshold0.1_time": 0.7099182605743408, "Z_threshold0.15_of": 19735.92691946413, "Z_threshold0.15_time": 0.4661405086517334, "Z_threshold0.2_of": 19490.853294413995, "Z_threshold0.2_time": 0.3821444511413574, "Z_threshold0.25_of": 19153.691517912604, "Z_threshold0.25_time": 0.3840785026550293, "Z_threshold0.3_of": 18905.41217650463, "Z_threshold0.3_time": 0.38287997245788574, "Z_threshold0.35_of": 18655.748752612566, "Z_threshold0.35_time": 0.37707042694091797, "Z_threshold0.4_of": 18461.400155340474, "Z_threshold0.4_time": 0.42638254165649414, "Z_threshold0.45_of": 18287.465238246263, "Z_threshold0.45_time": 0.3771846294403076, "Z_threshold0.5_of": 18216.04685206494, "Z_threshold0.5_time": 0.38438916206359863}