{"name": "S_700_305_5728.608.json", "BaldoML_of": 20892.349375213817, "BaldoML_time": 0.9162874221801758, "BaldoGA_of": 20765.871561949396, "BaldoGA_time": 8.837968826293945, "Solver_of": 21123.299934269675, "Solver_time": 36.07169699668884, "Z_threshold0.05_of": 20849.10579692127, "Z_threshold0.05_time": 0.6518058776855469, "Z_threshold0.1_of": 20596.669648206625, "Z_threshold0.1_time": 0.37987351417541504, "Z_threshold0.15_of": 20108.640305141824, "Z_threshold0.15_time": 0.3709108829498291, "Z_threshold0.2_of": 20044.18808486839, "Z_threshold0.2_time": 0.38184285163879395, "Z_threshold0.25_of": 19983.222526427642, "Z_threshold0.25_time": 0.37340450286865234, "Z_threshold0.3_of": 19943.830973819713, "Z_threshold0.3_time": 0.37374329566955566, "Z_threshold0.35_of": 19943.830973819713, "Z_threshold0.35_time": 0.3729274272918701, "Z_threshold0.4_of": 19943.830973819713, "Z_threshold0.4_time": 0.3780226707458496, "Z_threshold0.45_of": 19915.069075457533, "Z_threshold0.45_time": 0.4150114059448242, "Z_threshold0.5_of": 19915.069075457533, "Z_threshold0.5_time": 0.3724372386932373}