{"name": "S_700_253_5982.864.json", "BaldoML_of": 19859.050177670513, "BaldoML_time": 1.0714292526245117, "BaldoGA_of": 19520.12876812427, "BaldoGA_time": 5.926755428314209, "Solver_of": 20254.251818800138, "Solver_time": 48.706217765808105, "Z_threshold0.05_of": 20106.00968528284, "Z_threshold0.05_time": 3.5273468494415283}