{"name": "S_700_414_5854.159.json", "BaldoML_of": 20142.27364937469, "BaldoML_time": 0.6667385101318359, "BaldoGA_of": 19861.08683151985, "BaldoGA_time": 4.064338445663452, "Solver_of": 20406.03751540134, "Solver_time": 9.951595067977905, "Z_threshold0.05_of": 19861.409701435106, "Z_threshold0.05_time": 1.0296630859375, "Z_threshold0.1_of": 19861.409701435106, "Z_threshold0.1_time": 0.9494004249572754, "Z_threshold0.15_of": 19861.409701435106, "Z_threshold0.15_time": 0.9477956295013428, "Z_threshold0.2_of": 19861.409701435106, "Z_threshold0.2_time": 1.0936293601989746}