{"name": "S_700_350_5866.737.json", "BaldoML_of": 19703.311820361592, "BaldoML_time": 0.6352958679199219, "BaldoGA_of": 19567.24770840442, "BaldoGA_time": 11.77544355392456, "Solver_of": 20005.12086390049, "Solver_time": 11.690353631973267, "Z_threshold0.05_of": 19253.966279856802, "Z_threshold0.05_time": 0.9178524017333984, "Z_threshold0.1_of": 18961.36337971481, "Z_threshold0.1_time": 0.8332936763763428, "Z_threshold0.15_of": 18961.36337971481, "Z_threshold0.15_time": 0.842416524887085, "Z_threshold0.2_of": 18961.36337971481, "Z_threshold0.2_time": 0.9130182266235352, "Z_threshold0.25_of": 18961.36337971481, "Z_threshold0.25_time": 0.8294880390167236}