{"name": "S_700_262_4346.587.json", "BaldoML_of": 16960.58088652101, "BaldoML_time": 0.7168905735015869, "BaldoGA_of": 16700.445540734807, "BaldoGA_time": 7.315796613693237, "Solver_of": 17109.762216996507, "Solver_time": 16.478885889053345, "Z_threshold0.05_of": 16918.050060261365, "Z_threshold0.05_time": 1.4216785430908203, "Z_threshold0.1_of": 16223.796830790328, "Z_threshold0.1_time": 0.8838632106781006, "Z_threshold0.15_of": 15647.004189450854, "Z_threshold0.15_time": 0.8773927688598633, "Z_threshold0.2_of": 15527.400879766585, "Z_threshold0.2_time": 0.8791508674621582, "Z_threshold0.25_of": 15385.875180057967, "Z_threshold0.25_time": 0.9588267803192139}