{"name": "S_700_277_4515.021.json", "BaldoML_of": 17947.772320246244, "BaldoML_time": 0.5933520793914795, "BaldoGA_of": 17746.185126592904, "BaldoGA_time": 8.137963771820068, "Solver_of": 18156.68257343267, "Solver_time": 11.64578890800476, "Z_threshold0.05_of": 17808.92626870183, "Z_threshold0.05_time": 1.0075488090515137, "Z_threshold0.1_of": 17133.33563428832, "Z_threshold0.1_time": 0.8416197299957275, "Z_threshold0.15_of": 16956.252887668987, "Z_threshold0.15_time": 0.8473820686340332, "Z_threshold0.2_of": 16935.888034427106, "Z_threshold0.2_time": 0.942868709564209}