{"name": "S_700_276_4484.959.json", "BaldoML_of": 17513.374975438815, "BaldoML_time": 0.6178498268127441, "BaldoGA_of": 17195.52334697922, "BaldoGA_time": 6.706485033035278, "Solver_of": 17849.917671757044, "Solver_time": 10.913937091827393, "Z_threshold0.05_of": 17496.747658413824, "Z_threshold0.05_time": 0.4695584774017334, "Z_threshold0.1_of": 16892.49120462602, "Z_threshold0.1_time": 0.4029359817504883, "Z_threshold0.15_of": 16685.777987108253, "Z_threshold0.15_time": 0.3972790241241455, "Z_threshold0.2_of": 16659.212395897488, "Z_threshold0.2_time": 0.40000128746032715, "Z_threshold0.25_of": 16659.212395897488, "Z_threshold0.25_time": 0.41954708099365234, "Z_threshold0.3_of": 16659.212395897488, "Z_threshold0.3_time": 0.39372754096984863, "Z_threshold0.35_of": 16659.212395897488, "Z_threshold0.35_time": 0.4002420902252197, "Z_threshold0.4_of": 16659.212395897488, "Z_threshold0.4_time": 0.39424657821655273, "Z_threshold0.45_of": 16659.212395897488, "Z_threshold0.45_time": 0.40616559982299805, "Z_threshold0.5_of": 16659.212395897488, "Z_threshold0.5_time": 0.3997306823730469}