{"name": "S_700_354_8703.944.json", "BaldoML_of": 23648.123920632137, "BaldoML_time": 0.6782212257385254, "BaldoGA_of": 23390.719322912482, "BaldoGA_time": 10.750020265579224, "Solver_of": 24289.501744661982, "Solver_time": 377.7361843585968, "Z_threshold0.05_of": 24019.341407446944, "Z_threshold0.05_time": 3.250455617904663, "Z_threshold0.1_of": 23591.7473268625, "Z_threshold0.1_time": 1.2801432609558105, "Z_threshold0.15_of": 23284.029113317436, "Z_threshold0.15_time": 1.027214527130127, "Z_threshold0.2_of": 22640.21535645978, "Z_threshold0.2_time": 0.9408552646636963}