{"name": "S_700_145_4483.77.json", "BaldoML_of": 18837.86910513381, "BaldoML_time": 2.6897499561309814, "BaldoGA_of": 18194.408532165256, "BaldoGA_time": 5.437760591506958, "Solver_of": 18837.86910513381, "Solver_time": 7.4346160888671875, "Z_threshold0.05_of": 18808.536009436713, "Z_threshold0.05_time": 1.837829828262329, "Z_threshold0.1_of": 18673.054370395534, "Z_threshold0.1_time": 1.8488435745239258, "Z_threshold0.15_of": 18599.033655122934, "Z_threshold0.15_time": 1.3062729835510254, "Z_threshold0.2_of": 18427.275351229997, "Z_threshold0.2_time": 1.1838667392730713, "Z_threshold0.25_of": 18069.123238655513, "Z_threshold0.25_time": 0.9394323825836182, "Z_threshold0.3_of": 17818.101344297775, "Z_threshold0.3_time": 0.9479763507843018, "Z_threshold0.35_of": 17551.839210551418, "Z_threshold0.35_time": 0.9364182949066162, "Z_threshold0.4_of": 17490.326302649446, "Z_threshold0.4_time": 0.9376952648162842, "Z_threshold0.45_of": 17251.22441715737, "Z_threshold0.45_time": 0.9004111289978027, "Z_threshold0.5_of": 17125.594933399865, "Z_threshold0.5_time": 0.937671422958374}