{"name": "S_700_294_5802.879.json", "BaldoML_of": 20566.75059965102, "BaldoML_time": 9.841407537460327, "BaldoGA_of": 19924.50931451082, "BaldoGA_time": 8.751910209655762, "Solver_of": 20566.750599651048, "Solver_time": 36.04583692550659, "Z_threshold0.05_of": 20335.283928934383, "Z_threshold0.05_time": 1.8298618793487549, "Z_threshold0.1_of": 20114.278470206424, "Z_threshold0.1_time": 1.0051612854003906, "Z_threshold0.15_of": 19637.5712807612, "Z_threshold0.15_time": 0.9514098167419434, "Z_threshold0.2_of": 19417.333470840156, "Z_threshold0.2_time": 0.9249937534332275, "Z_threshold0.25_of": 19242.607558548814, "Z_threshold0.25_time": 0.9188439846038818, "Z_threshold0.3_of": 19220.156884511533, "Z_threshold0.3_time": 0.9880030155181885, "Z_threshold0.35_of": 19220.156884511533, "Z_threshold0.35_time": 0.9693760871887207, "Z_threshold0.4_of": 19134.78359249818, "Z_threshold0.4_time": 0.9637107849121094, "Z_threshold0.45_of": 19134.78359249818, "Z_threshold0.45_time": 0.9148979187011719, "Z_threshold0.5_of": 19061.57639310329, "Z_threshold0.5_time": 0.9456400871276855}