{"name": "S_700_289_4539.53.json", "BaldoML_of": 16365.371621674356, "BaldoML_time": 0.6652610301971436, "BaldoGA_of": 16116.972219571551, "BaldoGA_time": 7.690973997116089, "Solver_of": 16661.709542359, "Solver_time": 10.815456867218018, "Z_threshold0.05_of": 16025.370434122593, "Z_threshold0.05_time": 0.9395365715026855, "Z_threshold0.1_of": 15429.222398245893, "Z_threshold0.1_time": 0.8814260959625244, "Z_threshold0.15_of": 15429.222398245893, "Z_threshold0.15_time": 0.8813111782073975, "Z_threshold0.2_of": 15429.222398245893, "Z_threshold0.2_time": 0.8801989555358887, "Z_threshold0.25_of": 15429.222398245893, "Z_threshold0.25_time": 0.9605684280395508}