{"name": "S_700_362_5509.865.json", "BaldoML_of": 21406.503606323222, "BaldoML_time": 0.5505354404449463, "BaldoGA_of": 21210.77287082524, "BaldoGA_time": 10.705607891082764, "Solver_of": 21598.915364544406, "Solver_time": 9.803056478500366, "Z_threshold0.05_of": 20752.448436699495, "Z_threshold0.05_time": 0.960911750793457, "Z_threshold0.1_of": 20709.426893820244, "Z_threshold0.1_time": 0.864250898361206, "Z_threshold0.15_of": 20709.426893820244, "Z_threshold0.15_time": 0.8590433597564697, "Z_threshold0.2_of": 20709.426893820244, "Z_threshold0.2_time": 0.9410769939422607, "Z_threshold0.25_of": 20709.426893820244, "Z_threshold0.25_time": 0.8586177825927734}