{"name": "S_700_271_5895.454.json", "BaldoML_of": 19038.73482244644, "BaldoML_time": 18.24010396003723, "BaldoGA_of": 18450.919821818414, "BaldoGA_time": 5.388590335845947, "Solver_of": 19038.73482244644, "Solver_time": 104.14975929260254, "Z_threshold0.05_of": 19002.476507558593, "Z_threshold0.05_time": 5.811022758483887, "Z_threshold0.1_of": 18720.871749364527, "Z_threshold0.1_time": 1.21232271194458, "Z_threshold0.15_of": 18598.39595720917, "Z_threshold0.15_time": 1.1354875564575195, "Z_threshold0.2_of": 18188.215734696754, "Z_threshold0.2_time": 0.9655287265777588, "Z_threshold0.25_of": 17783.252937139012, "Z_threshold0.25_time": 1.0016307830810547, "Z_threshold0.3_of": 17724.55288411189, "Z_threshold0.3_time": 0.9226832389831543, "Z_threshold0.35_of": 17381.472858833153, "Z_threshold0.35_time": 0.9104633331298828, "Z_threshold0.4_of": 17264.63831572446, "Z_threshold0.4_time": 0.9661746025085449, "Z_threshold0.45_of": 17187.821946410895, "Z_threshold0.45_time": 0.937126636505127, "Z_threshold0.5_of": 17150.69649362068, "Z_threshold0.5_time": 0.9498534202575684}