{"name": "S_700_360_4376.657.json", "BaldoML_of": 16402.79360786151, "BaldoML_time": 0.5997555255889893, "BaldoGA_of": 16309.53566094848, "BaldoGA_time": 2.7267541885375977, "Solver_of": 16797.813503532994, "Solver_time": 10.761202573776245, "Z_threshold0.05_of": 16424.402420164137, "Z_threshold0.05_time": 0.39136695861816406, "Z_threshold0.1_of": 16424.402420164137, "Z_threshold0.1_time": 0.37764668464660645, "Z_threshold0.15_of": 16424.402420164137, "Z_threshold0.15_time": 0.3784656524658203, "Z_threshold0.2_of": 16424.402420164137, "Z_threshold0.2_time": 0.39765310287475586, "Z_threshold0.25_of": 16424.402420164137, "Z_threshold0.25_time": 0.38770580291748047, "Z_threshold0.3_of": 16401.182381942723, "Z_threshold0.3_time": 0.36528944969177246, "Z_threshold0.35_of": 16401.182381942723, "Z_threshold0.35_time": 0.35770273208618164, "Z_threshold0.4_of": 16401.182381942723, "Z_threshold0.4_time": 0.35251808166503906, "Z_threshold0.45_of": 16401.182381942723, "Z_threshold0.45_time": 0.3559589385986328, "Z_threshold0.5_of": 16401.182381942723, "Z_threshold0.5_time": 0.3561275005340576}