{"name": "S_700_192_9083.205.json", "BaldoML_of": 25861.263928209864, "BaldoML_time": 7.32765793800354, "BaldoGA_of": 24611.09499935963, "BaldoGA_time": 8.200919151306152, "Solver_of": 25861.263928209824, "Solver_time": 135.06678199768066, "Z_threshold0.05_of": 25851.01857859747, "Z_threshold0.05_time": 4.229111909866333, "Z_threshold0.1_of": 25663.539295986066, "Z_threshold0.1_time": 2.8807199001312256, "Z_threshold0.15_of": 25632.603450138395, "Z_threshold0.15_time": 3.02754282951355, "Z_threshold0.2_of": 25555.610041574237, "Z_threshold0.2_time": 2.8375768661499023, "Z_threshold0.25_of": 25501.54112422947, "Z_threshold0.25_time": 1.613844633102417, "Z_threshold0.3_of": 25444.008384665536, "Z_threshold0.3_time": 1.6506009101867676, "Z_threshold0.35_of": 25368.718312511603, "Z_threshold0.35_time": 1.1806905269622803, "Z_threshold0.4_of": 25242.480269714662, "Z_threshold0.4_time": 0.9653968811035156, "Z_threshold0.45_of": 25032.95451444762, "Z_threshold0.45_time": 0.9365010261535645, "Z_threshold0.5_of": 25008.18934356743, "Z_threshold0.5_time": 0.961179256439209}