{"name": "S_700_161_4556.954.json", "BaldoML_of": 17614.35083558525, "BaldoML_time": 11.429129838943481, "BaldoGA_of": 16792.999316762623, "BaldoGA_time": 4.262821435928345, "Solver_of": 17631.60834263756, "Solver_time": 11.997706174850464, "Z_threshold0.05_of": 17631.60834263754, "Z_threshold0.05_time": 2.5731730461120605, "Z_threshold0.1_of": 17536.92494327431, "Z_threshold0.1_time": 1.6194748878479004, "Z_threshold0.15_of": 17358.640205118976, "Z_threshold0.15_time": 1.5235216617584229, "Z_threshold0.2_of": 17165.29675651562, "Z_threshold0.2_time": 1.0066499710083008, "Z_threshold0.25_of": 17060.146606320308, "Z_threshold0.25_time": 0.9477267265319824, "Z_threshold0.3_of": 16778.9060117614, "Z_threshold0.3_time": 0.9496827125549316, "Z_threshold0.35_of": 16645.38150719478, "Z_threshold0.35_time": 0.9536211490631104, "Z_threshold0.4_of": 16408.690471364513, "Z_threshold0.4_time": 0.9529545307159424, "Z_threshold0.45_of": 16093.514616691795, "Z_threshold0.45_time": 0.9716024398803711, "Z_threshold0.5_of": 15889.769019091522, "Z_threshold0.5_time": 0.9384174346923828}