{"name": "S_700_295_8892.024.json", "BaldoML_of": 23913.160673071055, "BaldoML_time": 0.929163932800293, "BaldoGA_of": 23525.40380243174, "BaldoGA_time": 7.705666542053223, "Solver_of": 24569.517664937324, "Solver_time": 138.31452059745789, "Z_threshold0.05_of": 24453.237875049308, "Z_threshold0.05_time": 2.9773597717285156, "Z_threshold0.1_of": 24217.574370317016, "Z_threshold0.1_time": 2.350454568862915, "Z_threshold0.15_of": 24094.638755171745, "Z_threshold0.15_time": 1.8486261367797852, "Z_threshold0.2_of": 23715.764471340746, "Z_threshold0.2_time": 1.0827233791351318, "Z_threshold0.25_of": 23104.300263275574, "Z_threshold0.25_time": 0.8751239776611328}