{"name": "S_700_170_5962.892.json", "BaldoML_of": 19917.74287313275, "BaldoML_time": 1.131309986114502, "BaldoGA_of": 19251.603115335718, "BaldoGA_time": 5.226168155670166, "Solver_of": 20228.296005698143, "Solver_time": 22.4183611869812, "Z_threshold0.05_of": 20188.496072426107, "Z_threshold0.05_time": 3.4881045818328857, "Z_threshold0.1_of": 20043.98990943236, "Z_threshold0.1_time": 2.2649948596954346, "Z_threshold0.15_of": 20017.740999925278, "Z_threshold0.15_time": 1.289954423904419, "Z_threshold0.2_of": 19883.261178056706, "Z_threshold0.2_time": 1.0014894008636475, "Z_threshold0.25_of": 19747.687964017514, "Z_threshold0.25_time": 0.89127516746521, "Z_threshold0.3_of": 19585.626119009597, "Z_threshold0.3_time": 0.45107030868530273, "Z_threshold0.35_of": 19281.30951717865, "Z_threshold0.35_time": 0.4094960689544678, "Z_threshold0.4_of": 19030.890407643154, "Z_threshold0.4_time": 0.4089322090148926, "Z_threshold0.45_of": 18829.85884947843, "Z_threshold0.45_time": 0.40406203269958496, "Z_threshold0.5_of": 18707.050819109976, "Z_threshold0.5_time": 0.40540337562561035}