{"name": "S_700_243_6046.35.json", "BaldoML_of": 19696.96158329385, "BaldoML_time": 0.8416929244995117, "BaldoGA_of": 19421.086263145076, "BaldoGA_time": 5.799814939498901, "Solver_of": 19995.566303440646, "Solver_time": 64.96434211730957, "Z_threshold0.05_of": 19907.991627656, "Z_threshold0.05_time": 1.6401574611663818, "Z_threshold0.1_of": 19738.524918582523, "Z_threshold0.1_time": 0.9125595092773438, "Z_threshold0.15_of": 19500.37897602903, "Z_threshold0.15_time": 0.6637377738952637, "Z_threshold0.2_of": 19152.472557061057, "Z_threshold0.2_time": 0.42360424995422363, "Z_threshold0.25_of": 18690.231683009966, "Z_threshold0.25_time": 0.41781020164489746, "Z_threshold0.3_of": 18478.266203801624, "Z_threshold0.3_time": 0.41445255279541016, "Z_threshold0.35_of": 18218.834579265873, "Z_threshold0.35_time": 0.41387319564819336, "Z_threshold0.4_of": 18097.343949377628, "Z_threshold0.4_time": 0.37416720390319824, "Z_threshold0.45_of": 18070.68090033971, "Z_threshold0.45_time": 0.3665428161621094, "Z_threshold0.5_of": 18008.55444119237, "Z_threshold0.5_time": 0.36981749534606934}