{"name": "S_700_240_5846.944.json", "BaldoML_of": 20614.48120933622, "BaldoML_time": 0.8115713596343994, "BaldoGA_of": 20159.26934311687, "BaldoGA_time": 6.45699667930603, "Solver_of": 20857.64779775357, "Solver_time": 43.077112436294556, "Z_threshold0.05_of": 20784.843912395638, "Z_threshold0.05_time": 2.5239758491516113, "Z_threshold0.1_of": 20569.21101718166, "Z_threshold0.1_time": 1.563913106918335, "Z_threshold0.15_of": 20278.77585652154, "Z_threshold0.15_time": 1.3438615798950195, "Z_threshold0.2_of": 20012.080234953766, "Z_threshold0.2_time": 0.9532954692840576}