{"name": "S_700_241_8636.806.json", "BaldoML_of": 24802.69538083997, "BaldoML_time": 0.9273207187652588, "BaldoGA_of": 24464.611598015465, "BaldoGA_time": 8.125633716583252, "Solver_of": 25682.550809410197, "Solver_time": 137.71331596374512, "Z_threshold0.05_of": 25660.635475928837, "Z_threshold0.05_time": 3.1503279209136963, "Z_threshold0.1_of": 25357.38492100323, "Z_threshold0.1_time": 2.109015464782715, "Z_threshold0.15_of": 25187.947144279628, "Z_threshold0.15_time": 1.3486692905426025, "Z_threshold0.2_of": 25171.20070115646, "Z_threshold0.2_time": 1.411989450454712, "Z_threshold0.25_of": 25120.678969639495, "Z_threshold0.25_time": 0.8605170249938965, "Z_threshold0.3_of": 25029.117152411858, "Z_threshold0.3_time": 0.5186960697174072, "Z_threshold0.35_of": 24823.633003334508, "Z_threshold0.35_time": 0.4377279281616211, "Z_threshold0.4_of": 24655.116932490142, "Z_threshold0.4_time": 0.44057512283325195, "Z_threshold0.45_of": 24575.446576887727, "Z_threshold0.45_time": 0.4367213249206543, "Z_threshold0.5_of": 24400.888956811443, "Z_threshold0.5_time": 0.4353666305541992}