{"name": "S_700_157_8732.745.json", "BaldoML_of": 27201.576144554423, "BaldoML_time": 1.2031104564666748, "BaldoGA_of": 26612.059965590153, "BaldoGA_time": 7.790979862213135, "Solver_of": 27875.407736086403, "Solver_time": 33.35626530647278, "Z_threshold0.05_of": 27777.87717389531, "Z_threshold0.05_time": 3.6340837478637695, "Z_threshold0.1_of": 27726.524535108805, "Z_threshold0.1_time": 3.1193294525146484, "Z_threshold0.15_of": 27587.714034661527, "Z_threshold0.15_time": 2.026982069015503, "Z_threshold0.2_of": 27417.031968228417, "Z_threshold0.2_time": 2.7058520317077637}