{"name": "S_700_297_5744.231.json", "BaldoML_of": 20822.688807855397, "BaldoML_time": 0.683570384979248, "BaldoGA_of": 20601.330024595623, "BaldoGA_time": 8.427946329116821, "Solver_of": 21162.814215777293, "Solver_time": 33.76517939567566, "Z_threshold0.05_of": 20834.45646157832, "Z_threshold0.05_time": 1.651888132095337, "Z_threshold0.1_of": 20479.855188966067, "Z_threshold0.1_time": 1.0513317584991455, "Z_threshold0.15_of": 20108.99204504986, "Z_threshold0.15_time": 0.9172413349151611, "Z_threshold0.2_of": 19706.64799636208, "Z_threshold0.2_time": 0.9754178524017334}