{"name": "S_700_204_4454.177.json", "BaldoML_of": 17729.930041569383, "BaldoML_time": 0.8902773857116699, "BaldoGA_of": 17479.775324654325, "BaldoGA_time": 5.018819332122803, "Solver_of": 17980.809420109592, "Solver_time": 12.507057666778564, "Z_threshold0.05_of": 17964.055270258687, "Z_threshold0.05_time": 1.068798542022705, "Z_threshold0.1_of": 17877.771611846507, "Z_threshold0.1_time": 1.0152361392974854, "Z_threshold0.15_of": 17737.502088750134, "Z_threshold0.15_time": 0.7853116989135742, "Z_threshold0.2_of": 17611.89097116786, "Z_threshold0.2_time": 0.4804263114929199, "Z_threshold0.25_of": 17332.747844566937, "Z_threshold0.25_time": 0.41667962074279785, "Z_threshold0.3_of": 17047.356565926257, "Z_threshold0.3_time": 0.3885517120361328, "Z_threshold0.35_of": 16673.210804402097, "Z_threshold0.35_time": 0.3672475814819336, "Z_threshold0.4_of": 16502.709327616696, "Z_threshold0.4_time": 0.3647339344024658, "Z_threshold0.45_of": 16268.787745878632, "Z_threshold0.45_time": 0.3661961555480957, "Z_threshold0.5_of": 16268.787745878632, "Z_threshold0.5_time": 0.3588531017303467}