{"name": "S_700_186_9032.728.json", "BaldoML_of": 26169.043815917466, "BaldoML_time": 1.0960192680358887, "BaldoGA_of": 25677.544260306524, "BaldoGA_time": 8.604204654693604, "Solver_of": 26854.11826790123, "Solver_time": 145.00399804115295, "Z_threshold0.05_of": 26795.331096621914, "Z_threshold0.05_time": 6.757399082183838}