{"name": "S_700_401_4659.255.json", "BaldoML_of": 16399.16612029682, "BaldoML_time": 0.5236074924468994, "BaldoGA_of": 16264.894483791115, "BaldoGA_time": 2.698935031890869, "Solver_of": 16667.32520607862, "Solver_time": 6.105179786682129, "Z_threshold0.05_of": 16279.83029289069, "Z_threshold0.05_time": 0.8525514602661133, "Z_threshold0.1_of": 16279.83029289069, "Z_threshold0.1_time": 0.8529114723205566, "Z_threshold0.15_of": 16279.83029289069, "Z_threshold0.15_time": 0.8417580127716064, "Z_threshold0.2_of": 16279.83029289069, "Z_threshold0.2_time": 0.8652126789093018, "Z_threshold0.25_of": 16279.83029289069, "Z_threshold0.25_time": 0.9228589534759521}