{"name": "S_700_191_8995.446.json", "BaldoML_of": 25249.681328994662, "BaldoML_time": 0.8591647148132324, "BaldoGA_of": 24665.09921479528, "BaldoGA_time": 7.802865028381348, "Solver_of": 26083.274752697518, "Solver_time": 127.6178936958313, "Z_threshold0.05_of": 26005.444426678252, "Z_threshold0.05_time": 5.111277103424072, "Z_threshold0.1_of": 25912.502633292486, "Z_threshold0.1_time": 2.349536895751953, "Z_threshold0.15_of": 25720.246876894274, "Z_threshold0.15_time": 1.9933130741119385, "Z_threshold0.2_of": 25622.180891194363, "Z_threshold0.2_time": 1.92618727684021, "Z_threshold0.25_of": 25495.926684993126, "Z_threshold0.25_time": 1.3636126518249512, "Z_threshold0.3_of": 25326.812081091866, "Z_threshold0.3_time": 0.8245358467102051, "Z_threshold0.35_of": 25094.38812538154, "Z_threshold0.35_time": 0.40333032608032227, "Z_threshold0.4_of": 24928.771960736638, "Z_threshold0.4_time": 0.39853906631469727, "Z_threshold0.45_of": 24747.379509671147, "Z_threshold0.45_time": 0.40165019035339355, "Z_threshold0.5_of": 24619.569293795204, "Z_threshold0.5_time": 0.4925343990325928}