{"name": "S_700_259_6115.655.json", "BaldoML_of": 19457.091801337338, "BaldoML_time": 0.7110259532928467, "BaldoGA_of": 19199.731809912602, "BaldoGA_time": 6.342620611190796, "Solver_of": 19884.26595473411, "Solver_time": 23.210456371307373, "Z_threshold0.05_of": 19697.288920061215, "Z_threshold0.05_time": 3.0956175327301025}