{"name": "S_700_346_4498.589.json", "BaldoML_of": 16156.926519054621, "BaldoML_time": 0.5136141777038574, "BaldoGA_of": 16058.763490276013, "BaldoGA_time": 3.0400562286376953, "Solver_of": 16584.4768355687, "Solver_time": 7.4634850025177, "Z_threshold0.05_of": 16324.268888413068, "Z_threshold0.05_time": 0.45633482933044434, "Z_threshold0.1_of": 16324.268888413068, "Z_threshold0.1_time": 0.4518163204193115, "Z_threshold0.15_of": 16324.268888413068, "Z_threshold0.15_time": 0.45162105560302734, "Z_threshold0.2_of": 16324.268888413068, "Z_threshold0.2_time": 0.45348525047302246, "Z_threshold0.25_of": 16324.268888413068, "Z_threshold0.25_time": 0.4592916965484619, "Z_threshold0.3_of": 16324.268888413068, "Z_threshold0.3_time": 0.46330904960632324, "Z_threshold0.35_of": 16324.268888413068, "Z_threshold0.35_time": 0.4507637023925781, "Z_threshold0.4_of": 16324.268888413068, "Z_threshold0.4_time": 0.4533083438873291, "Z_threshold0.45_of": 16324.268888413068, "Z_threshold0.45_time": 0.45650720596313477, "Z_threshold0.5_of": 16324.268888413068, "Z_threshold0.5_time": 0.45210862159729004}