{"name": "S_700_196_9124.622.json", "BaldoML_of": 26304.58910520323, "BaldoML_time": 0.9157423973083496, "BaldoGA_of": 25581.80233758125, "BaldoGA_time": 8.331967830657959, "Solver_of": 26823.603840232383, "Solver_time": 70.57641291618347, "Z_threshold0.05_of": 26743.959133173597, "Z_threshold0.05_time": 3.133258104324341, "Z_threshold0.1_of": 26710.26395823414, "Z_threshold0.1_time": 2.465848684310913, "Z_threshold0.15_of": 26630.49811881302, "Z_threshold0.15_time": 1.7190799713134766, "Z_threshold0.2_of": 26592.623653873507, "Z_threshold0.2_time": 1.587463140487671, "Z_threshold0.25_of": 26445.80041336701, "Z_threshold0.25_time": 1.1439716815948486, "Z_threshold0.3_of": 26387.76441264857, "Z_threshold0.3_time": 1.063601016998291, "Z_threshold0.35_of": 26287.207573583764, "Z_threshold0.35_time": 0.6994471549987793, "Z_threshold0.4_of": 26019.70174064071, "Z_threshold0.4_time": 0.43550634384155273, "Z_threshold0.45_of": 25831.105631756927, "Z_threshold0.45_time": 0.4637320041656494, "Z_threshold0.5_of": 25628.05216410856, "Z_threshold0.5_time": 0.4053666591644287}