{"name": "S_700_368_4502.495.json", "BaldoML_of": 16733.390420495576, "BaldoML_time": 0.5607595443725586, "BaldoGA_of": 16566.686320087938, "BaldoGA_time": 2.866976499557495, "Solver_of": 17088.421693393237, "Solver_time": 6.932462692260742, "Z_threshold0.05_of": 16583.070518972734, "Z_threshold0.05_time": 0.8645131587982178, "Z_threshold0.1_of": 16583.070518972734, "Z_threshold0.1_time": 0.859771728515625, "Z_threshold0.15_of": 16583.070518972734, "Z_threshold0.15_time": 0.8556876182556152, "Z_threshold0.2_of": 16583.070518972734, "Z_threshold0.2_time": 0.8541672229766846}