{"name": "S_700_338_4416.344.json", "BaldoML_of": 17137.714796568376, "BaldoML_time": 0.5491387844085693, "BaldoGA_of": 17002.45986246094, "BaldoGA_time": 2.77349853515625, "Solver_of": 17516.783850270083, "Solver_time": 6.370376825332642, "Z_threshold0.05_of": 17005.40472762601, "Z_threshold0.05_time": 0.9491024017333984, "Z_threshold0.1_of": 17005.40472762601, "Z_threshold0.1_time": 0.9446125030517578, "Z_threshold0.15_of": 17005.40472762601, "Z_threshold0.15_time": 0.9437730312347412, "Z_threshold0.2_of": 17005.40472762601, "Z_threshold0.2_time": 0.9677639007568359}