{"name": "S_700_178_8814.578.json", "BaldoML_of": 27240.311189135766, "BaldoML_time": 1.0149118900299072, "BaldoGA_of": 26843.163304784666, "BaldoGA_time": 7.928853750228882, "Solver_of": 28026.055122104368, "Solver_time": 18.045450448989868, "Z_threshold0.05_of": 27888.04167406722, "Z_threshold0.05_time": 4.35897421836853, "Z_threshold0.1_of": 27817.04745457616, "Z_threshold0.1_time": 3.0798323154449463, "Z_threshold0.15_of": 27690.38290274218, "Z_threshold0.15_time": 2.737879514694214, "Z_threshold0.2_of": 27537.936147219585, "Z_threshold0.2_time": 2.1800756454467773}