{"name": "S_700_267_8497.143.json", "BaldoML_of": 24987.93591483312, "BaldoML_time": 0.6243209838867188, "BaldoGA_of": 24548.00229144384, "BaldoGA_time": 9.638139486312866, "Solver_of": 25577.5109950967, "Solver_time": 85.59770154953003, "Z_threshold0.05_of": 25553.57793430471, "Z_threshold0.05_time": 3.47533917427063, "Z_threshold0.1_of": 25289.263441334497, "Z_threshold0.1_time": 3.2827227115631104, "Z_threshold0.15_of": 25199.55253836965, "Z_threshold0.15_time": 1.4414243698120117, "Z_threshold0.2_of": 25177.377829904442, "Z_threshold0.2_time": 1.2957510948181152, "Z_threshold0.25_of": 25105.695436614333, "Z_threshold0.25_time": 0.8473598957061768, "Z_threshold0.3_of": 25051.061795820853, "Z_threshold0.3_time": 0.5945744514465332, "Z_threshold0.35_of": 24739.12318058738, "Z_threshold0.35_time": 0.46839332580566406, "Z_threshold0.4_of": 24389.06065004623, "Z_threshold0.4_time": 0.4610428810119629, "Z_threshold0.45_of": 24256.308960997645, "Z_threshold0.45_time": 0.42400431632995605, "Z_threshold0.5_of": 24214.370168044003, "Z_threshold0.5_time": 0.4219937324523926}