{"name": "S_700_418_5871.954.json", "BaldoML_of": 19975.08392854249, "BaldoML_time": 0.633002519607544, "BaldoGA_of": 19824.42304673909, "BaldoGA_time": 4.419241905212402, "Solver_of": 20461.590878282936, "Solver_time": 5.830021619796753, "Z_threshold0.05_of": 19844.40439196028, "Z_threshold0.05_time": 0.8488988876342773}