{"name": "S_700_404_4467.833.json", "BaldoML_of": 17325.063988128357, "BaldoML_time": 0.4968395233154297, "BaldoGA_of": 17072.363354999372, "BaldoGA_time": 3.5755815505981445, "Solver_of": 17573.536369962036, "Solver_time": 9.390424251556396, "Z_threshold0.05_of": 17276.082294213382, "Z_threshold0.05_time": 0.41378307342529297, "Z_threshold0.1_of": 17276.082294213382, "Z_threshold0.1_time": 0.40604496002197266, "Z_threshold0.15_of": 17276.082294213382, "Z_threshold0.15_time": 0.43352675437927246, "Z_threshold0.2_of": 17276.082294213382, "Z_threshold0.2_time": 0.4057469367980957, "Z_threshold0.25_of": 17276.082294213382, "Z_threshold0.25_time": 0.4990425109863281, "Z_threshold0.3_of": 17276.082294213382, "Z_threshold0.3_time": 0.40262293815612793, "Z_threshold0.35_of": 17276.082294213382, "Z_threshold0.35_time": 0.40271997451782227, "Z_threshold0.4_of": 17276.082294213382, "Z_threshold0.4_time": 0.40486621856689453, "Z_threshold0.45_of": 17276.082294213382, "Z_threshold0.45_time": 0.40265488624572754, "Z_threshold0.5_of": 17276.082294213382, "Z_threshold0.5_time": 0.40508127212524414}