{"name": "S_700_193_5892.243.json", "BaldoML_of": 20766.860541404854, "BaldoML_time": 1.0347068309783936, "BaldoGA_of": 20362.860524284046, "BaldoGA_time": 6.335318326950073, "Solver_of": 21122.594223977503, "Solver_time": 20.81353998184204, "Z_threshold0.05_of": 21084.936590405985, "Z_threshold0.05_time": 2.211315393447876}