{"name": "S_700_414_5854.159.json", "BaldoML_of": 20142.27364937469, "BaldoML_time": 0.6667385101318359, "BaldoGA_of": 19861.08683151985, "BaldoGA_time": 4.064338445663452, "Solver_of": 20406.03751540134, "Solver_time": 9.951595067977905, "Z_threshold0.05_of": 19861.409701435106, "Z_threshold0.05_time": 0.8791255950927734, "Z_threshold0.1_of": 19861.409701435106, "Z_threshold0.1_time": 0.8796103000640869, "Z_threshold0.15_of": 19861.409701435106, "Z_threshold0.15_time": 0.906116247177124, "Z_threshold0.2_of": 19861.409701435106, "Z_threshold0.2_time": 0.9573359489440918, "Z_threshold0.25_of": 19861.409701435106, "Z_threshold0.25_time": 0.8821744918823242}