{"name": "S_700_319_4492.229.json", "BaldoML_of": 17182.739126182118, "BaldoML_time": 0.5164680480957031, "BaldoGA_of": 16938.468006967913, "BaldoGA_time": 6.893704891204834, "Solver_of": 17376.918455677776, "Solver_time": 8.771337747573853, "Z_threshold0.05_of": 16962.534523398135, "Z_threshold0.05_time": 0.3723626136779785, "Z_threshold0.1_of": 16962.534523398135, "Z_threshold0.1_time": 0.3580207824707031, "Z_threshold0.15_of": 16962.534523398135, "Z_threshold0.15_time": 0.35905003547668457, "Z_threshold0.2_of": 16962.534523398135, "Z_threshold0.2_time": 0.3559088706970215, "Z_threshold0.25_of": 16962.534523398135, "Z_threshold0.25_time": 0.3556802272796631, "Z_threshold0.3_of": 16962.534523398135, "Z_threshold0.3_time": 0.3608975410461426, "Z_threshold0.35_of": 16962.534523398135, "Z_threshold0.35_time": 0.3690640926361084, "Z_threshold0.4_of": 16962.534523398135, "Z_threshold0.4_time": 0.3590118885040283, "Z_threshold0.45_of": 16962.534523398135, "Z_threshold0.45_time": 0.35788512229919434, "Z_threshold0.5_of": 16962.534523398135, "Z_threshold0.5_time": 0.3569178581237793}