{"name": "S_700_338_4416.344.json", "BaldoML_of": 17137.714796568376, "BaldoML_time": 0.5491387844085693, "BaldoGA_of": 17002.45986246094, "BaldoGA_time": 2.77349853515625, "Solver_of": 17516.783850270083, "Solver_time": 6.370376825332642, "Z_threshold0.05_of": 17005.40472762601, "Z_threshold0.05_time": 0.9030771255493164, "Z_threshold0.1_of": 17005.40472762601, "Z_threshold0.1_time": 0.9008133411407471, "Z_threshold0.15_of": 17005.40472762601, "Z_threshold0.15_time": 0.9728453159332275, "Z_threshold0.2_of": 17005.40472762601, "Z_threshold0.2_time": 0.9112043380737305, "Z_threshold0.25_of": 17005.40472762601, "Z_threshold0.25_time": 0.898465633392334}