{"name": "S_700_221_4454.02.json", "BaldoML_of": 17048.899472596717, "BaldoML_time": 0.9720239639282227, "BaldoGA_of": 16800.15383558286, "BaldoGA_time": 4.908500909805298, "Solver_of": 17337.939412217595, "Solver_time": 20.35447645187378, "Z_threshold0.05_of": 17216.116421043986, "Z_threshold0.05_time": 2.379451036453247}