{"name": "S_700_294_4523.868.json", "BaldoML_of": 17587.442392797475, "BaldoML_time": 0.5937166213989258, "BaldoGA_of": 17404.747788040735, "BaldoGA_time": 8.816081285476685, "Solver_of": 17893.595131100195, "Solver_time": 7.627748727798462, "Z_threshold0.05_of": 17101.911307953014, "Z_threshold0.05_time": 0.8278405666351318}