{"name": "S_700_157_8947.003.json", "BaldoML_of": 27862.92222931004, "BaldoML_time": 7.8095691204071045, "BaldoGA_of": 26761.676801504174, "BaldoGA_time": 8.877313613891602, "Solver_of": 27892.240985400214, "Solver_time": 93.71118760108948, "Z_threshold0.05_of": 27763.4557395253, "Z_threshold0.05_time": 3.9891562461853027, "Z_threshold0.1_of": 27729.94444239582, "Z_threshold0.1_time": 2.1768569946289062, "Z_threshold0.15_of": 27666.182375311688, "Z_threshold0.15_time": 2.2680141925811768, "Z_threshold0.2_of": 27666.182375311688, "Z_threshold0.2_time": 2.3022561073303223, "Z_threshold0.25_of": 27666.182375311688, "Z_threshold0.25_time": 2.4864635467529297, "Z_threshold0.3_of": 27593.839086948126, "Z_threshold0.3_time": 2.2689154148101807, "Z_threshold0.35_of": 27446.438569936294, "Z_threshold0.35_time": 1.4279494285583496, "Z_threshold0.4_of": 27408.65448018678, "Z_threshold0.4_time": 1.5978875160217285, "Z_threshold0.45_of": 27252.257223403445, "Z_threshold0.45_time": 0.8682947158813477, "Z_threshold0.5_of": 26778.01840147431, "Z_threshold0.5_time": 0.8732101917266846}