{"name": "S_700_414_5854.159.json", "BaldoML_of": 20142.27364937469, "BaldoML_time": 0.6667385101318359, "BaldoGA_of": 19861.08683151985, "BaldoGA_time": 4.064338445663452, "Solver_of": 20406.03751540134, "Solver_time": 9.951595067977905, "Z_threshold0.05_of": 19861.409701435106, "Z_threshold0.05_time": 0.8809244632720947}