{"name": "S_700_322_6138.018.json", "BaldoML_of": 19129.649465678456, "BaldoML_time": 0.5862855911254883, "BaldoGA_of": 19004.57696624029, "BaldoGA_time": 9.17317819595337, "Solver_of": 19488.646026082926, "Solver_time": 84.80612754821777, "Z_threshold0.05_of": 18945.841703460694, "Z_threshold0.05_time": 1.033318042755127, "Z_threshold0.1_of": 18274.254297933843, "Z_threshold0.1_time": 0.9717419147491455, "Z_threshold0.15_of": 18240.260305443007, "Z_threshold0.15_time": 0.8886222839355469, "Z_threshold0.2_of": 18240.260305443007, "Z_threshold0.2_time": 0.8895325660705566, "Z_threshold0.25_of": 18240.260305443007, "Z_threshold0.25_time": 0.8927967548370361}