{"name": "S_700_415_4461.204.json", "BaldoML_of": 16837.189863563355, "BaldoML_time": 0.5057852268218994, "BaldoGA_of": 16698.44363809584, "BaldoGA_time": 2.706454277038574, "Solver_of": 17384.280562714168, "Solver_time": 4.488702297210693, "Z_threshold0.05_of": 16990.757969259295, "Z_threshold0.05_time": 0.39342689514160156, "Z_threshold0.1_of": 16990.757969259295, "Z_threshold0.1_time": 0.39395594596862793, "Z_threshold0.15_of": 16990.757969259295, "Z_threshold0.15_time": 0.4213566780090332, "Z_threshold0.2_of": 16971.263118450242, "Z_threshold0.2_time": 0.39317989349365234, "Z_threshold0.25_of": 16971.263118450242, "Z_threshold0.25_time": 0.39495086669921875, "Z_threshold0.3_of": 16971.263118450242, "Z_threshold0.3_time": 0.3866279125213623, "Z_threshold0.35_of": 16971.263118450242, "Z_threshold0.35_time": 0.37581300735473633, "Z_threshold0.4_of": 16971.263118450242, "Z_threshold0.4_time": 0.37386655807495117, "Z_threshold0.45_of": 16971.263118450242, "Z_threshold0.45_time": 0.3747239112854004, "Z_threshold0.5_of": 16971.263118450242, "Z_threshold0.5_time": 0.3752415180206299}