{"name": "S_700_245_6001.576.json", "BaldoML_of": 19034.00674682269, "BaldoML_time": 0.8310322761535645, "BaldoGA_of": 18775.919368537943, "BaldoGA_time": 6.005984306335449, "Solver_of": 19609.61871936725, "Solver_time": 52.68161225318909, "Z_threshold0.05_of": 19471.07321155357, "Z_threshold0.05_time": 6.098360776901245}