{"name": "S_700_273_8880.689.json", "BaldoML_of": 23699.101682882145, "BaldoML_time": 0.6211519241333008, "BaldoGA_of": 23682.02366944686, "BaldoGA_time": 7.852216482162476, "Solver_of": 24540.319031081468, "Solver_time": 185.84761452674866, "Z_threshold0.05_of": 24456.475953870726, "Z_threshold0.05_time": 8.777783393859863, "Z_threshold0.1_of": 24236.15321474197, "Z_threshold0.1_time": 2.359276056289673, "Z_threshold0.15_of": 23897.339926792676, "Z_threshold0.15_time": 1.585618257522583, "Z_threshold0.2_of": 23526.352918400287, "Z_threshold0.2_time": 1.0219674110412598}