{"name": "S_700_299_8326.217.json", "BaldoML_of": 25442.117074475053, "BaldoML_time": 0.8560161590576172, "BaldoGA_of": 25113.76404001407, "BaldoGA_time": 9.870604038238525, "Solver_of": 26131.163783099786, "Solver_time": 115.60953640937805, "Z_threshold0.05_of": 25989.458729088547, "Z_threshold0.05_time": 2.3727798461914062, "Z_threshold0.1_of": 25607.344301546913, "Z_threshold0.1_time": 1.5620718002319336, "Z_threshold0.15_of": 25347.578285228225, "Z_threshold0.15_time": 1.8267436027526855, "Z_threshold0.2_of": 25040.48104258885, "Z_threshold0.2_time": 0.9645683765411377}