{"name": "S_700_192_8934.029.json", "BaldoML_of": 25700.216451649314, "BaldoML_time": 1.1793978214263916, "BaldoGA_of": 25196.96265254241, "BaldoGA_time": 7.720677614212036, "Solver_of": 26432.351109019608, "Solver_time": 88.01335620880127, "Z_threshold0.05_of": 26401.894171281037, "Z_threshold0.05_time": 7.845726013183594, "Z_threshold0.1_of": 26308.84594186352, "Z_threshold0.1_time": 3.8995862007141113, "Z_threshold0.15_of": 26170.938605784395, "Z_threshold0.15_time": 2.813563823699951, "Z_threshold0.2_of": 25870.990595276086, "Z_threshold0.2_time": 2.052576780319214, "Z_threshold0.25_of": 25326.764960268676, "Z_threshold0.25_time": 0.9783625602722168}