{"name": "S_700_269_4444.911.json", "BaldoML_of": 16715.40464326085, "BaldoML_time": 0.6584651470184326, "BaldoGA_of": 16478.879455171165, "BaldoGA_time": 6.194468975067139, "Solver_of": 16993.38177307466, "Solver_time": 12.24594521522522, "Z_threshold0.05_of": 16649.523874633167, "Z_threshold0.05_time": 1.3134207725524902, "Z_threshold0.1_of": 15911.600107117496, "Z_threshold0.1_time": 0.8693110942840576, "Z_threshold0.15_of": 15526.290694074101, "Z_threshold0.15_time": 0.8661553859710693, "Z_threshold0.2_of": 15526.290694074101, "Z_threshold0.2_time": 0.8338096141815186}