{"name": "S_700_359_8693.972.json", "BaldoML_of": 24148.752380833277, "BaldoML_time": 0.8409693241119385, "BaldoGA_of": 23940.479012039817, "BaldoGA_time": 10.582035303115845, "Solver_of": 24619.602296983423, "Solver_time": 194.05780816078186, "Z_threshold0.05_of": 24462.300739190818, "Z_threshold0.05_time": 1.6781516075134277}