{"name": "S_700_414_5905.191.json", "BaldoML_of": 19872.408174710705, "BaldoML_time": 0.46193456649780273, "BaldoGA_of": 19683.969472510355, "BaldoGA_time": 4.690654993057251, "Solver_of": 20205.678508390458, "Solver_time": 6.947271347045898, "Z_threshold0.05_of": 19683.969472510358, "Z_threshold0.05_time": 0.9258711338043213, "Z_threshold0.1_of": 19683.969472510358, "Z_threshold0.1_time": 0.9164454936981201, "Z_threshold0.15_of": 19680.135628573542, "Z_threshold0.15_time": 0.8624682426452637, "Z_threshold0.2_of": 19680.135628573542, "Z_threshold0.2_time": 0.8591265678405762}