{"name": "S_700_398_9041.772.json", "BaldoML_of": 24502.97571577851, "BaldoML_time": 20.126320362091064, "BaldoGA_of": 23702.8464699134, "BaldoGA_time": 13.84850001335144, "Solver_of": 24503.161229211342, "Solver_time": 88.13455963134766, "Z_threshold0.05_of": 24027.62714424033, "Z_threshold0.05_time": 1.0508687496185303, "Z_threshold0.1_of": 23802.675494454244, "Z_threshold0.1_time": 0.970700740814209, "Z_threshold0.15_of": 23728.317299112892, "Z_threshold0.15_time": 0.9304256439208984, "Z_threshold0.2_of": 23728.317299112892, "Z_threshold0.2_time": 0.9698288440704346, "Z_threshold0.25_of": 23728.317299112892, "Z_threshold0.25_time": 0.9386324882507324, "Z_threshold0.3_of": 23728.317299112892, "Z_threshold0.3_time": 0.9220759868621826, "Z_threshold0.35_of": 23728.317299112892, "Z_threshold0.35_time": 0.9637906551361084, "Z_threshold0.4_of": 23728.317299112892, "Z_threshold0.4_time": 0.9275360107421875, "Z_threshold0.45_of": 23728.317299112892, "Z_threshold0.45_time": 0.9341652393341064, "Z_threshold0.5_of": 23728.317299112892, "Z_threshold0.5_time": 0.9348502159118652}