{"name": "S_700_398_4528.176.json", "BaldoML_of": 16665.77754110845, "BaldoML_time": 0.5113275051116943, "BaldoGA_of": 16479.993201336634, "BaldoGA_time": 3.0235910415649414, "Solver_of": 17033.06811399806, "Solver_time": 6.037316560745239, "Z_threshold0.05_of": 16503.50748751897, "Z_threshold0.05_time": 0.8664264678955078, "Z_threshold0.1_of": 16503.50748751897, "Z_threshold0.1_time": 0.8640086650848389, "Z_threshold0.15_of": 16503.50748751897, "Z_threshold0.15_time": 0.8605349063873291, "Z_threshold0.2_of": 16503.50748751897, "Z_threshold0.2_time": 0.8677010536193848}