{"name": "S_700_154_6090.393.json", "BaldoML_of": 20614.75079661947, "BaldoML_time": 9.085060596466064, "BaldoGA_of": 19754.631512424803, "BaldoGA_time": 5.545262336730957, "Solver_of": 20614.75079661947, "Solver_time": 72.15239953994751, "Z_threshold0.05_of": 20611.464054100208, "Z_threshold0.05_time": 4.8211586475372314, "Z_threshold0.1_of": 20560.448715202492, "Z_threshold0.1_time": 2.6557600498199463, "Z_threshold0.15_of": 20483.362856976597, "Z_threshold0.15_time": 2.125091075897217, "Z_threshold0.2_of": 20418.552987027455, "Z_threshold0.2_time": 1.7780635356903076, "Z_threshold0.25_of": 20329.05207461596, "Z_threshold0.25_time": 1.7803754806518555, "Z_threshold0.3_of": 20155.783787809145, "Z_threshold0.3_time": 1.1190578937530518, "Z_threshold0.35_of": 19765.529642556874, "Z_threshold0.35_time": 0.9636209011077881, "Z_threshold0.4_of": 19477.918824090553, "Z_threshold0.4_time": 0.9465346336364746, "Z_threshold0.45_of": 19278.87116790278, "Z_threshold0.45_time": 0.9713327884674072, "Z_threshold0.5_of": 19246.48084590563, "Z_threshold0.5_time": 0.9666106700897217}