{"name": "S_700_396_8957.092.json", "BaldoML_of": 23947.022110553367, "BaldoML_time": 0.6413853168487549, "BaldoGA_of": 23823.418934779824, "BaldoGA_time": 12.883401870727539, "Solver_of": 24461.59879091532, "Solver_time": 204.47583532333374, "Z_threshold0.05_of": 23965.923808287163, "Z_threshold0.05_time": 0.5236587524414062, "Z_threshold0.1_of": 23776.62225000491, "Z_threshold0.1_time": 0.4078812599182129, "Z_threshold0.15_of": 23776.62225000491, "Z_threshold0.15_time": 0.38826537132263184, "Z_threshold0.2_of": 23776.62225000491, "Z_threshold0.2_time": 0.38679027557373047, "Z_threshold0.25_of": 23776.62225000491, "Z_threshold0.25_time": 0.39373159408569336, "Z_threshold0.3_of": 23776.62225000491, "Z_threshold0.3_time": 0.3921017646789551, "Z_threshold0.35_of": 23776.62225000491, "Z_threshold0.35_time": 0.3945138454437256, "Z_threshold0.4_of": 23776.62225000491, "Z_threshold0.4_time": 0.39691662788391113, "Z_threshold0.45_of": 23776.62225000491, "Z_threshold0.45_time": 0.3917062282562256, "Z_threshold0.5_of": 23776.62225000491, "Z_threshold0.5_time": 0.40311098098754883}