{"name": "S_700_414_5905.191.json", "BaldoML_of": 20169.101707569163, "BaldoML_time": 2.6956470012664795, "BaldoGA_of": 19683.969472510355, "BaldoGA_time": 4.690654993057251, "Solver_of": 20205.678508390458, "Solver_time": 6.947271347045898, "Z_threshold0.05_of": 20015.47837265107, "Z_threshold0.05_time": 0.9085626602172852, "Z_threshold0.1_of": 19994.861640571766, "Z_threshold0.1_time": 0.8716957569122314, "Z_threshold0.15_of": 19994.861640571766, "Z_threshold0.15_time": 0.8763091564178467, "Z_threshold0.2_of": 19994.861640571766, "Z_threshold0.2_time": 0.8669638633728027, "Z_threshold0.25_of": 19994.861640571766, "Z_threshold0.25_time": 0.8772339820861816, "Z_threshold0.3_of": 19994.861640571766, "Z_threshold0.3_time": 0.892371654510498, "Z_threshold0.35_of": 19994.861640571766, "Z_threshold0.35_time": 0.8741955757141113, "Z_threshold0.4_of": 19994.861640571766, "Z_threshold0.4_time": 0.88688063621521, "Z_threshold0.45_of": 19994.861640571766, "Z_threshold0.45_time": 0.8869602680206299, "Z_threshold0.5_of": 19994.861640571766, "Z_threshold0.5_time": 0.8972043991088867}