{"name": "S_700_179_6029.561.json", "BaldoML_of": 20965.336896720903, "BaldoML_time": 1.2507855892181396, "BaldoGA_of": 20562.803282743942, "BaldoGA_time": 6.080610275268555, "Solver_of": 21262.691606786088, "Solver_time": 33.692362546920776, "Z_threshold0.05_of": 21199.861517960817, "Z_threshold0.05_time": 2.5743355751037598, "Z_threshold0.1_of": 21123.15350529214, "Z_threshold0.1_time": 1.7555594444274902, "Z_threshold0.15_of": 20974.75148719646, "Z_threshold0.15_time": 1.632260799407959, "Z_threshold0.2_of": 20829.774759610416, "Z_threshold0.2_time": 1.382657527923584, "Z_threshold0.25_of": 20534.38218751823, "Z_threshold0.25_time": 1.1330406665802002}