{"name": "S_700_335_5853.28.json", "BaldoML_of": 19629.80852293267, "BaldoML_time": 0.46259379386901855, "BaldoGA_of": 19379.478884369622, "BaldoGA_time": 9.778849124908447, "Solver_of": 19935.80752457805, "Solver_time": 11.446101903915405, "Z_threshold0.05_of": 19535.05380191045, "Z_threshold0.05_time": 0.9512922763824463}