{"name": "S_700_293_8649.801.json", "BaldoML_of": 24983.54959294232, "BaldoML_time": 0.9104654788970947, "BaldoGA_of": 24812.186708979963, "BaldoGA_time": 9.072616577148438, "Solver_of": 25576.90848183861, "Solver_time": 94.76396942138672, "Z_threshold0.05_of": 25453.181101589653, "Z_threshold0.05_time": 5.81093168258667, "Z_threshold0.1_of": 25312.149519052102, "Z_threshold0.1_time": 2.1463570594787598, "Z_threshold0.15_of": 25071.9540128096, "Z_threshold0.15_time": 1.4941542148590088, "Z_threshold0.2_of": 24883.248528199118, "Z_threshold0.2_time": 1.2159147262573242}