{"name": "S_700_196_5692.119.json", "BaldoML_of": 21223.556074709784, "BaldoML_time": 0.9021000862121582, "BaldoGA_of": 20661.705480267752, "BaldoGA_time": 6.234228610992432, "Solver_of": 21619.181341371914, "Solver_time": 19.071816444396973, "Z_threshold0.05_of": 21561.192212967107, "Z_threshold0.05_time": 2.916698932647705, "Z_threshold0.1_of": 21486.726522405086, "Z_threshold0.1_time": 1.3396437168121338, "Z_threshold0.15_of": 21354.126538918594, "Z_threshold0.15_time": 1.2414271831512451, "Z_threshold0.2_of": 21239.654098120132, "Z_threshold0.2_time": 0.7266900539398193, "Z_threshold0.25_of": 21118.90858999962, "Z_threshold0.25_time": 0.5385463237762451, "Z_threshold0.3_of": 20812.88700406292, "Z_threshold0.3_time": 0.3931558132171631, "Z_threshold0.35_of": 20721.646628580813, "Z_threshold0.35_time": 0.38436460494995117, "Z_threshold0.4_of": 20444.10946145138, "Z_threshold0.4_time": 0.3846251964569092, "Z_threshold0.45_of": 20130.76359439332, "Z_threshold0.45_time": 0.3866086006164551, "Z_threshold0.5_of": 19860.41283552283, "Z_threshold0.5_time": 0.38283848762512207}