{"name": "S_700_340_9397.582.json", "BaldoML_of": 22443.315722970878, "BaldoML_time": 0.7058379650115967, "BaldoGA_of": 21934.08443035194, "BaldoGA_time": 9.650720119476318, "Solver_of": 23106.376963159433, "Solver_time": 619.6616177558899, "Z_threshold0.05_of": 22887.5581978777, "Z_threshold0.05_time": 5.693277835845947, "Z_threshold0.1_of": 22470.48005503115, "Z_threshold0.1_time": 1.4327068328857422, "Z_threshold0.15_of": 22148.759737832235, "Z_threshold0.15_time": 1.1832902431488037, "Z_threshold0.2_of": 21338.206147754194, "Z_threshold0.2_time": 0.9256417751312256}