{"name": "S_700_396_8957.092.json", "BaldoML_of": 24461.59879091532, "BaldoML_time": 24.680387496948242, "BaldoGA_of": 23823.418934779824, "BaldoGA_time": 12.883401870727539, "Solver_of": 24461.59879091532, "Solver_time": 204.47583532333374, "Z_threshold0.05_of": 24001.481004522877, "Z_threshold0.05_time": 0.9955956935882568, "Z_threshold0.1_of": 23799.48815960354, "Z_threshold0.1_time": 0.8867537975311279, "Z_threshold0.15_of": 23776.62225000491, "Z_threshold0.15_time": 0.8729231357574463, "Z_threshold0.2_of": 23776.62225000491, "Z_threshold0.2_time": 0.9008071422576904, "Z_threshold0.25_of": 23776.62225000491, "Z_threshold0.25_time": 0.884674072265625, "Z_threshold0.3_of": 23776.62225000491, "Z_threshold0.3_time": 0.8967311382293701, "Z_threshold0.35_of": 23776.62225000491, "Z_threshold0.35_time": 0.8942611217498779, "Z_threshold0.4_of": 23776.62225000491, "Z_threshold0.4_time": 0.8946132659912109, "Z_threshold0.45_of": 23776.62225000491, "Z_threshold0.45_time": 0.8997538089752197, "Z_threshold0.5_of": 23776.62225000491, "Z_threshold0.5_time": 0.8957667350769043}