{"name": "S_700_286_9166.587.json", "BaldoML_of": 22901.331899067183, "BaldoML_time": 0.6283516883850098, "BaldoGA_of": 22683.97498254157, "BaldoGA_time": 7.659590721130371, "Solver_of": 23641.980360906175, "Solver_time": 193.49637460708618, "Z_threshold0.05_of": 23603.516171299918, "Z_threshold0.05_time": 5.678435325622559, "Z_threshold0.1_of": 23384.85859901346, "Z_threshold0.1_time": 2.8766489028930664, "Z_threshold0.15_of": 22926.36548159255, "Z_threshold0.15_time": 1.5847079753875732, "Z_threshold0.2_of": 22772.97773309282, "Z_threshold0.2_time": 1.5137825012207031, "Z_threshold0.25_of": 22580.29433280736, "Z_threshold0.25_time": 0.9985299110412598}