{"name": "S_700_294_4523.868.json", "BaldoML_of": 17587.442392797475, "BaldoML_time": 0.5937166213989258, "BaldoGA_of": 17404.747788040735, "BaldoGA_time": 8.816081285476685, "Solver_of": 17893.595131100195, "Solver_time": 7.627748727798462, "Z_threshold0.05_of": 17101.911307953014, "Z_threshold0.05_time": 0.8923158645629883, "Z_threshold0.1_of": 16707.768512850093, "Z_threshold0.1_time": 0.8859686851501465, "Z_threshold0.15_of": 16707.768512850093, "Z_threshold0.15_time": 0.9630837440490723, "Z_threshold0.2_of": 16707.768512850093, "Z_threshold0.2_time": 0.8831548690795898}