{"name": "S_700_413_4357.46.json", "BaldoML_of": 17919.345096966445, "BaldoML_time": 2.0819990634918213, "BaldoGA_of": 17563.633637993462, "BaldoGA_time": 2.965188503265381, "Solver_of": 18011.47570663806, "Solver_time": 5.64775824546814, "Z_threshold0.05_of": 17750.38818050901, "Z_threshold0.05_time": 0.9438071250915527, "Z_threshold0.1_of": 17718.588604922665, "Z_threshold0.1_time": 0.9660310745239258, "Z_threshold0.15_of": 17730.80316737608, "Z_threshold0.15_time": 0.8803472518920898, "Z_threshold0.2_of": 17730.80316737608, "Z_threshold0.2_time": 0.8930134773254395, "Z_threshold0.25_of": 17730.80316737608, "Z_threshold0.25_time": 0.8939647674560547, "Z_threshold0.3_of": 17730.80316737608, "Z_threshold0.3_time": 0.9399166107177734, "Z_threshold0.35_of": 17730.80316737608, "Z_threshold0.35_time": 0.8729763031005859, "Z_threshold0.4_of": 17730.80316737608, "Z_threshold0.4_time": 0.8885550498962402, "Z_threshold0.45_of": 17730.80316737608, "Z_threshold0.45_time": 0.8969123363494873, "Z_threshold0.5_of": 17730.80316737608, "Z_threshold0.5_time": 0.8925459384918213}