{"name": "S_700_208_9082.074.json", "BaldoML_of": 24527.664397533783, "BaldoML_time": 35.59225606918335, "BaldoGA_of": 23395.979972969097, "BaldoGA_time": 7.875044822692871, "Solver_of": 24528.08558391799, "Solver_time": 473.2801706790924, "Z_threshold0.05_of": 24448.213726031405, "Z_threshold0.05_time": 7.5567097663879395, "Z_threshold0.1_of": 24393.88143646582, "Z_threshold0.1_time": 4.7423200607299805, "Z_threshold0.15_of": 24339.87891942203, "Z_threshold0.15_time": 3.382498025894165, "Z_threshold0.2_of": 24291.40112969067, "Z_threshold0.2_time": 1.9023990631103516, "Z_threshold0.25_of": 24225.54676099344, "Z_threshold0.25_time": 1.7553493976593018, "Z_threshold0.3_of": 24154.6869662026, "Z_threshold0.3_time": 1.5160298347473145, "Z_threshold0.35_of": 24053.374082049275, "Z_threshold0.35_time": 0.9934494495391846, "Z_threshold0.4_of": 23602.367838194386, "Z_threshold0.4_time": 0.9319093227386475, "Z_threshold0.45_of": 23466.47425739907, "Z_threshold0.45_time": 0.8948750495910645, "Z_threshold0.5_of": 23388.340795120916, "Z_threshold0.5_time": 0.9196105003356934}