{"name": "S_700_225_8945.217.json", "BaldoML_of": 25384.390808097094, "BaldoML_time": 0.8457095623016357, "BaldoGA_of": 25132.804140443575, "BaldoGA_time": 7.50561785697937, "Solver_of": 26300.788565356626, "Solver_time": 131.07280111312866, "Z_threshold0.05_of": 26267.822652095278, "Z_threshold0.05_time": 3.3600082397460938, "Z_threshold0.1_of": 26027.294321842233, "Z_threshold0.1_time": 2.0103375911712646, "Z_threshold0.15_of": 25718.141941614467, "Z_threshold0.15_time": 1.7672195434570312, "Z_threshold0.2_of": 25326.175913086092, "Z_threshold0.2_time": 1.2279057502746582, "Z_threshold0.25_of": 24763.53127668643, "Z_threshold0.25_time": 0.9144668579101562}