{"name": "S_700_170_5962.892.json", "BaldoML_of": 19917.74287313275, "BaldoML_time": 1.131309986114502, "BaldoGA_of": 19251.603115335718, "BaldoGA_time": 5.226168155670166, "Solver_of": 20228.296005698143, "Solver_time": 22.4183611869812, "Z_threshold0.05_of": 20183.562685857898, "Z_threshold0.05_time": 3.2045178413391113, "Z_threshold0.1_of": 20008.675909225334, "Z_threshold0.1_time": 2.1722311973571777, "Z_threshold0.15_of": 19956.72200064295, "Z_threshold0.15_time": 2.00006365776062, "Z_threshold0.2_of": 19728.876412314807, "Z_threshold0.2_time": 1.567652702331543}