{"name": "S_700_178_8814.578.json", "BaldoML_of": 27240.311189135766, "BaldoML_time": 1.0149118900299072, "BaldoGA_of": 26843.163304784666, "BaldoGA_time": 7.928853750228882, "Solver_of": 28026.055122104368, "Solver_time": 18.045450448989868, "Z_threshold0.05_of": 27888.063516128805, "Z_threshold0.05_time": 3.069312572479248, "Z_threshold0.1_of": 27816.346089352195, "Z_threshold0.1_time": 2.327164888381958, "Z_threshold0.15_of": 27690.38290274219, "Z_threshold0.15_time": 2.319377899169922, "Z_threshold0.2_of": 27627.70323914834, "Z_threshold0.2_time": 1.8439483642578125, "Z_threshold0.25_of": 27582.585738494112, "Z_threshold0.25_time": 1.3497941493988037, "Z_threshold0.3_of": 27426.64752629191, "Z_threshold0.3_time": 1.107609748840332, "Z_threshold0.35_of": 27406.057077231428, "Z_threshold0.35_time": 1.1366090774536133, "Z_threshold0.4_of": 27360.548347933283, "Z_threshold0.4_time": 0.9268105030059814, "Z_threshold0.45_of": 27334.472127642, "Z_threshold0.45_time": 0.5262737274169922, "Z_threshold0.5_of": 27017.60334735742, "Z_threshold0.5_time": 0.45066308975219727}