{"name": "S_700_207_5997.294.json", "BaldoML_of": 19392.20453084779, "BaldoML_time": 1.0822513103485107, "BaldoGA_of": 18867.49873128185, "BaldoGA_time": 5.8371288776397705, "Solver_of": 19764.437022164606, "Solver_time": 35.65868425369263, "Z_threshold0.05_of": 19742.391464584412, "Z_threshold0.05_time": 2.158111095428467, "Z_threshold0.1_of": 19634.021837140117, "Z_threshold0.1_time": 1.3754990100860596, "Z_threshold0.15_of": 19566.499102439342, "Z_threshold0.15_time": 1.0868644714355469, "Z_threshold0.2_of": 19533.289939314873, "Z_threshold0.2_time": 0.8626015186309814, "Z_threshold0.25_of": 19460.27130670576, "Z_threshold0.25_time": 0.9036097526550293, "Z_threshold0.3_of": 19413.85480399213, "Z_threshold0.3_time": 0.9504733085632324, "Z_threshold0.35_of": 19122.32743478549, "Z_threshold0.35_time": 0.4021909236907959, "Z_threshold0.4_of": 18745.49262732577, "Z_threshold0.4_time": 0.39351439476013184, "Z_threshold0.45_of": 18162.288244074614, "Z_threshold0.45_time": 0.3928825855255127, "Z_threshold0.5_of": 18031.450839590456, "Z_threshold0.5_time": 0.3917500972747803}