{"name": "S_700_349_5852.725.json", "BaldoML_of": 20371.430065924375, "BaldoML_time": 5.832020998001099, "BaldoGA_of": 19764.59449670786, "BaldoGA_time": 10.551287174224854, "Solver_of": 20371.430065924375, "Solver_time": 14.63683271408081, "Z_threshold0.05_of": 19779.666946286758, "Z_threshold0.05_time": 0.9783711433410645, "Z_threshold0.1_of": 19445.443663152077, "Z_threshold0.1_time": 0.9266016483306885, "Z_threshold0.15_of": 19421.711802354683, "Z_threshold0.15_time": 0.9525845050811768, "Z_threshold0.2_of": 19421.711802354683, "Z_threshold0.2_time": 0.9604012966156006, "Z_threshold0.25_of": 19421.711802354683, "Z_threshold0.25_time": 0.9329929351806641, "Z_threshold0.3_of": 19421.711802354683, "Z_threshold0.3_time": 0.9399733543395996, "Z_threshold0.35_of": 19421.711802354683, "Z_threshold0.35_time": 0.9766898155212402, "Z_threshold0.4_of": 19421.711802354683, "Z_threshold0.4_time": 0.9614286422729492, "Z_threshold0.45_of": 19421.711802354683, "Z_threshold0.45_time": 0.9656977653503418, "Z_threshold0.5_of": 19421.711802354683, "Z_threshold0.5_time": 0.9978492259979248}