{"name": "S_700_186_9032.728.json", "BaldoML_of": 26169.043815917466, "BaldoML_time": 1.0960192680358887, "BaldoGA_of": 25677.544260306524, "BaldoGA_time": 8.604204654693604, "Solver_of": 26854.11826790123, "Solver_time": 145.00399804115295, "Z_threshold0.05_of": 26795.331096621914, "Z_threshold0.05_time": 6.769531965255737, "Z_threshold0.1_of": 26627.947046754267, "Z_threshold0.1_time": 2.4464192390441895, "Z_threshold0.15_of": 26440.118764953848, "Z_threshold0.15_time": 2.2594454288482666, "Z_threshold0.2_of": 26215.721108058842, "Z_threshold0.2_time": 1.7382726669311523, "Z_threshold0.25_of": 25943.114526070127, "Z_threshold0.25_time": 1.5991768836975098}