{"name": "S_700_413_6175.111.json", "BaldoML_of": 18965.751555577717, "BaldoML_time": 0.7678179740905762, "BaldoGA_of": 18518.15902107684, "BaldoGA_time": 3.8961734771728516, "Solver_of": 19250.843532874, "Solver_time": 12.158966302871704, "Z_threshold0.05_of": 18545.595685973178, "Z_threshold0.05_time": 0.8426673412322998, "Z_threshold0.1_of": 18545.595685973178, "Z_threshold0.1_time": 0.9242773056030273, "Z_threshold0.15_of": 18545.595685973178, "Z_threshold0.15_time": 0.8602359294891357, "Z_threshold0.2_of": 18545.595685973178, "Z_threshold0.2_time": 0.8445532321929932}