{"name": "S_700_259_5912.084.json", "BaldoML_of": 19575.490946830007, "BaldoML_time": 0.9401051998138428, "BaldoGA_of": 19201.52211923607, "BaldoGA_time": 6.232396364212036, "Solver_of": 19999.790310296936, "Solver_time": 96.63436722755432, "Z_threshold0.05_of": 19888.96355565715, "Z_threshold0.05_time": 3.0165743827819824, "Z_threshold0.1_of": 19402.857736395, "Z_threshold0.1_time": 1.1635470390319824, "Z_threshold0.15_of": 18331.378697612945, "Z_threshold0.15_time": 0.8732047080993652, "Z_threshold0.2_of": 17994.923520507975, "Z_threshold0.2_time": 0.8769035339355469}