{"name": "S_700_290_4506.341.json", "BaldoML_of": 16619.342702521193, "BaldoML_time": 0.5410010814666748, "BaldoGA_of": 16422.24725904368, "BaldoGA_time": 6.679780721664429, "Solver_of": 16812.310512353477, "Solver_time": 8.072464227676392, "Z_threshold0.05_of": 16459.90739821805, "Z_threshold0.05_time": 0.9288730621337891, "Z_threshold0.1_of": 15556.547675932623, "Z_threshold0.1_time": 0.9300928115844727, "Z_threshold0.15_of": 15556.547675932623, "Z_threshold0.15_time": 0.858048677444458, "Z_threshold0.2_of": 15556.547675932623, "Z_threshold0.2_time": 0.844144344329834}