{"name": "S_700_175_5788.306.json", "BaldoML_of": 21437.269318707247, "BaldoML_time": 1.0787866115570068, "BaldoGA_of": 20964.836232416466, "BaldoGA_time": 5.63636326789856, "Solver_of": 21686.159427403716, "Solver_time": 18.75801372528076, "Z_threshold0.05_of": 21643.646096825425, "Z_threshold0.05_time": 3.3153207302093506, "Z_threshold0.1_of": 21521.792969938982, "Z_threshold0.1_time": 1.8594818115234375, "Z_threshold0.15_of": 21381.397376571804, "Z_threshold0.15_time": 1.7936599254608154, "Z_threshold0.2_of": 21058.731546656283, "Z_threshold0.2_time": 1.0819604396820068, "Z_threshold0.25_of": 20817.16841661957, "Z_threshold0.25_time": 0.9410495758056641}