{"name": "S_700_346_4382.358.json", "BaldoML_of": 17972.473707628043, "BaldoML_time": 1.890044927597046, "BaldoGA_of": 17607.36506740713, "BaldoGA_time": 3.0081944465637207, "Solver_of": 18038.44543981626, "Solver_time": 7.748786926269531, "Z_threshold0.05_of": 17808.571019261963, "Z_threshold0.05_time": 0.9490096569061279, "Z_threshold0.1_of": 17808.571019261963, "Z_threshold0.1_time": 0.9367415904998779, "Z_threshold0.15_of": 17808.571019261963, "Z_threshold0.15_time": 0.9374856948852539, "Z_threshold0.2_of": 17808.571019261963, "Z_threshold0.2_time": 0.950416088104248, "Z_threshold0.25_of": 17808.571019261963, "Z_threshold0.25_time": 1.0175755023956299, "Z_threshold0.3_of": 17808.571019261963, "Z_threshold0.3_time": 0.9323296546936035, "Z_threshold0.35_of": 17808.571019261963, "Z_threshold0.35_time": 0.9191169738769531, "Z_threshold0.4_of": 17808.571019261963, "Z_threshold0.4_time": 0.9262070655822754, "Z_threshold0.45_of": 17767.216535947256, "Z_threshold0.45_time": 0.9112467765808105, "Z_threshold0.5_of": 17767.216535947256, "Z_threshold0.5_time": 0.9490439891815186}