{"name": "S_700_396_8616.849.json", "BaldoML_of": 24452.00008616266, "BaldoML_time": 0.5857501029968262, "BaldoGA_of": 24198.596030436347, "BaldoGA_time": 13.55086636543274, "Solver_of": 24779.57945087062, "Solver_time": 219.33345580101013, "Z_threshold0.05_of": 24493.2297159337, "Z_threshold0.05_time": 1.523728847503662, "Z_threshold0.1_of": 23479.731601858417, "Z_threshold0.1_time": 0.8773484230041504, "Z_threshold0.15_of": 23250.43044351632, "Z_threshold0.15_time": 0.8586976528167725, "Z_threshold0.2_of": 23212.907680320066, "Z_threshold0.2_time": 0.8675239086151123}