{"name": "S_700_392_4490.414.json", "BaldoML_of": 18028.6802068018, "BaldoML_time": 0.645350456237793, "BaldoGA_of": 17845.522740261124, "BaldoGA_time": 3.524815320968628, "Solver_of": 18341.109217196845, "Solver_time": 5.5562193393707275, "Z_threshold0.05_of": 17845.522740261138, "Z_threshold0.05_time": 0.8564989566802979, "Z_threshold0.1_of": 17845.522740261138, "Z_threshold0.1_time": 0.8582122325897217, "Z_threshold0.15_of": 17845.522740261138, "Z_threshold0.15_time": 0.8561444282531738, "Z_threshold0.2_of": 17845.522740261138, "Z_threshold0.2_time": 0.8587336540222168}