{"name": "S_700_283_8929.005.json", "BaldoML_of": 23967.665014276114, "BaldoML_time": 0.5601892471313477, "BaldoGA_of": 23649.4320481423, "BaldoGA_time": 8.451614618301392, "Solver_of": 24654.987131904072, "Solver_time": 547.6477189064026, "Z_threshold0.05_of": 24577.204260710056, "Z_threshold0.05_time": 6.521702766418457, "Z_threshold0.1_of": 24341.201329940537, "Z_threshold0.1_time": 1.9503121376037598, "Z_threshold0.15_of": 24015.745923542898, "Z_threshold0.15_time": 1.374058485031128, "Z_threshold0.2_of": 23574.05363717704, "Z_threshold0.2_time": 0.8878078460693359}