{"name": "S_700_196_5692.119.json", "BaldoML_of": 21223.556074709784, "BaldoML_time": 0.9021000862121582, "BaldoGA_of": 20661.705480267752, "BaldoGA_time": 6.234228610992432, "Solver_of": 21619.181341371914, "Solver_time": 19.071816444396973, "Z_threshold0.05_of": 21548.77230051913, "Z_threshold0.05_time": 2.694763422012329, "Z_threshold0.1_of": 21466.92402249897, "Z_threshold0.1_time": 2.088749647140503, "Z_threshold0.15_of": 21291.530193960556, "Z_threshold0.15_time": 1.7348096370697021, "Z_threshold0.2_of": 21002.949164943457, "Z_threshold0.2_time": 1.395230770111084, "Z_threshold0.25_of": 20815.024801392366, "Z_threshold0.25_time": 0.9723925590515137}