{"name": "S_700_378_9208.918.json", "BaldoML_of": 22924.003590417327, "BaldoML_time": 0.6841356754302979, "BaldoGA_of": 22706.747600416045, "BaldoGA_time": 12.457696676254272, "Solver_of": 23671.893773165393, "Solver_time": 317.72541308403015, "Z_threshold0.05_of": 23196.95543111016, "Z_threshold0.05_time": 3.370652437210083, "Z_threshold0.1_of": 22715.998526618954, "Z_threshold0.1_time": 1.0418858528137207, "Z_threshold0.15_of": 21834.15407427125, "Z_threshold0.15_time": 0.8814382553100586, "Z_threshold0.2_of": 21604.043823541426, "Z_threshold0.2_time": 0.9572603702545166, "Z_threshold0.25_of": 21534.278318996614, "Z_threshold0.25_time": 0.8668475151062012}