{"name": "S_700_389_4504.483.json", "BaldoML_of": 17495.983543959854, "BaldoML_time": 0.4950554370880127, "BaldoGA_of": 17309.798109378073, "BaldoGA_time": 3.415468692779541, "Solver_of": 17901.835880560993, "Solver_time": 5.139481067657471, "Z_threshold0.05_of": 17409.481669443514, "Z_threshold0.05_time": 0.44182348251342773, "Z_threshold0.1_of": 17409.481669443514, "Z_threshold0.1_time": 0.3873448371887207, "Z_threshold0.15_of": 17409.481669443514, "Z_threshold0.15_time": 0.3911747932434082, "Z_threshold0.2_of": 17409.481669443514, "Z_threshold0.2_time": 0.38969898223876953, "Z_threshold0.25_of": 17409.481669443514, "Z_threshold0.25_time": 0.38837218284606934, "Z_threshold0.3_of": 17409.481669443514, "Z_threshold0.3_time": 0.39286327362060547, "Z_threshold0.35_of": 17409.481669443514, "Z_threshold0.35_time": 0.3915104866027832, "Z_threshold0.4_of": 17409.481669443514, "Z_threshold0.4_time": 0.3999145030975342, "Z_threshold0.45_of": 17409.481669443514, "Z_threshold0.45_time": 0.3896610736846924, "Z_threshold0.5_of": 17409.481669443514, "Z_threshold0.5_time": 0.3970355987548828}