{"name": "S_700_333_4580.084.json", "BaldoML_of": 17054.595306577445, "BaldoML_time": 3.6915194988250732, "BaldoGA_of": 16537.943441494645, "BaldoGA_time": 3.4973175525665283, "Solver_of": 17134.86575287958, "Solver_time": 7.230170488357544, "Z_threshold0.05_of": 16782.482563627473, "Z_threshold0.05_time": 0.9027833938598633, "Z_threshold0.1_of": 16782.482563627473, "Z_threshold0.1_time": 0.8514745235443115, "Z_threshold0.15_of": 16782.482563627473, "Z_threshold0.15_time": 0.862708330154419, "Z_threshold0.2_of": 16782.482563627473, "Z_threshold0.2_time": 0.8991050720214844, "Z_threshold0.25_of": 16782.482563627473, "Z_threshold0.25_time": 0.8549625873565674, "Z_threshold0.3_of": 16782.482563627473, "Z_threshold0.3_time": 0.8636751174926758, "Z_threshold0.35_of": 16782.482563627473, "Z_threshold0.35_time": 0.850433349609375, "Z_threshold0.4_of": 16782.482563627473, "Z_threshold0.4_time": 0.8783888816833496, "Z_threshold0.45_of": 16782.482563627473, "Z_threshold0.45_time": 0.8877010345458984, "Z_threshold0.5_of": 16782.482563627473, "Z_threshold0.5_time": 0.857367753982544}