{"name": "S_700_267_8497.143.json", "BaldoML_of": 25577.5109950967, "BaldoML_time": 12.185457944869995, "BaldoGA_of": 24548.00229144384, "BaldoGA_time": 9.638139486312866, "Solver_of": 25577.5109950967, "Solver_time": 85.59770154953003, "Z_threshold0.05_of": 25445.519864965972, "Z_threshold0.05_time": 2.6959028244018555, "Z_threshold0.1_of": 25284.960289086022, "Z_threshold0.1_time": 2.3251564502716064, "Z_threshold0.15_of": 25237.068960179342, "Z_threshold0.15_time": 2.205679178237915, "Z_threshold0.2_of": 25177.377829904442, "Z_threshold0.2_time": 1.632462978363037, "Z_threshold0.25_of": 25158.795771836398, "Z_threshold0.25_time": 1.4033925533294678, "Z_threshold0.3_of": 25095.726855920027, "Z_threshold0.3_time": 1.3612637519836426, "Z_threshold0.35_of": 25007.277926450177, "Z_threshold0.35_time": 0.9429967403411865, "Z_threshold0.4_of": 24739.12318058738, "Z_threshold0.4_time": 0.858372688293457, "Z_threshold0.45_of": 24389.06065004623, "Z_threshold0.45_time": 0.8819801807403564, "Z_threshold0.5_of": 24256.308960997645, "Z_threshold0.5_time": 0.8594202995300293}