{"name": "S_700_334_5685.924.json", "BaldoML_of": 20423.92168930201, "BaldoML_time": 19.570491075515747, "BaldoGA_of": 19742.41639516305, "BaldoGA_time": 10.535901308059692, "Solver_of": 20423.92168930201, "Solver_time": 25.439257621765137, "Z_threshold0.05_of": 20031.796952438228, "Z_threshold0.05_time": 0.9721508026123047, "Z_threshold0.1_of": 19889.23520882478, "Z_threshold0.1_time": 0.8976860046386719, "Z_threshold0.15_of": 19421.767100323286, "Z_threshold0.15_time": 0.9023032188415527, "Z_threshold0.2_of": 19348.0981319374, "Z_threshold0.2_time": 0.8766574859619141, "Z_threshold0.25_of": 19229.317858018778, "Z_threshold0.25_time": 0.8796713352203369, "Z_threshold0.3_of": 19112.943986597722, "Z_threshold0.3_time": 0.882535457611084, "Z_threshold0.35_of": 19112.943986597722, "Z_threshold0.35_time": 0.9012641906738281, "Z_threshold0.4_of": 19079.02240349491, "Z_threshold0.4_time": 0.911773681640625, "Z_threshold0.45_of": 19057.330004398227, "Z_threshold0.45_time": 0.865767240524292, "Z_threshold0.5_of": 19057.330004398227, "Z_threshold0.5_time": 0.9175431728363037}