{"name": "S_700_221_4454.02.json", "BaldoML_of": 17048.899472596717, "BaldoML_time": 0.9720239639282227, "BaldoGA_of": 16800.15383558286, "BaldoGA_time": 4.908500909805298, "Solver_of": 17337.939412217595, "Solver_time": 20.35447645187378, "Z_threshold0.05_of": 17216.116421043986, "Z_threshold0.05_time": 2.389151096343994, "Z_threshold0.1_of": 16812.717271112902, "Z_threshold0.1_time": 1.0989372730255127, "Z_threshold0.15_of": 16608.212128063216, "Z_threshold0.15_time": 0.9845633506774902, "Z_threshold0.2_of": 16115.192585843664, "Z_threshold0.2_time": 0.8983287811279297}