{"name": "S_700_354_9094.271.json", "BaldoML_of": 23341.716321239885, "BaldoML_time": 0.6090550422668457, "BaldoGA_of": 23077.800347343262, "BaldoGA_time": 9.494507789611816, "Solver_of": 23773.284703332196, "Solver_time": 310.5528585910797, "Z_threshold0.05_of": 23645.186398036498, "Z_threshold0.05_time": 2.5724339485168457, "Z_threshold0.1_of": 23359.508331563782, "Z_threshold0.1_time": 0.5999157428741455, "Z_threshold0.15_of": 23280.451253504958, "Z_threshold0.15_time": 0.4318857192993164, "Z_threshold0.2_of": 22970.2069961143, "Z_threshold0.2_time": 0.42728352546691895, "Z_threshold0.25_of": 22881.441967627736, "Z_threshold0.25_time": 0.4268307685852051, "Z_threshold0.3_of": 22785.97337657823, "Z_threshold0.3_time": 0.4259450435638428, "Z_threshold0.35_of": 22725.104904981457, "Z_threshold0.35_time": 0.4428706169128418, "Z_threshold0.4_of": 22725.104904981457, "Z_threshold0.4_time": 0.4250814914703369, "Z_threshold0.45_of": 22707.669407528596, "Z_threshold0.45_time": 0.4268324375152588, "Z_threshold0.5_of": 22675.175906406508, "Z_threshold0.5_time": 0.42725372314453125}