{"name": "S_700_341_6208.068.json", "BaldoML_of": 19331.442492468213, "BaldoML_time": 0.48978519439697266, "BaldoGA_of": 19131.47320021575, "BaldoGA_time": 9.60728144645691, "Solver_of": 19577.649728923618, "Solver_time": 11.411885499954224, "Z_threshold0.05_of": 18913.790689222824, "Z_threshold0.05_time": 0.8947739601135254}