{"name": "S_700_147_4432.626.json", "BaldoML_of": 18765.30511993776, "BaldoML_time": 0.975182056427002, "BaldoGA_of": 18230.745521362907, "BaldoGA_time": 4.660288333892822, "Solver_of": 18891.468277621847, "Solver_time": 9.095218181610107, "Z_threshold0.05_of": 18875.827792942015, "Z_threshold0.05_time": 2.110377788543701, "Z_threshold0.1_of": 18702.447646146513, "Z_threshold0.1_time": 1.8098564147949219, "Z_threshold0.15_of": 18448.593744266982, "Z_threshold0.15_time": 1.5181384086608887, "Z_threshold0.2_of": 18384.232804647792, "Z_threshold0.2_time": 1.4157700538635254, "Z_threshold0.25_of": 18255.57090120672, "Z_threshold0.25_time": 0.9597370624542236}