{"name": "S_700_408_9262.808.json", "BaldoML_of": 22952.39168604968, "BaldoML_time": 24.496692419052124, "BaldoGA_of": 22197.73011138848, "BaldoGA_time": 13.554695844650269, "Solver_of": 22953.130155160747, "Solver_time": 216.84452962875366, "Z_threshold0.05_of": 22184.255299062712, "Z_threshold0.05_time": 0.939453125, "Z_threshold0.1_of": 22115.180301140066, "Z_threshold0.1_time": 0.9188334941864014, "Z_threshold0.15_of": 22115.180301140066, "Z_threshold0.15_time": 1.0260391235351562, "Z_threshold0.2_of": 22115.180301140066, "Z_threshold0.2_time": 0.938103437423706, "Z_threshold0.25_of": 22115.180301140066, "Z_threshold0.25_time": 0.9377655982971191, "Z_threshold0.3_of": 22115.180301140066, "Z_threshold0.3_time": 0.9339718818664551, "Z_threshold0.35_of": 22115.180301140066, "Z_threshold0.35_time": 0.935549259185791, "Z_threshold0.4_of": 22115.180301140066, "Z_threshold0.4_time": 0.9442594051361084, "Z_threshold0.45_of": 22115.180301140066, "Z_threshold0.45_time": 0.9535348415374756, "Z_threshold0.5_of": 22115.180301140066, "Z_threshold0.5_time": 0.916163444519043}