{"name": "S_700_198_4422.127.json", "BaldoML_of": 18720.23384118706, "BaldoML_time": 1.1859500408172607, "BaldoGA_of": 18483.382952834447, "BaldoGA_time": 5.25685977935791, "Solver_of": 18881.78159738006, "Solver_time": 31.17733383178711, "Z_threshold0.05_of": 18810.7131871303, "Z_threshold0.05_time": 1.2967636585235596, "Z_threshold0.1_of": 18527.84527529759, "Z_threshold0.1_time": 0.8431947231292725, "Z_threshold0.15_of": 18455.39243479158, "Z_threshold0.15_time": 0.5739777088165283, "Z_threshold0.2_of": 18231.25428315279, "Z_threshold0.2_time": 0.39282846450805664, "Z_threshold0.25_of": 17849.91662081712, "Z_threshold0.25_time": 0.4311511516571045, "Z_threshold0.3_of": 17587.145885702474, "Z_threshold0.3_time": 0.3914339542388916, "Z_threshold0.35_of": 17426.371509814362, "Z_threshold0.35_time": 0.3864402770996094, "Z_threshold0.4_of": 17193.77877129349, "Z_threshold0.4_time": 0.38776493072509766, "Z_threshold0.45_of": 17073.055539881265, "Z_threshold0.45_time": 0.38524842262268066, "Z_threshold0.5_of": 17046.974659326068, "Z_threshold0.5_time": 0.38492631912231445}