{"name": "S_700_210_6117.649.json", "BaldoML_of": 19391.14003659706, "BaldoML_time": 1.1082355976104736, "BaldoGA_of": 18873.556999893135, "BaldoGA_time": 4.843253135681152, "Solver_of": 19889.934938967413, "Solver_time": 11.024927377700806, "Z_threshold0.05_of": 19790.454006130385, "Z_threshold0.05_time": 1.6853582859039307, "Z_threshold0.1_of": 19579.46174769634, "Z_threshold0.1_time": 1.3913488388061523, "Z_threshold0.15_of": 19373.333118907172, "Z_threshold0.15_time": 0.9449610710144043, "Z_threshold0.2_of": 18997.421202519497, "Z_threshold0.2_time": 0.3734745979309082, "Z_threshold0.25_of": 18889.335722407886, "Z_threshold0.25_time": 0.38004207611083984, "Z_threshold0.3_of": 18679.1602830924, "Z_threshold0.3_time": 0.3739807605743408, "Z_threshold0.35_of": 18479.16485020664, "Z_threshold0.35_time": 0.368119478225708, "Z_threshold0.4_of": 18479.16485020664, "Z_threshold0.4_time": 0.3720414638519287, "Z_threshold0.45_of": 18303.117777461634, "Z_threshold0.45_time": 0.37130308151245117, "Z_threshold0.5_of": 18204.291034609636, "Z_threshold0.5_time": 0.37383556365966797}