{"name": "S_700_364_4472.864.json", "BaldoML_of": 17760.32570340663, "BaldoML_time": 0.5100772380828857, "BaldoGA_of": 17729.205858331963, "BaldoGA_time": 2.890179395675659, "Solver_of": 18177.010230208594, "Solver_time": 13.567559957504272, "Z_threshold0.05_of": 17943.644937476132, "Z_threshold0.05_time": 0.37680506706237793, "Z_threshold0.1_of": 17943.644937476132, "Z_threshold0.1_time": 0.3761708736419678, "Z_threshold0.15_of": 17943.644937476132, "Z_threshold0.15_time": 0.4123191833496094, "Z_threshold0.2_of": 17943.644937476132, "Z_threshold0.2_time": 0.37470531463623047, "Z_threshold0.25_of": 17943.644937476132, "Z_threshold0.25_time": 0.38079285621643066, "Z_threshold0.3_of": 17943.644937476132, "Z_threshold0.3_time": 0.3794875144958496, "Z_threshold0.35_of": 17943.644937476132, "Z_threshold0.35_time": 0.3863403797149658, "Z_threshold0.4_of": 17943.644937476132, "Z_threshold0.4_time": 0.3759341239929199, "Z_threshold0.45_of": 17936.994370734996, "Z_threshold0.45_time": 0.3966805934906006, "Z_threshold0.5_of": 17904.495379349053, "Z_threshold0.5_time": 0.3562643527984619}