{"name": "S_700_380_5891.958.json", "BaldoML_of": 19879.376202477164, "BaldoML_time": 0.4858999252319336, "BaldoGA_of": 19637.999792694634, "BaldoGA_time": 8.294291019439697, "Solver_of": 20110.922352403977, "Solver_time": 18.17313551902771, "Z_threshold0.05_of": 19783.364841820177, "Z_threshold0.05_time": 0.4502713680267334, "Z_threshold0.1_of": 19783.364841820177, "Z_threshold0.1_time": 0.47417211532592773, "Z_threshold0.15_of": 19758.998412274337, "Z_threshold0.15_time": 0.42037534713745117, "Z_threshold0.2_of": 19758.998412274337, "Z_threshold0.2_time": 0.42038393020629883, "Z_threshold0.25_of": 19758.998412274337, "Z_threshold0.25_time": 0.4276418685913086, "Z_threshold0.3_of": 19758.998412274337, "Z_threshold0.3_time": 0.42644667625427246, "Z_threshold0.35_of": 19758.998412274337, "Z_threshold0.35_time": 0.4179844856262207, "Z_threshold0.4_of": 19758.998412274337, "Z_threshold0.4_time": 0.4198648929595947, "Z_threshold0.45_of": 19758.998412274337, "Z_threshold0.45_time": 0.41786932945251465, "Z_threshold0.5_of": 19758.998412274337, "Z_threshold0.5_time": 0.4219043254852295}