{"name": "S_700_377_4400.722.json", "BaldoML_of": 17583.96788538188, "BaldoML_time": 0.5055997371673584, "BaldoGA_of": 17383.12108368572, "BaldoGA_time": 3.1766762733459473, "Solver_of": 17923.618183467348, "Solver_time": 3.771254062652588, "Z_threshold0.05_of": 17383.12108368569, "Z_threshold0.05_time": 0.9549028873443604, "Z_threshold0.1_of": 17383.12108368569, "Z_threshold0.1_time": 0.8870174884796143, "Z_threshold0.15_of": 17383.12108368569, "Z_threshold0.15_time": 0.9379279613494873, "Z_threshold0.2_of": 17383.12108368569, "Z_threshold0.2_time": 1.0317163467407227, "Z_threshold0.25_of": 17383.12108368569, "Z_threshold0.25_time": 0.9354922771453857}