{"name": "S_700_161_8949.25.json", "BaldoML_of": 25798.914179145304, "BaldoML_time": 0.9528226852416992, "BaldoGA_of": 25266.180580034423, "BaldoGA_time": 7.815261125564575, "Solver_of": 26616.04522532831, "Solver_time": 252.31414413452148, "Z_threshold0.05_of": 26470.605126751874, "Z_threshold0.05_time": 5.160943269729614, "Z_threshold0.1_of": 26419.627213999986, "Z_threshold0.1_time": 4.381816625595093, "Z_threshold0.15_of": 26327.387365316543, "Z_threshold0.15_time": 2.1905672550201416, "Z_threshold0.2_of": 26138.852648322474, "Z_threshold0.2_time": 1.9208650588989258, "Z_threshold0.25_of": 25589.299968703883, "Z_threshold0.25_time": 1.596306324005127}