{"name": "S_700_226_4391.545.json", "BaldoML_of": 17800.123510684396, "BaldoML_time": 0.8306448459625244, "BaldoGA_of": 17537.48776588593, "BaldoGA_time": 4.748242139816284, "Solver_of": 17939.28092306465, "Solver_time": 27.59029984474182, "Z_threshold0.05_of": 17888.41308855053, "Z_threshold0.05_time": 2.5861809253692627}