{"name": "S_700_192_8934.029.json", "BaldoML_of": 25700.216451649314, "BaldoML_time": 1.1793978214263916, "BaldoGA_of": 25196.96265254241, "BaldoGA_time": 7.720677614212036, "Solver_of": 26432.351109019608, "Solver_time": 88.01335620880127, "Z_threshold0.05_of": 26384.684866962813, "Z_threshold0.05_time": 5.163945913314819, "Z_threshold0.1_of": 26308.84594186353, "Z_threshold0.1_time": 2.113590955734253, "Z_threshold0.15_of": 26284.040855638155, "Z_threshold0.15_time": 3.2929203510284424, "Z_threshold0.2_of": 26127.80481621455, "Z_threshold0.2_time": 1.7968628406524658, "Z_threshold0.25_of": 25945.78035666264, "Z_threshold0.25_time": 1.0969960689544678, "Z_threshold0.3_of": 25822.423762510352, "Z_threshold0.3_time": 0.563927412033081, "Z_threshold0.35_of": 25526.608252065478, "Z_threshold0.35_time": 0.43222618103027344, "Z_threshold0.4_of": 25066.971871996553, "Z_threshold0.4_time": 0.4236869812011719, "Z_threshold0.45_of": 25036.62508238842, "Z_threshold0.45_time": 0.4221036434173584, "Z_threshold0.5_of": 24989.721426444303, "Z_threshold0.5_time": 0.42459821701049805}