{"name": "S_700_310_9157.825.json", "BaldoML_of": 23467.60151894876, "BaldoML_time": 0.6187667846679688, "BaldoGA_of": 23358.647926828835, "BaldoGA_time": 8.40971326828003, "Solver_of": 24483.456190012697, "Solver_time": 157.1689214706421, "Z_threshold0.05_of": 24261.482509318295, "Z_threshold0.05_time": 8.391885042190552, "Z_threshold0.1_of": 23699.23724730789, "Z_threshold0.1_time": 2.627072334289551, "Z_threshold0.15_of": 23286.45261677213, "Z_threshold0.15_time": 1.2391290664672852, "Z_threshold0.2_of": 23117.77361036755, "Z_threshold0.2_time": 1.041194200515747}