{"name": "S_700_146_4658.339.json", "BaldoML_of": 16609.07462932065, "BaldoML_time": 1.6271138191223145, "BaldoGA_of": 15921.429143293348, "BaldoGA_time": 4.130911111831665, "Solver_of": 16698.781696063303, "Solver_time": 9.873953104019165, "Z_threshold0.05_of": 16671.907494718143, "Z_threshold0.05_time": 1.8135426044464111, "Z_threshold0.1_of": 16659.96731942413, "Z_threshold0.1_time": 1.4534692764282227, "Z_threshold0.15_of": 16584.793847135483, "Z_threshold0.15_time": 1.122976303100586, "Z_threshold0.2_of": 16419.676594022603, "Z_threshold0.2_time": 0.7007031440734863, "Z_threshold0.25_of": 16338.940458372454, "Z_threshold0.25_time": 0.8040921688079834, "Z_threshold0.3_of": 16293.235690041543, "Z_threshold0.3_time": 0.6063969135284424, "Z_threshold0.35_of": 15913.175734512513, "Z_threshold0.35_time": 0.3810157775878906, "Z_threshold0.4_of": 15704.497484476446, "Z_threshold0.4_time": 0.3800632953643799, "Z_threshold0.45_of": 15425.716953468054, "Z_threshold0.45_time": 0.3770873546600342, "Z_threshold0.5_of": 15024.020320062275, "Z_threshold0.5_time": 0.3758862018585205}