{"name": "S_700_344_5942.403.json", "BaldoML_of": 19596.761802518635, "BaldoML_time": 0.5891149044036865, "BaldoGA_of": 19466.47274604439, "BaldoGA_time": 10.396329879760742, "Solver_of": 19865.380550595077, "Solver_time": 18.622023820877075, "Z_threshold0.05_of": 19268.301349242836, "Z_threshold0.05_time": 0.40314650535583496, "Z_threshold0.1_of": 19128.171831572603, "Z_threshold0.1_time": 0.40183520317077637, "Z_threshold0.15_of": 19128.171831572603, "Z_threshold0.15_time": 0.39697909355163574, "Z_threshold0.2_of": 19128.171831572603, "Z_threshold0.2_time": 0.39829111099243164, "Z_threshold0.25_of": 19128.171831572603, "Z_threshold0.25_time": 0.43105244636535645, "Z_threshold0.3_of": 19128.171831572603, "Z_threshold0.3_time": 0.3987278938293457, "Z_threshold0.35_of": 19128.171831572603, "Z_threshold0.35_time": 0.3960912227630615, "Z_threshold0.4_of": 19128.171831572603, "Z_threshold0.4_time": 0.4095895290374756, "Z_threshold0.45_of": 19128.171831572603, "Z_threshold0.45_time": 0.3952164649963379, "Z_threshold0.5_of": 19128.171831572603, "Z_threshold0.5_time": 0.3976907730102539}