{"name": "S_700_205_9036.826.json", "BaldoML_of": 25106.298926501426, "BaldoML_time": 0.9426579475402832, "BaldoGA_of": 24430.300698457373, "BaldoGA_time": 7.140433311462402, "Solver_of": 25784.253905945865, "Solver_time": 97.57976746559143, "Z_threshold0.05_of": 25670.967088164467, "Z_threshold0.05_time": 9.176061153411865, "Z_threshold0.1_of": 25525.00277577189, "Z_threshold0.1_time": 2.8907058238983154, "Z_threshold0.15_of": 25326.286575520677, "Z_threshold0.15_time": 2.340985059738159, "Z_threshold0.2_of": 25076.10541927318, "Z_threshold0.2_time": 1.4567406177520752}