{"name": "S_700_197_8789.507.json", "BaldoML_of": 26020.43095397074, "BaldoML_time": 0.850027322769165, "BaldoGA_of": 25697.667666223013, "BaldoGA_time": 8.13076138496399, "Solver_of": 26923.4263609708, "Solver_time": 35.70730495452881, "Z_threshold0.05_of": 26890.53798238047, "Z_threshold0.05_time": 2.4834651947021484, "Z_threshold0.1_of": 26790.47568999792, "Z_threshold0.1_time": 3.3408970832824707, "Z_threshold0.15_of": 26640.44257056734, "Z_threshold0.15_time": 2.2767577171325684, "Z_threshold0.2_of": 26360.080036188134, "Z_threshold0.2_time": 1.723926067352295}