{"name": "S_700_246_8834.387.json", "BaldoML_of": 26186.762785283623, "BaldoML_time": 0.7801690101623535, "BaldoGA_of": 26090.084966025846, "BaldoGA_time": 8.391103029251099, "Solver_of": 26771.85634203655, "Solver_time": 117.70469498634338, "Z_threshold0.05_of": 26768.376688180448, "Z_threshold0.05_time": 3.140491485595703, "Z_threshold0.1_of": 26493.607867552513, "Z_threshold0.1_time": 2.0154659748077393, "Z_threshold0.15_of": 26211.643858554988, "Z_threshold0.15_time": 1.8858723640441895, "Z_threshold0.2_of": 26056.552370119636, "Z_threshold0.2_time": 1.4544501304626465, "Z_threshold0.25_of": 25802.106605611498, "Z_threshold0.25_time": 0.9861447811126709}