{"name": "S_700_206_5766.092.json", "BaldoML_of": 20911.202763215257, "BaldoML_time": 0.881394624710083, "BaldoGA_of": 20432.790609014286, "BaldoGA_time": 5.726970434188843, "Solver_of": 21397.139743551095, "Solver_time": 17.09720468521118, "Z_threshold0.05_of": 21371.619177875316, "Z_threshold0.05_time": 2.884753465652466, "Z_threshold0.1_of": 21191.50072977061, "Z_threshold0.1_time": 1.4732165336608887, "Z_threshold0.15_of": 21003.81812601809, "Z_threshold0.15_time": 0.7603325843811035, "Z_threshold0.2_of": 20826.120593844273, "Z_threshold0.2_time": 0.5223996639251709, "Z_threshold0.25_of": 20650.741429260164, "Z_threshold0.25_time": 0.3712189197540283, "Z_threshold0.3_of": 20425.24409930027, "Z_threshold0.3_time": 0.3704261779785156, "Z_threshold0.35_of": 20325.85024520269, "Z_threshold0.35_time": 0.3689439296722412, "Z_threshold0.4_of": 19803.11966792983, "Z_threshold0.4_time": 0.3662245273590088, "Z_threshold0.45_of": 19664.385482851, "Z_threshold0.45_time": 0.36312031745910645, "Z_threshold0.5_of": 19362.217812692063, "Z_threshold0.5_time": 0.4027242660522461}