{"name": "S_700_376_4563.095.json", "BaldoML_of": 17116.182628972165, "BaldoML_time": 0.4970834255218506, "BaldoGA_of": 16986.748155167716, "BaldoGA_time": 3.181495428085327, "Solver_of": 17516.918466194522, "Solver_time": 6.311342000961304, "Z_threshold0.05_of": 17305.479195318996, "Z_threshold0.05_time": 0.40914463996887207, "Z_threshold0.1_of": 17305.479195318996, "Z_threshold0.1_time": 0.4019789695739746, "Z_threshold0.15_of": 17305.479195318996, "Z_threshold0.15_time": 0.4305591583251953, "Z_threshold0.2_of": 17305.479195318996, "Z_threshold0.2_time": 0.40250253677368164, "Z_threshold0.25_of": 17305.479195318996, "Z_threshold0.25_time": 0.3967130184173584, "Z_threshold0.3_of": 17305.479195318996, "Z_threshold0.3_time": 0.40039539337158203, "Z_threshold0.35_of": 17305.479195318996, "Z_threshold0.35_time": 0.40164971351623535, "Z_threshold0.4_of": 17305.479195318996, "Z_threshold0.4_time": 0.39881181716918945, "Z_threshold0.45_of": 17305.479195318996, "Z_threshold0.45_time": 0.4012000560760498, "Z_threshold0.5_of": 17305.479195318996, "Z_threshold0.5_time": 0.39766955375671387}