{"name": "S_700_176_4396.731.json", "BaldoML_of": 18603.794619147735, "BaldoML_time": 13.913920640945435, "BaldoGA_of": 17907.09728748141, "BaldoGA_time": 4.741469860076904, "Solver_of": 18634.27290421869, "Solver_time": 12.183282613754272, "Z_threshold0.05_of": 18577.54535336729, "Z_threshold0.05_time": 2.5111777782440186, "Z_threshold0.1_of": 18422.56448363932, "Z_threshold0.1_time": 1.7223210334777832, "Z_threshold0.15_of": 18328.911364211595, "Z_threshold0.15_time": 1.564091682434082, "Z_threshold0.2_of": 18224.169506303435, "Z_threshold0.2_time": 1.3302807807922363, "Z_threshold0.25_of": 18113.458888348985, "Z_threshold0.25_time": 1.0998265743255615, "Z_threshold0.3_of": 17980.859633210293, "Z_threshold0.3_time": 0.928098201751709, "Z_threshold0.35_of": 17793.444973879054, "Z_threshold0.35_time": 0.9384133815765381, "Z_threshold0.4_of": 17446.626935057167, "Z_threshold0.4_time": 0.9417812824249268, "Z_threshold0.45_of": 17166.879085114444, "Z_threshold0.45_time": 0.9502310752868652, "Z_threshold0.5_of": 16809.71391670728, "Z_threshold0.5_time": 0.9349730014801025}