{"name": "S_700_363_8930.167.json", "BaldoML_of": 24213.44948075509, "BaldoML_time": 0.5653560161590576, "BaldoGA_of": 23956.62072741149, "BaldoGA_time": 11.977283000946045, "Solver_of": 24734.87555451689, "Solver_time": 685.0655252933502, "Z_threshold0.05_of": 24493.2688875595, "Z_threshold0.05_time": 6.701713562011719, "Z_threshold0.1_of": 24149.51643225699, "Z_threshold0.1_time": 1.531294822692871, "Z_threshold0.15_of": 23500.240461151527, "Z_threshold0.15_time": 0.9293191432952881, "Z_threshold0.2_of": 23066.051655176216, "Z_threshold0.2_time": 0.915891170501709, "Z_threshold0.25_of": 22655.18668930819, "Z_threshold0.25_time": 0.9124410152435303}