{"name": "S_700_419_4364.77.json", "BaldoML_of": 18104.998834250004, "BaldoML_time": 0.5252821445465088, "BaldoGA_of": 17950.03628948761, "BaldoGA_time": 3.235018730163574, "Solver_of": 18417.49737710188, "Solver_time": 5.974471092224121, "Z_threshold0.05_of": 17956.422737250774, "Z_threshold0.05_time": 0.9046518802642822, "Z_threshold0.1_of": 17956.422737250774, "Z_threshold0.1_time": 0.9009630680084229, "Z_threshold0.15_of": 17956.422737250774, "Z_threshold0.15_time": 0.9014346599578857, "Z_threshold0.2_of": 17956.422737250774, "Z_threshold0.2_time": 0.9731652736663818, "Z_threshold0.25_of": 17956.422737250774, "Z_threshold0.25_time": 0.909930944442749}