{"name": "S_700_294_8895.587.json", "BaldoML_of": 23867.775799606436, "BaldoML_time": 0.6970555782318115, "BaldoGA_of": 23675.86848292696, "BaldoGA_time": 8.035633563995361, "Solver_of": 24668.670738422963, "Solver_time": 146.66444420814514, "Z_threshold0.05_of": 24407.720547951536, "Z_threshold0.05_time": 4.709722995758057, "Z_threshold0.1_of": 24075.897431515845, "Z_threshold0.1_time": 1.7247638702392578, "Z_threshold0.15_of": 23710.13337542431, "Z_threshold0.15_time": 1.0160768032073975, "Z_threshold0.2_of": 23103.336685838585, "Z_threshold0.2_time": 0.8974990844726562, "Z_threshold0.25_of": 22586.380662324977, "Z_threshold0.25_time": 0.9643857479095459}