{"name": "S_700_302_5968.084.json", "BaldoML_of": 19944.170948528386, "BaldoML_time": 0.894636869430542, "BaldoGA_of": 19805.45965302702, "BaldoGA_time": 8.209883451461792, "Solver_of": 20351.12719376009, "Solver_time": 36.52200722694397, "Z_threshold0.05_of": 19984.05890581955, "Z_threshold0.05_time": 1.5146524906158447, "Z_threshold0.1_of": 19659.661540197598, "Z_threshold0.1_time": 0.9614827632904053, "Z_threshold0.15_of": 19089.01807920155, "Z_threshold0.15_time": 0.8510749340057373, "Z_threshold0.2_of": 18851.59878808545, "Z_threshold0.2_time": 0.928682804107666}