{"name": "S_700_185_6238.962.json", "BaldoML_of": 20346.493450198923, "BaldoML_time": 0.9014818668365479, "BaldoGA_of": 19818.890989535794, "BaldoGA_time": 6.183137893676758, "Solver_of": 20631.20177834919, "Solver_time": 18.856228828430176, "Z_threshold0.05_of": 20631.201778349176, "Z_threshold0.05_time": 2.3701696395874023, "Z_threshold0.1_of": 20564.540572033136, "Z_threshold0.1_time": 1.648988962173462, "Z_threshold0.15_of": 20448.28843903913, "Z_threshold0.15_time": 1.0824294090270996, "Z_threshold0.2_of": 20300.4054704672, "Z_threshold0.2_time": 0.848412275314331, "Z_threshold0.25_of": 20012.98058319297, "Z_threshold0.25_time": 0.42243051528930664, "Z_threshold0.3_of": 19820.604154028904, "Z_threshold0.3_time": 0.42288899421691895, "Z_threshold0.35_of": 19571.40317403983, "Z_threshold0.35_time": 0.417449951171875, "Z_threshold0.4_of": 19321.643226241373, "Z_threshold0.4_time": 0.44776391983032227, "Z_threshold0.45_of": 19092.01499638554, "Z_threshold0.45_time": 0.4390547275543213, "Z_threshold0.5_of": 18862.903194832037, "Z_threshold0.5_time": 0.4327414035797119}