{"name": "S_700_259_6115.655.json", "BaldoML_of": 19457.091801337338, "BaldoML_time": 0.7110259532928467, "BaldoGA_of": 19199.731809912602, "BaldoGA_time": 6.342620611190796, "Solver_of": 19884.26595473411, "Solver_time": 23.210456371307373, "Z_threshold0.05_of": 19697.288920061197, "Z_threshold0.05_time": 1.5671908855438232, "Z_threshold0.1_of": 19525.515040234943, "Z_threshold0.1_time": 0.8086609840393066, "Z_threshold0.15_of": 19351.43904794873, "Z_threshold0.15_time": 0.4803457260131836, "Z_threshold0.2_of": 19260.786765953857, "Z_threshold0.2_time": 0.435565710067749, "Z_threshold0.25_of": 18750.073439227446, "Z_threshold0.25_time": 0.3978996276855469, "Z_threshold0.3_of": 18579.85386405265, "Z_threshold0.3_time": 0.39675354957580566, "Z_threshold0.35_of": 18142.54923931891, "Z_threshold0.35_time": 0.3918647766113281, "Z_threshold0.4_of": 18065.892459424107, "Z_threshold0.4_time": 0.39308667182922363, "Z_threshold0.45_of": 17958.12640127254, "Z_threshold0.45_time": 0.39474987983703613, "Z_threshold0.5_of": 17935.8019375366, "Z_threshold0.5_time": 0.3934159278869629}