{"name": "S_700_186_9032.728.json", "BaldoML_of": 26807.968196956026, "BaldoML_time": 23.46259355545044, "BaldoGA_of": 25677.544260306524, "BaldoGA_time": 8.604204654693604, "Solver_of": 26854.11826790123, "Solver_time": 145.00399804115295, "Z_threshold0.05_of": 26763.182439670854, "Z_threshold0.05_time": 3.5667262077331543, "Z_threshold0.1_of": 26588.613118223406, "Z_threshold0.1_time": 2.961214542388916, "Z_threshold0.15_of": 26588.613118223406, "Z_threshold0.15_time": 2.1951003074645996, "Z_threshold0.2_of": 26498.186385863806, "Z_threshold0.2_time": 2.5237936973571777, "Z_threshold0.25_of": 26430.310052278954, "Z_threshold0.25_time": 1.8218052387237549, "Z_threshold0.3_of": 26327.518134090365, "Z_threshold0.3_time": 1.925844430923462, "Z_threshold0.35_of": 26269.779965946043, "Z_threshold0.35_time": 1.5556747913360596, "Z_threshold0.4_of": 26153.206445509757, "Z_threshold0.4_time": 1.0458285808563232, "Z_threshold0.45_of": 26144.970701218896, "Z_threshold0.45_time": 1.0420241355895996, "Z_threshold0.5_of": 26071.112917484665, "Z_threshold0.5_time": 0.9992480278015137}