{"name": "S_700_377_4400.722.json", "BaldoML_of": 17583.96788538188, "BaldoML_time": 0.5055997371673584, "BaldoGA_of": 17383.12108368572, "BaldoGA_time": 3.1766762733459473, "Solver_of": 17923.618183467348, "Solver_time": 3.771254062652588, "Z_threshold0.05_of": 17383.12108368569, "Z_threshold0.05_time": 0.9162993431091309, "Z_threshold0.1_of": 17383.12108368569, "Z_threshold0.1_time": 0.9169661998748779, "Z_threshold0.15_of": 17383.12108368569, "Z_threshold0.15_time": 0.9856605529785156, "Z_threshold0.2_of": 17383.12108368569, "Z_threshold0.2_time": 0.9064474105834961}