{"name": "S_700_354_6050.372.json", "BaldoML_of": 19025.984251395683, "BaldoML_time": 0.5531587600708008, "BaldoGA_of": 18880.605871061296, "BaldoGA_time": 10.808400869369507, "Solver_of": 19401.957471939357, "Solver_time": 19.37422490119934, "Z_threshold0.05_of": 18683.266069784124, "Z_threshold0.05_time": 0.37555909156799316, "Z_threshold0.1_of": 18535.712658044562, "Z_threshold0.1_time": 0.38451099395751953, "Z_threshold0.15_of": 18535.712658044562, "Z_threshold0.15_time": 0.3774867057800293, "Z_threshold0.2_of": 18535.712658044562, "Z_threshold0.2_time": 0.37297892570495605, "Z_threshold0.25_of": 18535.712658044562, "Z_threshold0.25_time": 0.3660314083099365, "Z_threshold0.3_of": 18535.712658044562, "Z_threshold0.3_time": 0.3715500831604004, "Z_threshold0.35_of": 18535.712658044562, "Z_threshold0.35_time": 0.36707448959350586, "Z_threshold0.4_of": 18535.712658044562, "Z_threshold0.4_time": 0.4135310649871826, "Z_threshold0.45_of": 18535.712658044562, "Z_threshold0.45_time": 0.40535998344421387, "Z_threshold0.5_of": 18535.712658044562, "Z_threshold0.5_time": 0.40087127685546875}