{"name": "S_700_185_6238.962.json", "BaldoML_of": 20346.493450198923, "BaldoML_time": 0.9014818668365479, "BaldoGA_of": 19818.890989535794, "BaldoGA_time": 6.183137893676758, "Solver_of": 20631.20177834919, "Solver_time": 18.856228828430176, "Z_threshold0.05_of": 20631.20177834919, "Z_threshold0.05_time": 2.883334159851074, "Z_threshold0.1_of": 20561.830681915668, "Z_threshold0.1_time": 1.5619335174560547, "Z_threshold0.15_of": 20347.294350483207, "Z_threshold0.15_time": 1.7455036640167236, "Z_threshold0.2_of": 20114.821541515976, "Z_threshold0.2_time": 1.1790688037872314, "Z_threshold0.25_of": 19937.005115232892, "Z_threshold0.25_time": 0.9345321655273438}