{"name": "S_700_210_5675.169.json", "BaldoML_of": 21457.706697006775, "BaldoML_time": 0.991826057434082, "BaldoGA_of": 20934.27200249146, "BaldoGA_time": 5.548098564147949, "Solver_of": 21747.340777412544, "Solver_time": 37.57036280632019, "Z_threshold0.05_of": 21691.281633630784, "Z_threshold0.05_time": 5.795222997665405, "Z_threshold0.1_of": 21403.03429037617, "Z_threshold0.1_time": 1.7946040630340576, "Z_threshold0.15_of": 21003.71066016059, "Z_threshold0.15_time": 0.9396951198577881, "Z_threshold0.2_of": 20381.082598828456, "Z_threshold0.2_time": 0.972010612487793}