{"name": "S_700_267_8497.143.json", "BaldoML_of": 24987.93591483312, "BaldoML_time": 0.6243209838867188, "BaldoGA_of": 24548.00229144384, "BaldoGA_time": 9.638139486312866, "Solver_of": 25577.5109950967, "Solver_time": 85.59770154953003, "Z_threshold0.05_of": 25553.57793430468, "Z_threshold0.05_time": 5.827999591827393, "Z_threshold0.1_of": 25289.26344133444, "Z_threshold0.1_time": 2.3563246726989746, "Z_threshold0.15_of": 25087.50376668598, "Z_threshold0.15_time": 1.8027708530426025, "Z_threshold0.2_of": 24971.266201487015, "Z_threshold0.2_time": 1.529489517211914, "Z_threshold0.25_of": 24768.226070358436, "Z_threshold0.25_time": 0.9421131610870361}