{"name": "S_700_299_8326.217.json", "BaldoML_of": 25442.117074475053, "BaldoML_time": 0.8560161590576172, "BaldoGA_of": 25113.76404001407, "BaldoGA_time": 9.870604038238525, "Solver_of": 26131.163783099786, "Solver_time": 115.60953640937805, "Z_threshold0.05_of": 25989.45872908855, "Z_threshold0.05_time": 3.987959861755371, "Z_threshold0.1_of": 25716.244051712096, "Z_threshold0.1_time": 1.6104328632354736, "Z_threshold0.15_of": 25659.59724521199, "Z_threshold0.15_time": 1.1307930946350098, "Z_threshold0.2_of": 25636.05206781444, "Z_threshold0.2_time": 0.9349098205566406, "Z_threshold0.25_of": 25559.482803755956, "Z_threshold0.25_time": 0.9238884449005127, "Z_threshold0.3_of": 25479.166005221978, "Z_threshold0.3_time": 0.5872704982757568, "Z_threshold0.35_of": 25315.765558540552, "Z_threshold0.35_time": 0.42832231521606445, "Z_threshold0.4_of": 25119.725060220913, "Z_threshold0.4_time": 0.4795832633972168, "Z_threshold0.45_of": 24929.22769461087, "Z_threshold0.45_time": 0.4209909439086914, "Z_threshold0.5_of": 24890.04677223362, "Z_threshold0.5_time": 0.42325282096862793}