{"name": "S_700_359_8693.972.json", "BaldoML_of": 24148.752380833277, "BaldoML_time": 0.8409693241119385, "BaldoGA_of": 23940.479012039817, "BaldoGA_time": 10.582035303115845, "Solver_of": 24619.602296983423, "Solver_time": 194.05780816078186, "Z_threshold0.05_of": 24429.752326558464, "Z_threshold0.05_time": 1.2636377811431885, "Z_threshold0.1_of": 24190.077601556088, "Z_threshold0.1_time": 0.4873533248901367, "Z_threshold0.15_of": 23979.421255861114, "Z_threshold0.15_time": 0.42037129402160645, "Z_threshold0.2_of": 23764.96811632315, "Z_threshold0.2_time": 0.422299861907959, "Z_threshold0.25_of": 23692.060696834113, "Z_threshold0.25_time": 0.39550304412841797, "Z_threshold0.3_of": 23692.060696834113, "Z_threshold0.3_time": 0.39557504653930664, "Z_threshold0.35_of": 23692.060696834113, "Z_threshold0.35_time": 0.3948957920074463, "Z_threshold0.4_of": 23692.060696834113, "Z_threshold0.4_time": 0.40157103538513184, "Z_threshold0.45_of": 23692.060696834113, "Z_threshold0.45_time": 0.40473079681396484, "Z_threshold0.5_of": 23692.060696834113, "Z_threshold0.5_time": 0.40559887886047363}