{"name": "S_700_403_9050.397.json", "BaldoML_of": 23402.340720234162, "BaldoML_time": 0.5649847984313965, "BaldoGA_of": 23196.03054304424, "BaldoGA_time": 16.35180926322937, "Solver_of": 23936.96073053048, "Solver_time": 130.32766222953796, "Z_threshold0.05_of": 23562.908239421286, "Z_threshold0.05_time": 1.0983662605285645}