{"name": "S_700_245_6001.576.json", "BaldoML_of": 19034.00674682269, "BaldoML_time": 0.8310322761535645, "BaldoGA_of": 18775.919368537943, "BaldoGA_time": 6.005984306335449, "Solver_of": 19609.61871936725, "Solver_time": 52.68161225318909, "Z_threshold0.05_of": 19505.333687142236, "Z_threshold0.05_time": 1.8747484683990479, "Z_threshold0.1_of": 19261.39283207695, "Z_threshold0.1_time": 0.6944024562835693, "Z_threshold0.15_of": 19083.84626318033, "Z_threshold0.15_time": 0.5750048160552979, "Z_threshold0.2_of": 18973.686284964766, "Z_threshold0.2_time": 0.5263004302978516, "Z_threshold0.25_of": 18759.127920240902, "Z_threshold0.25_time": 0.4322335720062256, "Z_threshold0.3_of": 18412.00733840411, "Z_threshold0.3_time": 0.4163246154785156, "Z_threshold0.35_of": 18047.71288232032, "Z_threshold0.35_time": 0.4123215675354004, "Z_threshold0.4_of": 17792.097778815478, "Z_threshold0.4_time": 0.41396212577819824, "Z_threshold0.45_of": 17516.85224975907, "Z_threshold0.45_time": 0.4173698425292969, "Z_threshold0.5_of": 17432.189037437838, "Z_threshold0.5_time": 0.4241452217102051}