{"name": "S_700_196_9124.622.json", "BaldoML_of": 26823.603840232332, "BaldoML_time": 13.548573732376099, "BaldoGA_of": 25581.80233758125, "BaldoGA_time": 8.331967830657959, "Solver_of": 26823.603840232383, "Solver_time": 70.57641291618347, "Z_threshold0.05_of": 26724.723798098003, "Z_threshold0.05_time": 3.349605083465576, "Z_threshold0.1_of": 26365.5439240435, "Z_threshold0.1_time": 2.2810208797454834, "Z_threshold0.15_of": 26365.5439240435, "Z_threshold0.15_time": 2.3114829063415527, "Z_threshold0.2_of": 26613.337584189703, "Z_threshold0.2_time": 2.4066176414489746, "Z_threshold0.25_of": 26559.250095731124, "Z_threshold0.25_time": 1.8584012985229492, "Z_threshold0.3_of": 26445.80041336701, "Z_threshold0.3_time": 1.977015733718872, "Z_threshold0.35_of": 26392.654352313562, "Z_threshold0.35_time": 1.6522760391235352, "Z_threshold0.4_of": 26287.207573583764, "Z_threshold0.4_time": 1.277130365371704, "Z_threshold0.45_of": 25984.517275380716, "Z_threshold0.45_time": 0.9742319583892822, "Z_threshold0.5_of": 25831.105631756927, "Z_threshold0.5_time": 0.9526627063751221}