{"name": "S_700_404_5964.407.json", "BaldoML_of": 19893.32866680503, "BaldoML_time": 0.7053112983703613, "BaldoGA_of": 19729.18725656547, "BaldoGA_time": 4.001840591430664, "Solver_of": 20295.35467675398, "Solver_time": 12.52670931816101, "Z_threshold0.05_of": 19741.733071778017, "Z_threshold0.05_time": 0.9353621006011963, "Z_threshold0.1_of": 19711.01564002228, "Z_threshold0.1_time": 0.8566224575042725, "Z_threshold0.15_of": 19711.01564002228, "Z_threshold0.15_time": 0.8497867584228516, "Z_threshold0.2_of": 19711.01564002228, "Z_threshold0.2_time": 0.8622093200683594}