{"name": "S_700_368_4502.495.json", "BaldoML_of": 16733.390420495576, "BaldoML_time": 0.5607595443725586, "BaldoGA_of": 16566.686320087938, "BaldoGA_time": 2.866976499557495, "Solver_of": 17088.421693393237, "Solver_time": 6.932462692260742, "Z_threshold0.05_of": 16583.070518972734, "Z_threshold0.05_time": 0.8644678592681885, "Z_threshold0.1_of": 16583.070518972734, "Z_threshold0.1_time": 0.8556520938873291, "Z_threshold0.15_of": 16583.070518972734, "Z_threshold0.15_time": 0.8567464351654053, "Z_threshold0.2_of": 16583.070518972734, "Z_threshold0.2_time": 0.9359309673309326, "Z_threshold0.25_of": 16583.070518972734, "Z_threshold0.25_time": 0.85610032081604}