{"name": "S_700_396_8616.849.json", "BaldoML_of": 24452.00008616266, "BaldoML_time": 0.5857501029968262, "BaldoGA_of": 24198.596030436347, "BaldoGA_time": 13.55086636543274, "Solver_of": 24779.57945087062, "Solver_time": 219.33345580101013, "Z_threshold0.05_of": 24493.2297159337, "Z_threshold0.05_time": 1.3938543796539307, "Z_threshold0.1_of": 23441.866352274003, "Z_threshold0.1_time": 0.887321949005127, "Z_threshold0.15_of": 23250.43044351632, "Z_threshold0.15_time": 0.8874642848968506, "Z_threshold0.2_of": 23212.907680320066, "Z_threshold0.2_time": 0.885098934173584, "Z_threshold0.25_of": 23212.907680320066, "Z_threshold0.25_time": 0.9389724731445312}