{"name": "S_700_192_9083.205.json", "BaldoML_of": 25336.660041967305, "BaldoML_time": 0.6855120658874512, "BaldoGA_of": 24611.09499935963, "BaldoGA_time": 8.200919151306152, "Solver_of": 25861.263928209824, "Solver_time": 135.06678199768066, "Z_threshold0.05_of": 25851.01857859748, "Z_threshold0.05_time": 2.6880810260772705}