{"name": "S_700_378_6009.3.json", "BaldoML_of": 19985.486402216153, "BaldoML_time": 0.6510694026947021, "BaldoGA_of": 19801.730703456928, "BaldoGA_time": 10.604370594024658, "Solver_of": 20230.650781670265, "Solver_time": 12.512800931930542, "Z_threshold0.05_of": 19419.32648999549, "Z_threshold0.05_time": 0.8875846862792969, "Z_threshold0.1_of": 19419.32648999549, "Z_threshold0.1_time": 0.8887619972229004, "Z_threshold0.15_of": 19419.32648999549, "Z_threshold0.15_time": 0.9667966365814209, "Z_threshold0.2_of": 19419.32648999549, "Z_threshold0.2_time": 0.8856995105743408, "Z_threshold0.25_of": 19419.32648999549, "Z_threshold0.25_time": 0.8877749443054199}