{"name": "S_700_181_9046.483.json", "BaldoML_of": 25222.856910454124, "BaldoML_time": 21.115609407424927, "BaldoGA_of": 24088.219921843924, "BaldoGA_time": 7.359023809432983, "Solver_of": 25222.553866567105, "Solver_time": 126.68574595451355, "Z_threshold0.05_of": 25152.29865872933, "Z_threshold0.05_time": 5.502878427505493, "Z_threshold0.1_of": 24952.526346874318, "Z_threshold0.1_time": 2.285376787185669, "Z_threshold0.15_of": 24952.526346874318, "Z_threshold0.15_time": 2.7647345066070557, "Z_threshold0.2_of": 24915.602296484274, "Z_threshold0.2_time": 1.8746590614318848, "Z_threshold0.25_of": 24840.34863545703, "Z_threshold0.25_time": 1.9788973331451416, "Z_threshold0.3_of": 24798.077186197283, "Z_threshold0.3_time": 1.878201961517334, "Z_threshold0.35_of": 24742.108301124863, "Z_threshold0.35_time": 1.70823073387146, "Z_threshold0.4_of": 24729.876037824844, "Z_threshold0.4_time": 1.4144740104675293, "Z_threshold0.45_of": 24422.74310489781, "Z_threshold0.45_time": 0.8866496086120605, "Z_threshold0.5_of": 24264.5817507453, "Z_threshold0.5_time": 0.8884322643280029}