{"name": "S_700_377_9137.993.json", "BaldoML_of": 24162.126986633368, "BaldoML_time": 0.609844446182251, "BaldoGA_of": 23950.343487480517, "BaldoGA_time": 13.023752450942993, "Solver_of": 24765.122486926946, "Solver_time": 389.1121037006378, "Z_threshold0.05_of": 24607.73728558994, "Z_threshold0.05_time": 5.659320831298828, "Z_threshold0.1_of": 23952.683765384543, "Z_threshold0.1_time": 1.1455223560333252, "Z_threshold0.15_of": 23280.645641688785, "Z_threshold0.15_time": 0.8756933212280273, "Z_threshold0.2_of": 22848.047208917764, "Z_threshold0.2_time": 0.9582769870758057, "Z_threshold0.25_of": 22561.184980720845, "Z_threshold0.25_time": 0.864750862121582}