{"name": "S_700_380_5891.958.json", "BaldoML_of": 19879.376202477164, "BaldoML_time": 0.4858999252319336, "BaldoGA_of": 19637.999792694634, "BaldoGA_time": 8.294291019439697, "Solver_of": 20110.922352403977, "Solver_time": 18.17313551902771, "Z_threshold0.05_of": 19375.725314592382, "Z_threshold0.05_time": 0.8552212715148926}