{"name": "S_700_354_8703.944.json", "BaldoML_of": 23648.123920632137, "BaldoML_time": 0.6782212257385254, "BaldoGA_of": 23390.719322912482, "BaldoGA_time": 10.750020265579224, "Solver_of": 24289.501744661982, "Solver_time": 377.7361843585968, "Z_threshold0.05_of": 23993.867482864698, "Z_threshold0.05_time": 2.3667514324188232, "Z_threshold0.1_of": 23760.544349501673, "Z_threshold0.1_time": 0.49323606491088867, "Z_threshold0.15_of": 23516.21025994367, "Z_threshold0.15_time": 0.408984899520874, "Z_threshold0.2_of": 23318.039380799142, "Z_threshold0.2_time": 0.403275728225708, "Z_threshold0.25_of": 23167.178892674827, "Z_threshold0.25_time": 0.39568376541137695, "Z_threshold0.3_of": 23095.964997057603, "Z_threshold0.3_time": 0.398456335067749, "Z_threshold0.35_of": 23095.964997057603, "Z_threshold0.35_time": 0.3925018310546875, "Z_threshold0.4_of": 23095.964997057603, "Z_threshold0.4_time": 0.3960611820220947, "Z_threshold0.45_of": 23095.964997057603, "Z_threshold0.45_time": 0.398540735244751, "Z_threshold0.5_of": 23095.964997057603, "Z_threshold0.5_time": 0.3944523334503174}