{"name": "S_700_249_4400.011.json", "BaldoML_of": 17419.856311141368, "BaldoML_time": 11.669524669647217, "BaldoGA_of": 16990.3220265848, "BaldoGA_time": 5.674952983856201, "Solver_of": 17430.71035087544, "Solver_time": 29.563313484191895, "Z_threshold0.05_of": 17307.897687515095, "Z_threshold0.05_time": 1.6139178276062012, "Z_threshold0.1_of": 16969.133379349827, "Z_threshold0.1_time": 0.8701088428497314, "Z_threshold0.15_of": 16675.04587828025, "Z_threshold0.15_time": 0.8638637065887451, "Z_threshold0.2_of": 16099.599610083342, "Z_threshold0.2_time": 0.8347737789154053, "Z_threshold0.25_of": 16008.430290259204, "Z_threshold0.25_time": 0.8486812114715576, "Z_threshold0.3_of": 15945.380230973, "Z_threshold0.3_time": 0.8723428249359131, "Z_threshold0.35_of": 15945.380230973, "Z_threshold0.35_time": 0.9337999820709229, "Z_threshold0.4_of": 15945.380230973, "Z_threshold0.4_time": 0.8617165088653564, "Z_threshold0.45_of": 15871.382799469551, "Z_threshold0.45_time": 0.849116325378418, "Z_threshold0.5_of": 15871.382799469551, "Z_threshold0.5_time": 0.8674619197845459}