{"name": "S_700_259_5955.047.json", "BaldoML_of": 20247.460202941762, "BaldoML_time": 12.404449462890625, "BaldoGA_of": 19713.819562099503, "BaldoGA_time": 7.4128258228302, "Solver_of": 20247.460202941762, "Solver_time": 54.22116017341614, "Z_threshold0.05_of": 20152.37254096733, "Z_threshold0.05_time": 2.450401544570923, "Z_threshold0.1_of": 19878.375556355102, "Z_threshold0.1_time": 1.2590358257293701, "Z_threshold0.15_of": 19412.508149420937, "Z_threshold0.15_time": 0.9108624458312988, "Z_threshold0.2_of": 18992.26611632686, "Z_threshold0.2_time": 0.9099321365356445, "Z_threshold0.25_of": 18756.501949814927, "Z_threshold0.25_time": 0.9028568267822266, "Z_threshold0.3_of": 18697.981331801733, "Z_threshold0.3_time": 0.9145984649658203, "Z_threshold0.35_of": 18555.907815392766, "Z_threshold0.35_time": 0.9296629428863525, "Z_threshold0.4_of": 18524.22775581133, "Z_threshold0.4_time": 0.9007401466369629, "Z_threshold0.45_of": 18524.22775581133, "Z_threshold0.45_time": 0.8998277187347412, "Z_threshold0.5_of": 18524.22775581133, "Z_threshold0.5_time": 0.9082305431365967}