{"name": "S_700_341_6208.068.json", "BaldoML_of": 19331.442492468213, "BaldoML_time": 0.48978519439697266, "BaldoGA_of": 19131.47320021575, "BaldoGA_time": 9.60728144645691, "Solver_of": 19577.649728923618, "Solver_time": 11.411885499954224, "Z_threshold0.05_of": 18857.36921312116, "Z_threshold0.05_time": 1.0031895637512207, "Z_threshold0.1_of": 18162.403359310687, "Z_threshold0.1_time": 0.8476371765136719, "Z_threshold0.15_of": 18162.403359310687, "Z_threshold0.15_time": 0.8541393280029297, "Z_threshold0.2_of": 18162.403359310687, "Z_threshold0.2_time": 0.858001708984375, "Z_threshold0.25_of": 18162.403359310687, "Z_threshold0.25_time": 0.8536608219146729}