{"name": "S_700_225_8940.207.json", "BaldoML_of": 24833.30795018513, "BaldoML_time": 1.2136788368225098, "BaldoGA_of": 24605.428852990688, "BaldoGA_time": 7.934528112411499, "Solver_of": 25473.309665568097, "Solver_time": 200.8844997882843, "Z_threshold0.05_of": 25409.568420357933, "Z_threshold0.05_time": 5.155663251876831, "Z_threshold0.1_of": 25183.892368900273, "Z_threshold0.1_time": 3.3241732120513916, "Z_threshold0.15_of": 24923.447462087483, "Z_threshold0.15_time": 1.6722431182861328, "Z_threshold0.2_of": 24627.14456745105, "Z_threshold0.2_time": 1.4589018821716309, "Z_threshold0.25_of": 24455.089132612946, "Z_threshold0.25_time": 1.0538403987884521}