{"name": "S_700_334_5685.924.json", "BaldoML_of": 20043.722114162825, "BaldoML_time": 0.44043731689453125, "BaldoGA_of": 19742.41639516305, "BaldoGA_time": 10.535901308059692, "Solver_of": 20423.92168930201, "Solver_time": 25.439257621765137, "Z_threshold0.05_of": 20086.48901677281, "Z_threshold0.05_time": 1.284705638885498, "Z_threshold0.1_of": 19397.22820068776, "Z_threshold0.1_time": 0.8554909229278564, "Z_threshold0.15_of": 18855.310022898928, "Z_threshold0.15_time": 0.8840515613555908, "Z_threshold0.2_of": 18814.73755955021, "Z_threshold0.2_time": 0.874274730682373, "Z_threshold0.25_of": 18702.47902933854, "Z_threshold0.25_time": 0.9565885066986084}