{"name": "S_700_320_8791.999.json", "BaldoML_of": 24269.061099510862, "BaldoML_time": 0.8643603324890137, "BaldoGA_of": 24013.002825716372, "BaldoGA_time": 8.675849676132202, "Solver_of": 24770.601293893396, "Solver_time": 165.74909806251526, "Z_threshold0.05_of": 24591.881365696074, "Z_threshold0.05_time": 3.770326614379883, "Z_threshold0.1_of": 24438.87979288149, "Z_threshold0.1_time": 2.0891356468200684, "Z_threshold0.15_of": 24123.608208623584, "Z_threshold0.15_time": 1.3387744426727295, "Z_threshold0.2_of": 23813.494637611082, "Z_threshold0.2_time": 1.0098845958709717, "Z_threshold0.25_of": 23310.447706080984, "Z_threshold0.25_time": 0.9154322147369385}