{"name": "S_700_297_5744.231.json", "BaldoML_of": 20822.688807855397, "BaldoML_time": 0.683570384979248, "BaldoGA_of": 20601.330024595623, "BaldoGA_time": 8.427946329116821, "Solver_of": 21162.814215777293, "Solver_time": 33.76517939567566, "Z_threshold0.05_of": 20950.099314659074, "Z_threshold0.05_time": 0.8327240943908691, "Z_threshold0.1_of": 20752.00544933874, "Z_threshold0.1_time": 0.4963562488555908, "Z_threshold0.15_of": 20443.623438872273, "Z_threshold0.15_time": 0.41706252098083496, "Z_threshold0.2_of": 20090.08028666838, "Z_threshold0.2_time": 0.4093458652496338, "Z_threshold0.25_of": 20047.137251694752, "Z_threshold0.25_time": 0.423534631729126, "Z_threshold0.3_of": 20002.621695286743, "Z_threshold0.3_time": 0.4107949733734131, "Z_threshold0.35_of": 19942.581016604847, "Z_threshold0.35_time": 0.4064798355102539, "Z_threshold0.4_of": 19915.550890424674, "Z_threshold0.4_time": 0.4132254123687744, "Z_threshold0.45_of": 19915.550890424674, "Z_threshold0.45_time": 0.4104335308074951, "Z_threshold0.5_of": 19893.424579362687, "Z_threshold0.5_time": 0.4083728790283203}