{"name": "S_700_221_4349.839.json", "BaldoML_of": 17437.814671306704, "BaldoML_time": 14.663410663604736, "BaldoGA_of": 16927.008870981976, "BaldoGA_time": 5.504544019699097, "Solver_of": 17453.172576273853, "Solver_time": 20.578203678131104, "Z_threshold0.05_of": 17336.180126503517, "Z_threshold0.05_time": 1.9428892135620117, "Z_threshold0.1_of": 17157.952073336877, "Z_threshold0.1_time": 1.2981834411621094, "Z_threshold0.15_of": 16720.64614407936, "Z_threshold0.15_time": 0.9323906898498535, "Z_threshold0.2_of": 16491.5030330958, "Z_threshold0.2_time": 0.9357004165649414, "Z_threshold0.25_of": 16090.157180405706, "Z_threshold0.25_time": 0.925421953201294, "Z_threshold0.3_of": 15754.524183291342, "Z_threshold0.3_time": 0.9102871417999268, "Z_threshold0.35_of": 15698.367046134284, "Z_threshold0.35_time": 1.0174322128295898, "Z_threshold0.4_of": 15609.39526332253, "Z_threshold0.4_time": 0.9189035892486572, "Z_threshold0.45_of": 15563.759914396705, "Z_threshold0.45_time": 0.9176506996154785, "Z_threshold0.5_of": 15563.759914396705, "Z_threshold0.5_time": 0.916994571685791}