{"name": "S_700_188_4438.032.json", "BaldoML_of": 17776.299341499715, "BaldoML_time": 6.230164289474487, "BaldoGA_of": 17164.924870564824, "BaldoGA_time": 5.04439115524292, "Solver_of": 17776.299341499715, "Solver_time": 10.180341243743896, "Z_threshold0.05_of": 17768.2044731834, "Z_threshold0.05_time": 2.264057159423828, "Z_threshold0.1_of": 17454.945339092577, "Z_threshold0.1_time": 1.8161802291870117, "Z_threshold0.15_of": 17299.51238641581, "Z_threshold0.15_time": 1.372476577758789, "Z_threshold0.2_of": 17163.919921153873, "Z_threshold0.2_time": 0.8665242195129395, "Z_threshold0.25_of": 16816.47781101287, "Z_threshold0.25_time": 0.8634181022644043, "Z_threshold0.3_of": 16596.25143747481, "Z_threshold0.3_time": 0.8678593635559082, "Z_threshold0.35_of": 16393.6077594606, "Z_threshold0.35_time": 0.8920290470123291, "Z_threshold0.4_of": 16158.913637007956, "Z_threshold0.4_time": 0.8889157772064209, "Z_threshold0.45_of": 16043.183589427927, "Z_threshold0.45_time": 0.8761529922485352, "Z_threshold0.5_of": 16014.898607568888, "Z_threshold0.5_time": 0.894909143447876}