{"name": "S_700_249_4400.011.json", "BaldoML_of": 17237.42354031512, "BaldoML_time": 0.7020325660705566, "BaldoGA_of": 16990.3220265848, "BaldoGA_time": 5.674952983856201, "Solver_of": 17430.71035087544, "Solver_time": 29.563313484191895, "Z_threshold0.05_of": 17225.896835171232, "Z_threshold0.05_time": 1.553769588470459, "Z_threshold0.1_of": 16872.15757910318, "Z_threshold0.1_time": 0.8482236862182617, "Z_threshold0.15_of": 16314.343355831272, "Z_threshold0.15_time": 0.8427567481994629, "Z_threshold0.2_of": 16128.806453522902, "Z_threshold0.2_time": 0.8491775989532471}