{"name": "S_700_210_6117.649.json", "BaldoML_of": 19391.14003659706, "BaldoML_time": 1.1082355976104736, "BaldoGA_of": 18873.556999893135, "BaldoGA_time": 4.843253135681152, "Solver_of": 19889.934938967413, "Solver_time": 11.024927377700806, "Z_threshold0.05_of": 19812.501763056578, "Z_threshold0.05_time": 1.8994123935699463, "Z_threshold0.1_of": 19477.914153100093, "Z_threshold0.1_time": 1.7888751029968262, "Z_threshold0.15_of": 19241.75963027645, "Z_threshold0.15_time": 1.2715654373168945, "Z_threshold0.2_of": 18875.44721400644, "Z_threshold0.2_time": 0.8871073722839355, "Z_threshold0.25_of": 18622.251933142274, "Z_threshold0.25_time": 0.9597704410552979}