{"name": "S_700_364_4451.056.json", "BaldoML_of": 17156.795657259114, "BaldoML_time": 0.5616376399993896, "BaldoGA_of": 17070.82027447719, "BaldoGA_time": 2.9748196601867676, "Solver_of": 17431.052333644857, "Solver_time": 10.208035469055176, "Z_threshold0.05_of": 17194.369012977226, "Z_threshold0.05_time": 0.3869497776031494, "Z_threshold0.1_of": 17194.369012977226, "Z_threshold0.1_time": 0.38271474838256836, "Z_threshold0.15_of": 17194.369012977226, "Z_threshold0.15_time": 0.3804469108581543, "Z_threshold0.2_of": 17194.369012977226, "Z_threshold0.2_time": 0.38222432136535645, "Z_threshold0.25_of": 17194.369012977226, "Z_threshold0.25_time": 0.4855620861053467, "Z_threshold0.3_of": 17194.369012977226, "Z_threshold0.3_time": 0.4058523178100586, "Z_threshold0.35_of": 17194.369012977226, "Z_threshold0.35_time": 0.40054774284362793, "Z_threshold0.4_of": 17184.91132939632, "Z_threshold0.4_time": 0.4231839179992676, "Z_threshold0.45_of": 17176.62211680394, "Z_threshold0.45_time": 0.35838770866394043, "Z_threshold0.5_of": 17176.62211680394, "Z_threshold0.5_time": 0.35418033599853516}