{"name": "S_700_310_9157.825.json", "BaldoML_of": 23467.60151894876, "BaldoML_time": 0.6187667846679688, "BaldoGA_of": 23358.647926828835, "BaldoGA_time": 8.40971326828003, "Solver_of": 24483.456190012697, "Solver_time": 157.1689214706421, "Z_threshold0.05_of": 24261.479992626882, "Z_threshold0.05_time": 9.060869216918945}