{"name": "S_700_309_8956.785.json", "BaldoML_of": 23982.73286128479, "BaldoML_time": 0.9040825366973877, "BaldoGA_of": 23665.14146587896, "BaldoGA_time": 8.07414984703064, "Solver_of": 24685.191799201384, "Solver_time": 153.76119446754456, "Z_threshold0.05_of": 24606.704387618545, "Z_threshold0.05_time": 6.009791851043701, "Z_threshold0.1_of": 24256.85993403316, "Z_threshold0.1_time": 2.0391268730163574, "Z_threshold0.15_of": 24083.297961714332, "Z_threshold0.15_time": 1.4963011741638184, "Z_threshold0.2_of": 23631.404185365896, "Z_threshold0.2_time": 0.9301464557647705}