{"name": "S_700_204_9098.488.json", "BaldoML_of": 24487.384533824996, "BaldoML_time": 0.984485387802124, "BaldoGA_of": 23735.38984667012, "BaldoGA_time": 6.936180353164673, "Solver_of": 25016.44991481817, "Solver_time": 269.6749789714813, "Z_threshold0.05_of": 24982.424382765566, "Z_threshold0.05_time": 6.776916980743408, "Z_threshold0.1_of": 24919.164112905633, "Z_threshold0.1_time": 2.9065768718719482, "Z_threshold0.15_of": 24770.311590910045, "Z_threshold0.15_time": 1.9188311100006104, "Z_threshold0.2_of": 24538.602150881175, "Z_threshold0.2_time": 1.669273853302002, "Z_threshold0.25_of": 24236.149128257068, "Z_threshold0.25_time": 1.1713457107543945}