{"name": "S_700_241_5986.984.json", "BaldoML_of": 18796.87334715204, "BaldoML_time": 1.3821876049041748, "BaldoGA_of": 18427.91654164694, "BaldoGA_time": 5.531834363937378, "Solver_of": 19172.613208852887, "Solver_time": 94.29895329475403, "Z_threshold0.05_of": 19115.281804481132, "Z_threshold0.05_time": 4.7698423862457275, "Z_threshold0.1_of": 18823.535797930654, "Z_threshold0.1_time": 1.433953046798706, "Z_threshold0.15_of": 18589.66375107286, "Z_threshold0.15_time": 1.13319730758667, "Z_threshold0.2_of": 18400.21183258947, "Z_threshold0.2_time": 0.8567569255828857, "Z_threshold0.25_of": 18244.166821764742, "Z_threshold0.25_time": 0.9455568790435791}