{"name": "S_700_140_5725.323.json", "BaldoML_of": 22521.988048040144, "BaldoML_time": 0.9182476997375488, "BaldoGA_of": 21906.612629089243, "BaldoGA_time": 6.334983587265015, "Solver_of": 22796.29157351582, "Solver_time": 17.50324583053589, "Z_threshold0.05_of": 22700.932723271202, "Z_threshold0.05_time": 2.220243453979492, "Z_threshold0.1_of": 22620.83715391311, "Z_threshold0.1_time": 1.876603364944458, "Z_threshold0.15_of": 22458.663663278545, "Z_threshold0.15_time": 1.9957597255706787, "Z_threshold0.2_of": 22263.98618908018, "Z_threshold0.2_time": 1.1837360858917236, "Z_threshold0.25_of": 22044.301550976157, "Z_threshold0.25_time": 0.8898711204528809}