{"name": "S_700_281_4390.621.json", "BaldoML_of": 17229.203994308788, "BaldoML_time": 0.651512861251831, "BaldoGA_of": 16963.422079261694, "BaldoGA_time": 7.825416088104248, "Solver_of": 17547.02558448511, "Solver_time": 9.786777019500732, "Z_threshold0.05_of": 17174.964558968382, "Z_threshold0.05_time": 1.1282339096069336, "Z_threshold0.1_of": 16264.257028642858, "Z_threshold0.1_time": 0.8592724800109863, "Z_threshold0.15_of": 15943.747417181185, "Z_threshold0.15_time": 0.8513534069061279, "Z_threshold0.2_of": 15906.873968633388, "Z_threshold0.2_time": 0.8441798686981201}