{"name": "S_700_398_8936.652.json", "BaldoML_of": 23386.02814374609, "BaldoML_time": 0.5913996696472168, "BaldoGA_of": 23215.076016132847, "BaldoGA_time": 13.740593194961548, "Solver_of": 23853.294001801976, "Solver_time": 136.81979322433472, "Z_threshold0.05_of": 23163.47174745871, "Z_threshold0.05_time": 0.42193174362182617, "Z_threshold0.1_of": 23163.47174745871, "Z_threshold0.1_time": 0.43378782272338867, "Z_threshold0.15_of": 23163.47174745871, "Z_threshold0.15_time": 0.42015790939331055, "Z_threshold0.2_of": 23163.47174745871, "Z_threshold0.2_time": 0.4178147315979004, "Z_threshold0.25_of": 23163.47174745871, "Z_threshold0.25_time": 0.40996837615966797, "Z_threshold0.3_of": 23163.47174745871, "Z_threshold0.3_time": 0.40839147567749023, "Z_threshold0.35_of": 23163.47174745871, "Z_threshold0.35_time": 0.40719175338745117, "Z_threshold0.4_of": 23163.47174745871, "Z_threshold0.4_time": 0.41750288009643555, "Z_threshold0.45_of": 23163.47174745871, "Z_threshold0.45_time": 0.45676302909851074, "Z_threshold0.5_of": 23121.46573997824, "Z_threshold0.5_time": 0.4426579475402832}