{"name": "S_700_156_4366.971.json", "BaldoML_of": 18099.589885046647, "BaldoML_time": 1.4942691326141357, "BaldoGA_of": 17569.884435869986, "BaldoGA_time": 4.547349452972412, "Solver_of": 18256.067629330828, "Solver_time": 9.454455852508545, "Z_threshold0.05_of": 18226.27625907061, "Z_threshold0.05_time": 2.080820322036743}