{"name": "S_700_154_6090.393.json", "BaldoML_of": 20127.922854767578, "BaldoML_time": 1.6983754634857178, "BaldoGA_of": 19754.631512424803, "BaldoGA_time": 5.545262336730957, "Solver_of": 20614.75079661947, "Solver_time": 72.15239953994751, "Z_threshold0.05_of": 20578.329823387987, "Z_threshold0.05_time": 2.78016996383667, "Z_threshold0.1_of": 20520.99468455672, "Z_threshold0.1_time": 2.7835659980773926, "Z_threshold0.15_of": 20289.906089358825, "Z_threshold0.15_time": 2.0326640605926514, "Z_threshold0.2_of": 20119.530662040266, "Z_threshold0.2_time": 1.6975812911987305}