{"name": "S_700_299_8893.662.json", "BaldoML_of": 24199.513690377884, "BaldoML_time": 0.8437325954437256, "BaldoGA_of": 23706.651912704714, "BaldoGA_time": 9.511136293411255, "Solver_of": 24790.118503813068, "Solver_time": 375.1584138870239, "Z_threshold0.05_of": 24705.174486033804, "Z_threshold0.05_time": 4.214061498641968, "Z_threshold0.1_of": 24399.116218964336, "Z_threshold0.1_time": 0.8786420822143555, "Z_threshold0.15_of": 24311.7284496157, "Z_threshold0.15_time": 0.6832313537597656, "Z_threshold0.2_of": 24243.830608428612, "Z_threshold0.2_time": 0.6000168323516846, "Z_threshold0.25_of": 23999.141714903686, "Z_threshold0.25_time": 0.4508180618286133, "Z_threshold0.3_of": 23704.336194427913, "Z_threshold0.3_time": 0.4665045738220215, "Z_threshold0.35_of": 23592.267876012178, "Z_threshold0.35_time": 0.4694340229034424, "Z_threshold0.4_of": 23484.32434381326, "Z_threshold0.4_time": 0.4406282901763916, "Z_threshold0.45_of": 23452.38736927649, "Z_threshold0.45_time": 0.43961381912231445, "Z_threshold0.5_of": 23412.186156824486, "Z_threshold0.5_time": 0.4369688034057617}