{"name": "S_700_298_8760.924.json", "BaldoML_of": 24762.867396870883, "BaldoML_time": 0.6786353588104248, "BaldoGA_of": 24586.348980150156, "BaldoGA_time": 8.636586427688599, "Solver_of": 25402.710267918104, "Solver_time": 128.95404744148254, "Z_threshold0.05_of": 25304.02801284931, "Z_threshold0.05_time": 4.02131724357605}