{"name": "S_700_207_5997.294.json", "BaldoML_of": 19764.771786061377, "BaldoML_time": 8.609155178070068, "BaldoGA_of": 18867.49873128185, "BaldoGA_time": 5.8371288776397705, "Solver_of": 19764.437022164606, "Solver_time": 35.65868425369263, "Z_threshold0.05_of": 19746.135975374273, "Z_threshold0.05_time": 2.340559482574463, "Z_threshold0.1_of": 19644.072655734442, "Z_threshold0.1_time": 2.0470569133758545, "Z_threshold0.15_of": 19587.558103972293, "Z_threshold0.15_time": 1.5776238441467285, "Z_threshold0.2_of": 19548.613979947433, "Z_threshold0.2_time": 1.6334924697875977, "Z_threshold0.25_of": 19531.63214502781, "Z_threshold0.25_time": 1.302839756011963, "Z_threshold0.3_of": 19418.978770782207, "Z_threshold0.3_time": 1.4585442543029785, "Z_threshold0.35_of": 19352.071877663464, "Z_threshold0.35_time": 1.4314591884613037, "Z_threshold0.4_of": 19205.38109733085, "Z_threshold0.4_time": 0.8777241706848145, "Z_threshold0.45_of": 18703.54760254573, "Z_threshold0.45_time": 0.8434114456176758, "Z_threshold0.5_of": 18142.66321100378, "Z_threshold0.5_time": 0.8364408016204834}