{"name": "S_700_364_4472.864.json", "BaldoML_of": 17760.32570340663, "BaldoML_time": 0.5100772380828857, "BaldoGA_of": 17729.205858331963, "BaldoGA_time": 2.890179395675659, "Solver_of": 18177.010230208594, "Solver_time": 13.567559957504272, "Z_threshold0.05_of": 17718.034542810234, "Z_threshold0.05_time": 0.8600306510925293, "Z_threshold0.1_of": 17718.034542810234, "Z_threshold0.1_time": 0.8622500896453857, "Z_threshold0.15_of": 17718.034542810234, "Z_threshold0.15_time": 0.8691914081573486, "Z_threshold0.2_of": 17718.034542810234, "Z_threshold0.2_time": 0.865894079208374, "Z_threshold0.25_of": 17718.034542810234, "Z_threshold0.25_time": 0.949385404586792}