{"name": "S_700_190_9102.011.json", "BaldoML_of": 25766.513175782027, "BaldoML_time": 22.12107801437378, "BaldoGA_of": 24552.458893232077, "BaldoGA_time": 7.682761192321777, "Solver_of": 25767.160838338987, "Solver_time": 129.7780327796936, "Z_threshold0.05_of": 25736.767553899834, "Z_threshold0.05_time": 8.783118963241577, "Z_threshold0.1_of": 25522.077799813043, "Z_threshold0.1_time": 3.950545072555542, "Z_threshold0.15_of": 25485.029184405063, "Z_threshold0.15_time": 4.425580263137817, "Z_threshold0.2_of": 25456.699805031203, "Z_threshold0.2_time": 4.606903314590454, "Z_threshold0.25_of": 25372.340623521217, "Z_threshold0.25_time": 2.7175960540771484, "Z_threshold0.3_of": 25237.443977221934, "Z_threshold0.3_time": 1.797755241394043, "Z_threshold0.35_of": 25154.76936438043, "Z_threshold0.35_time": 1.732593297958374, "Z_threshold0.4_of": 24984.267220774906, "Z_threshold0.4_time": 0.9615130424499512, "Z_threshold0.45_of": 24871.94411191487, "Z_threshold0.45_time": 0.9323902130126953, "Z_threshold0.5_of": 24626.54430207469, "Z_threshold0.5_time": 0.9468662738800049}