{"name": "S_700_407_8735.004.json", "BaldoML_of": 24992.580146739554, "BaldoML_time": 0.5168540477752686, "BaldoGA_of": 24604.631178175372, "BaldoGA_time": 14.037118673324585, "Solver_of": 25382.683398119236, "Solver_time": 77.6412570476532, "Z_threshold0.05_of": 25111.72604722458, "Z_threshold0.05_time": 1.4455912113189697, "Z_threshold0.1_of": 23986.34936179688, "Z_threshold0.1_time": 0.9840531349182129, "Z_threshold0.15_of": 23631.629442052905, "Z_threshold0.15_time": 0.8835141658782959, "Z_threshold0.2_of": 23579.380226578272, "Z_threshold0.2_time": 0.8904016017913818, "Z_threshold0.25_of": 23500.463154618898, "Z_threshold0.25_time": 0.8832855224609375}