{"name": "S_700_259_6115.655.json", "BaldoML_of": 19457.091801337338, "BaldoML_time": 0.7110259532928467, "BaldoGA_of": 19199.731809912602, "BaldoGA_time": 6.342620611190796, "Solver_of": 19884.26595473411, "Solver_time": 23.210456371307373, "Z_threshold0.05_of": 19697.288920061215, "Z_threshold0.05_time": 3.3329906463623047, "Z_threshold0.1_of": 19442.761501727866, "Z_threshold0.1_time": 1.3212356567382812, "Z_threshold0.15_of": 19083.5547542163, "Z_threshold0.15_time": 1.0476963520050049, "Z_threshold0.2_of": 18969.738870788544, "Z_threshold0.2_time": 0.8911874294281006}