{"name": "S_700_193_5892.243.json", "BaldoML_of": 21122.423251250253, "BaldoML_time": 5.530202865600586, "BaldoGA_of": 20362.860524284046, "BaldoGA_time": 6.335318326950073, "Solver_of": 21122.594223977503, "Solver_time": 20.81353998184204, "Z_threshold0.05_of": 21052.17802583036, "Z_threshold0.05_time": 2.1546216011047363, "Z_threshold0.1_of": 20972.76898151758, "Z_threshold0.1_time": 2.632018804550171, "Z_threshold0.15_of": 20819.198902736727, "Z_threshold0.15_time": 1.3000187873840332, "Z_threshold0.2_of": 20775.725594999283, "Z_threshold0.2_time": 1.5602672100067139, "Z_threshold0.25_of": 20717.296191213984, "Z_threshold0.25_time": 1.340965747833252, "Z_threshold0.3_of": 20524.805353440282, "Z_threshold0.3_time": 0.9802236557006836, "Z_threshold0.35_of": 20051.946372948576, "Z_threshold0.35_time": 1.0390267372131348, "Z_threshold0.4_of": 19934.46514874354, "Z_threshold0.4_time": 0.9438662528991699, "Z_threshold0.45_of": 19934.46514874354, "Z_threshold0.45_time": 0.9588520526885986, "Z_threshold0.5_of": 19835.866883387593, "Z_threshold0.5_time": 1.0124468803405762}