{"name": "S_700_303_4418.154.json", "BaldoML_of": 17454.660380039313, "BaldoML_time": 0.5436909198760986, "BaldoGA_of": 17257.381696019438, "BaldoGA_time": 7.282580137252808, "Solver_of": 17685.519242709204, "Solver_time": 13.038228750228882, "Z_threshold0.05_of": 17240.67445648698, "Z_threshold0.05_time": 0.9406349658966064, "Z_threshold0.1_of": 16391.509960382835, "Z_threshold0.1_time": 0.8818545341491699, "Z_threshold0.15_of": 16391.509960382835, "Z_threshold0.15_time": 0.8846087455749512, "Z_threshold0.2_of": 16391.509960382835, "Z_threshold0.2_time": 0.961688756942749, "Z_threshold0.25_of": 16391.509960382835, "Z_threshold0.25_time": 0.8873050212860107}