{"name": "S_700_406_6015.159.json", "BaldoML_of": 17981.62954369139, "BaldoML_time": 2.3335204124450684, "BaldoGA_of": 17385.570436952443, "BaldoGA_time": 3.7565369606018066, "Solver_of": 17997.579555349887, "Solver_time": 9.266538143157959, "Z_threshold0.05_of": 17665.7254969251, "Z_threshold0.05_time": 0.9408857822418213, "Z_threshold0.1_of": 17665.7254969251, "Z_threshold0.1_time": 0.9395310878753662, "Z_threshold0.15_of": 17665.7254969251, "Z_threshold0.15_time": 0.953078031539917, "Z_threshold0.2_of": 17665.7254969251, "Z_threshold0.2_time": 1.0646867752075195, "Z_threshold0.25_of": 17625.484780243336, "Z_threshold0.25_time": 0.923612117767334, "Z_threshold0.3_of": 17625.484780243336, "Z_threshold0.3_time": 0.9181711673736572, "Z_threshold0.35_of": 17625.484780243336, "Z_threshold0.35_time": 0.9250130653381348, "Z_threshold0.4_of": 17625.484780243336, "Z_threshold0.4_time": 0.9871785640716553, "Z_threshold0.45_of": 17625.484780243336, "Z_threshold0.45_time": 0.9125418663024902, "Z_threshold0.5_of": 17625.484780243336, "Z_threshold0.5_time": 0.909243106842041}