{"name": "S_700_364_4256.693.json", "BaldoML_of": 17750.3906916407, "BaldoML_time": 0.5997247695922852, "BaldoGA_of": 17556.98431419457, "BaldoGA_time": 3.3348419666290283, "Solver_of": 18182.928129771055, "Solver_time": 7.582604169845581, "Z_threshold0.05_of": 17808.463219635974, "Z_threshold0.05_time": 0.4540824890136719, "Z_threshold0.1_of": 17808.463219635974, "Z_threshold0.1_time": 0.5029478073120117, "Z_threshold0.15_of": 17808.463219635974, "Z_threshold0.15_time": 0.4474782943725586, "Z_threshold0.2_of": 17808.463219635974, "Z_threshold0.2_time": 0.4399878978729248, "Z_threshold0.25_of": 17808.463219635974, "Z_threshold0.25_time": 0.43813443183898926, "Z_threshold0.3_of": 17808.463219635974, "Z_threshold0.3_time": 0.43935298919677734, "Z_threshold0.35_of": 17808.463219635974, "Z_threshold0.35_time": 0.4327852725982666, "Z_threshold0.4_of": 17808.463219635974, "Z_threshold0.4_time": 0.4304354190826416, "Z_threshold0.45_of": 17808.463219635974, "Z_threshold0.45_time": 0.44547367095947266, "Z_threshold0.5_of": 17808.13467099709, "Z_threshold0.5_time": 0.4373512268066406}