{"name": "S_700_190_9102.011.json", "BaldoML_of": 25068.870665916766, "BaldoML_time": 0.9374186992645264, "BaldoGA_of": 24552.458893232077, "BaldoGA_time": 7.682761192321777, "Solver_of": 25767.160838338987, "Solver_time": 129.7780327796936, "Z_threshold0.05_of": 25743.465025377714, "Z_threshold0.05_time": 9.568255424499512, "Z_threshold0.1_of": 25616.222050331922, "Z_threshold0.1_time": 4.41221809387207, "Z_threshold0.15_of": 25462.46489932182, "Z_threshold0.15_time": 3.154137372970581, "Z_threshold0.2_of": 25290.414401480495, "Z_threshold0.2_time": 2.67568039894104, "Z_threshold0.25_of": 24963.78660171717, "Z_threshold0.25_time": 1.6500844955444336}