{"name": "S_700_338_4416.344.json", "BaldoML_of": 17137.714796568376, "BaldoML_time": 0.5491387844085693, "BaldoGA_of": 17002.45986246094, "BaldoGA_time": 2.77349853515625, "Solver_of": 17516.783850270083, "Solver_time": 6.370376825332642, "Z_threshold0.05_of": 17104.31816407136, "Z_threshold0.05_time": 0.37786006927490234, "Z_threshold0.1_of": 17104.31816407136, "Z_threshold0.1_time": 0.4063994884490967, "Z_threshold0.15_of": 17104.31816407136, "Z_threshold0.15_time": 0.3764984607696533, "Z_threshold0.2_of": 17104.31816407136, "Z_threshold0.2_time": 0.3760416507720947, "Z_threshold0.25_of": 17104.31816407136, "Z_threshold0.25_time": 0.3717613220214844, "Z_threshold0.3_of": 17104.31816407136, "Z_threshold0.3_time": 0.37586545944213867, "Z_threshold0.35_of": 17104.31816407136, "Z_threshold0.35_time": 0.37433552742004395, "Z_threshold0.4_of": 17104.31816407136, "Z_threshold0.4_time": 0.37833166122436523, "Z_threshold0.45_of": 17104.31816407136, "Z_threshold0.45_time": 0.37473034858703613, "Z_threshold0.5_of": 17104.31816407136, "Z_threshold0.5_time": 0.37624597549438477}