{"name": "S_700_294_5802.879.json", "BaldoML_of": 20165.885428805315, "BaldoML_time": 0.8788745403289795, "BaldoGA_of": 19924.50931451082, "BaldoGA_time": 8.751910209655762, "Solver_of": 20566.750599651048, "Solver_time": 36.04583692550659, "Z_threshold0.05_of": 20332.714020585416, "Z_threshold0.05_time": 0.851273775100708, "Z_threshold0.1_of": 20050.938272866926, "Z_threshold0.1_time": 0.44938111305236816, "Z_threshold0.15_of": 19499.839077387736, "Z_threshold0.15_time": 0.40877509117126465, "Z_threshold0.2_of": 19467.40392640912, "Z_threshold0.2_time": 0.40784621238708496, "Z_threshold0.25_of": 19270.641734716883, "Z_threshold0.25_time": 0.41129636764526367, "Z_threshold0.3_of": 19270.641734716883, "Z_threshold0.3_time": 0.42372751235961914, "Z_threshold0.35_of": 19270.641734716883, "Z_threshold0.35_time": 0.40078210830688477, "Z_threshold0.4_of": 19238.420631263307, "Z_threshold0.4_time": 0.4053685665130615, "Z_threshold0.45_of": 19165.213431868415, "Z_threshold0.45_time": 0.3988208770751953, "Z_threshold0.5_of": 19165.213431868415, "Z_threshold0.5_time": 0.39688944816589355}