{"name": "S_700_353_4407.728.json", "BaldoML_of": 17823.3160692929, "BaldoML_time": 0.43547749519348145, "BaldoGA_of": 17690.65583281807, "BaldoGA_time": 3.3941333293914795, "Solver_of": 18048.042037093433, "Solver_time": 6.478788375854492, "Z_threshold0.05_of": 17690.950568848424, "Z_threshold0.05_time": 0.8008263111114502}