{"name": "S_700_346_9322.074.json", "BaldoML_of": 21640.58473831841, "BaldoML_time": 0.657334566116333, "BaldoGA_of": 21245.98405988958, "BaldoGA_time": 8.087026119232178, "Solver_of": -1, "Solver_time": 600.0019764900208, "Z_threshold0.05_of": 22134.608536222022, "Z_threshold0.05_time": 5.198553085327148}