{"name": "S_700_210_5675.169.json", "BaldoML_of": 21747.340777412566, "BaldoML_time": 5.227088689804077, "BaldoGA_of": 20934.27200249146, "BaldoGA_time": 5.548098564147949, "Solver_of": 21747.340777412544, "Solver_time": 37.57036280632019, "Z_threshold0.05_of": 21656.348566562196, "Z_threshold0.05_time": 4.007763624191284, "Z_threshold0.1_of": 21443.346378580893, "Z_threshold0.1_time": 1.766859769821167, "Z_threshold0.15_of": 21202.126733541154, "Z_threshold0.15_time": 0.9168910980224609, "Z_threshold0.2_of": 20654.244362356694, "Z_threshold0.2_time": 0.9672842025756836, "Z_threshold0.25_of": 20527.985417623455, "Z_threshold0.25_time": 0.925689697265625, "Z_threshold0.3_of": 20417.432219324237, "Z_threshold0.3_time": 0.9403564929962158, "Z_threshold0.35_of": 20136.44109195642, "Z_threshold0.35_time": 0.920464277267456, "Z_threshold0.4_of": 19961.08143391485, "Z_threshold0.4_time": 0.9543416500091553, "Z_threshold0.45_of": 19850.876152849996, "Z_threshold0.45_time": 0.9309515953063965, "Z_threshold0.5_of": 19827.736139785593, "Z_threshold0.5_time": 0.9130480289459229}