{"name": "S_700_197_9159.575.json", "BaldoML_of": 25253.36274971902, "BaldoML_time": 0.7640848159790039, "BaldoGA_of": 24669.733065386314, "BaldoGA_time": 6.799315452575684, "Solver_of": 25787.334725376208, "Solver_time": 49.148502588272095, "Z_threshold0.05_of": 25729.309978905105, "Z_threshold0.05_time": 3.6703073978424072, "Z_threshold0.1_of": 25696.321910340073, "Z_threshold0.1_time": 2.753045082092285, "Z_threshold0.15_of": 25495.529689180945, "Z_threshold0.15_time": 2.565701961517334, "Z_threshold0.2_of": 25221.876489078564, "Z_threshold0.2_time": 1.8538098335266113, "Z_threshold0.25_of": 24875.980645003547, "Z_threshold0.25_time": 1.447629690170288}