{"name": "S_700_249_4400.011.json", "BaldoML_of": 17237.42354031512, "BaldoML_time": 0.7020325660705566, "BaldoGA_of": 16990.3220265848, "BaldoGA_time": 5.674952983856201, "Solver_of": 17430.71035087544, "Solver_time": 29.563313484191895, "Z_threshold0.05_of": 17225.896835171232, "Z_threshold0.05_time": 1.3147063255310059}