{"name": "S_700_210_5675.169.json", "BaldoML_of": 21457.706697006775, "BaldoML_time": 0.991826057434082, "BaldoGA_of": 20934.27200249146, "BaldoGA_time": 5.548098564147949, "Solver_of": 21747.340777412544, "Solver_time": 37.57036280632019, "Z_threshold0.05_of": 21691.281633630784, "Z_threshold0.05_time": 5.2188332080841064}