{"name": "S_700_206_5766.092.json", "BaldoML_of": 20911.202763215257, "BaldoML_time": 0.881394624710083, "BaldoGA_of": 20432.790609014286, "BaldoGA_time": 5.726970434188843, "Solver_of": 21397.139743551095, "Solver_time": 17.09720468521118, "Z_threshold0.05_of": 21371.61917787529, "Z_threshold0.05_time": 4.322743654251099}