{"name": "S_700_310_9157.825.json", "BaldoML_of": 23467.60151894876, "BaldoML_time": 0.6187667846679688, "BaldoGA_of": 23358.647926828835, "BaldoGA_time": 8.40971326828003, "Solver_of": 24483.456190012697, "Solver_time": 157.1689214706421, "Z_threshold0.05_of": 24261.4825093183, "Z_threshold0.05_time": 7.029873609542847, "Z_threshold0.1_of": 23633.154091074884, "Z_threshold0.1_time": 2.3179070949554443, "Z_threshold0.15_of": 23286.45261677213, "Z_threshold0.15_time": 1.214069128036499, "Z_threshold0.2_of": 23110.37143365321, "Z_threshold0.2_time": 0.921968936920166, "Z_threshold0.25_of": 22392.563764016977, "Z_threshold0.25_time": 0.9510965347290039}