{"name": "S_700_376_4495.702.json", "BaldoML_of": 16454.473479457447, "BaldoML_time": 0.5319769382476807, "BaldoGA_of": 16305.985097034722, "BaldoGA_time": 3.2852234840393066, "Solver_of": 16846.536479074217, "Solver_time": 5.79338526725769, "Z_threshold0.05_of": 16311.34631945319, "Z_threshold0.05_time": 0.8824183940887451}