{"name": "S_700_414_6132.03.json", "BaldoML_of": 18114.825669199592, "BaldoML_time": 0.5758023262023926, "BaldoGA_of": 17845.25370515762, "BaldoGA_time": 3.979107141494751, "Solver_of": 18491.181675750395, "Solver_time": 8.391995429992676, "Z_threshold0.05_of": 17823.21353160194, "Z_threshold0.05_time": 0.8548665046691895, "Z_threshold0.1_of": 17823.21353160194, "Z_threshold0.1_time": 0.8498051166534424, "Z_threshold0.15_of": 17823.21353160194, "Z_threshold0.15_time": 0.8403739929199219, "Z_threshold0.2_of": 17823.21353160194, "Z_threshold0.2_time": 0.9193503856658936}