{"name": "S_700_286_8805.97.json", "BaldoML_of": 23949.28888330635, "BaldoML_time": 0.7237098217010498, "BaldoGA_of": 23864.604049568483, "BaldoGA_time": 7.892055511474609, "Solver_of": 24839.737587979496, "Solver_time": 147.39458441734314, "Z_threshold0.05_of": 24827.870304342458, "Z_threshold0.05_time": 10.812682390213013, "Z_threshold0.1_of": 24360.76732537773, "Z_threshold0.1_time": 2.277266502380371, "Z_threshold0.15_of": 24066.451698589375, "Z_threshold0.15_time": 1.4390084743499756, "Z_threshold0.2_of": 23862.080800789143, "Z_threshold0.2_time": 1.0359792709350586, "Z_threshold0.25_of": 23493.92636280782, "Z_threshold0.25_time": 0.8696246147155762}