{"name": "S_700_180_4693.44.json", "BaldoML_of": 16668.780034937532, "BaldoML_time": 1.2212677001953125, "BaldoGA_of": 16251.69764209971, "BaldoGA_time": 4.921570301055908, "Solver_of": 16962.24019642265, "Solver_time": 11.440970659255981, "Z_threshold0.05_of": 16880.331923441823, "Z_threshold0.05_time": 1.5992577075958252, "Z_threshold0.1_of": 16691.96920752019, "Z_threshold0.1_time": 1.3861889839172363, "Z_threshold0.15_of": 16534.373396478666, "Z_threshold0.15_time": 0.7085480690002441, "Z_threshold0.2_of": 16139.650588760784, "Z_threshold0.2_time": 0.388155460357666, "Z_threshold0.25_of": 15872.551915415585, "Z_threshold0.25_time": 0.38509368896484375, "Z_threshold0.3_of": 15614.711865627232, "Z_threshold0.3_time": 0.3816804885864258, "Z_threshold0.35_of": 15551.597403659938, "Z_threshold0.35_time": 0.38602757453918457, "Z_threshold0.4_of": 15491.385037009799, "Z_threshold0.4_time": 0.39020490646362305, "Z_threshold0.45_of": 15404.229184686961, "Z_threshold0.45_time": 0.3843052387237549, "Z_threshold0.5_of": 15300.971294491712, "Z_threshold0.5_time": 0.3872528076171875}