{"name": "S_700_225_8945.217.json", "BaldoML_of": 25384.390808097094, "BaldoML_time": 0.8457095623016357, "BaldoGA_of": 25132.804140443575, "BaldoGA_time": 7.50561785697937, "Solver_of": 26300.788565356626, "Solver_time": 131.07280111312866, "Z_threshold0.05_of": 26259.629126642136, "Z_threshold0.05_time": 5.186769723892212, "Z_threshold0.1_of": 26019.695741762436, "Z_threshold0.1_time": 2.501143217086792, "Z_threshold0.15_of": 25919.418844409443, "Z_threshold0.15_time": 1.292708158493042, "Z_threshold0.2_of": 25815.66407390719, "Z_threshold0.2_time": 0.8164846897125244, "Z_threshold0.25_of": 25675.43016443042, "Z_threshold0.25_time": 0.5348100662231445, "Z_threshold0.3_of": 25482.05460619336, "Z_threshold0.3_time": 0.44247007369995117, "Z_threshold0.35_of": 25295.529821991346, "Z_threshold0.35_time": 0.44364500045776367, "Z_threshold0.4_of": 25083.978694408346, "Z_threshold0.4_time": 0.4665029048919678, "Z_threshold0.45_of": 25021.704996939014, "Z_threshold0.45_time": 0.4423210620880127, "Z_threshold0.5_of": 24955.96490688205, "Z_threshold0.5_time": 0.440701961517334}