{"name": "S_700_177_8491.651.json", "BaldoML_of": 27277.17245729164, "BaldoML_time": 1.1885814666748047, "BaldoGA_of": 26622.256606091894, "BaldoGA_time": 8.630254983901978, "Solver_of": 27795.44780239211, "Solver_time": 32.88492393493652, "Z_threshold0.05_of": 27766.91922779385, "Z_threshold0.05_time": 5.346822023391724}