{"name": "S_700_406_6015.159.json", "BaldoML_of": 17568.879539988695, "BaldoML_time": 0.5522565841674805, "BaldoGA_of": 17385.570436952443, "BaldoGA_time": 3.7565369606018066, "Solver_of": 17997.579555349887, "Solver_time": 9.266538143157959, "Z_threshold0.05_of": 17413.158163941724, "Z_threshold0.05_time": 0.9632716178894043, "Z_threshold0.1_of": 17413.158163941724, "Z_threshold0.1_time": 0.948768138885498, "Z_threshold0.15_of": 17413.158163941724, "Z_threshold0.15_time": 0.94545578956604, "Z_threshold0.2_of": 17413.158163941724, "Z_threshold0.2_time": 0.947195291519165, "Z_threshold0.25_of": 17362.952483896257, "Z_threshold0.25_time": 0.9041037559509277}