{"name": "S_700_163_5700.435.json", "BaldoML_of": 20916.73457577924, "BaldoML_time": 1.0341525077819824, "BaldoGA_of": 20372.32586375115, "BaldoGA_time": 5.812578439712524, "Solver_of": 21313.98164556948, "Solver_time": 23.25108766555786, "Z_threshold0.05_of": 21281.007747337768, "Z_threshold0.05_time": 3.0863547325134277}