{"name": "S_700_240_5846.944.json", "BaldoML_of": 20614.48120933622, "BaldoML_time": 0.8115713596343994, "BaldoGA_of": 20159.26934311687, "BaldoGA_time": 6.45699667930603, "Solver_of": 20857.64779775357, "Solver_time": 43.077112436294556, "Z_threshold0.05_of": 20784.50821362591, "Z_threshold0.05_time": 1.63338041305542, "Z_threshold0.1_of": 20714.138957213785, "Z_threshold0.1_time": 1.0238473415374756, "Z_threshold0.15_of": 20588.37823522069, "Z_threshold0.15_time": 0.7271096706390381, "Z_threshold0.2_of": 20450.170441974624, "Z_threshold0.2_time": 0.43833208084106445, "Z_threshold0.25_of": 19845.880583507413, "Z_threshold0.25_time": 0.4004786014556885, "Z_threshold0.3_of": 19641.940166151548, "Z_threshold0.3_time": 0.3927493095397949, "Z_threshold0.35_of": 19497.4864203589, "Z_threshold0.35_time": 0.3894014358520508, "Z_threshold0.4_of": 19343.802879135954, "Z_threshold0.4_time": 0.39495849609375, "Z_threshold0.45_of": 19260.19401778458, "Z_threshold0.45_time": 0.3882126808166504, "Z_threshold0.5_of": 19134.695697471878, "Z_threshold0.5_time": 0.3898332118988037}