{"name": "S_900_354_7603.765.json", "BaldoML_of": 25838.20303980197, "BaldoML_time": 1.463982105255127, "BaldoGA_of": 25522.793136787703, "BaldoGA_time": 10.305397748947144, "Solver_of": 26234.817808511565, "Solver_time": 82.69619345664978, "Z_threshold0.05_of": 25955.908608254555, "Z_threshold0.05_time": 4.374652862548828}