{"name": "S_900_259_11393.0.json", "BaldoML_of": 32994.63501275607, "BaldoML_time": 1.101482629776001, "BaldoGA_of": 32145.027677522954, "BaldoGA_time": 9.906626224517822, "Solver_of": 33914.37646220341, "Solver_time": 189.02862691879272, "Z_threshold0.05_of": 33863.90583451886, "Z_threshold0.05_time": 7.62558650970459}