{"name": "S_900_242_5718.327.json", "BaldoML_of": 22612.323287789084, "BaldoML_time": 1.6349601745605469, "BaldoGA_of": 22034.468825340926, "BaldoGA_time": 6.6751625537872314, "Solver_of": 22851.208051823447, "Solver_time": 21.323724031448364, "Z_threshold0.05_of": 22793.023007007214, "Z_threshold0.05_time": 2.662684202194214, "Z_threshold0.1_of": 22532.601944271126, "Z_threshold0.1_time": 1.4474472999572754, "Z_threshold0.15_of": 22282.85502327407, "Z_threshold0.15_time": 0.9140450954437256, "Z_threshold0.2_of": 22097.04856907551, "Z_threshold0.2_time": 0.8261919021606445, "Z_threshold0.25_of": 22084.275042529, "Z_threshold0.25_time": 0.6000525951385498, "Z_threshold0.3_of": 21791.012443143078, "Z_threshold0.3_time": 0.5951597690582275, "Z_threshold0.35_of": 21307.89811874867, "Z_threshold0.35_time": 0.59381103515625, "Z_threshold0.4_of": 20609.77254171172, "Z_threshold0.4_time": 0.6954548358917236, "Z_threshold0.45_of": 20337.48951819079, "Z_threshold0.45_time": 0.5880274772644043, "Z_threshold0.5_of": 20164.592284423452, "Z_threshold0.5_time": 0.5857090950012207}