{"name": "S_900_308_7666.966.json", "BaldoML_of": 24582.604536764306, "BaldoML_time": 1.197190761566162, "BaldoGA_of": 24188.43003134947, "BaldoGA_time": 7.509812831878662, "Solver_of": 25415.461314376247, "Solver_time": 117.16496777534485, "Z_threshold0.05_of": 25262.999002097036, "Z_threshold0.05_time": 5.772447347640991, "Z_threshold0.1_of": 24729.84100405037, "Z_threshold0.1_time": 2.2674591541290283, "Z_threshold0.15_of": 24328.498246491094, "Z_threshold0.15_time": 1.5518357753753662, "Z_threshold0.2_of": 23952.104106500225, "Z_threshold0.2_time": 1.2132997512817383}