{"name": "S_900_294_5628.502.json", "BaldoML_of": 23035.758734264204, "BaldoML_time": 1.2276194095611572, "BaldoGA_of": 22485.896524506148, "BaldoGA_time": 6.806913375854492, "Solver_of": 23308.41958282521, "Solver_time": 44.47346210479736, "Z_threshold0.05_of": 23200.398959206188, "Z_threshold0.05_time": 2.737889051437378, "Z_threshold0.1_of": 22839.45967621699, "Z_threshold0.1_time": 0.8341598510742188, "Z_threshold0.15_of": 22191.940825241047, "Z_threshold0.15_time": 0.5665640830993652, "Z_threshold0.2_of": 21577.796465333424, "Z_threshold0.2_time": 0.5426123142242432, "Z_threshold0.25_of": 21430.425270582145, "Z_threshold0.25_time": 0.5342490673065186, "Z_threshold0.3_of": 21245.873654288913, "Z_threshold0.3_time": 0.5390605926513672, "Z_threshold0.35_of": 21245.873654288913, "Z_threshold0.35_time": 0.5359525680541992, "Z_threshold0.4_of": 21245.873654288913, "Z_threshold0.4_time": 0.5392954349517822, "Z_threshold0.45_of": 21165.193840470474, "Z_threshold0.45_time": 0.673978328704834, "Z_threshold0.5_of": 21128.232411339155, "Z_threshold0.5_time": 0.5364787578582764}