{"name": "S_900_383_11025.791.json", "BaldoML_of": 32572.658907890782, "BaldoML_time": 0.8634097576141357, "BaldoGA_of": 31912.23327411936, "BaldoGA_time": 13.33673882484436, "Solver_of": 33316.43514734325, "Solver_time": 216.70049381256104, "Z_threshold0.05_of": 33184.24810401515, "Z_threshold0.05_time": 12.17112684249878, "Z_threshold0.1_of": 32831.53581264037, "Z_threshold0.1_time": 2.8531477451324463, "Z_threshold0.15_of": 32663.923386156475, "Z_threshold0.15_time": 2.572697162628174, "Z_threshold0.2_of": 31923.389667202104, "Z_threshold0.2_time": 1.2472779750823975}