{"name": "S_900_362_5667.393.json", "BaldoML_of": 22011.30978134638, "BaldoML_time": 14.077081441879272, "BaldoGA_of": 21352.4398285578, "BaldoGA_time": 9.922020673751831, "Solver_of": 22040.429292757075, "Solver_time": 15.842097043991089, "Z_threshold0.05_of": 21417.944159097115, "Z_threshold0.05_time": 1.4587407112121582, "Z_threshold0.1_of": 20479.530818635878, "Z_threshold0.1_time": 1.4238502979278564, "Z_threshold0.15_of": 20436.532009275023, "Z_threshold0.15_time": 1.3850653171539307, "Z_threshold0.2_of": 20436.532009275023, "Z_threshold0.2_time": 1.4271326065063477, "Z_threshold0.25_of": 20359.16413772015, "Z_threshold0.25_time": 1.425436019897461, "Z_threshold0.3_of": 20359.16413772015, "Z_threshold0.3_time": 1.4178903102874756, "Z_threshold0.35_of": 20359.16413772015, "Z_threshold0.35_time": 1.3968720436096191, "Z_threshold0.4_of": 20359.16413772015, "Z_threshold0.4_time": 1.3756351470947266, "Z_threshold0.45_of": 20359.16413772015, "Z_threshold0.45_time": 1.40036940574646, "Z_threshold0.5_of": 20359.16413772015, "Z_threshold0.5_time": 1.4469332695007324}