{"name": "S_900_314_5726.102.json", "BaldoML_of": 21252.298575702567, "BaldoML_time": 1.7704429626464844, "BaldoGA_of": 20875.591261671114, "BaldoGA_time": 7.651615619659424, "Solver_of": 21736.495530894248, "Solver_time": 45.401432514190674, "Z_threshold0.05_of": 21413.932870156266, "Z_threshold0.05_time": 2.7409963607788086}