{"name": "S_900_343_7886.56.json", "BaldoML_of": 24506.303579345225, "BaldoML_time": 1.3999121189117432, "BaldoGA_of": 24033.80419883978, "BaldoGA_time": 9.693509101867676, "Solver_of": 24910.10719557602, "Solver_time": 117.34313607215881, "Z_threshold0.05_of": 24800.995774284107, "Z_threshold0.05_time": 5.7730512619018555}