{"name": "S_900_265_11316.164.json", "BaldoML_of": 34279.5459944602, "BaldoML_time": 1.4847674369812012, "BaldoGA_of": 33230.57818893745, "BaldoGA_time": 12.1566162109375, "Solver_of": 35019.11586100466, "Solver_time": 194.57826399803162, "Z_threshold0.05_of": 34977.930923325686, "Z_threshold0.05_time": 5.87545371055603, "Z_threshold0.1_of": 34873.60878416059, "Z_threshold0.1_time": 4.094620227813721, "Z_threshold0.15_of": 34698.74246974537, "Z_threshold0.15_time": 4.552809476852417, "Z_threshold0.2_of": 34243.86101489184, "Z_threshold0.2_time": 2.1094071865081787, "Z_threshold0.25_of": 33906.080169694964, "Z_threshold0.25_time": 1.9276127815246582}