{"name": "S_900_217_11354.474.json", "BaldoML_of": 33829.13300020962, "BaldoML_time": 1.8053131103515625, "BaldoGA_of": 32639.172991841366, "BaldoGA_time": 9.881641387939453, "Solver_of": 34542.797248393865, "Solver_time": 247.023175239563, "Z_threshold0.05_of": 34503.0745127854, "Z_threshold0.05_time": 10.130295038223267}