{"name": "S_900_250_11466.858.json", "BaldoML_of": 32078.746282134587, "BaldoML_time": 1.2075772285461426, "BaldoGA_of": 30630.446273135036, "BaldoGA_time": 6.956480979919434, "Solver_of": 33038.43522407056, "Solver_time": 360.40005230903625, "Z_threshold0.05_of": 32934.026689750375, "Z_threshold0.05_time": 11.05678415298462}