{"name": "S_900_412_5682.01.json", "BaldoML_of": 21915.97253203182, "BaldoML_time": 0.8630475997924805, "BaldoGA_of": 21679.51697468517, "BaldoGA_time": 12.034175157546997, "Solver_of": 22236.194079192977, "Solver_time": 10.570650577545166, "Z_threshold0.05_of": 21088.051518399145, "Z_threshold0.05_time": 1.1035473346710205, "Z_threshold0.1_of": 21088.051518399145, "Z_threshold0.1_time": 1.0954806804656982, "Z_threshold0.15_of": 21088.051518399145, "Z_threshold0.15_time": 1.099046230316162, "Z_threshold0.2_of": 21088.051518399145, "Z_threshold0.2_time": 1.0963127613067627}