{"name": "S_900_480_7528.247.json", "BaldoML_of": 24863.47602610089, "BaldoML_time": 0.6901686191558838, "BaldoGA_of": 24478.59937299709, "BaldoGA_time": 16.51661205291748, "Solver_of": 25239.9395117781, "Solver_time": 37.5140655040741, "Z_threshold0.05_of": 23903.858143421967, "Z_threshold0.05_time": 1.220613956451416, "Z_threshold0.1_of": 23903.858143421967, "Z_threshold0.1_time": 1.1446564197540283, "Z_threshold0.15_of": 23903.858143421967, "Z_threshold0.15_time": 1.2604284286499023, "Z_threshold0.2_of": 23903.858143421967, "Z_threshold0.2_time": 1.1892199516296387, "Z_threshold0.25_of": 23903.858143421967, "Z_threshold0.25_time": 1.252570390701294}