{"name": "S_900_385_11565.963.json", "BaldoML_of": 31397.821352400875, "BaldoML_time": 1.0908808708190918, "BaldoGA_of": 30836.05653927871, "BaldoGA_time": 11.561161518096924, "Solver_of": 32206.26943048219, "Solver_time": 664.9139137268066, "Z_threshold0.05_of": 32075.511422665062, "Z_threshold0.05_time": 13.467947959899902, "Z_threshold0.1_of": 31574.73481350421, "Z_threshold0.1_time": 3.1021745204925537, "Z_threshold0.15_of": 31298.601431253395, "Z_threshold0.15_time": 1.7082314491271973, "Z_threshold0.2_of": 31115.678505129465, "Z_threshold0.2_time": 1.7244198322296143}