{"name": "S_900_406_7668.806.json", "BaldoML_of": 25712.194828232612, "BaldoML_time": 1.0047147274017334, "BaldoGA_of": 25412.41175337544, "BaldoGA_time": 13.114657163619995, "Solver_of": 26122.911402665835, "Solver_time": 126.84534192085266, "Z_threshold0.05_of": 25655.616416857378, "Z_threshold0.05_time": 1.590789556503296}