{"name": "S_900_310_11346.042.json", "BaldoML_of": 32265.82605400292, "BaldoML_time": 1.064072847366333, "BaldoGA_of": 31660.66254793034, "BaldoGA_time": 11.642755270004272, "Solver_of": 33163.07077652769, "Solver_time": 537.4823977947235, "Z_threshold0.05_of": 33059.69980531755, "Z_threshold0.05_time": 4.2052154541015625}