{"name": "S_900_377_10991.551.json", "BaldoML_of": 32189.466752926844, "BaldoML_time": 1.0123341083526611, "BaldoGA_of": 31762.69123395092, "BaldoGA_time": 13.521796941757202, "Solver_of": 33236.11555351951, "Solver_time": 597.2394580841064, "Z_threshold0.05_of": 33067.65568098562, "Z_threshold0.05_time": 8.179741859436035, "Z_threshold0.1_of": 32563.011803917314, "Z_threshold0.1_time": 2.6049604415893555, "Z_threshold0.15_of": 32141.42908877962, "Z_threshold0.15_time": 1.7610177993774414, "Z_threshold0.2_of": 31762.97972007575, "Z_threshold0.2_time": 1.2367439270019531}