{"name": "S_900_321_7624.489.json", "BaldoML_of": 25659.410306245507, "BaldoML_time": 1.1380584239959717, "BaldoGA_of": 25202.880167916133, "BaldoGA_time": 8.348290205001831, "Solver_of": 26210.014384660648, "Solver_time": 24.084842920303345, "Z_threshold0.05_of": 26180.129260114507, "Z_threshold0.05_time": 8.459261178970337, "Z_threshold0.1_of": 25734.67972966555, "Z_threshold0.1_time": 2.035327434539795, "Z_threshold0.15_of": 25420.9081217294, "Z_threshold0.15_time": 1.9453635215759277, "Z_threshold0.2_of": 25181.245051786558, "Z_threshold0.2_time": 1.3490791320800781, "Z_threshold0.25_of": 24969.18290834513, "Z_threshold0.25_time": 1.1714649200439453}