{"name": "S_900_398_11214.713.json", "BaldoML_of": 31119.799266942708, "BaldoML_time": 1.1790406703948975, "BaldoGA_of": 30826.184098832106, "BaldoGA_time": 14.931106090545654, "Solver_of": 31855.404553805132, "Solver_time": 625.6530129909515, "Z_threshold0.05_of": 31513.342417814296, "Z_threshold0.05_time": 7.439594745635986, "Z_threshold0.1_of": 31067.6562430985, "Z_threshold0.1_time": 2.009674310684204, "Z_threshold0.15_of": 30557.13725003856, "Z_threshold0.15_time": 1.2329940795898438, "Z_threshold0.2_of": 29887.93690547801, "Z_threshold0.2_time": 1.3097591400146484, "Z_threshold0.25_of": 29586.530833324054, "Z_threshold0.25_time": 1.2169082164764404}