{"name": "S_900_259_11405.038.json", "BaldoML_of": 35149.643761026186, "BaldoML_time": 25.219538688659668, "BaldoGA_of": 33495.87981151709, "BaldoGA_time": 12.069071531295776, "Solver_of": 35150.62811861839, "Solver_time": 183.35037922859192, "Z_threshold0.05_of": 35092.549589273316, "Z_threshold0.05_time": 9.430879354476929, "Z_threshold0.1_of": 34920.07678973202, "Z_threshold0.1_time": 4.897714376449585, "Z_threshold0.15_of": 34796.25204476902, "Z_threshold0.15_time": 3.677131414413452, "Z_threshold0.2_of": 34723.834771213194, "Z_threshold0.2_time": 3.5785019397735596, "Z_threshold0.25_of": 34615.79948509788, "Z_threshold0.25_time": 2.931384563446045, "Z_threshold0.3_of": 34424.201764299, "Z_threshold0.3_time": 1.949852705001831, "Z_threshold0.35_of": 34304.75655703704, "Z_threshold0.35_time": 1.3887724876403809, "Z_threshold0.4_of": 34170.30887821441, "Z_threshold0.4_time": 1.3665475845336914, "Z_threshold0.45_of": 33655.51253413818, "Z_threshold0.45_time": 1.362565040588379, "Z_threshold0.5_of": 33625.763312808274, "Z_threshold0.5_time": 1.4428749084472656}