{"name": "S_900_314_11323.867.json", "BaldoML_of": 31766.145453513895, "BaldoML_time": 0.9114408493041992, "BaldoGA_of": 30661.538621883756, "BaldoGA_time": 11.258714437484741, "Solver_of": 32577.205281006347, "Solver_time": 358.3654501438141, "Z_threshold0.05_of": 32534.44207290355, "Z_threshold0.05_time": 5.181293964385986}