{"name": "S_900_242_7595.908.json", "BaldoML_of": 26398.464929624726, "BaldoML_time": 1.8697295188903809, "BaldoGA_of": 25558.36837446181, "BaldoGA_time": 8.504988670349121, "Solver_of": 26777.9868021899, "Solver_time": 155.99441933631897, "Z_threshold0.05_of": 26717.64467850802, "Z_threshold0.05_time": 2.4815144538879395, "Z_threshold0.1_of": 26379.480560716573, "Z_threshold0.1_time": 2.8026022911071777, "Z_threshold0.15_of": 25977.41595615867, "Z_threshold0.15_time": 1.5631425380706787, "Z_threshold0.2_of": 25394.124271223332, "Z_threshold0.2_time": 1.2871184349060059}