{"name": "S_900_231_11641.783.json", "BaldoML_of": 32872.96431476407, "BaldoML_time": 2.1131696701049805, "BaldoGA_of": 31695.242707168843, "BaldoGA_time": 11.037601470947266, "Solver_of": 33640.9156387578, "Solver_time": 178.80796766281128, "Z_threshold0.05_of": 33603.12324715533, "Z_threshold0.05_time": 7.187144756317139, "Z_threshold0.1_of": 33348.20528038986, "Z_threshold0.1_time": 4.224054574966431, "Z_threshold0.15_of": 33239.85467831565, "Z_threshold0.15_time": 4.307584524154663, "Z_threshold0.2_of": 33091.24946794078, "Z_threshold0.2_time": 3.2549877166748047}