{"name": "S_900_400_5790.218.json", "BaldoML_of": 22307.173221780726, "BaldoML_time": 0.7481379508972168, "BaldoGA_of": 21901.62187867404, "BaldoGA_time": 12.268678188323975, "Solver_of": 22662.10261589941, "Solver_time": 12.203673362731934, "Z_threshold0.05_of": 21656.932956714383, "Z_threshold0.05_time": 0.7022716999053955, "Z_threshold0.1_of": 21509.683396393626, "Z_threshold0.1_time": 0.6101474761962891, "Z_threshold0.15_of": 21509.683396393626, "Z_threshold0.15_time": 0.6031506061553955, "Z_threshold0.2_of": 21509.683396393626, "Z_threshold0.2_time": 0.5943660736083984, "Z_threshold0.25_of": 21509.683396393626, "Z_threshold0.25_time": 0.5986754894256592, "Z_threshold0.3_of": 21509.683396393626, "Z_threshold0.3_time": 0.5916533470153809, "Z_threshold0.35_of": 21509.683396393626, "Z_threshold0.35_time": 0.5947272777557373, "Z_threshold0.4_of": 21509.683396393626, "Z_threshold0.4_time": 0.5970790386199951, "Z_threshold0.45_of": 21509.683396393626, "Z_threshold0.45_time": 0.6163172721862793, "Z_threshold0.5_of": 21509.683396393626, "Z_threshold0.5_time": 0.574357271194458}