{"name": "S_900_212_7715.751.json", "BaldoML_of": 27185.670598935016, "BaldoML_time": 2.6850242614746094, "BaldoGA_of": 26410.113202144134, "BaldoGA_time": 7.4051673412323, "Solver_of": 27609.373638225472, "Solver_time": 187.73372983932495, "Z_threshold0.05_of": 27513.621487181266, "Z_threshold0.05_time": 4.520664930343628, "Z_threshold0.1_of": 27311.207750532576, "Z_threshold0.1_time": 3.2099289894104004, "Z_threshold0.15_of": 27104.581985727593, "Z_threshold0.15_time": 2.7026705741882324, "Z_threshold0.2_of": 26884.653212972276, "Z_threshold0.2_time": 1.6427021026611328}