{"name": "S_900_327_7685.526.json", "BaldoML_of": 25510.582934107995, "BaldoML_time": 1.3935575485229492, "BaldoGA_of": 24823.777708484933, "BaldoGA_time": 8.717933654785156, "Solver_of": 26069.078559109195, "Solver_time": 74.93159174919128, "Z_threshold0.05_of": 25918.67557364515, "Z_threshold0.05_time": 5.828202486038208, "Z_threshold0.1_of": 25490.91129950309, "Z_threshold0.1_time": 1.8632893562316895, "Z_threshold0.15_of": 24825.493293362302, "Z_threshold0.15_time": 1.2066419124603271, "Z_threshold0.2_of": 24069.627504797834, "Z_threshold0.2_time": 1.1969177722930908}