{"name": "S_900_351_7645.04.json", "BaldoML_of": 25309.783654529958, "BaldoML_time": 1.267329454421997, "BaldoGA_of": 24740.689866514098, "BaldoGA_time": 9.32346796989441, "Solver_of": 25855.448496401368, "Solver_time": 98.87681746482849, "Z_threshold0.05_of": 25619.569042829065, "Z_threshold0.05_time": 3.083195686340332, "Z_threshold0.1_of": 25158.51851818116, "Z_threshold0.1_time": 0.7365446090698242, "Z_threshold0.15_of": 24695.959367799307, "Z_threshold0.15_time": 0.6178436279296875, "Z_threshold0.2_of": 24052.889985018428, "Z_threshold0.2_time": 0.617119550704956, "Z_threshold0.25_of": 23871.97093037951, "Z_threshold0.25_time": 0.6048250198364258, "Z_threshold0.3_of": 23565.9133261863, "Z_threshold0.3_time": 0.5950064659118652, "Z_threshold0.35_of": 23474.00671291198, "Z_threshold0.35_time": 0.5896649360656738, "Z_threshold0.4_of": 23437.216438501502, "Z_threshold0.4_time": 0.5867855548858643, "Z_threshold0.45_of": 23381.343017453153, "Z_threshold0.45_time": 0.6191122531890869, "Z_threshold0.5_of": 23381.343017453153, "Z_threshold0.5_time": 0.5920455455780029}