{"name": "S_900_343_7886.56.json", "BaldoML_of": 24506.303579345225, "BaldoML_time": 1.3999121189117432, "BaldoGA_of": 24033.80419883978, "BaldoGA_time": 9.693509101867676, "Solver_of": 24910.10719557602, "Solver_time": 117.34313607215881, "Z_threshold0.05_of": 24800.99591955598, "Z_threshold0.05_time": 4.576630592346191, "Z_threshold0.1_of": 24496.514728165217, "Z_threshold0.1_time": 1.8212058544158936, "Z_threshold0.15_of": 24035.807524908185, "Z_threshold0.15_time": 1.4170315265655518, "Z_threshold0.2_of": 23273.67688751327, "Z_threshold0.2_time": 1.1558449268341064, "Z_threshold0.25_of": 22779.24539862561, "Z_threshold0.25_time": 1.2258508205413818}