{"name": "S_900_189_12020.948.json", "BaldoML_of": 32657.877269429348, "BaldoML_time": 1.3545572757720947, "BaldoGA_of": 31399.95481139848, "BaldoGA_time": 9.40065050125122, "Solver_of": -1, "Solver_time": 282.509742975235, "Z_threshold0.05_of": 33181.829801990396, "Z_threshold0.05_time": 5.977185249328613}