{"name": "S_900_211_11566.661.json", "BaldoML_of": 33806.738636918264, "BaldoML_time": 1.844252347946167, "BaldoGA_of": 32638.630309202563, "BaldoGA_time": 11.46994948387146, "Solver_of": 34263.057397466306, "Solver_time": 174.27449202537537, "Z_threshold0.05_of": 34218.84112526828, "Z_threshold0.05_time": 7.232101678848267, "Z_threshold0.1_of": 34206.911330746945, "Z_threshold0.1_time": 6.3773767948150635, "Z_threshold0.15_of": 34021.78509741414, "Z_threshold0.15_time": 3.533723831176758, "Z_threshold0.2_of": 33862.11287786915, "Z_threshold0.2_time": 2.8827736377716064}