{"name": "S_900_343_7698.705.json", "BaldoML_of": 25793.89940618349, "BaldoML_time": 1.571354627609253, "BaldoGA_of": 25433.646868053478, "BaldoGA_time": 8.419289350509644, "Solver_of": 26123.635889568744, "Solver_time": 80.28839182853699, "Z_threshold0.05_of": 25997.923094171612, "Z_threshold0.05_time": 1.9942247867584229, "Z_threshold0.1_of": 25609.054719924457, "Z_threshold0.1_time": 0.9306933879852295, "Z_threshold0.15_of": 25269.936479749267, "Z_threshold0.15_time": 0.6071374416351318, "Z_threshold0.2_of": 24685.02005273186, "Z_threshold0.2_time": 0.5930390357971191, "Z_threshold0.25_of": 24313.70118185481, "Z_threshold0.25_time": 0.5954086780548096, "Z_threshold0.3_of": 24227.37006705702, "Z_threshold0.3_time": 0.5902490615844727, "Z_threshold0.35_of": 24062.16883273648, "Z_threshold0.35_time": 0.5872066020965576, "Z_threshold0.4_of": 24062.16883273648, "Z_threshold0.4_time": 0.6107070446014404, "Z_threshold0.45_of": 24012.27241004552, "Z_threshold0.45_time": 0.5952136516571045, "Z_threshold0.5_of": 23966.01371240839, "Z_threshold0.5_time": 0.5897536277770996}