{"name": "S_900_300_11415.376.json", "BaldoML_of": 31980.255546664594, "BaldoML_time": 1.1918971538543701, "BaldoGA_of": 31118.52607983509, "BaldoGA_time": 11.89567494392395, "Solver_of": 32885.498911099785, "Solver_time": 123.8571789264679, "Z_threshold0.05_of": 32834.68880075856, "Z_threshold0.05_time": 5.182852029800415, "Z_threshold0.1_of": 32606.54073977039, "Z_threshold0.1_time": 3.8206787109375, "Z_threshold0.15_of": 32314.58259299848, "Z_threshold0.15_time": 4.352444648742676, "Z_threshold0.2_of": 31813.842623246168, "Z_threshold0.2_time": 2.3918261528015137}