{"name": "S_900_265_11316.164.json", "BaldoML_of": 34279.5459944602, "BaldoML_time": 1.4847674369812012, "BaldoGA_of": 33230.57818893745, "BaldoGA_time": 12.1566162109375, "Solver_of": 35019.11586100466, "Solver_time": 194.57826399803162, "Z_threshold0.05_of": 34977.93092332576, "Z_threshold0.05_time": 4.387103796005249, "Z_threshold0.1_of": 34874.779694153076, "Z_threshold0.1_time": 5.799649715423584, "Z_threshold0.15_of": 34797.22605696649, "Z_threshold0.15_time": 2.6848254203796387, "Z_threshold0.2_of": 34587.23709622273, "Z_threshold0.2_time": 1.9078214168548584, "Z_threshold0.25_of": 34488.281039138004, "Z_threshold0.25_time": 1.294036626815796, "Z_threshold0.3_of": 34265.934541516006, "Z_threshold0.3_time": 0.8914656639099121, "Z_threshold0.35_of": 34038.73682592471, "Z_threshold0.35_time": 0.6663568019866943, "Z_threshold0.4_of": 33933.18500677304, "Z_threshold0.4_time": 0.6600067615509033, "Z_threshold0.45_of": 33576.67057389611, "Z_threshold0.45_time": 0.645643949508667, "Z_threshold0.5_of": 33361.6289486883, "Z_threshold0.5_time": 0.6471571922302246}