{"name": "S_900_224_11559.123.json", "BaldoML_of": 33680.66358340164, "BaldoML_time": 1.621068000793457, "BaldoGA_of": 32962.94597883142, "BaldoGA_time": 10.520179271697998, "Solver_of": 34720.41846374248, "Solver_time": 804.1900553703308, "Z_threshold0.05_of": 34609.28994537674, "Z_threshold0.05_time": 10.024050951004028}