{"name": "S_900_287_5664.036.json", "BaldoML_of": 22187.819131089796, "BaldoML_time": 1.3399264812469482, "BaldoGA_of": 21695.74840432399, "BaldoGA_time": 6.7102251052856445, "Solver_of": 22617.031254436897, "Solver_time": 53.93433117866516, "Z_threshold0.05_of": 22449.905380832515, "Z_threshold0.05_time": 4.9398181438446045, "Z_threshold0.1_of": 22037.424424904664, "Z_threshold0.1_time": 1.5805935859680176, "Z_threshold0.15_of": 21650.977124118148, "Z_threshold0.15_time": 1.1110074520111084, "Z_threshold0.2_of": 20917.020142120477, "Z_threshold0.2_time": 1.1245172023773193}