{"name": "S_900_259_11393.0.json", "BaldoML_of": 33913.45480309202, "BaldoML_time": 27.60133123397827, "BaldoGA_of": 32145.027677522954, "BaldoGA_time": 9.906626224517822, "Solver_of": 33914.37646220341, "Solver_time": 189.02862691879272, "Z_threshold0.05_of": 33855.69303592156, "Z_threshold0.05_time": 8.575045824050903, "Z_threshold0.1_of": 33731.983553760874, "Z_threshold0.1_time": 4.367858171463013, "Z_threshold0.15_of": 33715.6343601926, "Z_threshold0.15_time": 4.545972585678101, "Z_threshold0.2_of": 33617.376003355545, "Z_threshold0.2_time": 2.662423849105835, "Z_threshold0.25_of": 33522.62214353807, "Z_threshold0.25_time": 4.470605373382568, "Z_threshold0.3_of": 33462.520350142266, "Z_threshold0.3_time": 2.3534107208251953, "Z_threshold0.35_of": 33308.89769830786, "Z_threshold0.35_time": 2.1129026412963867, "Z_threshold0.4_of": 33213.22754730224, "Z_threshold0.4_time": 1.6461050510406494, "Z_threshold0.45_of": 33163.83454126324, "Z_threshold0.45_time": 1.4892914295196533, "Z_threshold0.5_of": 32880.618321577946, "Z_threshold0.5_time": 1.4480266571044922}