{"name": "S_900_303_5765.843.json", "BaldoML_of": 23256.639800487992, "BaldoML_time": 13.935490131378174, "BaldoGA_of": 22648.042384042226, "BaldoGA_time": 7.705404996871948, "Solver_of": 23272.373861634274, "Solver_time": 20.11928701400757, "Z_threshold0.05_of": 23143.04644419145, "Z_threshold0.05_time": 2.6704587936401367, "Z_threshold0.1_of": 22873.826104564287, "Z_threshold0.1_time": 1.6984789371490479, "Z_threshold0.15_of": 22145.588815801344, "Z_threshold0.15_time": 1.432224988937378, "Z_threshold0.2_of": 21627.274926243797, "Z_threshold0.2_time": 1.4920406341552734, "Z_threshold0.25_of": 21560.360216743135, "Z_threshold0.25_time": 1.4097018241882324, "Z_threshold0.3_of": 21467.196392180715, "Z_threshold0.3_time": 1.411726951599121, "Z_threshold0.35_of": 21467.196392180715, "Z_threshold0.35_time": 1.4618666172027588, "Z_threshold0.4_of": 21373.117151699622, "Z_threshold0.4_time": 1.4200410842895508, "Z_threshold0.45_of": 21373.117151699622, "Z_threshold0.45_time": 1.4589602947235107, "Z_threshold0.5_of": 21341.474125540703, "Z_threshold0.5_time": 1.3917486667633057}