{"name": "S_900_336_11220.301.json", "BaldoML_of": 31571.353493512943, "BaldoML_time": 1.0606966018676758, "BaldoGA_of": 30934.964817046493, "BaldoGA_time": 10.773083209991455, "Solver_of": 32564.966847455456, "Solver_time": 200.73673152923584, "Z_threshold0.05_of": 32472.02810559994, "Z_threshold0.05_time": 10.164707660675049, "Z_threshold0.1_of": 32087.014869497623, "Z_threshold0.1_time": 3.7528879642486572, "Z_threshold0.15_of": 31893.495522671292, "Z_threshold0.15_time": 2.4434289932250977, "Z_threshold0.2_of": 31386.535699348104, "Z_threshold0.2_time": 1.8891911506652832}