{"name": "S_900_516_7554.983.json", "BaldoML_of": 25864.470198652103, "BaldoML_time": 0.8648631572723389, "BaldoGA_of": 25521.756448890235, "BaldoGA_time": 5.4047815799713135, "Solver_of": 26169.612712831506, "Solver_time": 11.250086307525635, "Z_threshold0.05_of": 25708.59381324643, "Z_threshold0.05_time": 0.6139528751373291, "Z_threshold0.1_of": 25708.59381324643, "Z_threshold0.1_time": 0.6078717708587646, "Z_threshold0.15_of": 25708.59381324643, "Z_threshold0.15_time": 0.60968017578125, "Z_threshold0.2_of": 25708.59381324643, "Z_threshold0.2_time": 0.6154434680938721, "Z_threshold0.25_of": 25708.59381324643, "Z_threshold0.25_time": 0.6076691150665283, "Z_threshold0.3_of": 25708.59381324643, "Z_threshold0.3_time": 0.6037523746490479, "Z_threshold0.35_of": 25708.59381324643, "Z_threshold0.35_time": 0.6020920276641846, "Z_threshold0.4_of": 25708.59381324643, "Z_threshold0.4_time": 0.6075968742370605, "Z_threshold0.45_of": 25708.59381324643, "Z_threshold0.45_time": 0.6016314029693604, "Z_threshold0.5_of": 25708.59381324643, "Z_threshold0.5_time": 0.6142947673797607}