{"name": "S_900_490_5676.093.json", "BaldoML_of": 21646.41458076422, "BaldoML_time": 0.6102879047393799, "BaldoGA_of": 21295.55432682195, "BaldoGA_time": 3.684263229370117, "Solver_of": 22054.342920091556, "Solver_time": 5.990952014923096, "Z_threshold0.05_of": 21313.401004207695, "Z_threshold0.05_time": 1.1278674602508545, "Z_threshold0.1_of": 21313.401004207695, "Z_threshold0.1_time": 1.118969440460205, "Z_threshold0.15_of": 21313.401004207695, "Z_threshold0.15_time": 1.114464282989502, "Z_threshold0.2_of": 21313.401004207695, "Z_threshold0.2_time": 1.1914660930633545, "Z_threshold0.25_of": 21313.401004207695, "Z_threshold0.25_time": 1.184579849243164}