{"name": "S_900_231_11402.003.json", "BaldoML_of": 33852.94673205435, "BaldoML_time": 1.4148850440979004, "BaldoGA_of": 32818.4959644704, "BaldoGA_time": 9.631319284439087, "Solver_of": 34453.597568841484, "Solver_time": 220.19874024391174, "Z_threshold0.05_of": 34312.24082401995, "Z_threshold0.05_time": 8.058667421340942, "Z_threshold0.1_of": 34149.003762155706, "Z_threshold0.1_time": 3.0179572105407715, "Z_threshold0.15_of": 34003.822117139505, "Z_threshold0.15_time": 2.990870952606201, "Z_threshold0.2_of": 33962.75881938272, "Z_threshold0.2_time": 1.8803856372833252, "Z_threshold0.25_of": 33855.195908949376, "Z_threshold0.25_time": 1.4187352657318115, "Z_threshold0.3_of": 33605.148923043416, "Z_threshold0.3_time": 0.6380038261413574, "Z_threshold0.35_of": 33269.867174875915, "Z_threshold0.35_time": 0.629279375076294, "Z_threshold0.4_of": 33043.09905351963, "Z_threshold0.4_time": 0.6347942352294922, "Z_threshold0.45_of": 32928.87059008836, "Z_threshold0.45_time": 0.6470484733581543, "Z_threshold0.5_of": 32649.648269217734, "Z_threshold0.5_time": 0.6276116371154785}