{"name": "S_900_414_11220.514.json", "BaldoML_of": 30631.01924235739, "BaldoML_time": 1.0352082252502441, "BaldoGA_of": 30295.209138310413, "BaldoGA_time": 9.615164041519165, "Solver_of": 31561.835895132455, "Solver_time": 864.3564240932465, "Z_threshold0.05_of": 31319.744476022897, "Z_threshold0.05_time": 5.579970836639404, "Z_threshold0.1_of": 31095.400193332316, "Z_threshold0.1_time": 1.348987102508545, "Z_threshold0.15_of": 31003.247943983, "Z_threshold0.15_time": 0.8921942710876465, "Z_threshold0.2_of": 30818.65380563939, "Z_threshold0.2_time": 0.6220810413360596, "Z_threshold0.25_of": 30611.74115636881, "Z_threshold0.25_time": 0.6140050888061523, "Z_threshold0.3_of": 30138.122923633255, "Z_threshold0.3_time": 0.6598227024078369, "Z_threshold0.35_of": 29922.911294437396, "Z_threshold0.35_time": 0.6414809226989746, "Z_threshold0.4_of": 29799.929292870285, "Z_threshold0.4_time": 0.6387121677398682, "Z_threshold0.45_of": 29799.929292870285, "Z_threshold0.45_time": 0.6307768821716309, "Z_threshold0.5_of": 29776.235872650457, "Z_threshold0.5_time": 0.6342446804046631}