{"name": "S_900_509_5642.86.json", "BaldoML_of": 22520.997392314635, "BaldoML_time": 0.6157827377319336, "BaldoGA_of": 22337.80747846544, "BaldoGA_time": 4.900365591049194, "Solver_of": 22835.74854537646, "Solver_time": 10.000627994537354, "Z_threshold0.05_of": 22449.97136612022, "Z_threshold0.05_time": 0.6193389892578125, "Z_threshold0.1_of": 22449.97136612022, "Z_threshold0.1_time": 0.5623102188110352, "Z_threshold0.15_of": 22449.97136612022, "Z_threshold0.15_time": 0.5678412914276123, "Z_threshold0.2_of": 22449.97136612022, "Z_threshold0.2_time": 0.563305139541626, "Z_threshold0.25_of": 22449.97136612022, "Z_threshold0.25_time": 0.5658228397369385, "Z_threshold0.3_of": 22449.97136612022, "Z_threshold0.3_time": 0.5680615901947021, "Z_threshold0.35_of": 22449.97136612022, "Z_threshold0.35_time": 0.6350553035736084, "Z_threshold0.4_of": 22449.97136612022, "Z_threshold0.4_time": 0.5953822135925293, "Z_threshold0.45_of": 22449.97136612022, "Z_threshold0.45_time": 0.5994677543640137, "Z_threshold0.5_of": 22449.97136612022, "Z_threshold0.5_time": 0.5969393253326416}