{"name": "S_900_281_7828.654.json", "BaldoML_of": 25148.53037218999, "BaldoML_time": 2.234449625015259, "BaldoGA_of": 24621.586118745694, "BaldoGA_time": 7.651967763900757, "Solver_of": 25653.24590414399, "Solver_time": 128.858140707016, "Z_threshold0.05_of": 25556.645426945026, "Z_threshold0.05_time": 5.478041648864746, "Z_threshold0.1_of": 25276.260114874276, "Z_threshold0.1_time": 3.0900824069976807, "Z_threshold0.15_of": 25022.66120492168, "Z_threshold0.15_time": 1.7830555438995361, "Z_threshold0.2_of": 24655.137148968028, "Z_threshold0.2_time": 1.3484523296356201, "Z_threshold0.25_of": 24226.171156372995, "Z_threshold0.25_time": 1.229146957397461}