{"name": "S_900_242_11579.383.json", "BaldoML_of": 32074.412770114337, "BaldoML_time": 1.6143224239349365, "BaldoGA_of": 31306.473897915293, "BaldoGA_time": 9.866892099380493, "Solver_of": 32904.67039339942, "Solver_time": 274.8738875389099, "Z_threshold0.05_of": 32813.718124782295, "Z_threshold0.05_time": 7.870118618011475, "Z_threshold0.1_of": 32702.8087952121, "Z_threshold0.1_time": 5.882110834121704, "Z_threshold0.15_of": 32661.27128060604, "Z_threshold0.15_time": 5.694761514663696, "Z_threshold0.2_of": 32505.14559546005, "Z_threshold0.2_time": 2.389481782913208, "Z_threshold0.25_of": 32387.83575529441, "Z_threshold0.25_time": 1.8584840297698975, "Z_threshold0.3_of": 32259.262157908724, "Z_threshold0.3_time": 1.3978285789489746, "Z_threshold0.35_of": 31753.06809301386, "Z_threshold0.35_time": 0.6598186492919922, "Z_threshold0.4_of": 31315.389329521167, "Z_threshold0.4_time": 0.6481847763061523, "Z_threshold0.45_of": 31155.1497399107, "Z_threshold0.45_time": 0.654710054397583, "Z_threshold0.5_of": 31058.72826962346, "Z_threshold0.5_time": 0.6462442874908447}