{"name": "S_900_243_5789.661.json", "BaldoML_of": 22460.92295326014, "BaldoML_time": 1.5965707302093506, "BaldoGA_of": 21870.362936956597, "BaldoGA_time": 6.805309534072876, "Solver_of": 22758.524144020128, "Solver_time": 17.2301025390625, "Z_threshold0.05_of": 22701.134848859994, "Z_threshold0.05_time": 2.4941279888153076, "Z_threshold0.1_of": 22326.8090651497, "Z_threshold0.1_time": 1.8648993968963623, "Z_threshold0.15_of": 22041.228614348445, "Z_threshold0.15_time": 1.3652513027191162, "Z_threshold0.2_of": 21710.27755696592, "Z_threshold0.2_time": 1.0835745334625244, "Z_threshold0.25_of": 21634.93406684226, "Z_threshold0.25_time": 1.086007833480835}