{"name": "S_900_267_11689.221.json", "BaldoML_of": 31513.2225986948, "BaldoML_time": 1.5417284965515137, "BaldoGA_of": 30776.478665916336, "BaldoGA_time": 10.059276819229126, "Solver_of": 32248.3736252068, "Solver_time": 225.47471499443054, "Z_threshold0.05_of": 32084.11084176061, "Z_threshold0.05_time": 9.139942407608032}