{"name": "S_900_437_5653.026.json", "BaldoML_of": 22476.615620040935, "BaldoML_time": 1.095876932144165, "BaldoGA_of": 22252.528796210274, "BaldoGA_time": 4.988468170166016, "Solver_of": 22796.337326521476, "Solver_time": 8.820025444030762, "Z_threshold0.05_of": 22265.144299071522, "Z_threshold0.05_time": 1.0687520503997803}