{"name": "S_900_257_5731.755.json", "BaldoML_of": 22751.115203491212, "BaldoML_time": 21.956732988357544, "BaldoGA_of": 22021.603884823224, "BaldoGA_time": 6.7818121910095215, "Solver_of": 22766.51829326359, "Solver_time": 61.63826251029968, "Z_threshold0.05_of": 22720.437199267588, "Z_threshold0.05_time": 3.1455421447753906, "Z_threshold0.1_of": 22454.206092216213, "Z_threshold0.1_time": 1.873793601989746, "Z_threshold0.15_of": 22343.012344079507, "Z_threshold0.15_time": 1.6751766204833984, "Z_threshold0.2_of": 21855.58663562281, "Z_threshold0.2_time": 1.4439139366149902, "Z_threshold0.25_of": 21164.47801470794, "Z_threshold0.25_time": 1.4438035488128662, "Z_threshold0.3_of": 21022.420219659467, "Z_threshold0.3_time": 1.4306092262268066, "Z_threshold0.35_of": 20882.289548138517, "Z_threshold0.35_time": 1.4029784202575684, "Z_threshold0.4_of": 20728.76772699514, "Z_threshold0.4_time": 1.3931756019592285, "Z_threshold0.45_of": 20673.998078689452, "Z_threshold0.45_time": 1.4131579399108887, "Z_threshold0.5_of": 20496.60610820704, "Z_threshold0.5_time": 1.4624557495117188}