{"name": "S_900_300_7684.885.json", "BaldoML_of": 25865.491996063327, "BaldoML_time": 1.5506699085235596, "BaldoGA_of": 25188.08585102454, "BaldoGA_time": 7.588044166564941, "Solver_of": 26350.227630506277, "Solver_time": 109.58759379386902, "Z_threshold0.05_of": 26276.120609635727, "Z_threshold0.05_time": 6.503611087799072, "Z_threshold0.1_of": 25762.15990627709, "Z_threshold0.1_time": 1.937772274017334, "Z_threshold0.15_of": 25462.51965304726, "Z_threshold0.15_time": 1.4436848163604736, "Z_threshold0.2_of": 25077.60340112042, "Z_threshold0.2_time": 1.1969494819641113}