{"name": "S_900_530_11640.321.json", "BaldoML_of": 30693.552821264508, "BaldoML_time": 56.49496054649353, "BaldoGA_of": 29748.931514981687, "BaldoGA_time": 18.845654726028442, "Solver_of": 30693.552821264508, "Solver_time": 630.0556337833405, "Z_threshold0.05_of": 29953.95614658598, "Z_threshold0.05_time": 1.5006446838378906, "Z_threshold0.1_of": 29894.40893261077, "Z_threshold0.1_time": 1.4371964931488037, "Z_threshold0.15_of": 29894.40893261077, "Z_threshold0.15_time": 1.4575765132904053, "Z_threshold0.2_of": 29894.40893261077, "Z_threshold0.2_time": 1.4375879764556885, "Z_threshold0.25_of": 29894.40893261077, "Z_threshold0.25_time": 1.4722888469696045, "Z_threshold0.3_of": 29894.40893261077, "Z_threshold0.3_time": 1.4500179290771484, "Z_threshold0.35_of": 29894.40893261077, "Z_threshold0.35_time": 1.4331881999969482, "Z_threshold0.4_of": 29894.40893261077, "Z_threshold0.4_time": 1.4404680728912354, "Z_threshold0.45_of": 29894.40893261077, "Z_threshold0.45_time": 1.4021477699279785, "Z_threshold0.5_of": 29894.40893261077, "Z_threshold0.5_time": 1.396718978881836}