{"name": "S_900_310_11346.042.json", "BaldoML_of": 33162.34078863894, "BaldoML_time": 46.46894025802612, "BaldoGA_of": 31660.66254793034, "BaldoGA_time": 11.642755270004272, "Solver_of": 33163.07077652769, "Solver_time": 537.4823977947235, "Z_threshold0.05_of": 32907.38905238523, "Z_threshold0.05_time": 7.1830902099609375, "Z_threshold0.1_of": 32707.838126268627, "Z_threshold0.1_time": 8.005642890930176, "Z_threshold0.15_of": 32528.845473953763, "Z_threshold0.15_time": 3.160069704055786, "Z_threshold0.2_of": 32415.206593517858, "Z_threshold0.2_time": 2.3480849266052246, "Z_threshold0.25_of": 32187.606014100653, "Z_threshold0.25_time": 1.4578516483306885, "Z_threshold0.3_of": 31855.37300927452, "Z_threshold0.3_time": 1.4610185623168945, "Z_threshold0.35_of": 31719.54656371493, "Z_threshold0.35_time": 1.4684462547302246, "Z_threshold0.4_of": 31600.26624654486, "Z_threshold0.4_time": 1.4540424346923828, "Z_threshold0.45_of": 31440.224897729382, "Z_threshold0.45_time": 1.435054063796997, "Z_threshold0.5_of": 31175.655855243225, "Z_threshold0.5_time": 1.469914197921753}