{"name": "S_900_458_11619.175.json", "BaldoML_of": 29514.188988691014, "BaldoML_time": 1.2897765636444092, "BaldoGA_of": 29027.219034688063, "BaldoGA_time": 15.961025953292847, "Solver_of": 30320.977238418007, "Solver_time": 729.0065989494324, "Z_threshold0.05_of": 30046.671825260924, "Z_threshold0.05_time": 7.605726718902588, "Z_threshold0.1_of": 29513.150203556812, "Z_threshold0.1_time": 2.1536223888397217, "Z_threshold0.15_of": 28772.416107215162, "Z_threshold0.15_time": 1.219331979751587, "Z_threshold0.2_of": 28101.677863056688, "Z_threshold0.2_time": 1.2306249141693115, "Z_threshold0.25_of": 27506.43373903742, "Z_threshold0.25_time": 1.2115063667297363}