{"name": "S_900_365_7630.234.json", "BaldoML_of": 25422.163262423095, "BaldoML_time": 1.5506222248077393, "BaldoGA_of": 25057.303739976644, "BaldoGA_time": 9.337493181228638, "Solver_of": 25939.29037218757, "Solver_time": 139.4523994922638, "Z_threshold0.05_of": 25572.716189741765, "Z_threshold0.05_time": 4.5917885303497314}