{"name": "S_900_300_7684.885.json", "BaldoML_of": 26350.254422186947, "BaldoML_time": 21.02371335029602, "BaldoGA_of": 25188.08585102454, "BaldoGA_time": 7.588044166564941, "Solver_of": 26350.227630506277, "Solver_time": 109.58759379386902, "Z_threshold0.05_of": 26276.04610027743, "Z_threshold0.05_time": 4.470199346542358, "Z_threshold0.1_of": 25914.32272579718, "Z_threshold0.1_time": 2.2840464115142822, "Z_threshold0.15_of": 25690.650421608047, "Z_threshold0.15_time": 1.603261947631836, "Z_threshold0.2_of": 25361.975234048685, "Z_threshold0.2_time": 1.3701112270355225, "Z_threshold0.25_of": 25015.697920733277, "Z_threshold0.25_time": 1.4271268844604492, "Z_threshold0.3_of": 24855.422218728996, "Z_threshold0.3_time": 1.4650368690490723, "Z_threshold0.35_of": 24351.886727654673, "Z_threshold0.35_time": 1.481330394744873, "Z_threshold0.4_of": 24105.837456143607, "Z_threshold0.4_time": 1.5164155960083008, "Z_threshold0.45_of": 23965.655891586168, "Z_threshold0.45_time": 1.5759029388427734, "Z_threshold0.5_of": 23843.101626116095, "Z_threshold0.5_time": 1.5005226135253906}