{"name": "S_900_520_5778.629.json", "BaldoML_of": 21005.84341361878, "BaldoML_time": 0.7238574028015137, "BaldoGA_of": 20817.901652192933, "BaldoGA_time": 3.725064277648926, "Solver_of": 21358.694424729016, "Solver_time": 8.051385402679443, "Z_threshold0.05_of": 20831.420157852735, "Z_threshold0.05_time": 1.1607248783111572, "Z_threshold0.1_of": 20831.420157852735, "Z_threshold0.1_time": 1.162886142730713, "Z_threshold0.15_of": 20776.226278782015, "Z_threshold0.15_time": 1.0869224071502686, "Z_threshold0.2_of": 20776.226278782015, "Z_threshold0.2_time": 1.1663696765899658, "Z_threshold0.25_of": 20776.226278782015, "Z_threshold0.25_time": 1.091209888458252}