{"name": "S_900_356_7787.279.json", "BaldoML_of": 25121.587667847718, "BaldoML_time": 1.2589986324310303, "BaldoGA_of": 24780.18863810242, "BaldoGA_time": 10.125255346298218, "Solver_of": 25644.4519099471, "Solver_time": 187.85321235656738, "Z_threshold0.05_of": 25253.92117742405, "Z_threshold0.05_time": 2.7711005210876465, "Z_threshold0.1_of": 24616.075877006613, "Z_threshold0.1_time": 1.2201473712921143, "Z_threshold0.15_of": 23907.764496330936, "Z_threshold0.15_time": 1.1047184467315674, "Z_threshold0.2_of": 23426.168402449985, "Z_threshold0.2_time": 1.1895034313201904, "Z_threshold0.25_of": 23252.52310825445, "Z_threshold0.25_time": 1.0918974876403809}