{"name": "S_900_285_5560.285.json", "BaldoML_of": 22721.55231368424, "BaldoML_time": 1.8751964569091797, "BaldoGA_of": 22212.93598036447, "BaldoGA_time": 7.76640510559082, "Solver_of": 22976.754336266313, "Solver_time": 48.79734802246094, "Z_threshold0.05_of": 22805.279973511348, "Z_threshold0.05_time": 2.8951940536499023, "Z_threshold0.1_of": 22488.854158494407, "Z_threshold0.1_time": 1.4907455444335938, "Z_threshold0.15_of": 22182.179956566433, "Z_threshold0.15_time": 1.3064279556274414, "Z_threshold0.2_of": 21473.309448006657, "Z_threshold0.2_time": 1.134932041168213}