{"name": "S_900_413_7646.159.json", "BaldoML_of": 25283.121552477445, "BaldoML_time": 0.9852306842803955, "BaldoGA_of": 24749.43127278678, "BaldoGA_time": 10.268852949142456, "Solver_of": 25727.549887521076, "Solver_time": 45.53133034706116, "Z_threshold0.05_of": 25223.167098983868, "Z_threshold0.05_time": 2.789768695831299, "Z_threshold0.1_of": 24305.43842992879, "Z_threshold0.1_time": 1.546473741531372, "Z_threshold0.15_of": 23569.95266957612, "Z_threshold0.15_time": 1.3223395347595215, "Z_threshold0.2_of": 23511.95082809672, "Z_threshold0.2_time": 1.1940348148345947, "Z_threshold0.25_of": 23422.14522392944, "Z_threshold0.25_time": 1.2354633808135986}