{"name": "S_900_367_7617.625.json", "BaldoML_of": 25244.59467517418, "BaldoML_time": 1.0848469734191895, "BaldoGA_of": 24815.650581442827, "BaldoGA_time": 10.025487899780273, "Solver_of": 25628.124212387567, "Solver_time": 458.65634298324585, "Z_threshold0.05_of": 25302.09529630885, "Z_threshold0.05_time": 2.471372604370117}