{"name": "S_900_478_5805.249.json", "BaldoML_of": 22133.291714895196, "BaldoML_time": 0.617802619934082, "BaldoGA_of": 21775.11889049268, "BaldoGA_time": 4.552083253860474, "Solver_of": 22527.70652561073, "Solver_time": 15.2806396484375, "Z_threshold0.05_of": 21787.72489861763, "Z_threshold0.05_time": 1.2066137790679932, "Z_threshold0.1_of": 21787.72489861763, "Z_threshold0.1_time": 1.1903798580169678, "Z_threshold0.15_of": 21787.72489861763, "Z_threshold0.15_time": 1.1943976879119873, "Z_threshold0.2_of": 21787.72489861763, "Z_threshold0.2_time": 1.1933963298797607}