{"name": "S_900_204_11597.094.json", "BaldoML_of": 33344.64544756926, "BaldoML_time": 1.863614797592163, "BaldoGA_of": 32008.683562529637, "BaldoGA_time": 7.294737815856934, "Solver_of": 34112.75628261954, "Solver_time": 207.28291630744934, "Z_threshold0.05_of": 33984.528946290506, "Z_threshold0.05_time": 7.822282791137695, "Z_threshold0.1_of": 33985.56811107875, "Z_threshold0.1_time": 5.996487379074097, "Z_threshold0.15_of": 33939.092421962, "Z_threshold0.15_time": 5.801354885101318, "Z_threshold0.2_of": 33738.28005149025, "Z_threshold0.2_time": 3.637744426727295}