{"name": "S_900_406_7755.709.json", "BaldoML_of": 26236.60928331458, "BaldoML_time": 13.193054437637329, "BaldoGA_of": 25593.574371840903, "BaldoGA_time": 15.438361406326294, "Solver_of": 26245.47732299911, "Solver_time": 34.044554471969604, "Z_threshold0.05_of": 25735.194352262664, "Z_threshold0.05_time": 1.6017744541168213, "Z_threshold0.1_of": 25077.49811462595, "Z_threshold0.1_time": 1.5458483695983887, "Z_threshold0.15_of": 24680.380660610877, "Z_threshold0.15_time": 1.4687912464141846, "Z_threshold0.2_of": 24592.365348310042, "Z_threshold0.2_time": 1.4563443660736084, "Z_threshold0.25_of": 24592.365348310042, "Z_threshold0.25_time": 1.4553718566894531, "Z_threshold0.3_of": 24569.961708229814, "Z_threshold0.3_time": 1.4414808750152588, "Z_threshold0.35_of": 24569.961708229814, "Z_threshold0.35_time": 1.452415943145752, "Z_threshold0.4_of": 24569.961708229814, "Z_threshold0.4_time": 1.5082733631134033, "Z_threshold0.45_of": 24569.961708229814, "Z_threshold0.45_time": 1.4446320533752441, "Z_threshold0.5_of": 24569.961708229814, "Z_threshold0.5_time": 1.4310088157653809}