{"name": "S_900_282_11626.515.json", "BaldoML_of": 33347.80074005252, "BaldoML_time": 33.370399713516235, "BaldoGA_of": 31120.727482549668, "BaldoGA_time": 5.710571527481079, "Solver_of": 33347.80074005256, "Solver_time": 223.55602359771729, "Z_threshold0.05_of": 33253.81727930623, "Z_threshold0.05_time": 4.81094765663147, "Z_threshold0.1_of": 33149.96584748443, "Z_threshold0.1_time": 4.989166736602783, "Z_threshold0.15_of": 33015.87102333628, "Z_threshold0.15_time": 3.8283305168151855, "Z_threshold0.2_of": 32929.852216688836, "Z_threshold0.2_time": 3.1408491134643555, "Z_threshold0.25_of": 32830.29125809244, "Z_threshold0.25_time": 2.7400963306427, "Z_threshold0.3_of": 32676.53203532756, "Z_threshold0.3_time": 1.8036434650421143, "Z_threshold0.35_of": 32532.015402075653, "Z_threshold0.35_time": 1.381516695022583, "Z_threshold0.4_of": 32396.017844149806, "Z_threshold0.4_time": 1.481903076171875, "Z_threshold0.45_of": 32267.50766822663, "Z_threshold0.45_time": 1.5156440734863281, "Z_threshold0.5_of": 31752.72519878214, "Z_threshold0.5_time": 1.4156339168548584}