{"name": "S_900_193_11468.031.json", "BaldoML_of": 35862.506282633454, "BaldoML_time": 1.9120793342590332, "BaldoGA_of": 34748.07238598372, "BaldoGA_time": 11.544863224029541, "Solver_of": 36290.21364308603, "Solver_time": 182.15907859802246, "Z_threshold0.05_of": 36230.62981182517, "Z_threshold0.05_time": 7.002583265304565, "Z_threshold0.1_of": 36223.677253636044, "Z_threshold0.1_time": 4.317420959472656, "Z_threshold0.15_of": 36150.739129687456, "Z_threshold0.15_time": 3.1064348220825195, "Z_threshold0.2_of": 35989.67436196872, "Z_threshold0.2_time": 4.009265184402466, "Z_threshold0.25_of": 35694.03052369234, "Z_threshold0.25_time": 2.8113412857055664}