{"name": "S_900_356_7787.279.json", "BaldoML_of": 25121.587667847718, "BaldoML_time": 1.2589986324310303, "BaldoGA_of": 24780.18863810242, "BaldoGA_time": 10.125255346298218, "Solver_of": 25644.4519099471, "Solver_time": 187.85321235656738, "Z_threshold0.05_of": 25361.335591524574, "Z_threshold0.05_time": 1.8023850917816162, "Z_threshold0.1_of": 24886.529998688122, "Z_threshold0.1_time": 0.9906625747680664, "Z_threshold0.15_of": 24263.165104401232, "Z_threshold0.15_time": 0.5471961498260498, "Z_threshold0.2_of": 23868.051255446433, "Z_threshold0.2_time": 0.5533847808837891, "Z_threshold0.25_of": 23680.360244110572, "Z_threshold0.25_time": 0.5488424301147461, "Z_threshold0.3_of": 23635.556810383663, "Z_threshold0.3_time": 0.5444788932800293, "Z_threshold0.35_of": 23635.556810383663, "Z_threshold0.35_time": 0.5453131198883057, "Z_threshold0.4_of": 23635.556810383663, "Z_threshold0.4_time": 0.5464205741882324, "Z_threshold0.45_of": 23593.18191325863, "Z_threshold0.45_time": 0.5762765407562256, "Z_threshold0.5_of": 23593.18191325863, "Z_threshold0.5_time": 0.5619387626647949}