{"name": "S_900_327_7685.526.json", "BaldoML_of": 25510.582934107995, "BaldoML_time": 1.3935575485229492, "BaldoGA_of": 24823.777708484933, "BaldoGA_time": 8.717933654785156, "Solver_of": 26069.078559109195, "Solver_time": 74.93159174919128, "Z_threshold0.05_of": 25918.67557364515, "Z_threshold0.05_time": 5.332885980606079}