{"name": "S_900_310_5711.582.json", "BaldoML_of": 22658.60450269017, "BaldoML_time": 1.4507136344909668, "BaldoGA_of": 22259.6916285858, "BaldoGA_time": 9.438039779663086, "Solver_of": 22931.10776636574, "Solver_time": 43.76742768287659, "Z_threshold0.05_of": 22676.039843344137, "Z_threshold0.05_time": 1.968660831451416}