{"name": "S_900_480_7632.572.json", "BaldoML_of": 25034.029988302882, "BaldoML_time": 0.7672457695007324, "BaldoGA_of": 24725.755083884702, "BaldoGA_time": 10.424152135848999, "Solver_of": 25349.913827452623, "Solver_time": 12.299627542495728, "Z_threshold0.05_of": 24599.507805431196, "Z_threshold0.05_time": 1.2482037544250488, "Z_threshold0.1_of": 24599.507805431196, "Z_threshold0.1_time": 1.154531478881836, "Z_threshold0.15_of": 24599.507805431196, "Z_threshold0.15_time": 1.1495063304901123, "Z_threshold0.2_of": 24599.507805431196, "Z_threshold0.2_time": 1.1643755435943604, "Z_threshold0.25_of": 24599.507805431196, "Z_threshold0.25_time": 1.1553730964660645}