{"name": "S_900_494_5750.967.json", "BaldoML_of": 21393.37592939818, "BaldoML_time": 0.8102328777313232, "BaldoGA_of": 20941.657509335004, "BaldoGA_time": 3.9758872985839844, "Solver_of": 21904.795213094356, "Solver_time": 9.724881887435913, "Z_threshold0.05_of": 20950.762645049977, "Z_threshold0.05_time": 1.194188117980957, "Z_threshold0.1_of": 20950.762645049977, "Z_threshold0.1_time": 1.257007122039795, "Z_threshold0.15_of": 20950.762645049977, "Z_threshold0.15_time": 1.2121210098266602, "Z_threshold0.2_of": 20950.762645049977, "Z_threshold0.2_time": 1.2465755939483643, "Z_threshold0.25_of": 20950.762645049977, "Z_threshold0.25_time": 1.1875457763671875}