{"name": "S_900_209_5748.748.json", "BaldoML_of": 23167.097333625396, "BaldoML_time": 2.235828161239624, "BaldoGA_of": 22678.982054102915, "BaldoGA_time": 6.167694568634033, "Solver_of": 23453.36846463171, "Solver_time": 18.280210256576538, "Z_threshold0.05_of": 23382.087244337083, "Z_threshold0.05_time": 3.4849865436553955, "Z_threshold0.1_of": 23268.603291433228, "Z_threshold0.1_time": 1.9454646110534668, "Z_threshold0.15_of": 22937.770372068808, "Z_threshold0.15_time": 1.8202786445617676, "Z_threshold0.2_of": 22780.832990948355, "Z_threshold0.2_time": 1.4836297035217285}