{"name": "S_900_310_5711.582.json", "BaldoML_of": 22658.60450269017, "BaldoML_time": 1.4507136344909668, "BaldoGA_of": 22259.6916285858, "BaldoGA_time": 9.438039779663086, "Solver_of": 22931.10776636574, "Solver_time": 43.76742768287659, "Z_threshold0.05_of": 22676.039843344137, "Z_threshold0.05_time": 2.3350865840911865, "Z_threshold0.1_of": 22283.946236529704, "Z_threshold0.1_time": 1.9890711307525635, "Z_threshold0.15_of": 21417.07341001859, "Z_threshold0.15_time": 1.264451503753662, "Z_threshold0.2_of": 21090.28252669697, "Z_threshold0.2_time": 1.3878982067108154, "Z_threshold0.25_of": 20950.23451762181, "Z_threshold0.25_time": 1.1992292404174805}