{"name": "S_900_497_7733.985.json", "BaldoML_of": 25340.903081557055, "BaldoML_time": 5.762669086456299, "BaldoGA_of": 24844.378772845168, "BaldoGA_time": 5.376012563705444, "Solver_of": 25377.043600632904, "Solver_time": 12.532656192779541, "Z_threshold0.05_of": 24893.40627966431, "Z_threshold0.05_time": 1.473496437072754, "Z_threshold0.1_of": 24893.40627966431, "Z_threshold0.1_time": 1.4537367820739746, "Z_threshold0.15_of": 24893.40627966431, "Z_threshold0.15_time": 1.4936926364898682, "Z_threshold0.2_of": 24893.40627966431, "Z_threshold0.2_time": 1.571603536605835, "Z_threshold0.25_of": 24893.40627966431, "Z_threshold0.25_time": 1.5075948238372803, "Z_threshold0.3_of": 24893.40627966431, "Z_threshold0.3_time": 1.5518040657043457, "Z_threshold0.35_of": 24893.40627966431, "Z_threshold0.35_time": 1.616478443145752, "Z_threshold0.4_of": 24893.40627966431, "Z_threshold0.4_time": 1.7023780345916748, "Z_threshold0.45_of": 24893.40627966431, "Z_threshold0.45_time": 1.540379285812378, "Z_threshold0.5_of": 24893.40627966431, "Z_threshold0.5_time": 1.8945562839508057}