{"name": "S_900_242_11579.383.json", "BaldoML_of": 32074.412770114337, "BaldoML_time": 1.6143224239349365, "BaldoGA_of": 31306.473897915293, "BaldoGA_time": 9.866892099380493, "Solver_of": 32904.67039339942, "Solver_time": 274.8738875389099, "Z_threshold0.05_of": 32813.508837955815, "Z_threshold0.05_time": 9.55311632156372, "Z_threshold0.1_of": 32703.227714153123, "Z_threshold0.1_time": 7.717403888702393, "Z_threshold0.15_of": 32499.774615432783, "Z_threshold0.15_time": 3.694713592529297, "Z_threshold0.2_of": 32313.790084045555, "Z_threshold0.2_time": 3.314621686935425}