{"name": "S_900_388_7585.468.json", "BaldoML_of": 25714.676964092752, "BaldoML_time": 1.189399242401123, "BaldoGA_of": 25302.812720889753, "BaldoGA_time": 12.83032512664795, "Solver_of": 26111.9202623304, "Solver_time": 117.75872683525085, "Z_threshold0.05_of": 25857.263525293267, "Z_threshold0.05_time": 0.8205416202545166, "Z_threshold0.1_of": 25180.726023246145, "Z_threshold0.1_time": 0.6351182460784912, "Z_threshold0.15_of": 24738.899008580192, "Z_threshold0.15_time": 0.6137218475341797, "Z_threshold0.2_of": 24678.79057532332, "Z_threshold0.2_time": 0.6129958629608154, "Z_threshold0.25_of": 24648.418979495604, "Z_threshold0.25_time": 0.6138803958892822, "Z_threshold0.3_of": 24648.418979495604, "Z_threshold0.3_time": 0.6107542514801025, "Z_threshold0.35_of": 24648.418979495604, "Z_threshold0.35_time": 0.649059534072876, "Z_threshold0.4_of": 24603.749360322236, "Z_threshold0.4_time": 0.6039164066314697, "Z_threshold0.45_of": 24579.74386235777, "Z_threshold0.45_time": 0.6071465015411377, "Z_threshold0.5_of": 24579.74386235777, "Z_threshold0.5_time": 0.6055757999420166}