{"name": "S_900_259_11393.0.json", "BaldoML_of": 32994.63501275607, "BaldoML_time": 1.101482629776001, "BaldoGA_of": 32145.027677522954, "BaldoGA_time": 9.906626224517822, "Solver_of": 33914.37646220341, "Solver_time": 189.02862691879272, "Z_threshold0.05_of": 33863.90583451886, "Z_threshold0.05_time": 8.76913332939148, "Z_threshold0.1_of": 33737.6825605856, "Z_threshold0.1_time": 5.101935863494873, "Z_threshold0.15_of": 33680.773447608546, "Z_threshold0.15_time": 5.336246728897095, "Z_threshold0.2_of": 33100.44227074813, "Z_threshold0.2_time": 2.4759461879730225}