{"name": "S_900_362_7746.933.json", "BaldoML_of": 23938.352173761705, "BaldoML_time": 1.0977003574371338, "BaldoGA_of": 23446.828788225823, "BaldoGA_time": 8.83056378364563, "Solver_of": 24288.44457674478, "Solver_time": 263.8846187591553, "Z_threshold0.05_of": 24026.09814764799, "Z_threshold0.05_time": 2.814244508743286, "Z_threshold0.1_of": 23512.419152449897, "Z_threshold0.1_time": 1.4329242706298828, "Z_threshold0.15_of": 22622.01014212049, "Z_threshold0.15_time": 1.2023348808288574, "Z_threshold0.2_of": 22303.859199447088, "Z_threshold0.2_time": 1.265300989151001}