{"name": "S_900_350_11180.17.json", "BaldoML_of": 33898.591894412384, "BaldoML_time": 41.221232175827026, "BaldoGA_of": 32748.08072615343, "BaldoGA_time": 13.120029211044312, "Solver_of": 33898.59189441243, "Solver_time": 596.009768486023, "Z_threshold0.05_of": 33666.37581925335, "Z_threshold0.05_time": 3.677708387374878, "Z_threshold0.1_of": 33604.5050080246, "Z_threshold0.1_time": 3.2480483055114746, "Z_threshold0.15_of": 33371.54390845781, "Z_threshold0.15_time": 2.5294694900512695, "Z_threshold0.2_of": 33241.19420978835, "Z_threshold0.2_time": 1.8915166854858398, "Z_threshold0.25_of": 33105.11326751924, "Z_threshold0.25_time": 1.6626503467559814, "Z_threshold0.3_of": 32895.33072517788, "Z_threshold0.3_time": 1.4292938709259033, "Z_threshold0.35_of": 32743.804906488058, "Z_threshold0.35_time": 1.4284722805023193, "Z_threshold0.4_of": 32578.08912122481, "Z_threshold0.4_time": 1.4423558712005615, "Z_threshold0.45_of": 32401.079205462484, "Z_threshold0.45_time": 1.4726569652557373, "Z_threshold0.5_of": 32255.113309422224, "Z_threshold0.5_time": 1.4623439311981201}