{"name": "S_900_377_10991.551.json", "BaldoML_of": 32189.466752926844, "BaldoML_time": 1.0123341083526611, "BaldoGA_of": 31762.69123395092, "BaldoGA_time": 13.521796941757202, "Solver_of": 33236.11555351951, "Solver_time": 597.2394580841064, "Z_threshold0.05_of": 33067.65568098561, "Z_threshold0.05_time": 5.883309364318848, "Z_threshold0.1_of": 32573.96535025559, "Z_threshold0.1_time": 1.7316336631774902, "Z_threshold0.15_of": 32423.02573769951, "Z_threshold0.15_time": 0.8768219947814941, "Z_threshold0.2_of": 32193.560369658164, "Z_threshold0.2_time": 0.584510326385498, "Z_threshold0.25_of": 32011.232692903704, "Z_threshold0.25_time": 0.6893019676208496, "Z_threshold0.3_of": 31750.685971627412, "Z_threshold0.3_time": 0.5905578136444092, "Z_threshold0.35_of": 31750.685971627412, "Z_threshold0.35_time": 0.6379997730255127, "Z_threshold0.4_of": 31502.272426939428, "Z_threshold0.4_time": 0.585291862487793, "Z_threshold0.45_of": 31406.11077809432, "Z_threshold0.45_time": 0.5852553844451904, "Z_threshold0.5_of": 31369.78333051244, "Z_threshold0.5_time": 0.6039695739746094}