{"name": "S_900_216_5717.217.json", "BaldoML_of": 23236.174346144002, "BaldoML_time": 2.6758151054382324, "BaldoGA_of": 22494.91758038593, "BaldoGA_time": 5.239455461502075, "Solver_of": 23428.51314725377, "Solver_time": 12.367696046829224, "Z_threshold0.05_of": 23420.047262944536, "Z_threshold0.05_time": 3.747041702270508, "Z_threshold0.1_of": 23371.4399420845, "Z_threshold0.1_time": 2.1956467628479004, "Z_threshold0.15_of": 23238.63997831892, "Z_threshold0.15_time": 1.4494609832763672, "Z_threshold0.2_of": 23104.030517517593, "Z_threshold0.2_time": 1.2860605716705322, "Z_threshold0.25_of": 22891.812163805684, "Z_threshold0.25_time": 0.5828771591186523, "Z_threshold0.3_of": 22281.683856150426, "Z_threshold0.3_time": 0.5906708240509033, "Z_threshold0.35_of": 21806.827933682904, "Z_threshold0.35_time": 0.5725498199462891, "Z_threshold0.4_of": 21590.306529853886, "Z_threshold0.4_time": 0.5676155090332031, "Z_threshold0.45_of": 21403.521076344397, "Z_threshold0.45_time": 0.5719428062438965, "Z_threshold0.5_of": 21323.5217512208, "Z_threshold0.5_time": 0.5684244632720947}