{"name": "S_900_186_11533.625.json", "BaldoML_of": 34479.267275623, "BaldoML_time": 2.7002391815185547, "BaldoGA_of": 33395.46716529956, "BaldoGA_time": 5.891942024230957, "Solver_of": 35108.40627889157, "Solver_time": 549.7062919139862, "Z_threshold0.05_of": 34948.931337180984, "Z_threshold0.05_time": 15.016788244247437, "Z_threshold0.1_of": 34883.20481307725, "Z_threshold0.1_time": 6.9482741355896, "Z_threshold0.15_of": 34776.812864357424, "Z_threshold0.15_time": 5.307995796203613, "Z_threshold0.2_of": 34631.42259213238, "Z_threshold0.2_time": 4.720778703689575, "Z_threshold0.25_of": 34447.964871609045, "Z_threshold0.25_time": 2.850001573562622}