{"name": "S_900_353_7995.307.json", "BaldoML_of": 24709.18439421172, "BaldoML_time": 1.5128636360168457, "BaldoGA_of": 24281.28750202988, "BaldoGA_time": 10.69411015510559, "Solver_of": 25188.203414359676, "Solver_time": 149.95870280265808, "Z_threshold0.05_of": 24966.78063340587, "Z_threshold0.05_time": 6.670783758163452, "Z_threshold0.1_of": 24502.257694314423, "Z_threshold0.1_time": 1.6867294311523438, "Z_threshold0.15_of": 23761.361271966543, "Z_threshold0.15_time": 1.2540092468261719, "Z_threshold0.2_of": 23009.51614815999, "Z_threshold0.2_time": 1.1903090476989746, "Z_threshold0.25_of": 22779.338297010145, "Z_threshold0.25_time": 1.100764513015747}