{"name": "S_900_487_11864.012.json", "BaldoML_of": 28326.88301006446, "BaldoML_time": 0.6387441158294678, "BaldoGA_of": 27925.98559489471, "BaldoGA_time": 15.331543207168579, "Solver_of": 29108.129564288018, "Solver_time": 965.2336773872375, "Z_threshold0.05_of": 28535.448814835137, "Z_threshold0.05_time": 4.672362565994263, "Z_threshold0.1_of": 27794.362480007694, "Z_threshold0.1_time": 1.2896556854248047, "Z_threshold0.15_of": 26936.76737140698, "Z_threshold0.15_time": 1.2823023796081543, "Z_threshold0.2_of": 26656.244682284396, "Z_threshold0.2_time": 1.1889476776123047}