{"name": "S_900_312_11330.841.json", "BaldoML_of": 31169.043695215063, "BaldoML_time": 1.1172230243682861, "BaldoGA_of": 30467.55912100086, "BaldoGA_time": 12.320520877838135, "Solver_of": 32077.49162035857, "Solver_time": 307.0065727233887, "Z_threshold0.05_of": 31962.4310664224, "Z_threshold0.05_time": 6.021570682525635, "Z_threshold0.1_of": 31805.547326048152, "Z_threshold0.1_time": 3.8479392528533936, "Z_threshold0.15_of": 31465.73810683388, "Z_threshold0.15_time": 3.0966672897338867, "Z_threshold0.2_of": 31138.73689035053, "Z_threshold0.2_time": 2.127349853515625, "Z_threshold0.25_of": 30791.933690792855, "Z_threshold0.25_time": 1.4322469234466553}