{"name": "S_900_438_11265.475.json", "BaldoML_of": 31897.529054858656, "BaldoML_time": 0.9038693904876709, "BaldoGA_of": 31408.404160263228, "BaldoGA_time": 13.777595043182373, "Solver_of": 32591.023501410684, "Solver_time": 480.66224122047424, "Z_threshold0.05_of": 32194.210385107504, "Z_threshold0.05_time": 1.492856740951538, "Z_threshold0.1_of": 31994.59316505371, "Z_threshold0.1_time": 0.6641941070556641, "Z_threshold0.15_of": 31583.346209797706, "Z_threshold0.15_time": 0.5805821418762207, "Z_threshold0.2_of": 31393.16874400026, "Z_threshold0.2_time": 0.5860512256622314, "Z_threshold0.25_of": 31355.972225563684, "Z_threshold0.25_time": 0.5783483982086182, "Z_threshold0.3_of": 31355.972225563684, "Z_threshold0.3_time": 0.585759162902832, "Z_threshold0.35_of": 31355.972225563684, "Z_threshold0.35_time": 0.5806353092193604, "Z_threshold0.4_of": 31337.58195747381, "Z_threshold0.4_time": 0.5813782215118408, "Z_threshold0.45_of": 31337.58195747381, "Z_threshold0.45_time": 0.576594352722168, "Z_threshold0.5_of": 31337.58195747381, "Z_threshold0.5_time": 0.6072514057159424}