{"name": "S_900_474_11548.756.json", "BaldoML_of": 30444.137583523374, "BaldoML_time": 1.2242522239685059, "BaldoGA_of": 30110.151056263778, "BaldoGA_time": 20.018251180648804, "Solver_of": 31113.664547247594, "Solver_time": 1336.0644788742065, "Z_threshold0.05_of": 30661.39914809629, "Z_threshold0.05_time": 0.7122030258178711, "Z_threshold0.1_of": 30330.668528661772, "Z_threshold0.1_time": 0.5915679931640625, "Z_threshold0.15_of": 30264.171750788428, "Z_threshold0.15_time": 0.5873222351074219, "Z_threshold0.2_of": 30264.171750788428, "Z_threshold0.2_time": 0.5821812152862549, "Z_threshold0.25_of": 30231.338694325816, "Z_threshold0.25_time": 0.5866432189941406, "Z_threshold0.3_of": 30231.338694325816, "Z_threshold0.3_time": 0.6925685405731201, "Z_threshold0.35_of": 30231.338694325816, "Z_threshold0.35_time": 0.5771949291229248, "Z_threshold0.4_of": 30164.02115267448, "Z_threshold0.4_time": 0.5934810638427734, "Z_threshold0.45_of": 30164.02115267448, "Z_threshold0.45_time": 0.5939223766326904, "Z_threshold0.5_of": 30164.02115267448, "Z_threshold0.5_time": 0.5869450569152832}