{"name": "S_900_239_5731.561.json", "BaldoML_of": 22559.2077629833, "BaldoML_time": 1.5713741779327393, "BaldoGA_of": 21823.51996353991, "BaldoGA_time": 6.124098062515259, "Solver_of": 22807.726581272676, "Solver_time": 51.81681513786316, "Z_threshold0.05_of": 22797.306524755444, "Z_threshold0.05_time": 1.874763011932373, "Z_threshold0.1_of": 22597.356824301547, "Z_threshold0.1_time": 1.2919201850891113, "Z_threshold0.15_of": 22364.974270414616, "Z_threshold0.15_time": 0.9402687549591064, "Z_threshold0.2_of": 22132.435614685008, "Z_threshold0.2_time": 0.5420432090759277, "Z_threshold0.25_of": 21507.11863148218, "Z_threshold0.25_time": 0.5433495044708252, "Z_threshold0.3_of": 21068.554748454797, "Z_threshold0.3_time": 0.5682835578918457, "Z_threshold0.35_of": 20864.046900844845, "Z_threshold0.35_time": 0.5409448146820068, "Z_threshold0.4_of": 20674.48604154608, "Z_threshold0.4_time": 0.5408108234405518, "Z_threshold0.45_of": 20570.069421431806, "Z_threshold0.45_time": 0.5433971881866455, "Z_threshold0.5_of": 20525.319979772732, "Z_threshold0.5_time": 0.5359084606170654}