{"name": "S_900_341_11391.481.json", "BaldoML_of": 32320.705045136667, "BaldoML_time": 1.2185871601104736, "BaldoGA_of": 31485.727781715712, "BaldoGA_time": 10.090622663497925, "Solver_of": 33082.53450892985, "Solver_time": 414.268714427948, "Z_threshold0.05_of": 32980.39165218276, "Z_threshold0.05_time": 4.852350950241089, "Z_threshold0.1_of": 32715.42717230611, "Z_threshold0.1_time": 1.5595645904541016, "Z_threshold0.15_of": 32508.205789870404, "Z_threshold0.15_time": 1.5556244850158691, "Z_threshold0.2_of": 32362.548142449905, "Z_threshold0.2_time": 1.0283808708190918, "Z_threshold0.25_of": 32274.732196329885, "Z_threshold0.25_time": 0.6594789028167725, "Z_threshold0.3_of": 32021.802681917077, "Z_threshold0.3_time": 0.589106559753418, "Z_threshold0.35_of": 31811.247580262654, "Z_threshold0.35_time": 0.5829002857208252, "Z_threshold0.4_of": 31546.18703330176, "Z_threshold0.4_time": 0.5845658779144287, "Z_threshold0.45_of": 31432.142500942628, "Z_threshold0.45_time": 0.6095263957977295, "Z_threshold0.5_of": 31358.509957717044, "Z_threshold0.5_time": 0.5841684341430664}