{"name": "S_900_429_11376.915.json", "BaldoML_of": 31167.0784977281, "BaldoML_time": 1.0143392086029053, "BaldoGA_of": 30710.615194807466, "BaldoGA_time": 14.305405855178833, "Solver_of": 31978.21547989861, "Solver_time": 1579.237421989441, "Z_threshold0.05_of": 31767.18874964094, "Z_threshold0.05_time": 7.47956395149231, "Z_threshold0.1_of": 31461.234613843066, "Z_threshold0.1_time": 1.1950726509094238, "Z_threshold0.15_of": 31293.169485604063, "Z_threshold0.15_time": 0.6968033313751221, "Z_threshold0.2_of": 30828.94258623937, "Z_threshold0.2_time": 0.5816359519958496, "Z_threshold0.25_of": 30576.412126187268, "Z_threshold0.25_time": 0.575150728225708, "Z_threshold0.3_of": 30480.507777767554, "Z_threshold0.3_time": 0.578211784362793, "Z_threshold0.35_of": 30452.319495063475, "Z_threshold0.35_time": 0.6171731948852539, "Z_threshold0.4_of": 30349.74355816265, "Z_threshold0.4_time": 0.6018519401550293, "Z_threshold0.45_of": 30349.74355816265, "Z_threshold0.45_time": 0.5717473030090332, "Z_threshold0.5_of": 30349.74355816265, "Z_threshold0.5_time": 0.5682003498077393}