{"name": "S_900_362_7746.933.json", "BaldoML_of": 23938.352173761705, "BaldoML_time": 1.0977003574371338, "BaldoGA_of": 23446.828788225823, "BaldoGA_time": 8.83056378364563, "Solver_of": 24288.44457674478, "Solver_time": 263.8846187591553, "Z_threshold0.05_of": 24047.473667228263, "Z_threshold0.05_time": 1.2916505336761475, "Z_threshold0.1_of": 23659.522177374187, "Z_threshold0.1_time": 0.6595754623413086, "Z_threshold0.15_of": 22540.63211366342, "Z_threshold0.15_time": 0.6001491546630859, "Z_threshold0.2_of": 22453.998474422864, "Z_threshold0.2_time": 0.5876388549804688, "Z_threshold0.25_of": 22356.14160713862, "Z_threshold0.25_time": 0.5816972255706787, "Z_threshold0.3_of": 22293.40555975215, "Z_threshold0.3_time": 0.5814719200134277, "Z_threshold0.35_of": 22176.113957857102, "Z_threshold0.35_time": 0.5838854312896729, "Z_threshold0.4_of": 22116.50092503918, "Z_threshold0.4_time": 0.5824000835418701, "Z_threshold0.45_of": 22116.50092503918, "Z_threshold0.45_time": 0.598473072052002, "Z_threshold0.5_of": 22116.50092503918, "Z_threshold0.5_time": 0.5945448875427246}