{"name": "S_900_290_7546.743.json", "BaldoML_of": 24781.219219049763, "BaldoML_time": 1.4368360042572021, "BaldoGA_of": 24320.91114595494, "BaldoGA_time": 6.966293096542358, "Solver_of": 25283.975957351664, "Solver_time": 135.32576870918274, "Z_threshold0.05_of": 25242.541819285194, "Z_threshold0.05_time": 2.381842613220215, "Z_threshold0.1_of": 24920.392757431622, "Z_threshold0.1_time": 1.5588781833648682, "Z_threshold0.15_of": 24736.142734297413, "Z_threshold0.15_time": 1.197157859802246, "Z_threshold0.2_of": 24651.007619872114, "Z_threshold0.2_time": 0.9368021488189697, "Z_threshold0.25_of": 24487.515752970066, "Z_threshold0.25_time": 0.5907080173492432, "Z_threshold0.3_of": 23854.806749471787, "Z_threshold0.3_time": 0.590423583984375, "Z_threshold0.35_of": 23427.67457074598, "Z_threshold0.35_time": 0.5803937911987305, "Z_threshold0.4_of": 23149.25462248794, "Z_threshold0.4_time": 0.5689070224761963, "Z_threshold0.45_of": 22767.482040897994, "Z_threshold0.45_time": 0.6367497444152832, "Z_threshold0.5_of": 22730.624973174792, "Z_threshold0.5_time": 0.5726752281188965}