{"name": "S_900_187_7626.087.json", "BaldoML_of": 28135.523405469467, "BaldoML_time": 1.670792818069458, "BaldoGA_of": 27089.908839047715, "BaldoGA_time": 7.333165168762207, "Solver_of": 28583.76768177267, "Solver_time": 87.49725890159607, "Z_threshold0.05_of": 28520.092593652276, "Z_threshold0.05_time": 5.3169660568237305, "Z_threshold0.1_of": 28511.41590456081, "Z_threshold0.1_time": 3.3283371925354004, "Z_threshold0.15_of": 28352.872146300906, "Z_threshold0.15_time": 3.12332820892334, "Z_threshold0.2_of": 28093.30063684652, "Z_threshold0.2_time": 2.6911134719848633}