{"name": "S_900_308_7666.966.json", "BaldoML_of": 24582.604536764306, "BaldoML_time": 1.197190761566162, "BaldoGA_of": 24188.43003134947, "BaldoGA_time": 7.509812831878662, "Solver_of": 25415.461314376247, "Solver_time": 117.16496777534485, "Z_threshold0.05_of": 25267.485580782482, "Z_threshold0.05_time": 2.426879644393921, "Z_threshold0.1_of": 24810.128951487834, "Z_threshold0.1_time": 1.783501148223877, "Z_threshold0.15_of": 24420.49022620875, "Z_threshold0.15_time": 0.8941380977630615, "Z_threshold0.2_of": 24082.711584759098, "Z_threshold0.2_time": 0.6284687519073486, "Z_threshold0.25_of": 23354.272037838116, "Z_threshold0.25_time": 0.6481990814208984, "Z_threshold0.3_of": 23114.933166678245, "Z_threshold0.3_time": 0.6171433925628662, "Z_threshold0.35_of": 22905.779452053564, "Z_threshold0.35_time": 0.5734775066375732, "Z_threshold0.4_of": 22759.00759355603, "Z_threshold0.4_time": 0.5607931613922119, "Z_threshold0.45_of": 22575.887618040953, "Z_threshold0.45_time": 0.5626044273376465, "Z_threshold0.5_of": 22478.05566306873, "Z_threshold0.5_time": 0.5602095127105713}