{"name": "S_900_492_5795.842.json", "BaldoML_of": 22043.76084351054, "BaldoML_time": 0.5970585346221924, "BaldoGA_of": 21884.2165379438, "BaldoGA_time": 4.568233013153076, "Solver_of": 22436.145889966734, "Solver_time": 9.504180908203125, "Z_threshold0.05_of": 21884.216537943805, "Z_threshold0.05_time": 1.3422753810882568, "Z_threshold0.1_of": 21884.216537943805, "Z_threshold0.1_time": 1.1781489849090576, "Z_threshold0.15_of": 21884.216537943805, "Z_threshold0.15_time": 1.2637925148010254, "Z_threshold0.2_of": 21884.216537943805, "Z_threshold0.2_time": 1.1904840469360352}