{"name": "S_900_343_7698.705.json", "BaldoML_of": 25793.89940618349, "BaldoML_time": 1.571354627609253, "BaldoGA_of": 25433.646868053478, "BaldoGA_time": 8.419289350509644, "Solver_of": 26123.635889568744, "Solver_time": 80.28839182853699, "Z_threshold0.05_of": 25922.67157384648, "Z_threshold0.05_time": 3.4120144844055176, "Z_threshold0.1_of": 25431.23349698169, "Z_threshold0.1_time": 1.3334565162658691, "Z_threshold0.15_of": 25130.538481880903, "Z_threshold0.15_time": 1.1692795753479004, "Z_threshold0.2_of": 24607.78516943481, "Z_threshold0.2_time": 1.1699755191802979, "Z_threshold0.25_of": 24197.809924716617, "Z_threshold0.25_time": 1.1517465114593506}