{"name": "S_900_465_10963.345.json", "BaldoML_of": 31591.194924941676, "BaldoML_time": 1.156679391860962, "BaldoGA_of": 31259.076164117912, "BaldoGA_time": 17.665283679962158, "Solver_of": 32382.193294613488, "Solver_time": 548.9502458572388, "Z_threshold0.05_of": 32239.280147399175, "Z_threshold0.05_time": 7.808156967163086, "Z_threshold0.1_of": 31581.824412002432, "Z_threshold0.1_time": 2.010728359222412, "Z_threshold0.15_of": 30756.951227642287, "Z_threshold0.15_time": 1.1580531597137451, "Z_threshold0.2_of": 30134.65412335358, "Z_threshold0.2_time": 1.2183935642242432, "Z_threshold0.25_of": 29582.922648109772, "Z_threshold0.25_time": 1.1454055309295654}