{"name": "S_900_322_7788.83.json", "BaldoML_of": 25473.96181587482, "BaldoML_time": 1.3166530132293701, "BaldoGA_of": 24865.540156499035, "BaldoGA_time": 9.953934907913208, "Solver_of": 25768.513848017305, "Solver_time": 118.87272429466248, "Z_threshold0.05_of": 25722.65954531005, "Z_threshold0.05_time": 2.549320697784424, "Z_threshold0.1_of": 25410.31736819835, "Z_threshold0.1_time": 1.1541690826416016, "Z_threshold0.15_of": 24979.224880313803, "Z_threshold0.15_time": 0.5918512344360352, "Z_threshold0.2_of": 24502.127886753107, "Z_threshold0.2_time": 0.5532357692718506, "Z_threshold0.25_of": 24046.62362509558, "Z_threshold0.25_time": 0.5525624752044678, "Z_threshold0.3_of": 23899.86417363204, "Z_threshold0.3_time": 0.551746129989624, "Z_threshold0.35_of": 23745.489781145163, "Z_threshold0.35_time": 0.5832920074462891, "Z_threshold0.4_of": 23697.752194837693, "Z_threshold0.4_time": 0.5708978176116943, "Z_threshold0.45_of": 23649.31966148715, "Z_threshold0.45_time": 0.5471699237823486, "Z_threshold0.5_of": 23649.31966148715, "Z_threshold0.5_time": 0.5620894432067871}