{"name": "S_900_310_11346.042.json", "BaldoML_of": 32265.82605400292, "BaldoML_time": 1.064072847366333, "BaldoGA_of": 31660.66254793034, "BaldoGA_time": 11.642755270004272, "Solver_of": 33163.07077652769, "Solver_time": 537.4823977947235, "Z_threshold0.05_of": 33059.69980531755, "Z_threshold0.05_time": 4.6133551597595215, "Z_threshold0.1_of": 32692.9535376126, "Z_threshold0.1_time": 4.320472955703735, "Z_threshold0.15_of": 32369.356572418354, "Z_threshold0.15_time": 2.1194419860839844, "Z_threshold0.2_of": 32112.24874925504, "Z_threshold0.2_time": 1.4581000804901123, "Z_threshold0.25_of": 31378.20247887066, "Z_threshold0.25_time": 1.1501407623291016}