{"name": "S_900_358_11558.027.json", "BaldoML_of": 30824.950477912924, "BaldoML_time": 0.8791632652282715, "BaldoGA_of": 30073.56858157299, "BaldoGA_time": 11.476387977600098, "Solver_of": 31656.96202224963, "Solver_time": 166.36131358146667, "Z_threshold0.05_of": 31507.75528736214, "Z_threshold0.05_time": 11.65006160736084, "Z_threshold0.1_of": 31194.22580624463, "Z_threshold0.1_time": 2.6369874477386475, "Z_threshold0.15_of": 30954.084418165243, "Z_threshold0.15_time": 1.906667947769165, "Z_threshold0.2_of": 30579.12836824102, "Z_threshold0.2_time": 1.6269142627716064, "Z_threshold0.25_of": 30085.32100256059, "Z_threshold0.25_time": 1.2958800792694092}