{"name": "S_900_308_7666.966.json", "BaldoML_of": 24582.604536764306, "BaldoML_time": 1.197190761566162, "BaldoGA_of": 24188.43003134947, "BaldoGA_time": 7.509812831878662, "Solver_of": 25415.461314376247, "Solver_time": 117.16496777534485, "Z_threshold0.05_of": 25262.999002097036, "Z_threshold0.05_time": 5.498091697692871, "Z_threshold0.1_of": 24729.84100405037, "Z_threshold0.1_time": 2.2314035892486572, "Z_threshold0.15_of": 24328.498246491094, "Z_threshold0.15_time": 1.3970043659210205, "Z_threshold0.2_of": 24048.630720731027, "Z_threshold0.2_time": 1.209498643875122, "Z_threshold0.25_of": 23156.952934720408, "Z_threshold0.25_time": 1.2008991241455078}