{"name": "S_900_204_11597.094.json", "BaldoML_of": 33344.64544756926, "BaldoML_time": 1.863614797592163, "BaldoGA_of": 32008.683562529637, "BaldoGA_time": 7.294737815856934, "Solver_of": 34112.75628261954, "Solver_time": 207.28291630744934, "Z_threshold0.05_of": 33985.568111078726, "Z_threshold0.05_time": 5.25338077545166, "Z_threshold0.1_of": 33983.51100727328, "Z_threshold0.1_time": 4.425639390945435, "Z_threshold0.15_of": 33939.09242196196, "Z_threshold0.15_time": 4.934886455535889, "Z_threshold0.2_of": 33775.3407975609, "Z_threshold0.2_time": 3.495122194290161, "Z_threshold0.25_of": 33604.75120438814, "Z_threshold0.25_time": 2.416510820388794, "Z_threshold0.3_of": 33369.82303567608, "Z_threshold0.3_time": 2.6434900760650635, "Z_threshold0.35_of": 33025.71310686211, "Z_threshold0.35_time": 1.372276782989502, "Z_threshold0.4_of": 32620.99952761993, "Z_threshold0.4_time": 0.6508269309997559, "Z_threshold0.45_of": 32298.06443159397, "Z_threshold0.45_time": 0.6485452651977539, "Z_threshold0.5_of": 31870.112224861517, "Z_threshold0.5_time": 0.6555924415588379}