{"name": "S_900_385_7760.141.json", "BaldoML_of": 24679.338265742652, "BaldoML_time": 1.1818912029266357, "BaldoGA_of": 24008.261735578682, "BaldoGA_time": 10.775377750396729, "Solver_of": 24995.211155487345, "Solver_time": 138.0688714981079, "Z_threshold0.05_of": 24831.26754682182, "Z_threshold0.05_time": 4.257990121841431, "Z_threshold0.1_of": 24045.731773944666, "Z_threshold0.1_time": 1.2841672897338867, "Z_threshold0.15_of": 23049.23122984261, "Z_threshold0.15_time": 1.1222593784332275, "Z_threshold0.2_of": 22561.172488247415, "Z_threshold0.2_time": 1.195892333984375, "Z_threshold0.25_of": 22444.07289371893, "Z_threshold0.25_time": 1.1111226081848145}