{"name": "S_900_530_7906.198.json", "BaldoML_of": 23912.877727554423, "BaldoML_time": 0.6180534362792969, "BaldoGA_of": 23592.941962658093, "BaldoGA_time": 6.035176753997803, "Solver_of": 24340.222267703695, "Solver_time": 10.41015362739563, "Z_threshold0.05_of": 23822.640673874626, "Z_threshold0.05_time": 0.6289551258087158, "Z_threshold0.1_of": 23822.640673874626, "Z_threshold0.1_time": 0.6307177543640137, "Z_threshold0.15_of": 23822.640673874626, "Z_threshold0.15_time": 0.6114223003387451, "Z_threshold0.2_of": 23822.640673874626, "Z_threshold0.2_time": 0.6013250350952148, "Z_threshold0.25_of": 23822.640673874626, "Z_threshold0.25_time": 0.6050975322723389, "Z_threshold0.3_of": 23822.640673874626, "Z_threshold0.3_time": 0.6029143333435059, "Z_threshold0.35_of": 23822.640673874626, "Z_threshold0.35_time": 0.6147561073303223, "Z_threshold0.4_of": 23822.640673874626, "Z_threshold0.4_time": 0.6261563301086426, "Z_threshold0.45_of": 23822.640673874626, "Z_threshold0.45_time": 0.6025638580322266, "Z_threshold0.5_of": 23822.640673874626, "Z_threshold0.5_time": 0.6085391044616699}