{"name": "S_900_412_7675.197.json", "BaldoML_of": 24289.366671536965, "BaldoML_time": 0.7536017894744873, "BaldoGA_of": 23941.287541878883, "BaldoGA_time": 11.352288007736206, "Solver_of": 24789.893703718433, "Solver_time": 23.989909887313843, "Z_threshold0.05_of": 24267.573587738323, "Z_threshold0.05_time": 0.6671733856201172, "Z_threshold0.1_of": 23416.525899716362, "Z_threshold0.1_time": 0.5525190830230713, "Z_threshold0.15_of": 23344.565901108155, "Z_threshold0.15_time": 0.578984260559082, "Z_threshold0.2_of": 23281.49562524021, "Z_threshold0.2_time": 0.6292276382446289, "Z_threshold0.25_of": 23212.73908025443, "Z_threshold0.25_time": 0.6100330352783203, "Z_threshold0.3_of": 23212.73908025443, "Z_threshold0.3_time": 0.6176638603210449, "Z_threshold0.35_of": 23212.73908025443, "Z_threshold0.35_time": 0.6102242469787598, "Z_threshold0.4_of": 23212.73908025443, "Z_threshold0.4_time": 0.6160888671875, "Z_threshold0.45_of": 23212.73908025443, "Z_threshold0.45_time": 0.62544846534729, "Z_threshold0.5_of": 23212.73908025443, "Z_threshold0.5_time": 0.632885217666626}