{"name": "S_900_224_11559.123.json", "BaldoML_of": 34719.79699123432, "BaldoML_time": 38.120845079422, "BaldoGA_of": 32962.94597883142, "BaldoGA_time": 10.520179271697998, "Solver_of": 34720.41846374248, "Solver_time": 804.1900553703308, "Z_threshold0.05_of": 34591.60695671289, "Z_threshold0.05_time": 9.439885377883911, "Z_threshold0.1_of": 34330.48695718079, "Z_threshold0.1_time": 4.246849298477173, "Z_threshold0.15_of": 34278.374020484865, "Z_threshold0.15_time": 7.652297019958496, "Z_threshold0.2_of": 34267.37950476668, "Z_threshold0.2_time": 3.417764663696289, "Z_threshold0.25_of": 34207.16397496476, "Z_threshold0.25_time": 2.4666450023651123, "Z_threshold0.3_of": 34169.51216760556, "Z_threshold0.3_time": 2.470721960067749, "Z_threshold0.35_of": 34093.21773872115, "Z_threshold0.35_time": 2.0891337394714355, "Z_threshold0.4_of": 33836.81555057426, "Z_threshold0.4_time": 1.372114896774292, "Z_threshold0.45_of": 33723.504658288795, "Z_threshold0.45_time": 1.3870508670806885, "Z_threshold0.5_of": 33567.416999038345, "Z_threshold0.5_time": 1.3768432140350342}