{"name": "S_900_336_11220.301.json", "BaldoML_of": 31571.353493512943, "BaldoML_time": 1.0606966018676758, "BaldoGA_of": 30934.964817046493, "BaldoGA_time": 10.773083209991455, "Solver_of": 32564.966847455456, "Solver_time": 200.73673152923584, "Z_threshold0.05_of": 32472.028105599824, "Z_threshold0.05_time": 8.766752481460571, "Z_threshold0.1_of": 32087.014869497623, "Z_threshold0.1_time": 3.4671008586883545, "Z_threshold0.15_of": 31893.495522671292, "Z_threshold0.15_time": 2.4264893531799316, "Z_threshold0.2_of": 31386.535699348104, "Z_threshold0.2_time": 1.9994964599609375, "Z_threshold0.25_of": 30424.484325207268, "Z_threshold0.25_time": 1.2191641330718994}