{"name": "S_900_497_7768.348.json", "BaldoML_of": 24517.780745103613, "BaldoML_time": 0.9146108627319336, "BaldoGA_of": 24298.842353079246, "BaldoGA_time": 6.061380624771118, "Solver_of": 25000.85500517853, "Solver_time": 16.263182401657104, "Z_threshold0.05_of": 24536.51414292109, "Z_threshold0.05_time": 0.7052133083343506, "Z_threshold0.1_of": 24536.51414292109, "Z_threshold0.1_time": 0.5885851383209229, "Z_threshold0.15_of": 24536.51414292109, "Z_threshold0.15_time": 0.5855798721313477, "Z_threshold0.2_of": 24536.51414292109, "Z_threshold0.2_time": 0.5890262126922607, "Z_threshold0.25_of": 24536.51414292109, "Z_threshold0.25_time": 0.5943565368652344, "Z_threshold0.3_of": 24536.51414292109, "Z_threshold0.3_time": 0.5918009281158447, "Z_threshold0.35_of": 24536.51414292109, "Z_threshold0.35_time": 0.5797867774963379, "Z_threshold0.4_of": 24536.51414292109, "Z_threshold0.4_time": 0.582319974899292, "Z_threshold0.45_of": 24536.51414292109, "Z_threshold0.45_time": 0.575979471206665, "Z_threshold0.5_of": 24536.51414292109, "Z_threshold0.5_time": 0.57576584815979}