{"name": "S_900_377_7623.795.json", "BaldoML_of": 24230.50795186495, "BaldoML_time": 1.486107349395752, "BaldoGA_of": 23687.277127471578, "BaldoGA_time": 9.708091259002686, "Solver_of": 24518.24050117095, "Solver_time": 144.99040293693542, "Z_threshold0.05_of": 24306.71014161143, "Z_threshold0.05_time": 3.225830078125, "Z_threshold0.1_of": 24014.97573646458, "Z_threshold0.1_time": 1.3483943939208984, "Z_threshold0.15_of": 22856.373415065023, "Z_threshold0.15_time": 1.0981979370117188, "Z_threshold0.2_of": 22499.818903856027, "Z_threshold0.2_time": 1.0923190116882324}