{"name": "S_900_321_11406.136.json", "BaldoML_of": 32561.268486944053, "BaldoML_time": 1.2137110233306885, "BaldoGA_of": 31585.20547050022, "BaldoGA_time": 10.212374448776245, "Solver_of": 33251.8731303498, "Solver_time": 167.28864765167236, "Z_threshold0.05_of": 33141.389279942996, "Z_threshold0.05_time": 9.896883249282837, "Z_threshold0.1_of": 33066.49805884013, "Z_threshold0.1_time": 3.94216251373291, "Z_threshold0.15_of": 32815.15869538314, "Z_threshold0.15_time": 3.5840957164764404, "Z_threshold0.2_of": 32491.301467264206, "Z_threshold0.2_time": 1.9726979732513428, "Z_threshold0.25_of": 32098.598741231268, "Z_threshold0.25_time": 1.2003841400146484}