{"name": "S_900_290_5781.085.json", "BaldoML_of": 22352.81131049715, "BaldoML_time": 1.176910638809204, "BaldoGA_of": 21844.071637972218, "BaldoGA_time": 7.771396160125732, "Solver_of": 22557.058494819063, "Solver_time": 39.625014305114746, "Z_threshold0.05_of": 22452.01581621639, "Z_threshold0.05_time": 3.7574331760406494, "Z_threshold0.1_of": 22123.734398728076, "Z_threshold0.1_time": 1.9535846710205078, "Z_threshold0.15_of": 21845.657558174193, "Z_threshold0.15_time": 1.2383246421813965, "Z_threshold0.2_of": 20948.47306269383, "Z_threshold0.2_time": 1.2548842430114746, "Z_threshold0.25_of": 20802.393916233348, "Z_threshold0.25_time": 1.1447429656982422}