{"name": "S_900_294_5628.502.json", "BaldoML_of": 23035.758734264204, "BaldoML_time": 1.2276194095611572, "BaldoGA_of": 22485.896524506148, "BaldoGA_time": 6.806913375854492, "Solver_of": 23308.41958282521, "Solver_time": 44.47346210479736, "Z_threshold0.05_of": 23171.16576444949, "Z_threshold0.05_time": 2.723036766052246, "Z_threshold0.1_of": 22473.108472520616, "Z_threshold0.1_time": 1.3815791606903076, "Z_threshold0.15_of": 21767.469238286445, "Z_threshold0.15_time": 1.195707082748413, "Z_threshold0.2_of": 21545.146144255752, "Z_threshold0.2_time": 1.1097683906555176}