{"name": "S_900_266_7883.804.json", "BaldoML_of": 24951.395150966284, "BaldoML_time": 1.883021593093872, "BaldoGA_of": 24280.06267697313, "BaldoGA_time": 7.757653474807739, "Solver_of": 25493.781514483133, "Solver_time": 168.5389997959137, "Z_threshold0.05_of": 25432.49094885973, "Z_threshold0.05_time": 4.8049705028533936, "Z_threshold0.1_of": 25188.04275798274, "Z_threshold0.1_time": 2.878143072128296, "Z_threshold0.15_of": 24915.7863183421, "Z_threshold0.15_time": 1.9543046951293945, "Z_threshold0.2_of": 24613.51780099786, "Z_threshold0.2_time": 1.409841775894165, "Z_threshold0.25_of": 24375.63694240151, "Z_threshold0.25_time": 1.1802475452423096}