{"name": "S_900_209_11471.83.json", "BaldoML_of": 33323.750258174034, "BaldoML_time": 1.9165294170379639, "BaldoGA_of": 32519.916402882467, "BaldoGA_time": 11.41947340965271, "Solver_of": 34285.657725551006, "Solver_time": 387.0593750476837, "Z_threshold0.05_of": 34215.54867495064, "Z_threshold0.05_time": 16.74327778816223, "Z_threshold0.1_of": 34108.946533048045, "Z_threshold0.1_time": 9.762275457382202, "Z_threshold0.15_of": 33959.67793658961, "Z_threshold0.15_time": 4.7248375415802, "Z_threshold0.2_of": 33594.03867693673, "Z_threshold0.2_time": 3.371562957763672, "Z_threshold0.25_of": 33212.939124705415, "Z_threshold0.25_time": 2.513038396835327}