{"name": "S_900_373_7708.683.json", "BaldoML_of": 25037.527532113163, "BaldoML_time": 1.4872472286224365, "BaldoGA_of": 24670.26646433654, "BaldoGA_time": 10.671716451644897, "Solver_of": 25417.98802312295, "Solver_time": 145.52693891525269, "Z_threshold0.05_of": 25113.757123357875, "Z_threshold0.05_time": 2.999476432800293}