{"name": "S_900_356_7787.279.json", "BaldoML_of": 25121.587667847718, "BaldoML_time": 1.2589986324310303, "BaldoGA_of": 24780.18863810242, "BaldoGA_time": 10.125255346298218, "Solver_of": 25644.4519099471, "Solver_time": 187.85321235656738, "Z_threshold0.05_of": 25258.27550212485, "Z_threshold0.05_time": 3.1290817260742188, "Z_threshold0.1_of": 24650.64805577213, "Z_threshold0.1_time": 1.2351939678192139, "Z_threshold0.15_of": 23907.764496330936, "Z_threshold0.15_time": 1.1210119724273682, "Z_threshold0.2_of": 23426.168402449985, "Z_threshold0.2_time": 1.1825039386749268}