{"name": "S_900_324_5669.147.json", "BaldoML_of": 22793.457041766575, "BaldoML_time": 1.1204612255096436, "BaldoGA_of": 22325.47334005319, "BaldoGA_time": 7.807075500488281, "Solver_of": 22989.605674457624, "Solver_time": 49.741398096084595, "Z_threshold0.05_of": 22841.75497389111, "Z_threshold0.05_time": 2.6039319038391113, "Z_threshold0.1_of": 22415.20053770459, "Z_threshold0.1_time": 1.3566398620605469, "Z_threshold0.15_of": 21387.346477658593, "Z_threshold0.15_time": 1.2563271522521973, "Z_threshold0.2_of": 21183.60097409016, "Z_threshold0.2_time": 1.1626951694488525}