{"name": "S_900_254_7986.31.json", "BaldoML_of": 25475.44882947793, "BaldoML_time": 1.6589579582214355, "BaldoGA_of": 24905.325852187598, "BaldoGA_time": 7.73401141166687, "Solver_of": 26086.74223209701, "Solver_time": 116.89799571037292, "Z_threshold0.05_of": 26081.8799356936, "Z_threshold0.05_time": 8.945760726928711, "Z_threshold0.1_of": 25673.448392889728, "Z_threshold0.1_time": 2.478821277618408, "Z_threshold0.15_of": 25381.14361120902, "Z_threshold0.15_time": 2.044525623321533, "Z_threshold0.2_of": 25050.86677452751, "Z_threshold0.2_time": 1.2614002227783203}