{"name": "S_900_429_11376.915.json", "BaldoML_of": 31167.0784977281, "BaldoML_time": 1.0143392086029053, "BaldoGA_of": 30710.615194807466, "BaldoGA_time": 14.305405855178833, "Solver_of": 31978.21547989861, "Solver_time": 1579.237421989441, "Z_threshold0.05_of": 31775.63395277541, "Z_threshold0.05_time": 7.8460657596588135, "Z_threshold0.1_of": 31366.357372615086, "Z_threshold0.1_time": 2.5623722076416016, "Z_threshold0.15_of": 31010.45632330743, "Z_threshold0.15_time": 1.6457726955413818, "Z_threshold0.2_of": 30137.193491822734, "Z_threshold0.2_time": 1.1581125259399414}