{"name": "S_900_193_5696.135.json", "BaldoML_of": 23990.199395381664, "BaldoML_time": 1.8003692626953125, "BaldoGA_of": 23290.7998437395, "BaldoGA_time": 5.979224920272827, "Solver_of": 24259.968947127178, "Solver_time": 15.931932210922241, "Z_threshold0.05_of": 24198.98517075151, "Z_threshold0.05_time": 2.1388511657714844}