{"name": "S_900_497_7733.985.json", "BaldoML_of": 25094.832883273015, "BaldoML_time": 0.8372979164123535, "BaldoGA_of": 24844.378772845168, "BaldoGA_time": 5.376012563705444, "Solver_of": 25377.043600632904, "Solver_time": 12.532656192779541, "Z_threshold0.05_of": 24831.194011071566, "Z_threshold0.05_time": 0.6012868881225586, "Z_threshold0.1_of": 24831.194011071566, "Z_threshold0.1_time": 0.5762560367584229, "Z_threshold0.15_of": 24831.194011071566, "Z_threshold0.15_time": 0.5791134834289551, "Z_threshold0.2_of": 24831.194011071566, "Z_threshold0.2_time": 0.5769064426422119, "Z_threshold0.25_of": 24831.194011071566, "Z_threshold0.25_time": 0.6173050403594971, "Z_threshold0.3_of": 24831.194011071566, "Z_threshold0.3_time": 0.5804243087768555, "Z_threshold0.35_of": 24831.194011071566, "Z_threshold0.35_time": 0.5835452079772949, "Z_threshold0.4_of": 24831.194011071566, "Z_threshold0.4_time": 0.581812858581543, "Z_threshold0.45_of": 24831.194011071566, "Z_threshold0.45_time": 0.5799484252929688, "Z_threshold0.5_of": 24831.194011071566, "Z_threshold0.5_time": 0.5816495418548584}