{"name": "S_900_358_11558.027.json", "BaldoML_of": 31655.897613171008, "BaldoML_time": 32.62893223762512, "BaldoGA_of": 30073.56858157299, "BaldoGA_time": 11.476387977600098, "Solver_of": 31656.96202224963, "Solver_time": 166.36131358146667, "Z_threshold0.05_of": 31440.582586377604, "Z_threshold0.05_time": 5.4783759117126465, "Z_threshold0.1_of": 31389.467639292412, "Z_threshold0.1_time": 3.997066020965576, "Z_threshold0.15_of": 31238.319061230457, "Z_threshold0.15_time": 3.668423652648926, "Z_threshold0.2_of": 31167.092846587522, "Z_threshold0.2_time": 2.289156436920166, "Z_threshold0.25_of": 30927.91279876678, "Z_threshold0.25_time": 1.7079706192016602, "Z_threshold0.3_of": 30760.08311520436, "Z_threshold0.3_time": 1.495302438735962, "Z_threshold0.35_of": 30346.305174694244, "Z_threshold0.35_time": 1.46842360496521, "Z_threshold0.4_of": 30180.80536953214, "Z_threshold0.4_time": 1.4449193477630615, "Z_threshold0.45_of": 29954.76678108164, "Z_threshold0.45_time": 1.4941205978393555, "Z_threshold0.5_of": 29719.275099661492, "Z_threshold0.5_time": 1.460606575012207}