{"name": "S_900_321_11406.136.json", "BaldoML_of": 33251.8731303498, "BaldoML_time": 40.27677130699158, "BaldoGA_of": 31585.20547050022, "BaldoGA_time": 10.212374448776245, "Solver_of": 33251.8731303498, "Solver_time": 167.28864765167236, "Z_threshold0.05_of": 33105.13439377967, "Z_threshold0.05_time": 4.81100869178772, "Z_threshold0.1_of": 33057.78692238636, "Z_threshold0.1_time": 3.862623453140259, "Z_threshold0.15_of": 32897.70465960446, "Z_threshold0.15_time": 2.8119137287139893, "Z_threshold0.2_of": 32810.67039383753, "Z_threshold0.2_time": 2.131065845489502, "Z_threshold0.25_of": 32746.26229396614, "Z_threshold0.25_time": 1.9953370094299316, "Z_threshold0.3_of": 32649.74824519709, "Z_threshold0.3_time": 1.4399890899658203, "Z_threshold0.35_of": 32593.154365902603, "Z_threshold0.35_time": 1.4254577159881592, "Z_threshold0.4_of": 32089.139407781677, "Z_threshold0.4_time": 1.4423887729644775, "Z_threshold0.45_of": 31817.631359625095, "Z_threshold0.45_time": 1.459808588027954, "Z_threshold0.5_of": 31687.221954946603, "Z_threshold0.5_time": 1.4656128883361816}