{"name": "S_900_199_7874.545.json", "BaldoML_of": 25740.65019435639, "BaldoML_time": 2.1667394638061523, "BaldoGA_of": 24661.75392803437, "BaldoGA_time": 7.385005474090576, "Solver_of": 26120.435685721735, "Solver_time": 139.54644656181335, "Z_threshold0.05_of": 26085.355742578384, "Z_threshold0.05_time": 6.371629238128662, "Z_threshold0.1_of": 25906.34447380084, "Z_threshold0.1_time": 3.529087543487549, "Z_threshold0.15_of": 25664.729135428614, "Z_threshold0.15_time": 2.3496944904327393, "Z_threshold0.2_of": 25446.88450829848, "Z_threshold0.2_time": 1.8117132186889648}