{"name": "S_900_530_7906.198.json", "BaldoML_of": 23912.877727554423, "BaldoML_time": 0.6180534362792969, "BaldoGA_of": 23592.941962658093, "BaldoGA_time": 6.035176753997803, "Solver_of": 24340.222267703695, "Solver_time": 10.41015362739563, "Z_threshold0.05_of": 23613.314613677205, "Z_threshold0.05_time": 1.1445982456207275, "Z_threshold0.1_of": 23613.314613677205, "Z_threshold0.1_time": 1.2514774799346924, "Z_threshold0.15_of": 23613.314613677205, "Z_threshold0.15_time": 1.215134859085083, "Z_threshold0.2_of": 23613.314613677205, "Z_threshold0.2_time": 1.3000764846801758}