{"name": "S_900_409_7515.61.json", "BaldoML_of": 25327.64797610681, "BaldoML_time": 0.873842716217041, "BaldoGA_of": 24831.636714453623, "BaldoGA_time": 13.529740571975708, "Solver_of": 25809.4553385474, "Solver_time": 93.72576379776001, "Z_threshold0.05_of": 25292.2015765481, "Z_threshold0.05_time": 0.7139067649841309, "Z_threshold0.1_of": 24686.45489205289, "Z_threshold0.1_time": 0.6391539573669434, "Z_threshold0.15_of": 24142.041450651708, "Z_threshold0.15_time": 0.629906177520752, "Z_threshold0.2_of": 24100.51660025077, "Z_threshold0.2_time": 0.6259214878082275, "Z_threshold0.25_of": 24076.323432284076, "Z_threshold0.25_time": 0.6232466697692871, "Z_threshold0.3_of": 24076.323432284076, "Z_threshold0.3_time": 0.6248030662536621, "Z_threshold0.35_of": 24022.275854190982, "Z_threshold0.35_time": 0.6334731578826904, "Z_threshold0.4_of": 23996.14224967896, "Z_threshold0.4_time": 0.6232764720916748, "Z_threshold0.45_of": 23996.14224967896, "Z_threshold0.45_time": 0.6230692863464355, "Z_threshold0.5_of": 23996.14224967896, "Z_threshold0.5_time": 0.6217880249023438}