{"name": "S_900_362_7746.933.json", "BaldoML_of": 23938.352173761705, "BaldoML_time": 1.0977003574371338, "BaldoGA_of": 23446.828788225823, "BaldoGA_time": 8.83056378364563, "Solver_of": 24288.44457674478, "Solver_time": 263.8846187591553, "Z_threshold0.05_of": 24050.279414581208, "Z_threshold0.05_time": 2.6845383644104004, "Z_threshold0.1_of": 23512.419152449897, "Z_threshold0.1_time": 1.337350845336914, "Z_threshold0.15_of": 22622.01014212049, "Z_threshold0.15_time": 1.1304161548614502, "Z_threshold0.2_of": 22303.859199447088, "Z_threshold0.2_time": 1.1153764724731445, "Z_threshold0.25_of": 22056.394079257738, "Z_threshold0.25_time": 1.1030499935150146}