{"name": "S_900_291_7489.22.json", "BaldoML_of": 25591.904236802977, "BaldoML_time": 1.6377031803131104, "BaldoGA_of": 25108.871245565733, "BaldoGA_time": 8.091697931289673, "Solver_of": 25991.288497438018, "Solver_time": 21.675352573394775, "Z_threshold0.05_of": 25880.156791036858, "Z_threshold0.05_time": 2.3600399494171143, "Z_threshold0.1_of": 25554.53163089683, "Z_threshold0.1_time": 1.9671132564544678, "Z_threshold0.15_of": 25191.325194726858, "Z_threshold0.15_time": 1.5447630882263184, "Z_threshold0.2_of": 24591.614014869887, "Z_threshold0.2_time": 1.206531286239624}