{"name": "S_900_189_12020.948.json", "BaldoML_of": 33298.91173634418, "BaldoML_time": 54.96027946472168, "BaldoGA_of": 31399.95481139848, "BaldoGA_time": 9.40065050125122, "Solver_of": -1, "Solver_time": 282.509742975235, "Z_threshold0.05_of": 33082.28846384151, "Z_threshold0.05_time": 5.147451639175415, "Z_threshold0.1_of": 33043.08296942127, "Z_threshold0.1_time": 3.9830543994903564, "Z_threshold0.15_of": 33048.21533791048, "Z_threshold0.15_time": 4.3145365715026855, "Z_threshold0.2_of": 32999.40186224931, "Z_threshold0.2_time": 3.500051259994507, "Z_threshold0.25_of": 32926.86101986516, "Z_threshold0.25_time": 3.7946128845214844, "Z_threshold0.3_of": 32795.19006052168, "Z_threshold0.3_time": 2.915404796600342, "Z_threshold0.35_of": 32563.02044018901, "Z_threshold0.35_time": 2.174633026123047, "Z_threshold0.4_of": 32363.408020140774, "Z_threshold0.4_time": 1.4113256931304932, "Z_threshold0.45_of": 32086.39271220675, "Z_threshold0.45_time": 1.3717091083526611, "Z_threshold0.5_of": 31629.209289897033, "Z_threshold0.5_time": 1.4026179313659668}