{"name": "S_900_336_5726.781.json", "BaldoML_of": 21955.193763097603, "BaldoML_time": 1.1208441257476807, "BaldoGA_of": 21555.139364942384, "BaldoGA_time": 10.0014009475708, "Solver_of": 22248.297172881805, "Solver_time": 34.063486099243164, "Z_threshold0.05_of": 21910.548232996673, "Z_threshold0.05_time": 0.6993465423583984, "Z_threshold0.1_of": 21284.138820952707, "Z_threshold0.1_time": 0.6004915237426758, "Z_threshold0.15_of": 20705.315645324077, "Z_threshold0.15_time": 0.6195869445800781, "Z_threshold0.2_of": 20584.818584210894, "Z_threshold0.2_time": 0.5919778347015381, "Z_threshold0.25_of": 20473.178590540563, "Z_threshold0.25_time": 0.5941486358642578, "Z_threshold0.3_of": 20359.04658956891, "Z_threshold0.3_time": 0.5913770198822021, "Z_threshold0.35_of": 20335.30423293849, "Z_threshold0.35_time": 0.5914576053619385, "Z_threshold0.4_of": 20305.022521581195, "Z_threshold0.4_time": 0.5937449932098389, "Z_threshold0.45_of": 20281.507670785013, "Z_threshold0.45_time": 0.6175966262817383, "Z_threshold0.5_of": 20281.507670785013, "Z_threshold0.5_time": 0.5749619007110596}