{"name": "S_900_415_5816.444.json", "BaldoML_of": 23546.124950678866, "BaldoML_time": 3.806676149368286, "BaldoGA_of": 22989.68371542156, "BaldoGA_time": 13.997649431228638, "Solver_of": 23581.9592790787, "Solver_time": 11.479246377944946, "Z_threshold0.05_of": 23155.011698135288, "Z_threshold0.05_time": 1.4496889114379883, "Z_threshold0.1_of": 23155.011698135288, "Z_threshold0.1_time": 1.4292283058166504, "Z_threshold0.15_of": 23155.011698135288, "Z_threshold0.15_time": 1.5091795921325684, "Z_threshold0.2_of": 23155.011698135288, "Z_threshold0.2_time": 1.4346203804016113, "Z_threshold0.25_of": 23155.011698135288, "Z_threshold0.25_time": 1.4102928638458252, "Z_threshold0.3_of": 23155.011698135288, "Z_threshold0.3_time": 1.4563803672790527, "Z_threshold0.35_of": 23155.011698135288, "Z_threshold0.35_time": 1.4418509006500244, "Z_threshold0.4_of": 23155.011698135288, "Z_threshold0.4_time": 1.4188923835754395, "Z_threshold0.45_of": 23155.011698135288, "Z_threshold0.45_time": 1.426135778427124, "Z_threshold0.5_of": 23155.011698135288, "Z_threshold0.5_time": 1.4826867580413818}