{"name": "S_900_470_5889.357.json", "BaldoML_of": 21805.373319446775, "BaldoML_time": 0.700204610824585, "BaldoGA_of": 21423.454179231565, "BaldoGA_time": 4.656959533691406, "Solver_of": 22059.375268416454, "Solver_time": 11.510828256607056, "Z_threshold0.05_of": 21470.636459820624, "Z_threshold0.05_time": 1.235356092453003, "Z_threshold0.1_of": 21470.636459820624, "Z_threshold0.1_time": 1.1663105487823486, "Z_threshold0.15_of": 21470.636459820624, "Z_threshold0.15_time": 1.2238852977752686, "Z_threshold0.2_of": 21470.636459820624, "Z_threshold0.2_time": 1.1537652015686035, "Z_threshold0.25_of": 21470.636459820624, "Z_threshold0.25_time": 1.1613984107971191}