{"name": "S_900_243_5789.661.json", "BaldoML_of": 22758.524144020135, "BaldoML_time": 11.523405313491821, "BaldoGA_of": 21870.362936956597, "BaldoGA_time": 6.805309534072876, "Solver_of": 22758.524144020128, "Solver_time": 17.2301025390625, "Z_threshold0.05_of": 22657.818902335584, "Z_threshold0.05_time": 2.10921311378479, "Z_threshold0.1_of": 22459.269467788934, "Z_threshold0.1_time": 2.1640498638153076, "Z_threshold0.15_of": 22347.50053861487, "Z_threshold0.15_time": 1.8873248100280762, "Z_threshold0.2_of": 22170.477152166142, "Z_threshold0.2_time": 1.4824106693267822, "Z_threshold0.25_of": 22148.957198770484, "Z_threshold0.25_time": 1.3956053256988525, "Z_threshold0.3_of": 21879.389817348005, "Z_threshold0.3_time": 1.4478683471679688, "Z_threshold0.35_of": 21424.592863764476, "Z_threshold0.35_time": 1.34450364112854, "Z_threshold0.4_of": 20606.25968574925, "Z_threshold0.4_time": 1.3826909065246582, "Z_threshold0.45_of": 20572.125918508256, "Z_threshold0.45_time": 1.3419561386108398, "Z_threshold0.5_of": 20411.339018425577, "Z_threshold0.5_time": 1.3664543628692627}