{"name": "S_900_365_7630.234.json", "BaldoML_of": 25422.163262423095, "BaldoML_time": 1.5506222248077393, "BaldoGA_of": 25057.303739976644, "BaldoGA_time": 9.337493181228638, "Solver_of": 25939.29037218757, "Solver_time": 139.4523994922638, "Z_threshold0.05_of": 25559.17424063127, "Z_threshold0.05_time": 4.501596212387085, "Z_threshold0.1_of": 24866.85230842264, "Z_threshold0.1_time": 1.186551809310913, "Z_threshold0.15_of": 24347.780998418235, "Z_threshold0.15_time": 1.2631185054779053, "Z_threshold0.2_of": 23807.34311672116, "Z_threshold0.2_time": 1.187803030014038, "Z_threshold0.25_of": 23747.983959264373, "Z_threshold0.25_time": 1.163384199142456}