{"name": "S_900_216_11328.014.json", "BaldoML_of": 34174.8495338659, "BaldoML_time": 1.8984217643737793, "BaldoGA_of": 33271.42712960675, "BaldoGA_time": 10.563589572906494, "Solver_of": 34726.882911725326, "Solver_time": 226.276282787323, "Z_threshold0.05_of": 34685.61269171431, "Z_threshold0.05_time": 12.092868566513062, "Z_threshold0.1_of": 34662.14647217389, "Z_threshold0.1_time": 7.224448204040527, "Z_threshold0.15_of": 34468.22766908241, "Z_threshold0.15_time": 3.536883592605591, "Z_threshold0.2_of": 34329.56403886214, "Z_threshold0.2_time": 2.9092743396759033, "Z_threshold0.25_of": 33804.152115176, "Z_threshold0.25_time": 1.9523887634277344}