{"name": "S_900_421_7786.186.json", "BaldoML_of": 24170.6124312544, "BaldoML_time": 0.8708212375640869, "BaldoGA_of": 23735.653060931872, "BaldoGA_time": 14.379683017730713, "Solver_of": 24564.1655478524, "Solver_time": 26.735529899597168, "Z_threshold0.05_of": 23987.329666361897, "Z_threshold0.05_time": 0.7129864692687988, "Z_threshold0.1_of": 23276.275060211436, "Z_threshold0.1_time": 0.6148407459259033, "Z_threshold0.15_of": 23216.549162683, "Z_threshold0.15_time": 0.6337924003601074, "Z_threshold0.2_of": 23193.069107689178, "Z_threshold0.2_time": 0.6247372627258301, "Z_threshold0.25_of": 23193.069107689178, "Z_threshold0.25_time": 0.6129980087280273, "Z_threshold0.3_of": 23193.069107689178, "Z_threshold0.3_time": 0.6160845756530762, "Z_threshold0.35_of": 23193.069107689178, "Z_threshold0.35_time": 0.6103894710540771, "Z_threshold0.4_of": 23193.069107689178, "Z_threshold0.4_time": 0.6243586540222168, "Z_threshold0.45_of": 23193.069107689178, "Z_threshold0.45_time": 0.6294291019439697, "Z_threshold0.5_of": 23193.069107689178, "Z_threshold0.5_time": 0.6119136810302734}