{"name": "S_900_406_7668.806.json", "BaldoML_of": 25712.194828232612, "BaldoML_time": 1.0047147274017334, "BaldoGA_of": 25412.41175337544, "BaldoGA_time": 13.114657163619995, "Solver_of": 26122.911402665835, "Solver_time": 126.84534192085266, "Z_threshold0.05_of": 25556.278711207626, "Z_threshold0.05_time": 0.6689226627349854, "Z_threshold0.1_of": 24747.316821621847, "Z_threshold0.1_time": 0.5937907695770264, "Z_threshold0.15_of": 24671.04462933744, "Z_threshold0.15_time": 0.6028416156768799, "Z_threshold0.2_of": 24671.04462933744, "Z_threshold0.2_time": 0.6047303676605225, "Z_threshold0.25_of": 24646.01509419066, "Z_threshold0.25_time": 0.6224186420440674, "Z_threshold0.3_of": 24646.01509419066, "Z_threshold0.3_time": 0.6010477542877197, "Z_threshold0.35_of": 24646.01509419066, "Z_threshold0.35_time": 0.6074669361114502, "Z_threshold0.4_of": 24646.01509419066, "Z_threshold0.4_time": 0.6045606136322021, "Z_threshold0.45_of": 24646.01509419066, "Z_threshold0.45_time": 0.5946311950683594, "Z_threshold0.5_of": 24646.01509419066, "Z_threshold0.5_time": 0.5928869247436523}