{"name": "S_900_376_5719.93.json", "BaldoML_of": 22268.615636951792, "BaldoML_time": 0.5984947681427002, "BaldoGA_of": 22036.30180383839, "BaldoGA_time": 11.797617673873901, "Solver_of": 22488.67870090751, "Solver_time": 12.026739835739136, "Z_threshold0.05_of": 21593.31914113264, "Z_threshold0.05_time": 1.0988852977752686, "Z_threshold0.1_of": 21283.5249421871, "Z_threshold0.1_time": 1.0918405055999756, "Z_threshold0.15_of": 21251.635895547708, "Z_threshold0.15_time": 1.170344352722168, "Z_threshold0.2_of": 21251.635895547708, "Z_threshold0.2_time": 1.0945789813995361, "Z_threshold0.25_of": 21251.635895547708, "Z_threshold0.25_time": 1.2682521343231201}