{"name": "S_900_369_5818.759.json", "BaldoML_of": 21547.273283180573, "BaldoML_time": 15.550343990325928, "BaldoGA_of": 20846.967185144214, "BaldoGA_time": 11.426214933395386, "Solver_of": 21547.273283180573, "Solver_time": 17.82604146003723, "Z_threshold0.05_of": 21016.75464955322, "Z_threshold0.05_time": 1.7180685997009277, "Z_threshold0.1_of": 20272.801254375197, "Z_threshold0.1_time": 1.5466797351837158, "Z_threshold0.15_of": 20130.952731803878, "Z_threshold0.15_time": 1.3916220664978027, "Z_threshold0.2_of": 20106.113373955737, "Z_threshold0.2_time": 1.405242681503296, "Z_threshold0.25_of": 20106.113373955737, "Z_threshold0.25_time": 1.3845138549804688, "Z_threshold0.3_of": 20106.113373955737, "Z_threshold0.3_time": 1.3704514503479004, "Z_threshold0.35_of": 20106.113373955737, "Z_threshold0.35_time": 1.3953609466552734, "Z_threshold0.4_of": 20106.113373955737, "Z_threshold0.4_time": 1.4530081748962402, "Z_threshold0.45_of": 20106.113373955737, "Z_threshold0.45_time": 1.4227674007415771, "Z_threshold0.5_of": 20106.113373955737, "Z_threshold0.5_time": 1.4755408763885498}