{"name": "S_900_413_7646.159.json", "BaldoML_of": 25283.121552477445, "BaldoML_time": 0.9852306842803955, "BaldoGA_of": 24749.43127278678, "BaldoGA_time": 10.268852949142456, "Solver_of": 25727.549887521076, "Solver_time": 45.53133034706116, "Z_threshold0.05_of": 25224.048399460928, "Z_threshold0.05_time": 1.649526834487915, "Z_threshold0.1_of": 24305.43842992879, "Z_threshold0.1_time": 1.1900832653045654, "Z_threshold0.15_of": 23569.95266957612, "Z_threshold0.15_time": 1.265918254852295, "Z_threshold0.2_of": 23511.95082809672, "Z_threshold0.2_time": 1.188863754272461}