{"name": "S_900_209_11471.83.json", "BaldoML_of": 33323.750258174034, "BaldoML_time": 1.9165294170379639, "BaldoGA_of": 32519.916402882467, "BaldoGA_time": 11.41947340965271, "Solver_of": 34285.657725551006, "Solver_time": 387.0593750476837, "Z_threshold0.05_of": 34201.80811451471, "Z_threshold0.05_time": 4.953002691268921, "Z_threshold0.1_of": 34098.845499799805, "Z_threshold0.1_time": 6.302282333374023, "Z_threshold0.15_of": 33959.32411942305, "Z_threshold0.15_time": 3.745021104812622, "Z_threshold0.2_of": 33889.7499166434, "Z_threshold0.2_time": 3.1438307762145996, "Z_threshold0.25_of": 33758.34159375731, "Z_threshold0.25_time": 2.583543300628662, "Z_threshold0.3_of": 33582.79187528926, "Z_threshold0.3_time": 1.9862079620361328, "Z_threshold0.35_of": 33420.759094994355, "Z_threshold0.35_time": 1.017540693283081, "Z_threshold0.4_of": 33084.518994790604, "Z_threshold0.4_time": 0.8047072887420654, "Z_threshold0.45_of": 32709.500922476036, "Z_threshold0.45_time": 0.6630432605743408, "Z_threshold0.5_of": 32272.109824069506, "Z_threshold0.5_time": 0.6581969261169434}