{"name": "S_900_528_11239.479.json", "BaldoML_of": 32444.40989987, "BaldoML_time": 0.8071362972259521, "BaldoGA_of": 31992.941035238608, "BaldoGA_time": 24.134543895721436, "Solver_of": 32960.70566726897, "Solver_time": 247.54356598854065, "Z_threshold0.05_of": 32338.805451553275, "Z_threshold0.05_time": 1.6167778968811035, "Z_threshold0.1_of": 31283.371434432425, "Z_threshold0.1_time": 1.2267842292785645, "Z_threshold0.15_of": 30840.81114567245, "Z_threshold0.15_time": 1.1408300399780273, "Z_threshold0.2_of": 30840.81114567245, "Z_threshold0.2_time": 1.2195956707000732}