{"name": "S_900_323_11507.199.json", "BaldoML_of": 31562.8567928949, "BaldoML_time": 1.0695910453796387, "BaldoGA_of": 30968.39604114255, "BaldoGA_time": 11.628859996795654, "Solver_of": 32396.844656517802, "Solver_time": 171.58425068855286, "Z_threshold0.05_of": 32356.16162054663, "Z_threshold0.05_time": 7.928204298019409, "Z_threshold0.1_of": 32130.74001382197, "Z_threshold0.1_time": 3.164155960083008, "Z_threshold0.15_of": 31688.556784247037, "Z_threshold0.15_time": 2.3115668296813965, "Z_threshold0.2_of": 31178.44629821765, "Z_threshold0.2_time": 1.263122797012329, "Z_threshold0.25_of": 30996.365119294685, "Z_threshold0.25_time": 1.2495267391204834}