{"name": "S_900_250_11748.123.json", "BaldoML_of": 31116.280099065618, "BaldoML_time": 0.9690210819244385, "BaldoGA_of": 30224.39621646423, "BaldoGA_time": 6.546976327896118, "Solver_of": 32028.46445023958, "Solver_time": 734.4176063537598, "Z_threshold0.05_of": 31971.98877392011, "Z_threshold0.05_time": 5.954999208450317, "Z_threshold0.1_of": 31745.9020554899, "Z_threshold0.1_time": 6.0431227684021, "Z_threshold0.15_of": 31623.198021499058, "Z_threshold0.15_time": 4.080153942108154, "Z_threshold0.2_of": 31108.377319629843, "Z_threshold0.2_time": 2.5415406227111816, "Z_threshold0.25_of": 30299.907780176207, "Z_threshold0.25_time": 1.1638076305389404}