{"name": "S_900_514_11371.844.json", "BaldoML_of": 30742.87572916393, "BaldoML_time": 0.8961217403411865, "BaldoGA_of": 30583.782569088024, "BaldoGA_time": 20.861886024475098, "Solver_of": 31462.56153978187, "Solver_time": 528.7473754882812, "Z_threshold0.05_of": 30939.291827151555, "Z_threshold0.05_time": 1.8764476776123047}