{"name": "S_900_231_5732.479.json", "BaldoML_of": 23098.79863907122, "BaldoML_time": 1.658642292022705, "BaldoGA_of": 22266.157846331826, "BaldoGA_time": 5.764842748641968, "Solver_of": 23302.482886111204, "Solver_time": 13.66611361503601, "Z_threshold0.05_of": 23261.91069923868, "Z_threshold0.05_time": 3.8482859134674072}