{"name": "S_900_216_5717.217.json", "BaldoML_of": 23236.174346144002, "BaldoML_time": 2.6758151054382324, "BaldoGA_of": 22494.91758038593, "BaldoGA_time": 5.239455461502075, "Solver_of": 23428.51314725377, "Solver_time": 12.367696046829224, "Z_threshold0.05_of": 23369.92816123146, "Z_threshold0.05_time": 3.3648629188537598, "Z_threshold0.1_of": 23268.887425636312, "Z_threshold0.1_time": 2.1776633262634277, "Z_threshold0.15_of": 23078.450910660213, "Z_threshold0.15_time": 1.797720193862915, "Z_threshold0.2_of": 22831.87893996243, "Z_threshold0.2_time": 1.378485918045044}