{"name": "S_900_211_11566.661.json", "BaldoML_of": 33806.738636918264, "BaldoML_time": 1.844252347946167, "BaldoGA_of": 32638.630309202563, "BaldoGA_time": 11.46994948387146, "Solver_of": 34263.057397466306, "Solver_time": 174.27449202537537, "Z_threshold0.05_of": 34154.01420584186, "Z_threshold0.05_time": 5.025465250015259, "Z_threshold0.1_of": 34206.78754040569, "Z_threshold0.1_time": 3.4713029861450195, "Z_threshold0.15_of": 34145.053882577, "Z_threshold0.15_time": 2.9072866439819336, "Z_threshold0.2_of": 34021.803276526574, "Z_threshold0.2_time": 2.5569417476654053, "Z_threshold0.25_of": 33994.65628731865, "Z_threshold0.25_time": 1.9765796661376953, "Z_threshold0.3_of": 33767.285898320435, "Z_threshold0.3_time": 1.4607045650482178, "Z_threshold0.35_of": 33593.6164794004, "Z_threshold0.35_time": 0.5926194190979004, "Z_threshold0.4_of": 33327.36029008141, "Z_threshold0.4_time": 0.5908529758453369, "Z_threshold0.45_of": 32871.987622277535, "Z_threshold0.45_time": 0.5887436866760254, "Z_threshold0.5_of": 32525.306882509234, "Z_threshold0.5_time": 0.5964145660400391}