{"name": "S_900_509_5642.86.json", "BaldoML_of": 22520.997392314635, "BaldoML_time": 0.6157827377319336, "BaldoGA_of": 22337.80747846544, "BaldoGA_time": 4.900365591049194, "Solver_of": 22835.74854537646, "Solver_time": 10.000627994537354, "Z_threshold0.05_of": 22337.96644553673, "Z_threshold0.05_time": 1.227952480316162}