{"name": "S_900_231_11641.783.json", "BaldoML_of": 32872.96431476407, "BaldoML_time": 2.1131696701049805, "BaldoGA_of": 31695.242707168843, "BaldoGA_time": 11.037601470947266, "Solver_of": 33640.9156387578, "Solver_time": 178.80796766281128, "Z_threshold0.05_of": 33603.12324715533, "Z_threshold0.05_time": 6.746658086776733, "Z_threshold0.1_of": 33348.205280389804, "Z_threshold0.1_time": 4.1602184772491455, "Z_threshold0.15_of": 33239.85467831565, "Z_threshold0.15_time": 3.8200173377990723, "Z_threshold0.2_of": 33091.24946794078, "Z_threshold0.2_time": 3.3400022983551025, "Z_threshold0.25_of": 32828.68371403951, "Z_threshold0.25_time": 2.2626953125}