{"name": "S_900_414_11220.514.json", "BaldoML_of": 30631.01924235739, "BaldoML_time": 1.0352082252502441, "BaldoGA_of": 30295.209138310413, "BaldoGA_time": 9.615164041519165, "Solver_of": 31561.835895132455, "Solver_time": 864.3564240932465, "Z_threshold0.05_of": 31319.932109037145, "Z_threshold0.05_time": 6.949317932128906, "Z_threshold0.1_of": 30872.023429031517, "Z_threshold0.1_time": 2.790320634841919, "Z_threshold0.15_of": 30523.495157171717, "Z_threshold0.15_time": 1.7147436141967773, "Z_threshold0.2_of": 29816.906463719937, "Z_threshold0.2_time": 1.192636251449585, "Z_threshold0.25_of": 29267.58806868715, "Z_threshold0.25_time": 1.263258934020996}