{"name": "S_900_377_7623.795.json", "BaldoML_of": 24230.50795186495, "BaldoML_time": 1.486107349395752, "BaldoGA_of": 23687.277127471578, "BaldoGA_time": 9.708091259002686, "Solver_of": 24518.24050117095, "Solver_time": 144.99040293693542, "Z_threshold0.05_of": 24306.710141611446, "Z_threshold0.05_time": 3.783538579940796, "Z_threshold0.1_of": 24014.97573646458, "Z_threshold0.1_time": 1.3390882015228271, "Z_threshold0.15_of": 22856.373415065023, "Z_threshold0.15_time": 1.0982246398925781, "Z_threshold0.2_of": 22499.818903856027, "Z_threshold0.2_time": 1.115860939025879, "Z_threshold0.25_of": 22361.133311684374, "Z_threshold0.25_time": 1.0949640274047852}