{"name": "S_900_492_5795.842.json", "BaldoML_of": 22365.19673868816, "BaldoML_time": 2.0608131885528564, "BaldoGA_of": 21884.2165379438, "BaldoGA_time": 4.568233013153076, "Solver_of": 22436.145889966734, "Solver_time": 9.504180908203125, "Z_threshold0.05_of": 22110.547767666365, "Z_threshold0.05_time": 1.5194110870361328, "Z_threshold0.1_of": 22110.547767666365, "Z_threshold0.1_time": 1.4817111492156982, "Z_threshold0.15_of": 22110.547767666365, "Z_threshold0.15_time": 1.4735474586486816, "Z_threshold0.2_of": 22110.547767666365, "Z_threshold0.2_time": 1.5418579578399658, "Z_threshold0.25_of": 22110.547767666365, "Z_threshold0.25_time": 1.5152587890625, "Z_threshold0.3_of": 22110.547767666365, "Z_threshold0.3_time": 1.523346185684204, "Z_threshold0.35_of": 22110.547767666365, "Z_threshold0.35_time": 1.555776596069336, "Z_threshold0.4_of": 22110.547767666365, "Z_threshold0.4_time": 1.5447022914886475, "Z_threshold0.45_of": 22110.547767666365, "Z_threshold0.45_time": 1.5132324695587158, "Z_threshold0.5_of": 22110.547767666365, "Z_threshold0.5_time": 1.5446765422821045}