{"name": "S_900_498_5809.953.json", "BaldoML_of": 22419.315880325354, "BaldoML_time": 2.074575901031494, "BaldoGA_of": 21619.31835518354, "BaldoGA_time": 4.724658250808716, "Solver_of": 22497.205303691833, "Solver_time": 10.31098198890686, "Z_threshold0.05_of": 22016.439999241982, "Z_threshold0.05_time": 1.3869593143463135, "Z_threshold0.1_of": 22016.439999241982, "Z_threshold0.1_time": 1.5111463069915771, "Z_threshold0.15_of": 22016.439999241982, "Z_threshold0.15_time": 1.3826282024383545, "Z_threshold0.2_of": 22016.439999241982, "Z_threshold0.2_time": 1.390171766281128, "Z_threshold0.25_of": 22016.439999241982, "Z_threshold0.25_time": 1.450634241104126, "Z_threshold0.3_of": 22016.439999241982, "Z_threshold0.3_time": 1.4596376419067383, "Z_threshold0.35_of": 22016.439999241982, "Z_threshold0.35_time": 1.4664862155914307, "Z_threshold0.4_of": 22016.439999241982, "Z_threshold0.4_time": 1.4400007724761963, "Z_threshold0.45_of": 22016.439999241982, "Z_threshold0.45_time": 1.4623417854309082, "Z_threshold0.5_of": 21961.34791150495, "Z_threshold0.5_time": 1.387014627456665}