{"name": "S_900_414_5539.836.json", "BaldoML_of": 23153.933506655532, "BaldoML_time": 0.6846747398376465, "BaldoGA_of": 22858.223777661384, "BaldoGA_time": 11.286301374435425, "Solver_of": 23458.436993670395, "Solver_time": 8.945520639419556, "Z_threshold0.05_of": 22603.99631689748, "Z_threshold0.05_time": 0.5511534214019775, "Z_threshold0.1_of": 22603.99631689748, "Z_threshold0.1_time": 0.548823356628418, "Z_threshold0.15_of": 22603.99631689748, "Z_threshold0.15_time": 0.5408270359039307, "Z_threshold0.2_of": 22603.99631689748, "Z_threshold0.2_time": 0.5463075637817383, "Z_threshold0.25_of": 22603.99631689748, "Z_threshold0.25_time": 0.6107826232910156, "Z_threshold0.3_of": 22603.99631689748, "Z_threshold0.3_time": 0.5407323837280273, "Z_threshold0.35_of": 22603.99631689748, "Z_threshold0.35_time": 0.5421106815338135, "Z_threshold0.4_of": 22603.99631689748, "Z_threshold0.4_time": 0.542471170425415, "Z_threshold0.45_of": 22603.99631689748, "Z_threshold0.45_time": 0.5435662269592285, "Z_threshold0.5_of": 22603.99631689748, "Z_threshold0.5_time": 0.5413813591003418}