{"name": "S_900_412_7675.197.json", "BaldoML_of": 24289.366671536965, "BaldoML_time": 0.7536017894744873, "BaldoGA_of": 23941.287541878883, "BaldoGA_time": 11.352288007736206, "Solver_of": 24789.893703718433, "Solver_time": 23.989909887313843, "Z_threshold0.05_of": 24192.742959734762, "Z_threshold0.05_time": 1.242021083831787}