{"name": "S_900_369_5818.759.json", "BaldoML_of": 21230.103688950818, "BaldoML_time": 0.8755359649658203, "BaldoGA_of": 20846.967185144214, "BaldoGA_time": 11.426214933395386, "Solver_of": 21547.273283180573, "Solver_time": 17.82604146003723, "Z_threshold0.05_of": 20938.206315480133, "Z_threshold0.05_time": 1.2435636520385742, "Z_threshold0.1_of": 20073.025902764297, "Z_threshold0.1_time": 1.2494218349456787, "Z_threshold0.15_of": 20004.88569033684, "Z_threshold0.15_time": 1.154862880706787, "Z_threshold0.2_of": 19980.0463324887, "Z_threshold0.2_time": 1.1609220504760742}