{"name": "S_900_434_5858.817.json", "BaldoML_of": 21643.716177945873, "BaldoML_time": 0.5911757946014404, "BaldoGA_of": 21338.58332511255, "BaldoGA_time": 4.079997539520264, "Solver_of": 22055.915444799317, "Solver_time": 10.023509740829468, "Z_threshold0.05_of": 21354.11230472114, "Z_threshold0.05_time": 1.0285687446594238}