{"name": "S_900_231_11641.783.json", "BaldoML_of": 32872.96431476407, "BaldoML_time": 2.1131696701049805, "BaldoGA_of": 31695.242707168843, "BaldoGA_time": 11.037601470947266, "Solver_of": 33640.9156387578, "Solver_time": 178.80796766281128, "Z_threshold0.05_of": 33603.123247155316, "Z_threshold0.05_time": 4.35444188117981}