{"name": "S_900_490_5676.093.json", "BaldoML_of": 21646.41458076422, "BaldoML_time": 0.6102879047393799, "BaldoGA_of": 21295.55432682195, "BaldoGA_time": 3.684263229370117, "Solver_of": 22054.342920091556, "Solver_time": 5.990952014923096, "Z_threshold0.05_of": 21313.401004207695, "Z_threshold0.05_time": 1.1247353553771973, "Z_threshold0.1_of": 21313.401004207695, "Z_threshold0.1_time": 1.1279287338256836, "Z_threshold0.15_of": 21313.401004207695, "Z_threshold0.15_time": 1.1174042224884033, "Z_threshold0.2_of": 21313.401004207695, "Z_threshold0.2_time": 1.1197428703308105}