{"name": "S_900_186_11533.625.json", "BaldoML_of": 34479.267275623, "BaldoML_time": 2.7002391815185547, "BaldoGA_of": 33395.46716529956, "BaldoGA_time": 5.891942024230957, "Solver_of": 35108.40627889157, "Solver_time": 549.7062919139862, "Z_threshold0.05_of": 34948.931337180984, "Z_threshold0.05_time": 12.347051858901978}