{"name": "S_900_516_7554.983.json", "BaldoML_of": 25864.470198652103, "BaldoML_time": 0.8648631572723389, "BaldoGA_of": 25521.756448890235, "BaldoGA_time": 5.4047815799713135, "Solver_of": 26169.612712831506, "Solver_time": 11.250086307525635, "Z_threshold0.05_of": 25548.016292293272, "Z_threshold0.05_time": 1.2083256244659424, "Z_threshold0.1_of": 25548.016292293272, "Z_threshold0.1_time": 1.2076914310455322, "Z_threshold0.15_of": 25548.016292293272, "Z_threshold0.15_time": 1.2908594608306885, "Z_threshold0.2_of": 25548.016292293272, "Z_threshold0.2_time": 1.1909513473510742}