{"name": "S_900_520_5778.629.json", "BaldoML_of": 21005.84341361878, "BaldoML_time": 0.7238574028015137, "BaldoGA_of": 20817.901652192933, "BaldoGA_time": 3.725064277648926, "Solver_of": 21358.694424729016, "Solver_time": 8.051385402679443, "Z_threshold0.05_of": 20982.49421067735, "Z_threshold0.05_time": 0.6499321460723877, "Z_threshold0.1_of": 20982.49421067735, "Z_threshold0.1_time": 0.5722963809967041, "Z_threshold0.15_of": 20982.49421067735, "Z_threshold0.15_time": 0.5613887310028076, "Z_threshold0.2_of": 20982.49421067735, "Z_threshold0.2_time": 0.5646803379058838, "Z_threshold0.25_of": 20982.49421067735, "Z_threshold0.25_time": 0.5607376098632812, "Z_threshold0.3_of": 20982.49421067735, "Z_threshold0.3_time": 0.6639411449432373, "Z_threshold0.35_of": 20982.49421067735, "Z_threshold0.35_time": 0.5742661952972412, "Z_threshold0.4_of": 20982.49421067735, "Z_threshold0.4_time": 0.6156866550445557, "Z_threshold0.45_of": 20982.49421067735, "Z_threshold0.45_time": 0.5676610469818115, "Z_threshold0.5_of": 20982.49421067735, "Z_threshold0.5_time": 0.5606434345245361}