{"name": "S_900_432_11593.535.json", "BaldoML_of": 31602.48794300617, "BaldoML_time": 1.1427369117736816, "BaldoGA_of": 31151.372643116283, "BaldoGA_time": 14.64801812171936, "Solver_of": 32201.210641362522, "Solver_time": 754.6583006381989, "Z_threshold0.05_of": 32108.796073637346, "Z_threshold0.05_time": 8.294162034988403}