{"name": "S_900_523_5673.575.json", "BaldoML_of": 22883.53218926052, "BaldoML_time": 1.3305864334106445, "BaldoGA_of": 22176.4395792238, "BaldoGA_time": 4.689018487930298, "Solver_of": 22941.629647759903, "Solver_time": 7.6592206954956055, "Z_threshold0.05_of": 22606.05224478465, "Z_threshold0.05_time": 1.4833128452301025, "Z_threshold0.1_of": 22548.412382062405, "Z_threshold0.1_time": 1.4010119438171387, "Z_threshold0.15_of": 22548.412382062405, "Z_threshold0.15_time": 1.4420475959777832, "Z_threshold0.2_of": 22548.412382062405, "Z_threshold0.2_time": 1.3887574672698975, "Z_threshold0.25_of": 22548.412382062405, "Z_threshold0.25_time": 1.4171853065490723, "Z_threshold0.3_of": 22548.412382062405, "Z_threshold0.3_time": 1.398813247680664, "Z_threshold0.35_of": 22548.412382062405, "Z_threshold0.35_time": 1.4279675483703613, "Z_threshold0.4_of": 22548.412382062405, "Z_threshold0.4_time": 1.4058313369750977, "Z_threshold0.45_of": 22548.412382062405, "Z_threshold0.45_time": 1.453752040863037, "Z_threshold0.5_of": 22548.412382062405, "Z_threshold0.5_time": 1.493781566619873}