{"name": "S_900_242_11579.383.json", "BaldoML_of": 32074.412770114337, "BaldoML_time": 1.6143224239349365, "BaldoGA_of": 31306.473897915293, "BaldoGA_time": 9.866892099380493, "Solver_of": 32904.67039339942, "Solver_time": 274.8738875389099, "Z_threshold0.05_of": 32829.707324536575, "Z_threshold0.05_time": 8.775054216384888}