{"name": "S_900_304_5572.391.json", "BaldoML_of": 22622.164383269916, "BaldoML_time": 1.194589376449585, "BaldoGA_of": 22242.569846322254, "BaldoGA_time": 7.901611566543579, "Solver_of": 22732.89839621588, "Solver_time": 39.81449484825134, "Z_threshold0.05_of": 22557.612851110378, "Z_threshold0.05_time": 1.9704210758209229, "Z_threshold0.1_of": 22113.585292496908, "Z_threshold0.1_time": 1.1358709335327148, "Z_threshold0.15_of": 21781.67841678539, "Z_threshold0.15_time": 1.1312313079833984, "Z_threshold0.2_of": 21130.302283269626, "Z_threshold0.2_time": 1.167271375656128, "Z_threshold0.25_of": 20901.694284888086, "Z_threshold0.25_time": 1.158245325088501}