{"name": "S_900_282_11626.515.json", "BaldoML_of": 32524.182155627936, "BaldoML_time": 1.091923475265503, "BaldoGA_of": 31120.727482549668, "BaldoGA_time": 5.710571527481079, "Solver_of": 33347.80074005256, "Solver_time": 223.55602359771729, "Z_threshold0.05_of": 33282.839928003326, "Z_threshold0.05_time": 3.561854839324951, "Z_threshold0.1_of": 33058.815798588, "Z_threshold0.1_time": 3.793571949005127, "Z_threshold0.15_of": 32788.41354545369, "Z_threshold0.15_time": 3.3683598041534424, "Z_threshold0.2_of": 32604.739704150736, "Z_threshold0.2_time": 2.145298957824707, "Z_threshold0.25_of": 32004.57833840937, "Z_threshold0.25_time": 1.143526554107666}