{"name": "S_900_440_5632.302.json", "BaldoML_of": 22553.137469514502, "BaldoML_time": 0.8806052207946777, "BaldoGA_of": 22339.977277907317, "BaldoGA_time": 3.663689136505127, "Solver_of": 22887.73614452418, "Solver_time": 6.2890331745147705, "Z_threshold0.05_of": 22320.621050520196, "Z_threshold0.05_time": 1.1688048839569092, "Z_threshold0.1_of": 22320.621050520196, "Z_threshold0.1_time": 1.167428731918335, "Z_threshold0.15_of": 22320.621050520196, "Z_threshold0.15_time": 1.090118408203125, "Z_threshold0.2_of": 22320.621050520196, "Z_threshold0.2_time": 1.0840890407562256}