{"name": "S_900_409_7515.61.json", "BaldoML_of": 25327.64797610681, "BaldoML_time": 0.873842716217041, "BaldoGA_of": 24831.636714453623, "BaldoGA_time": 13.529740571975708, "Solver_of": 25809.4553385474, "Solver_time": 93.72576379776001, "Z_threshold0.05_of": 25296.437446585023, "Z_threshold0.05_time": 1.527923345565796, "Z_threshold0.1_of": 24311.972362248373, "Z_threshold0.1_time": 1.146409034729004, "Z_threshold0.15_of": 23786.553804479154, "Z_threshold0.15_time": 1.1406683921813965, "Z_threshold0.2_of": 23573.58083759496, "Z_threshold0.2_time": 1.222283124923706, "Z_threshold0.25_of": 23532.055987194013, "Z_threshold0.25_time": 1.1391949653625488}