{"name": "S_900_499_7474.948.json", "BaldoML_of": 26544.17367358978, "BaldoML_time": 0.7456943988800049, "BaldoGA_of": 26291.448463043565, "BaldoGA_time": 6.999545097351074, "Solver_of": 26906.666248039783, "Solver_time": 9.335564851760864, "Z_threshold0.05_of": 26305.396735679315, "Z_threshold0.05_time": 1.1828858852386475, "Z_threshold0.1_of": 26305.396735679315, "Z_threshold0.1_time": 1.1852197647094727, "Z_threshold0.15_of": 26305.396735679315, "Z_threshold0.15_time": 1.1784346103668213, "Z_threshold0.2_of": 26305.396735679315, "Z_threshold0.2_time": 1.2584505081176758, "Z_threshold0.25_of": 26305.396735679315, "Z_threshold0.25_time": 1.1918773651123047}