{"name": "S_900_189_11431.379.json", "BaldoML_of": 33827.84323235757, "BaldoML_time": 2.48915433883667, "BaldoGA_of": 32780.34137569098, "BaldoGA_time": 11.79903793334961, "Solver_of": 34355.95347877484, "Solver_time": 309.36788415908813, "Z_threshold0.05_of": 34252.273453683585, "Z_threshold0.05_time": 15.068339109420776, "Z_threshold0.1_of": 34223.218294757215, "Z_threshold0.1_time": 10.883925914764404, "Z_threshold0.15_of": 34184.203755595816, "Z_threshold0.15_time": 7.909144401550293, "Z_threshold0.2_of": 34060.41225609986, "Z_threshold0.2_time": 3.5238523483276367, "Z_threshold0.25_of": 33915.02304594987, "Z_threshold0.25_time": 2.9062068462371826, "Z_threshold0.3_of": 33865.177112959485, "Z_threshold0.3_time": 2.5022976398468018, "Z_threshold0.35_of": 33729.21792101296, "Z_threshold0.35_time": 1.3509392738342285, "Z_threshold0.4_of": 33677.18224615172, "Z_threshold0.4_time": 1.4477293491363525, "Z_threshold0.45_of": 33600.49817440089, "Z_threshold0.45_time": 0.8772745132446289, "Z_threshold0.5_of": 33307.870279851464, "Z_threshold0.5_time": 0.5947341918945312}