{"name": "S_900_539_5920.798.json", "BaldoML_of": 21651.594759225, "BaldoML_time": 0.7403891086578369, "BaldoGA_of": 21349.08924780434, "BaldoGA_time": 4.541853666305542, "Solver_of": 21996.96606671053, "Solver_time": 5.702569246292114, "Z_threshold0.05_of": 21570.806792961288, "Z_threshold0.05_time": 0.569242000579834, "Z_threshold0.1_of": 21570.806792961288, "Z_threshold0.1_time": 0.5627017021179199, "Z_threshold0.15_of": 21570.806792961288, "Z_threshold0.15_time": 0.5833535194396973, "Z_threshold0.2_of": 21570.806792961288, "Z_threshold0.2_time": 0.6140518188476562, "Z_threshold0.25_of": 21570.806792961288, "Z_threshold0.25_time": 0.5717568397521973, "Z_threshold0.3_of": 21570.806792961288, "Z_threshold0.3_time": 0.5717017650604248, "Z_threshold0.35_of": 21570.806792961288, "Z_threshold0.35_time": 0.5728795528411865, "Z_threshold0.4_of": 21570.806792961288, "Z_threshold0.4_time": 0.5732448101043701, "Z_threshold0.45_of": 21570.806792961288, "Z_threshold0.45_time": 0.5701084136962891, "Z_threshold0.5_of": 21570.806792961288, "Z_threshold0.5_time": 0.6051571369171143}