{"name": "S_900_267_7764.47.json", "BaldoML_of": 25832.307183144916, "BaldoML_time": 1.4045660495758057, "BaldoGA_of": 25127.62639648045, "BaldoGA_time": 7.224135875701904, "Solver_of": 26460.228514211223, "Solver_time": 34.0893280506134, "Z_threshold0.05_of": 26393.820891624262, "Z_threshold0.05_time": 3.8716881275177, "Z_threshold0.1_of": 25959.72334083291, "Z_threshold0.1_time": 1.9223713874816895, "Z_threshold0.15_of": 25692.137352985672, "Z_threshold0.15_time": 1.8876001834869385, "Z_threshold0.2_of": 25397.87763359789, "Z_threshold0.2_time": 1.5082182884216309}