{"name": "S_900_314_11323.867.json", "BaldoML_of": 31766.145453513895, "BaldoML_time": 0.9114408493041992, "BaldoGA_of": 30661.538621883756, "BaldoGA_time": 11.258714437484741, "Solver_of": 32577.205281006347, "Solver_time": 358.3654501438141, "Z_threshold0.05_of": 32534.442072903566, "Z_threshold0.05_time": 4.032119512557983, "Z_threshold0.1_of": 32463.06994646705, "Z_threshold0.1_time": 3.3679158687591553, "Z_threshold0.15_of": 32249.166417563865, "Z_threshold0.15_time": 1.8680713176727295, "Z_threshold0.2_of": 31999.96356008859, "Z_threshold0.2_time": 1.4733185768127441, "Z_threshold0.25_of": 31796.30156729805, "Z_threshold0.25_time": 0.7425551414489746, "Z_threshold0.3_of": 31601.014563902536, "Z_threshold0.3_time": 0.5892574787139893, "Z_threshold0.35_of": 31316.61711573413, "Z_threshold0.35_time": 0.5903229713439941, "Z_threshold0.4_of": 31110.094491112068, "Z_threshold0.4_time": 0.5766546726226807, "Z_threshold0.45_of": 30881.258569393063, "Z_threshold0.45_time": 0.5830299854278564, "Z_threshold0.5_of": 30731.7808031782, "Z_threshold0.5_time": 0.6077096462249756}