{"name": "S_900_514_11371.844.json", "BaldoML_of": 30742.87572916393, "BaldoML_time": 0.8961217403411865, "BaldoGA_of": 30583.782569088024, "BaldoGA_time": 20.861886024475098, "Solver_of": 31462.56153978187, "Solver_time": 528.7473754882812, "Z_threshold0.05_of": 30648.69056236628, "Z_threshold0.05_time": 0.5837526321411133, "Z_threshold0.1_of": 30509.471213871886, "Z_threshold0.1_time": 0.5766627788543701, "Z_threshold0.15_of": 30509.471213871886, "Z_threshold0.15_time": 0.575592041015625, "Z_threshold0.2_of": 30509.471213871886, "Z_threshold0.2_time": 0.5881428718566895, "Z_threshold0.25_of": 30509.471213871886, "Z_threshold0.25_time": 0.5822591781616211, "Z_threshold0.3_of": 30509.471213871886, "Z_threshold0.3_time": 0.5810861587524414, "Z_threshold0.35_of": 30509.471213871886, "Z_threshold0.35_time": 0.5763111114501953, "Z_threshold0.4_of": 30509.471213871886, "Z_threshold0.4_time": 0.5762331485748291, "Z_threshold0.45_of": 30509.471213871886, "Z_threshold0.45_time": 0.5707697868347168, "Z_threshold0.5_of": 30509.471213871886, "Z_threshold0.5_time": 0.5738284587860107}