{"name": "S_900_267_11689.221.json", "BaldoML_of": 32245.044677953694, "BaldoML_time": 30.80853796005249, "BaldoGA_of": 30776.478665916336, "BaldoGA_time": 10.059276819229126, "Solver_of": 32248.3736252068, "Solver_time": 225.47471499443054, "Z_threshold0.05_of": 32082.779509832315, "Z_threshold0.05_time": 10.07863450050354, "Z_threshold0.1_of": 31990.652639675376, "Z_threshold0.1_time": 4.315174341201782, "Z_threshold0.15_of": 31927.216218088273, "Z_threshold0.15_time": 2.9233973026275635, "Z_threshold0.2_of": 31839.50585042826, "Z_threshold0.2_time": 3.365812301635742, "Z_threshold0.25_of": 31642.678618868264, "Z_threshold0.25_time": 2.2704367637634277, "Z_threshold0.3_of": 31499.199998767577, "Z_threshold0.3_time": 1.637878656387329, "Z_threshold0.35_of": 31243.385679211835, "Z_threshold0.35_time": 1.5355300903320312, "Z_threshold0.4_of": 30988.74998224951, "Z_threshold0.4_time": 1.482872486114502, "Z_threshold0.45_of": 30913.44768266784, "Z_threshold0.45_time": 1.4569408893585205, "Z_threshold0.5_of": 30802.8633154465, "Z_threshold0.5_time": 1.4714081287384033}