{"name": "S_900_485_11728.775.json", "BaldoML_of": 28928.22130980157, "BaldoML_time": 0.8750388622283936, "BaldoGA_of": 28563.805348245118, "BaldoGA_time": 16.673375844955444, "Solver_of": 29853.585498946442, "Solver_time": 1120.6458282470703, "Z_threshold0.05_of": 29572.79775597917, "Z_threshold0.05_time": 4.55521559715271}