{"name": "S_900_502_11886.785.json", "BaldoML_of": 29917.619463496558, "BaldoML_time": 0.8539609909057617, "BaldoGA_of": 29665.336861922773, "BaldoGA_time": 19.600841522216797, "Solver_of": 30574.945997435545, "Solver_time": 768.0163109302521, "Z_threshold0.05_of": 30181.00836052272, "Z_threshold0.05_time": 2.1573591232299805, "Z_threshold0.1_of": 28926.82878452016, "Z_threshold0.1_time": 1.2180733680725098, "Z_threshold0.15_of": 28593.22669133537, "Z_threshold0.15_time": 1.2170524597167969, "Z_threshold0.2_of": 28406.694395015373, "Z_threshold0.2_time": 1.2131845951080322}