{"name": "S_900_539_11822.464.json", "BaldoML_of": 29524.00588997335, "BaldoML_time": 0.732215166091919, "BaldoGA_of": 29145.400918400937, "BaldoGA_time": 25.82588529586792, "Solver_of": 30023.88967087285, "Solver_time": 216.57512998580933, "Z_threshold0.05_of": 29126.148058746407, "Z_threshold0.05_time": 1.0489509105682373}