{"name": "S_900_420_5740.194.json", "BaldoML_of": 22343.042030139302, "BaldoML_time": 0.6526610851287842, "BaldoGA_of": 22153.344159769757, "BaldoGA_time": 12.19113039970398, "Solver_of": 22727.22851733509, "Solver_time": 14.354089498519897, "Z_threshold0.05_of": 21945.410092790164, "Z_threshold0.05_time": 0.5488183498382568, "Z_threshold0.1_of": 21945.410092790164, "Z_threshold0.1_time": 0.5391650199890137, "Z_threshold0.15_of": 21897.91482088996, "Z_threshold0.15_time": 0.5390291213989258, "Z_threshold0.2_of": 21897.91482088996, "Z_threshold0.2_time": 0.5336105823516846, "Z_threshold0.25_of": 21897.91482088996, "Z_threshold0.25_time": 0.5356457233428955, "Z_threshold0.3_of": 21897.91482088996, "Z_threshold0.3_time": 0.5340573787689209, "Z_threshold0.35_of": 21897.91482088996, "Z_threshold0.35_time": 0.5701746940612793, "Z_threshold0.4_of": 21897.91482088996, "Z_threshold0.4_time": 0.5358419418334961, "Z_threshold0.45_of": 21897.91482088996, "Z_threshold0.45_time": 0.5355279445648193, "Z_threshold0.5_of": 21897.91482088996, "Z_threshold0.5_time": 0.535210371017456}