{"name": "S_900_474_11548.756.json", "BaldoML_of": 30444.137583523374, "BaldoML_time": 1.2242522239685059, "BaldoGA_of": 30110.151056263778, "BaldoGA_time": 20.018251180648804, "Solver_of": 31113.664547247594, "Solver_time": 1336.0644788742065, "Z_threshold0.05_of": 30576.13421784412, "Z_threshold0.05_time": 3.258657693862915, "Z_threshold0.1_of": 29686.477850518942, "Z_threshold0.1_time": 1.2275638580322266, "Z_threshold0.15_of": 29089.34841283092, "Z_threshold0.15_time": 1.1446213722229004, "Z_threshold0.2_of": 28718.534820785368, "Z_threshold0.2_time": 1.212918758392334}