{"name": "S_900_507_7495.927.json", "BaldoML_of": 25993.90986982671, "BaldoML_time": 0.6434047222137451, "BaldoGA_of": 25566.229918009343, "BaldoGA_time": 5.387675523757935, "Solver_of": 26379.751389221707, "Solver_time": 16.373406410217285, "Z_threshold0.05_of": 25576.65957491676, "Z_threshold0.05_time": 1.217231273651123, "Z_threshold0.1_of": 25576.65957491676, "Z_threshold0.1_time": 1.2100379467010498, "Z_threshold0.15_of": 25576.65957491676, "Z_threshold0.15_time": 1.2180979251861572, "Z_threshold0.2_of": 25576.65957491676, "Z_threshold0.2_time": 1.2993676662445068, "Z_threshold0.25_of": 25576.65957491676, "Z_threshold0.25_time": 1.212622880935669}