{"name": "S_900_351_11460.682.json", "BaldoML_of": 30899.980692100973, "BaldoML_time": 1.2582416534423828, "BaldoGA_of": 30304.794862120856, "BaldoGA_time": 11.260766983032227, "Solver_of": 31629.30883973597, "Solver_time": 591.2115440368652, "Z_threshold0.05_of": 31490.643226976248, "Z_threshold0.05_time": 4.3116021156311035, "Z_threshold0.1_of": 31345.74039271198, "Z_threshold0.1_time": 2.45499587059021, "Z_threshold0.15_of": 31176.893677002532, "Z_threshold0.15_time": 1.0674824714660645, "Z_threshold0.2_of": 31090.88544073224, "Z_threshold0.2_time": 0.876133918762207, "Z_threshold0.25_of": 30961.254667282592, "Z_threshold0.25_time": 0.6537349224090576, "Z_threshold0.3_of": 30536.38152028185, "Z_threshold0.3_time": 0.666771650314331, "Z_threshold0.35_of": 30253.79828712044, "Z_threshold0.35_time": 0.6531195640563965, "Z_threshold0.4_of": 30044.29085995188, "Z_threshold0.4_time": 0.6457593441009521, "Z_threshold0.45_of": 29938.133742736994, "Z_threshold0.45_time": 0.6468911170959473, "Z_threshold0.5_of": 29770.52927769674, "Z_threshold0.5_time": 0.648491621017456}