{"name": "S_900_478_5805.249.json", "BaldoML_of": 22133.291714895196, "BaldoML_time": 0.617802619934082, "BaldoGA_of": 21775.11889049268, "BaldoGA_time": 4.552083253860474, "Solver_of": 22527.70652561073, "Solver_time": 15.2806396484375, "Z_threshold0.05_of": 22089.945612044903, "Z_threshold0.05_time": 0.581190824508667, "Z_threshold0.1_of": 22089.945612044903, "Z_threshold0.1_time": 0.5812156200408936, "Z_threshold0.15_of": 22089.945612044903, "Z_threshold0.15_time": 0.5738832950592041, "Z_threshold0.2_of": 22089.945612044903, "Z_threshold0.2_time": 0.5864765644073486, "Z_threshold0.25_of": 22089.945612044903, "Z_threshold0.25_time": 0.5932493209838867, "Z_threshold0.3_of": 22089.945612044903, "Z_threshold0.3_time": 0.5814917087554932, "Z_threshold0.35_of": 22089.945612044903, "Z_threshold0.35_time": 0.5769407749176025, "Z_threshold0.4_of": 22089.945612044903, "Z_threshold0.4_time": 0.5741772651672363, "Z_threshold0.45_of": 22089.945612044903, "Z_threshold0.45_time": 0.5748777389526367, "Z_threshold0.5_of": 22089.945612044903, "Z_threshold0.5_time": 0.5721797943115234}