{"name": "S_900_257_5731.755.json", "BaldoML_of": 22609.17853639419, "BaldoML_time": 1.4144916534423828, "BaldoGA_of": 22021.603884823224, "BaldoGA_time": 6.7818121910095215, "Solver_of": 22766.51829326359, "Solver_time": 61.63826251029968, "Z_threshold0.05_of": 22660.310432036862, "Z_threshold0.05_time": 4.293195724487305, "Z_threshold0.1_of": 22423.816068518685, "Z_threshold0.1_time": 1.685582160949707, "Z_threshold0.15_of": 22190.51976424865, "Z_threshold0.15_time": 1.6610231399536133, "Z_threshold0.2_of": 21837.90612924369, "Z_threshold0.2_time": 1.1850521564483643}