{"name": "S_900_314_11323.867.json", "BaldoML_of": 31766.145453513895, "BaldoML_time": 0.9114408493041992, "BaldoGA_of": 30661.538621883756, "BaldoGA_time": 11.258714437484741, "Solver_of": 32577.205281006347, "Solver_time": 358.3654501438141, "Z_threshold0.05_of": 32534.44207290355, "Z_threshold0.05_time": 5.886997938156128, "Z_threshold0.1_of": 32463.069946467007, "Z_threshold0.1_time": 3.924211025238037, "Z_threshold0.15_of": 32184.149633083653, "Z_threshold0.15_time": 2.5250134468078613, "Z_threshold0.2_of": 31691.473344996342, "Z_threshold0.2_time": 1.5969665050506592, "Z_threshold0.25_of": 30684.673233171907, "Z_threshold0.25_time": 1.1822781562805176}