{"name": "S_900_409_7515.61.json", "BaldoML_of": 25327.64797610681, "BaldoML_time": 0.873842716217041, "BaldoGA_of": 24831.636714453623, "BaldoGA_time": 13.529740571975708, "Solver_of": 25809.4553385474, "Solver_time": 93.72576379776001, "Z_threshold0.05_of": 25296.437446585023, "Z_threshold0.05_time": 1.3099889755249023}