{"name": "S_900_290_5781.085.json", "BaldoML_of": 22352.81131049715, "BaldoML_time": 1.176910638809204, "BaldoGA_of": 21844.071637972218, "BaldoGA_time": 7.771396160125732, "Solver_of": 22557.058494819063, "Solver_time": 39.625014305114746, "Z_threshold0.05_of": 22507.855095438605, "Z_threshold0.05_time": 2.313185691833496, "Z_threshold0.1_of": 22158.99604945359, "Z_threshold0.1_time": 1.0031416416168213, "Z_threshold0.15_of": 21955.833128789927, "Z_threshold0.15_time": 0.6141636371612549, "Z_threshold0.2_of": 21096.556272167625, "Z_threshold0.2_time": 0.5823822021484375, "Z_threshold0.25_of": 20858.741565872315, "Z_threshold0.25_time": 0.6005971431732178, "Z_threshold0.3_of": 20716.900152577753, "Z_threshold0.3_time": 0.5814845561981201, "Z_threshold0.35_of": 20562.220105420678, "Z_threshold0.35_time": 0.575145959854126, "Z_threshold0.4_of": 20471.864375492874, "Z_threshold0.4_time": 0.5792462825775146, "Z_threshold0.45_of": 20342.92158900866, "Z_threshold0.45_time": 0.574244499206543, "Z_threshold0.5_of": 20316.87543451715, "Z_threshold0.5_time": 0.5764787197113037}