{"name": "S_900_400_11464.719.json", "BaldoML_of": 30940.582531405904, "BaldoML_time": 1.0976839065551758, "BaldoGA_of": 30771.355866730737, "BaldoGA_time": 14.314758539199829, "Solver_of": 31928.784989099917, "Solver_time": 498.3580994606018, "Z_threshold0.05_of": 31715.14411148395, "Z_threshold0.05_time": 10.62657904624939, "Z_threshold0.1_of": 31329.110327879276, "Z_threshold0.1_time": 4.873762845993042, "Z_threshold0.15_of": 30936.85410077858, "Z_threshold0.15_time": 2.4168121814727783, "Z_threshold0.2_of": 30710.379769142914, "Z_threshold0.2_time": 1.4407954216003418, "Z_threshold0.25_of": 30095.88761133219, "Z_threshold0.25_time": 1.3051276206970215}