{"name": "S_900_357_7607.065.json", "BaldoML_of": 25967.79769644351, "BaldoML_time": 1.5859756469726562, "BaldoGA_of": 25514.223250680676, "BaldoGA_time": 12.300708293914795, "Solver_of": 26339.064952528595, "Solver_time": 160.52606010437012, "Z_threshold0.05_of": 26146.997239247936, "Z_threshold0.05_time": 1.5053176879882812, "Z_threshold0.1_of": 25800.45833418968, "Z_threshold0.1_time": 0.7520594596862793, "Z_threshold0.15_of": 25399.04030001281, "Z_threshold0.15_time": 0.6262555122375488, "Z_threshold0.2_of": 24981.674010266917, "Z_threshold0.2_time": 0.6120305061340332, "Z_threshold0.25_of": 24807.430345710418, "Z_threshold0.25_time": 0.619938850402832, "Z_threshold0.3_of": 24503.370300862054, "Z_threshold0.3_time": 0.6141064167022705, "Z_threshold0.35_of": 24417.744827665694, "Z_threshold0.35_time": 0.6172904968261719, "Z_threshold0.4_of": 24386.944755174252, "Z_threshold0.4_time": 0.646090030670166, "Z_threshold0.45_of": 24386.944755174252, "Z_threshold0.45_time": 0.6148662567138672, "Z_threshold0.5_of": 24300.86408818402, "Z_threshold0.5_time": 0.6120309829711914}