{"name": "S_900_526_5675.614.json", "BaldoML_of": 22848.462216465814, "BaldoML_time": 0.616607666015625, "BaldoGA_of": 22668.620495734813, "BaldoGA_time": 4.9099225997924805, "Solver_of": 23140.249053143783, "Solver_time": 11.301934719085693, "Z_threshold0.05_of": 22786.58081855274, "Z_threshold0.05_time": 0.5714755058288574, "Z_threshold0.1_of": 22786.58081855274, "Z_threshold0.1_time": 0.5280444622039795, "Z_threshold0.15_of": 22786.58081855274, "Z_threshold0.15_time": 0.5318024158477783, "Z_threshold0.2_of": 22786.58081855274, "Z_threshold0.2_time": 0.5306589603424072, "Z_threshold0.25_of": 22786.58081855274, "Z_threshold0.25_time": 0.540555477142334, "Z_threshold0.3_of": 22786.58081855274, "Z_threshold0.3_time": 0.5308945178985596, "Z_threshold0.35_of": 22786.58081855274, "Z_threshold0.35_time": 0.5312345027923584, "Z_threshold0.4_of": 22786.58081855274, "Z_threshold0.4_time": 0.545795202255249, "Z_threshold0.45_of": 22786.58081855274, "Z_threshold0.45_time": 0.5317270755767822, "Z_threshold0.5_of": 22786.58081855274, "Z_threshold0.5_time": 0.534682035446167}