{"name": "S_900_184_7736.035.json", "BaldoML_of": 27805.658244178783, "BaldoML_time": 1.8471202850341797, "BaldoGA_of": 26850.89774088017, "BaldoGA_time": 7.168720722198486, "Solver_of": 28024.287139945718, "Solver_time": 143.39265704154968, "Z_threshold0.05_of": 27911.286589232004, "Z_threshold0.05_time": 3.1722776889801025, "Z_threshold0.1_of": 27928.944275420043, "Z_threshold0.1_time": 3.1883456707000732, "Z_threshold0.15_of": 27894.24365409479, "Z_threshold0.15_time": 2.1665260791778564, "Z_threshold0.2_of": 27767.44445455771, "Z_threshold0.2_time": 1.827317476272583, "Z_threshold0.25_of": 27613.85463862168, "Z_threshold0.25_time": 1.3112237453460693, "Z_threshold0.3_of": 27372.124153066205, "Z_threshold0.3_time": 0.8737430572509766, "Z_threshold0.35_of": 27043.53264607103, "Z_threshold0.35_time": 0.6636192798614502, "Z_threshold0.4_of": 26469.57604629305, "Z_threshold0.4_time": 0.642042875289917, "Z_threshold0.45_of": 26061.517030197563, "Z_threshold0.45_time": 0.6114318370819092, "Z_threshold0.5_of": 25746.049865081077, "Z_threshold0.5_time": 0.5746345520019531}