{"name": "S_900_406_7755.709.json", "BaldoML_of": 25832.203072037453, "BaldoML_time": 0.8947329521179199, "BaldoGA_of": 25593.574371840903, "BaldoGA_time": 15.438361406326294, "Solver_of": 26245.47732299911, "Solver_time": 34.044554471969604, "Z_threshold0.05_of": 25718.608554819657, "Z_threshold0.05_time": 0.7314352989196777, "Z_threshold0.1_of": 25029.45916045792, "Z_threshold0.1_time": 0.6070775985717773, "Z_threshold0.15_of": 24651.199387955203, "Z_threshold0.15_time": 0.6091115474700928, "Z_threshold0.2_of": 24592.365348310042, "Z_threshold0.2_time": 0.6051757335662842, "Z_threshold0.25_of": 24569.961708229814, "Z_threshold0.25_time": 0.6045711040496826, "Z_threshold0.3_of": 24569.961708229814, "Z_threshold0.3_time": 0.6259658336639404, "Z_threshold0.35_of": 24569.961708229814, "Z_threshold0.35_time": 0.6492853164672852, "Z_threshold0.4_of": 24569.961708229814, "Z_threshold0.4_time": 0.6038885116577148, "Z_threshold0.45_of": 24569.961708229814, "Z_threshold0.45_time": 0.6025073528289795, "Z_threshold0.5_of": 24569.961708229814, "Z_threshold0.5_time": 0.6022462844848633}