{"name": "S_900_320_11407.336.json", "BaldoML_of": 32250.258218075865, "BaldoML_time": 1.4276673793792725, "BaldoGA_of": 31756.551420548563, "BaldoGA_time": 11.94893503189087, "Solver_of": 33157.75816062276, "Solver_time": 161.3666214942932, "Z_threshold0.05_of": 33065.07735036576, "Z_threshold0.05_time": 6.650270462036133, "Z_threshold0.1_of": 32750.73428581192, "Z_threshold0.1_time": 3.6231348514556885, "Z_threshold0.15_of": 32554.93395057193, "Z_threshold0.15_time": 3.2847821712493896, "Z_threshold0.2_of": 32258.43863881003, "Z_threshold0.2_time": 2.219519853591919, "Z_threshold0.25_of": 32081.08285993491, "Z_threshold0.25_time": 1.5612821578979492}