{"name": "S_900_184_7736.035.json", "BaldoML_of": 27805.658244178783, "BaldoML_time": 1.8471202850341797, "BaldoGA_of": 26850.89774088017, "BaldoGA_time": 7.168720722198486, "Solver_of": 28024.287139945718, "Solver_time": 143.39265704154968, "Z_threshold0.05_of": 27939.930244868952, "Z_threshold0.05_time": 4.274396896362305, "Z_threshold0.1_of": 27909.87165959842, "Z_threshold0.1_time": 4.139618396759033, "Z_threshold0.15_of": 27866.23381179623, "Z_threshold0.15_time": 2.8609931468963623, "Z_threshold0.2_of": 27644.38259684889, "Z_threshold0.2_time": 2.067164421081543}