{"name": "S_900_535_5791.189.json", "BaldoML_of": 21971.361001365454, "BaldoML_time": 2.3381688594818115, "BaldoGA_of": 21373.26799693959, "BaldoGA_time": 4.811313152313232, "Solver_of": 22013.889953546703, "Solver_time": 9.754985570907593, "Z_threshold0.05_of": 21619.759950192132, "Z_threshold0.05_time": 1.4656617641448975, "Z_threshold0.1_of": 21619.759950192132, "Z_threshold0.1_time": 1.454148530960083, "Z_threshold0.15_of": 21619.759950192132, "Z_threshold0.15_time": 1.4319162368774414, "Z_threshold0.2_of": 21595.447188845927, "Z_threshold0.2_time": 1.3894755840301514, "Z_threshold0.25_of": 21595.447188845927, "Z_threshold0.25_time": 1.3965651988983154, "Z_threshold0.3_of": 21595.447188845927, "Z_threshold0.3_time": 1.4126136302947998, "Z_threshold0.35_of": 21595.447188845927, "Z_threshold0.35_time": 1.4223275184631348, "Z_threshold0.4_of": 21595.447188845927, "Z_threshold0.4_time": 1.401303768157959, "Z_threshold0.45_of": 21595.447188845927, "Z_threshold0.45_time": 1.4492650032043457, "Z_threshold0.5_of": 21595.447188845927, "Z_threshold0.5_time": 1.4202842712402344}