{"name": "S_900_312_7601.908.json", "BaldoML_of": 25573.714592331344, "BaldoML_time": 1.644195318222046, "BaldoGA_of": 25029.506453366437, "BaldoGA_time": 10.070885419845581, "Solver_of": 25991.99712933322, "Solver_time": 92.65343642234802, "Z_threshold0.05_of": 25892.21225690326, "Z_threshold0.05_time": 4.053290367126465, "Z_threshold0.1_of": 25446.91194508268, "Z_threshold0.1_time": 1.8289217948913574, "Z_threshold0.15_of": 25172.249974377846, "Z_threshold0.15_time": 1.432434320449829, "Z_threshold0.2_of": 24259.28160980031, "Z_threshold0.2_time": 1.479048728942871, "Z_threshold0.25_of": 23770.630049003645, "Z_threshold0.25_time": 1.2245078086853027}