{"name": "S_900_373_7648.972.json", "BaldoML_of": 24206.66102939727, "BaldoML_time": 1.1925880908966064, "BaldoGA_of": 23814.46275845402, "BaldoGA_time": 9.270889520645142, "Solver_of": 24816.86260831905, "Solver_time": 565.4097421169281, "Z_threshold0.05_of": 24375.663583332782, "Z_threshold0.05_time": 6.205244302749634, "Z_threshold0.1_of": 23805.737000310455, "Z_threshold0.1_time": 1.4659316539764404, "Z_threshold0.15_of": 23000.115736205356, "Z_threshold0.15_time": 1.1254348754882812, "Z_threshold0.2_of": 22185.859718189917, "Z_threshold0.2_time": 1.1252243518829346}