{"name": "S_900_438_11265.475.json", "BaldoML_of": 31897.529054858656, "BaldoML_time": 0.9038693904876709, "BaldoGA_of": 31408.404160263228, "BaldoGA_time": 13.777595043182373, "Solver_of": 32591.023501410684, "Solver_time": 480.66224122047424, "Z_threshold0.05_of": 32270.35108706265, "Z_threshold0.05_time": 5.124233722686768, "Z_threshold0.1_of": 31863.788023595316, "Z_threshold0.1_time": 1.6385679244995117, "Z_threshold0.15_of": 31137.280796581537, "Z_threshold0.15_time": 1.2624328136444092, "Z_threshold0.2_of": 30328.769461409935, "Z_threshold0.2_time": 1.1733920574188232}