{"name": "S_900_227_11415.3.json", "BaldoML_of": 33124.89125563224, "BaldoML_time": 1.2578434944152832, "BaldoGA_of": 31464.997398635798, "BaldoGA_time": 6.245142936706543, "Solver_of": 34203.21051555797, "Solver_time": 333.83711886405945, "Z_threshold0.05_of": 34179.122687135925, "Z_threshold0.05_time": 5.469048023223877, "Z_threshold0.1_of": 33953.79774868832, "Z_threshold0.1_time": 6.509235382080078, "Z_threshold0.15_of": 33850.95777355739, "Z_threshold0.15_time": 5.297431468963623, "Z_threshold0.2_of": 33466.69639484407, "Z_threshold0.2_time": 3.2809135913848877}