{"name": "S_900_365_7630.234.json", "BaldoML_of": 25422.163262423095, "BaldoML_time": 1.5506222248077393, "BaldoGA_of": 25057.303739976644, "BaldoGA_time": 9.337493181228638, "Solver_of": 25939.29037218757, "Solver_time": 139.4523994922638, "Z_threshold0.05_of": 25569.005183292655, "Z_threshold0.05_time": 4.508202314376831, "Z_threshold0.1_of": 24935.651772203324, "Z_threshold0.1_time": 1.195021629333496, "Z_threshold0.15_of": 24347.780998418235, "Z_threshold0.15_time": 1.2171854972839355, "Z_threshold0.2_of": 23807.34311672116, "Z_threshold0.2_time": 1.2074847221374512}