{"name": "S_900_421_7786.186.json", "BaldoML_of": 24170.6124312544, "BaldoML_time": 0.8708212375640869, "BaldoGA_of": 23735.653060931872, "BaldoGA_time": 14.379683017730713, "Solver_of": 24564.1655478524, "Solver_time": 26.735529899597168, "Z_threshold0.05_of": 24054.24088965587, "Z_threshold0.05_time": 1.196178913116455}