{"name": "S_900_377_7623.795.json", "BaldoML_of": 24230.50795186495, "BaldoML_time": 1.486107349395752, "BaldoGA_of": 23687.277127471578, "BaldoGA_time": 9.708091259002686, "Solver_of": 24518.24050117095, "Solver_time": 144.99040293693542, "Z_threshold0.05_of": 24316.632370309828, "Z_threshold0.05_time": 1.748351812362671, "Z_threshold0.1_of": 24025.628505708566, "Z_threshold0.1_time": 0.7316536903381348, "Z_threshold0.15_of": 23373.576477586423, "Z_threshold0.15_time": 0.5679116249084473, "Z_threshold0.2_of": 22905.677356411416, "Z_threshold0.2_time": 0.5642259120941162, "Z_threshold0.25_of": 22630.945590882362, "Z_threshold0.25_time": 0.5609078407287598, "Z_threshold0.3_of": 22441.577166018185, "Z_threshold0.3_time": 0.5528631210327148, "Z_threshold0.35_of": 22314.916639955205, "Z_threshold0.35_time": 0.5549311637878418, "Z_threshold0.4_of": 22265.72051549724, "Z_threshold0.4_time": 0.5554041862487793, "Z_threshold0.45_of": 22211.31364176498, "Z_threshold0.45_time": 0.5652451515197754, "Z_threshold0.5_of": 22211.31364176498, "Z_threshold0.5_time": 0.5508990287780762}