{"name": "S_900_199_7562.0.json", "BaldoML_of": 26639.085873904, "BaldoML_time": 25.4312105178833, "BaldoGA_of": 25351.48182578111, "BaldoGA_time": 5.6917219161987305, "Solver_of": 26639.085873904, "Solver_time": 169.79182291030884, "Z_threshold0.05_of": 26611.35278193419, "Z_threshold0.05_time": 6.998666524887085, "Z_threshold0.1_of": 26552.262904406976, "Z_threshold0.1_time": 3.3610646724700928, "Z_threshold0.15_of": 26427.16979888615, "Z_threshold0.15_time": 3.571040153503418, "Z_threshold0.2_of": 26389.42537381455, "Z_threshold0.2_time": 2.5700435638427734, "Z_threshold0.25_of": 26198.7440894371, "Z_threshold0.25_time": 2.194383144378662, "Z_threshold0.3_of": 26029.90504507879, "Z_threshold0.3_time": 1.4953656196594238, "Z_threshold0.35_of": 25716.09465464561, "Z_threshold0.35_time": 1.4176232814788818, "Z_threshold0.4_of": 25330.862568674398, "Z_threshold0.4_time": 1.3876540660858154, "Z_threshold0.45_of": 24895.956531580126, "Z_threshold0.45_time": 1.3836748600006104, "Z_threshold0.5_of": 24639.117566846788, "Z_threshold0.5_time": 1.4062092304229736}