{"name": "S_900_452_5729.75.json", "BaldoML_of": 21916.60050175929, "BaldoML_time": 0.7851171493530273, "BaldoGA_of": 21490.15806544347, "BaldoGA_time": 3.636803388595581, "Solver_of": 22305.002511596544, "Solver_time": 9.049540519714355, "Z_threshold0.05_of": 21838.45951618872, "Z_threshold0.05_time": 0.650219202041626, "Z_threshold0.1_of": 21802.498197637866, "Z_threshold0.1_time": 0.5707697868347168, "Z_threshold0.15_of": 21802.498197637866, "Z_threshold0.15_time": 0.6295273303985596, "Z_threshold0.2_of": 21802.498197637866, "Z_threshold0.2_time": 0.5594484806060791, "Z_threshold0.25_of": 21802.498197637866, "Z_threshold0.25_time": 0.5651450157165527, "Z_threshold0.3_of": 21802.498197637866, "Z_threshold0.3_time": 0.668776273727417, "Z_threshold0.35_of": 21802.498197637866, "Z_threshold0.35_time": 0.5628314018249512, "Z_threshold0.4_of": 21802.498197637866, "Z_threshold0.4_time": 0.5553789138793945, "Z_threshold0.45_of": 21802.498197637866, "Z_threshold0.45_time": 0.5687966346740723, "Z_threshold0.5_of": 21802.498197637866, "Z_threshold0.5_time": 0.5576467514038086}