{"name": "S_900_259_11393.0.json", "BaldoML_of": 32994.63501275607, "BaldoML_time": 1.101482629776001, "BaldoGA_of": 32145.027677522954, "BaldoGA_time": 9.906626224517822, "Solver_of": 33914.37646220341, "Solver_time": 189.02862691879272, "Z_threshold0.05_of": 33863.90583451886, "Z_threshold0.05_time": 8.856817483901978, "Z_threshold0.1_of": 33742.89994543609, "Z_threshold0.1_time": 6.0124671459198, "Z_threshold0.15_of": 33680.773447608546, "Z_threshold0.15_time": 6.733227729797363, "Z_threshold0.2_of": 33100.44227074813, "Z_threshold0.2_time": 2.589308261871338, "Z_threshold0.25_of": 32737.180577804436, "Z_threshold0.25_time": 1.656536340713501}