{"name": "S_900_502_7477.096.json", "BaldoML_of": 26169.51881330302, "BaldoML_time": 5.522558689117432, "BaldoGA_of": 25356.917540072736, "BaldoGA_time": 6.490429162979126, "Solver_of": 26183.72479119914, "Solver_time": 15.17933988571167, "Z_threshold0.05_of": 25766.45189784465, "Z_threshold0.05_time": 1.4124178886413574, "Z_threshold0.1_of": 25766.45189784465, "Z_threshold0.1_time": 1.392530918121338, "Z_threshold0.15_of": 25766.45189784465, "Z_threshold0.15_time": 1.415912389755249, "Z_threshold0.2_of": 25766.45189784465, "Z_threshold0.2_time": 1.3989670276641846, "Z_threshold0.25_of": 25766.45189784465, "Z_threshold0.25_time": 1.3963549137115479, "Z_threshold0.3_of": 25766.45189784465, "Z_threshold0.3_time": 1.387300729751587, "Z_threshold0.35_of": 25766.45189784465, "Z_threshold0.35_time": 1.3929543495178223, "Z_threshold0.4_of": 25766.45189784465, "Z_threshold0.4_time": 1.4145119190216064, "Z_threshold0.45_of": 25766.45189784465, "Z_threshold0.45_time": 1.4284605979919434, "Z_threshold0.5_of": 25766.45189784465, "Z_threshold0.5_time": 1.435483694076538}