{"name": "S_900_287_11918.39.json", "BaldoML_of": 31751.36430480298, "BaldoML_time": 27.349788665771484, "BaldoGA_of": 29964.801994309713, "BaldoGA_time": 8.1395423412323, "Solver_of": 31751.364304803137, "Solver_time": 364.8364734649658, "Z_threshold0.05_of": 31480.13217217255, "Z_threshold0.05_time": 9.03412389755249, "Z_threshold0.1_of": 31283.586839058164, "Z_threshold0.1_time": 4.58807897567749, "Z_threshold0.15_of": 31006.479717435348, "Z_threshold0.15_time": 3.3893089294433594, "Z_threshold0.2_of": 30859.13562690615, "Z_threshold0.2_time": 2.568357467651367, "Z_threshold0.25_of": 30741.661081798957, "Z_threshold0.25_time": 1.7920401096343994, "Z_threshold0.3_of": 30486.077748677573, "Z_threshold0.3_time": 1.4660727977752686, "Z_threshold0.35_of": 30381.625747376427, "Z_threshold0.35_time": 1.5020747184753418, "Z_threshold0.4_of": 29980.35873752998, "Z_threshold0.4_time": 1.4891374111175537, "Z_threshold0.45_of": 29904.217359259022, "Z_threshold0.45_time": 1.5024092197418213, "Z_threshold0.5_of": 29773.959112600704, "Z_threshold0.5_time": 1.4748499393463135}