{"name": "S_900_521_11246.491.json", "BaldoML_of": 31781.219919327734, "BaldoML_time": 24.06557869911194, "BaldoGA_of": 30822.224651431563, "BaldoGA_time": 19.924102067947388, "Solver_of": 31786.213956105912, "Solver_time": 235.17840600013733, "Z_threshold0.05_of": 31247.878436312458, "Z_threshold0.05_time": 1.4744679927825928, "Z_threshold0.1_of": 30967.091600262942, "Z_threshold0.1_time": 1.3853623867034912, "Z_threshold0.15_of": 30909.032428935676, "Z_threshold0.15_time": 1.3644680976867676, "Z_threshold0.2_of": 30909.032428935676, "Z_threshold0.2_time": 1.435760736465454, "Z_threshold0.25_of": 30909.032428935676, "Z_threshold0.25_time": 1.39328932762146, "Z_threshold0.3_of": 30909.032428935676, "Z_threshold0.3_time": 1.363745927810669, "Z_threshold0.35_of": 30909.032428935676, "Z_threshold0.35_time": 1.3771381378173828, "Z_threshold0.4_of": 30909.032428935676, "Z_threshold0.4_time": 1.4350521564483643, "Z_threshold0.45_of": 30909.032428935676, "Z_threshold0.45_time": 1.5574047565460205, "Z_threshold0.5_of": 30909.032428935676, "Z_threshold0.5_time": 1.4573891162872314}