{"name": "S_900_383_11025.791.json", "BaldoML_of": 32572.658907890782, "BaldoML_time": 0.8634097576141357, "BaldoGA_of": 31912.23327411936, "BaldoGA_time": 13.33673882484436, "Solver_of": 33316.43514734325, "Solver_time": 216.70049381256104, "Z_threshold0.05_of": 33183.01791035248, "Z_threshold0.05_time": 10.142253637313843}