{"name": "S_900_494_5750.967.json", "BaldoML_of": 21393.37592939818, "BaldoML_time": 0.8102328777313232, "BaldoGA_of": 20941.657509335004, "BaldoGA_time": 3.9758872985839844, "Solver_of": 21904.795213094356, "Solver_time": 9.724881887435913, "Z_threshold0.05_of": 21442.470910880013, "Z_threshold0.05_time": 0.6468005180358887, "Z_threshold0.1_of": 21442.470910880013, "Z_threshold0.1_time": 0.6357076168060303, "Z_threshold0.15_of": 21358.43341178574, "Z_threshold0.15_time": 0.5411369800567627, "Z_threshold0.2_of": 21358.43341178574, "Z_threshold0.2_time": 0.5402896404266357, "Z_threshold0.25_of": 21358.43341178574, "Z_threshold0.25_time": 0.542278528213501, "Z_threshold0.3_of": 21358.43341178574, "Z_threshold0.3_time": 0.5520081520080566, "Z_threshold0.35_of": 21358.43341178574, "Z_threshold0.35_time": 0.5392005443572998, "Z_threshold0.4_of": 21358.43341178574, "Z_threshold0.4_time": 0.5396778583526611, "Z_threshold0.45_of": 21358.43341178574, "Z_threshold0.45_time": 0.5409481525421143, "Z_threshold0.5_of": 21358.43341178574, "Z_threshold0.5_time": 0.5435812473297119}