{"name": "S_900_259_11405.038.json", "BaldoML_of": 34250.658097452746, "BaldoML_time": 1.142543077468872, "BaldoGA_of": 33495.87981151709, "BaldoGA_time": 12.069071531295776, "Solver_of": 35150.62811861839, "Solver_time": 183.35037922859192, "Z_threshold0.05_of": 35098.35092607483, "Z_threshold0.05_time": 8.119555711746216, "Z_threshold0.1_of": 34920.4749199994, "Z_threshold0.1_time": 5.3654680252075195, "Z_threshold0.15_of": 34640.52110504659, "Z_threshold0.15_time": 3.750950813293457, "Z_threshold0.2_of": 34470.07783035117, "Z_threshold0.2_time": 2.5154049396514893, "Z_threshold0.25_of": 34054.13887841376, "Z_threshold0.25_time": 1.78139066696167}