{"name": "S_900_354_11418.996.json", "BaldoML_of": 31152.22800618618, "BaldoML_time": 1.2243759632110596, "BaldoGA_of": 30740.01627758098, "BaldoGA_time": 11.921205282211304, "Solver_of": 32099.822996664905, "Solver_time": 167.80800127983093, "Z_threshold0.05_of": 31980.583716726138, "Z_threshold0.05_time": 3.9404501914978027}