{"name": "S_900_410_7398.74.json", "BaldoML_of": 25504.968325670037, "BaldoML_time": 0.7331573963165283, "BaldoGA_of": 25177.13861284056, "BaldoGA_time": 13.263800144195557, "Solver_of": 25954.992571937473, "Solver_time": 30.107019424438477, "Z_threshold0.05_of": 25551.397055513266, "Z_threshold0.05_time": 1.6912593841552734, "Z_threshold0.1_of": 24532.08584053267, "Z_threshold0.1_time": 1.113586187362671, "Z_threshold0.15_of": 23848.871262496443, "Z_threshold0.15_time": 1.1071314811706543, "Z_threshold0.2_of": 23766.602708544935, "Z_threshold0.2_time": 1.183079481124878}