{"name": "S_900_312_11330.841.json", "BaldoML_of": 31169.043695215063, "BaldoML_time": 1.1172230243682861, "BaldoGA_of": 30467.55912100086, "BaldoGA_time": 12.320520877838135, "Solver_of": 32077.49162035857, "Solver_time": 307.0065727233887, "Z_threshold0.05_of": 31875.23509934722, "Z_threshold0.05_time": 3.2971131801605225, "Z_threshold0.1_of": 31800.49587163748, "Z_threshold0.1_time": 2.9601612091064453, "Z_threshold0.15_of": 31612.919298488287, "Z_threshold0.15_time": 1.7274370193481445, "Z_threshold0.2_of": 31530.34160112464, "Z_threshold0.2_time": 1.877168893814087, "Z_threshold0.25_of": 31463.419490528842, "Z_threshold0.25_time": 1.3308355808258057, "Z_threshold0.3_of": 31356.013364640283, "Z_threshold0.3_time": 1.210878849029541, "Z_threshold0.35_of": 31122.495686441885, "Z_threshold0.35_time": 0.6506743431091309, "Z_threshold0.4_of": 30929.597175029987, "Z_threshold0.4_time": 0.645862340927124, "Z_threshold0.45_of": 30545.596371296964, "Z_threshold0.45_time": 0.6680755615234375, "Z_threshold0.5_of": 30373.662907823902, "Z_threshold0.5_time": 0.6484670639038086}