{"name": "S_900_477_7372.657.json", "BaldoML_of": 26280.232409285945, "BaldoML_time": 0.75738525390625, "BaldoGA_of": 25931.625530815243, "BaldoGA_time": 16.532223224639893, "Solver_of": 26580.666581803882, "Solver_time": 13.13096570968628, "Z_threshold0.05_of": 25323.4195674718, "Z_threshold0.05_time": 1.1189849376678467, "Z_threshold0.1_of": 25323.4195674718, "Z_threshold0.1_time": 1.1097354888916016, "Z_threshold0.15_of": 25323.4195674718, "Z_threshold0.15_time": 1.1204369068145752, "Z_threshold0.2_of": 25283.55370376236, "Z_threshold0.2_time": 1.1908729076385498}