{"name": "S_900_507_7495.927.json", "BaldoML_of": 25993.90986982671, "BaldoML_time": 0.6434047222137451, "BaldoGA_of": 25566.229918009343, "BaldoGA_time": 5.387675523757935, "Solver_of": 26379.751389221707, "Solver_time": 16.373406410217285, "Z_threshold0.05_of": 25576.65957491676, "Z_threshold0.05_time": 1.1956946849822998, "Z_threshold0.1_of": 25576.65957491676, "Z_threshold0.1_time": 1.2465157508850098, "Z_threshold0.15_of": 25576.65957491676, "Z_threshold0.15_time": 1.1598460674285889, "Z_threshold0.2_of": 25576.65957491676, "Z_threshold0.2_time": 1.2305197715759277}