{"name": "S_900_413_7646.159.json", "BaldoML_of": 25283.121552477445, "BaldoML_time": 0.9852306842803955, "BaldoGA_of": 24749.43127278678, "BaldoGA_time": 10.268852949142456, "Solver_of": 25727.549887521076, "Solver_time": 45.53133034706116, "Z_threshold0.05_of": 25190.626329067218, "Z_threshold0.05_time": 0.6744081974029541, "Z_threshold0.1_of": 24741.884042185757, "Z_threshold0.1_time": 0.5792567729949951, "Z_threshold0.15_of": 23927.686637851984, "Z_threshold0.15_time": 0.6007142066955566, "Z_threshold0.2_of": 23752.3358729525, "Z_threshold0.2_time": 0.5766208171844482, "Z_threshold0.25_of": 23682.234664971475, "Z_threshold0.25_time": 0.5779390335083008, "Z_threshold0.3_of": 23682.234664971475, "Z_threshold0.3_time": 0.5757772922515869, "Z_threshold0.35_of": 23630.59554506061, "Z_threshold0.35_time": 0.5746979713439941, "Z_threshold0.4_of": 23630.59554506061, "Z_threshold0.4_time": 0.5737266540527344, "Z_threshold0.45_of": 23630.59554506061, "Z_threshold0.45_time": 0.6075551509857178, "Z_threshold0.5_of": 23630.59554506061, "Z_threshold0.5_time": 0.5747635364532471}