{"name": "S_900_324_5669.147.json", "BaldoML_of": 22793.457041766575, "BaldoML_time": 1.1204612255096436, "BaldoGA_of": 22325.47334005319, "BaldoGA_time": 7.807075500488281, "Solver_of": 22989.605674457624, "Solver_time": 49.741398096084595, "Z_threshold0.05_of": 22885.722785974336, "Z_threshold0.05_time": 1.4692251682281494, "Z_threshold0.1_of": 22562.14613587292, "Z_threshold0.1_time": 0.6029021739959717, "Z_threshold0.15_of": 21420.063668481536, "Z_threshold0.15_time": 0.5470302104949951, "Z_threshold0.2_of": 21393.901761225054, "Z_threshold0.2_time": 0.5384669303894043, "Z_threshold0.25_of": 21273.456098896615, "Z_threshold0.25_time": 0.5386216640472412, "Z_threshold0.3_of": 21230.577391022412, "Z_threshold0.3_time": 0.5375106334686279, "Z_threshold0.35_of": 21187.898717549695, "Z_threshold0.35_time": 0.5363352298736572, "Z_threshold0.4_of": 21120.82074593051, "Z_threshold0.4_time": 0.5464982986450195, "Z_threshold0.45_of": 21080.68527130183, "Z_threshold0.45_time": 0.5690760612487793, "Z_threshold0.5_of": 21080.68527130183, "Z_threshold0.5_time": 0.5377671718597412}