{"name": "S_900_286_7588.268.json", "BaldoML_of": 26799.36378512111, "BaldoML_time": 1.495997667312622, "BaldoGA_of": 26235.264073952294, "BaldoGA_time": 9.112154722213745, "Solver_of": 27160.08446203994, "Solver_time": 22.651168823242188, "Z_threshold0.05_of": 27119.39335513269, "Z_threshold0.05_time": 4.501427173614502, "Z_threshold0.1_of": 26864.810654253055, "Z_threshold0.1_time": 3.4436066150665283, "Z_threshold0.15_of": 26535.020458826057, "Z_threshold0.15_time": 2.4064137935638428, "Z_threshold0.2_of": 26329.407957095147, "Z_threshold0.2_time": 2.5407581329345703, "Z_threshold0.25_of": 26270.12487366982, "Z_threshold0.25_time": 1.9359583854675293}