{"name": "S_900_287_11918.39.json", "BaldoML_of": 30592.6363375175, "BaldoML_time": 1.202347993850708, "BaldoGA_of": 29964.801994309713, "BaldoGA_time": 8.1395423412323, "Solver_of": 31751.364304803137, "Solver_time": 364.8364734649658, "Z_threshold0.05_of": 31643.827485810343, "Z_threshold0.05_time": 3.6551036834716797, "Z_threshold0.1_of": 31272.625644071974, "Z_threshold0.1_time": 3.275576114654541, "Z_threshold0.15_of": 30991.157791904396, "Z_threshold0.15_time": 2.0148603916168213, "Z_threshold0.2_of": 30842.335427833474, "Z_threshold0.2_time": 1.4027974605560303, "Z_threshold0.25_of": 30641.212821381705, "Z_threshold0.25_time": 0.653289794921875, "Z_threshold0.3_of": 30454.627794141194, "Z_threshold0.3_time": 0.6670513153076172, "Z_threshold0.35_of": 30066.27578428729, "Z_threshold0.35_time": 0.6245286464691162, "Z_threshold0.4_of": 29980.35873752998, "Z_threshold0.4_time": 0.5932168960571289, "Z_threshold0.45_of": 29806.699666343146, "Z_threshold0.45_time": 0.5881838798522949, "Z_threshold0.5_of": 29524.663535664135, "Z_threshold0.5_time": 0.5941274166107178}