{"name": "S_900_231_11402.003.json", "BaldoML_of": 33852.94673205435, "BaldoML_time": 1.4148850440979004, "BaldoGA_of": 32818.4959644704, "BaldoGA_time": 9.631319284439087, "Solver_of": 34453.597568841484, "Solver_time": 220.19874024391174, "Z_threshold0.05_of": 34311.92535161246, "Z_threshold0.05_time": 9.575663566589355}