{"name": "S_900_528_11239.479.json", "BaldoML_of": 32960.6923755859, "BaldoML_time": 26.247515201568604, "BaldoGA_of": 31992.941035238608, "BaldoGA_time": 24.134543895721436, "Solver_of": 32960.70566726897, "Solver_time": 247.54356598854065, "Z_threshold0.05_of": 32284.59060846431, "Z_threshold0.05_time": 1.559288501739502, "Z_threshold0.1_of": 31916.821734899204, "Z_threshold0.1_time": 1.4489049911499023, "Z_threshold0.15_of": 31916.821734899204, "Z_threshold0.15_time": 1.4083104133605957, "Z_threshold0.2_of": 31916.821734899204, "Z_threshold0.2_time": 1.4092791080474854, "Z_threshold0.25_of": 31916.821734899204, "Z_threshold0.25_time": 1.4435622692108154, "Z_threshold0.3_of": 31916.821734899204, "Z_threshold0.3_time": 1.4387011528015137, "Z_threshold0.35_of": 31916.821734899204, "Z_threshold0.35_time": 1.4598462581634521, "Z_threshold0.4_of": 31916.821734899204, "Z_threshold0.4_time": 1.4400913715362549, "Z_threshold0.45_of": 31916.821734899204, "Z_threshold0.45_time": 1.4436495304107666, "Z_threshold0.5_of": 31916.821734899204, "Z_threshold0.5_time": 1.458937644958496}