{"name": "S_900_498_5809.953.json", "BaldoML_of": 21840.00178848544, "BaldoML_time": 1.0449810028076172, "BaldoGA_of": 21619.31835518354, "BaldoGA_time": 4.724658250808716, "Solver_of": 22497.205303691833, "Solver_time": 10.31098198890686, "Z_threshold0.05_of": 21627.196596608683, "Z_threshold0.05_time": 0.9779770374298096}