{"name": "S_900_340_5713.131.json", "BaldoML_of": 21943.55741854907, "BaldoML_time": 1.0909233093261719, "BaldoGA_of": 21628.80816122568, "BaldoGA_time": 9.257688522338867, "Solver_of": 22444.575633183336, "Solver_time": 17.494218111038208, "Z_threshold0.05_of": 21804.8108152856, "Z_threshold0.05_time": 1.4330673217773438, "Z_threshold0.1_of": 20839.380971266746, "Z_threshold0.1_time": 1.0840425491333008, "Z_threshold0.15_of": 20550.238739654025, "Z_threshold0.15_time": 1.180743932723999, "Z_threshold0.2_of": 20373.449823287658, "Z_threshold0.2_time": 1.0922942161560059, "Z_threshold0.25_of": 20260.306434391772, "Z_threshold0.25_time": 1.175466537475586}