{"name": "S_900_432_11593.535.json", "BaldoML_of": 31602.48794300617, "BaldoML_time": 1.1427369117736816, "BaldoGA_of": 31151.372643116283, "BaldoGA_time": 14.64801812171936, "Solver_of": 32201.210641362522, "Solver_time": 754.6583006381989, "Z_threshold0.05_of": 32108.796073637346, "Z_threshold0.05_time": 10.168793439865112, "Z_threshold0.1_of": 31720.28426568221, "Z_threshold0.1_time": 2.3965446949005127, "Z_threshold0.15_of": 31064.295881661572, "Z_threshold0.15_time": 1.3368899822235107, "Z_threshold0.2_of": 30284.069627606557, "Z_threshold0.2_time": 1.3129379749298096, "Z_threshold0.25_of": 29705.373106008163, "Z_threshold0.25_time": 1.2705433368682861}