{"name": "S_900_212_7715.751.json", "BaldoML_of": 27185.670598935016, "BaldoML_time": 2.6850242614746094, "BaldoGA_of": 26410.113202144134, "BaldoGA_time": 7.4051673412323, "Solver_of": 27609.373638225472, "Solver_time": 187.73372983932495, "Z_threshold0.05_of": 27513.621487181266, "Z_threshold0.05_time": 4.161788463592529}