{"name": "S_900_410_7398.74.json", "BaldoML_of": 25504.968325670037, "BaldoML_time": 0.7331573963165283, "BaldoGA_of": 25177.13861284056, "BaldoGA_time": 13.263800144195557, "Solver_of": 25954.992571937473, "Solver_time": 30.107019424438477, "Z_threshold0.05_of": 25402.8328442464, "Z_threshold0.05_time": 0.6648299694061279, "Z_threshold0.1_of": 24862.065922393234, "Z_threshold0.1_time": 0.5847856998443604, "Z_threshold0.15_of": 24290.492578927886, "Z_threshold0.15_time": 0.5839335918426514, "Z_threshold0.2_of": 24211.78317219181, "Z_threshold0.2_time": 0.583885908126831, "Z_threshold0.25_of": 24161.7491702855, "Z_threshold0.25_time": 0.5850710868835449, "Z_threshold0.3_of": 24081.65644380847, "Z_threshold0.3_time": 0.6438899040222168, "Z_threshold0.35_of": 24081.65644380847, "Z_threshold0.35_time": 0.597766637802124, "Z_threshold0.4_of": 24081.65644380847, "Z_threshold0.4_time": 0.6003868579864502, "Z_threshold0.45_of": 24002.56328139398, "Z_threshold0.45_time": 0.6054866313934326, "Z_threshold0.5_of": 24002.56328139398, "Z_threshold0.5_time": 0.5985281467437744}