{"name": "S_900_363_7495.368.json", "BaldoML_of": 25926.61999260028, "BaldoML_time": 1.0559325218200684, "BaldoGA_of": 25653.36624159288, "BaldoGA_time": 11.431859254837036, "Solver_of": 26388.847177644224, "Solver_time": 102.21605396270752, "Z_threshold0.05_of": 26075.374144143265, "Z_threshold0.05_time": 4.542628049850464, "Z_threshold0.1_of": 25631.732456926664, "Z_threshold0.1_time": 1.4869089126586914, "Z_threshold0.15_of": 24983.234542587827, "Z_threshold0.15_time": 1.182873010635376, "Z_threshold0.2_of": 24753.761747524517, "Z_threshold0.2_time": 1.1822278499603271}