{"name": "S_900_406_5850.459.json", "BaldoML_of": 22332.26684866318, "BaldoML_time": 3.2737417221069336, "BaldoGA_of": 21861.865765284354, "BaldoGA_time": 12.830607652664185, "Solver_of": 22331.8751836998, "Solver_time": 11.696563005447388, "Z_threshold0.05_of": 21366.22930459214, "Z_threshold0.05_time": 1.4402503967285156, "Z_threshold0.1_of": 21366.22930459214, "Z_threshold0.1_time": 1.3985393047332764, "Z_threshold0.15_of": 21366.22930459214, "Z_threshold0.15_time": 1.3576576709747314, "Z_threshold0.2_of": 21366.22930459214, "Z_threshold0.2_time": 1.3462979793548584, "Z_threshold0.25_of": 21366.22930459214, "Z_threshold0.25_time": 1.4265708923339844, "Z_threshold0.3_of": 21366.22930459214, "Z_threshold0.3_time": 1.3973355293273926, "Z_threshold0.35_of": 21366.22930459214, "Z_threshold0.35_time": 1.4736835956573486, "Z_threshold0.4_of": 21366.22930459214, "Z_threshold0.4_time": 1.333500862121582, "Z_threshold0.45_of": 21366.22930459214, "Z_threshold0.45_time": 1.389455795288086, "Z_threshold0.5_of": 21366.22930459214, "Z_threshold0.5_time": 1.4193360805511475}