{"name": "S_900_304_5572.391.json", "BaldoML_of": 22622.164383269916, "BaldoML_time": 1.194589376449585, "BaldoGA_of": 22242.569846322254, "BaldoGA_time": 7.901611566543579, "Solver_of": 22732.89839621588, "Solver_time": 39.81449484825134, "Z_threshold0.05_of": 22557.61285111037, "Z_threshold0.05_time": 1.8567254543304443}