{"name": "S_900_327_7685.526.json", "BaldoML_of": 26069.192248555435, "BaldoML_time": 16.836028575897217, "BaldoGA_of": 24823.777708484933, "BaldoGA_time": 8.717933654785156, "Solver_of": 26069.078559109195, "Solver_time": 74.93159174919128, "Z_threshold0.05_of": 25980.979149849703, "Z_threshold0.05_time": 5.004688501358032, "Z_threshold0.1_of": 25591.65613658919, "Z_threshold0.1_time": 1.965059757232666, "Z_threshold0.15_of": 25224.83361885551, "Z_threshold0.15_time": 1.6504919528961182, "Z_threshold0.2_of": 24627.424416005248, "Z_threshold0.2_time": 1.4304327964782715, "Z_threshold0.25_of": 24194.793328478343, "Z_threshold0.25_time": 1.514108419418335, "Z_threshold0.3_of": 23869.630367099253, "Z_threshold0.3_time": 1.403550386428833, "Z_threshold0.35_of": 23669.540583802533, "Z_threshold0.35_time": 1.402167797088623, "Z_threshold0.4_of": 23477.75286893986, "Z_threshold0.4_time": 1.4486773014068604, "Z_threshold0.45_of": 23301.138837260794, "Z_threshold0.45_time": 1.40799880027771, "Z_threshold0.5_of": 23281.763672224282, "Z_threshold0.5_time": 1.3662607669830322}