{"name": "E_1100_299_9617.299.json", "BaldoML_of": 31250.451319984495, "BaldoML_time": 2.336702823638916, "BaldoGA_of": 30224.887352339763, "BaldoGA_time": 4.554655075073242, "Solver_of": 31623.57695791722, "Solver_time": 14.30704140663147, "Z_threshold0.05_of": 31581.94533419845, "Z_threshold0.05_time": 4.816137075424194, "Z_threshold0.1_of": 31435.606741624844, "Z_threshold0.1_time": 2.9990789890289307, "Z_threshold0.15_of": 31354.041468956162, "Z_threshold0.15_time": 2.103935956954956, "Z_threshold0.2_of": 31180.25743495288, "Z_threshold0.2_time": 1.6845307350158691, "Z_threshold0.25_of": 30635.296621996775, "Z_threshold0.25_time": 0.9541745185852051, "Z_threshold0.3_of": 30297.161544330018, "Z_threshold0.3_time": 0.9715547561645508, "Z_threshold0.35_of": 29844.26396331183, "Z_threshold0.35_time": 0.9307594299316406, "Z_threshold0.4_of": 29420.94251570934, "Z_threshold0.4_time": 1.0063369274139404, "Z_threshold0.45_of": 29169.148214024633, "Z_threshold0.45_time": 0.9379377365112305, "Z_threshold0.5_of": 28939.87169713232, "Z_threshold0.5_time": 0.9292664527893066}