{"name": "E_1100_499_6772.245.json", "BaldoML_of": 28187.586477011897, "BaldoML_time": 0.8140003681182861, "BaldoGA_of": 27830.720101717652, "BaldoGA_time": 6.271012544631958, "Solver_of": 28460.05392782528, "Solver_time": 7.009730815887451, "Z_threshold0.05_of": 27504.257258673886, "Z_threshold0.05_time": 0.8614020347595215, "Z_threshold0.1_of": 27470.567387316714, "Z_threshold0.1_time": 0.8522074222564697, "Z_threshold0.15_of": 27470.567387316714, "Z_threshold0.15_time": 0.8817834854125977, "Z_threshold0.2_of": 27470.567387316714, "Z_threshold0.2_time": 0.8697874546051025, "Z_threshold0.25_of": 27470.567387316714, "Z_threshold0.25_time": 0.845177412033081, "Z_threshold0.3_of": 27470.567387316714, "Z_threshold0.3_time": 0.8795695304870605, "Z_threshold0.35_of": 27470.567387316714, "Z_threshold0.35_time": 0.8534061908721924, "Z_threshold0.4_of": 27470.567387316714, "Z_threshold0.4_time": 0.8585577011108398, "Z_threshold0.45_of": 27470.567387316714, "Z_threshold0.45_time": 0.8553998470306396, "Z_threshold0.5_of": 27470.567387316714, "Z_threshold0.5_time": 0.8683900833129883}