{"name": "E_1100_349_6875.883.json", "BaldoML_of": 28045.797218203843, "BaldoML_time": 1.107456922531128, "BaldoGA_of": 27249.357739909687, "BaldoGA_time": 4.186614751815796, "Solver_of": 28219.188205432183, "Solver_time": 18.304297924041748, "Z_threshold0.05_of": 28021.11304202473, "Z_threshold0.05_time": 2.50687313079834, "Z_threshold0.1_of": 27764.605294530793, "Z_threshold0.1_time": 1.4343383312225342, "Z_threshold0.15_of": 27568.321165356603, "Z_threshold0.15_time": 0.953322172164917, "Z_threshold0.2_of": 26920.543482346246, "Z_threshold0.2_time": 0.9080734252929688, "Z_threshold0.25_of": 26665.177611969386, "Z_threshold0.25_time": 0.9068715572357178, "Z_threshold0.3_of": 26300.166830595354, "Z_threshold0.3_time": 0.9200494289398193, "Z_threshold0.35_of": 26069.704678335496, "Z_threshold0.35_time": 0.9323983192443848, "Z_threshold0.4_of": 26029.78620697303, "Z_threshold0.4_time": 0.9445903301239014, "Z_threshold0.45_of": 25981.38135761028, "Z_threshold0.45_time": 0.9407622814178467, "Z_threshold0.5_of": 25866.245789999364, "Z_threshold0.5_time": 0.9288802146911621}