{"name": "E_1100_345_9429.083.json", "BaldoML_of": 31919.64893591224, "BaldoML_time": 1.8171167373657227, "BaldoGA_of": 30896.236099827995, "BaldoGA_time": 4.688741683959961, "Solver_of": 32261.12780981165, "Solver_time": 16.072986602783203, "Z_threshold0.05_of": 32233.594859187353, "Z_threshold0.05_time": 5.1995415687561035, "Z_threshold0.1_of": 31860.154303524796, "Z_threshold0.1_time": 2.2301158905029297, "Z_threshold0.15_of": 31612.227221802394, "Z_threshold0.15_time": 1.5989630222320557, "Z_threshold0.2_of": 31385.756633384037, "Z_threshold0.2_time": 1.315544843673706, "Z_threshold0.25_of": 31023.040641584786, "Z_threshold0.25_time": 0.93585205078125, "Z_threshold0.3_of": 30470.461585668672, "Z_threshold0.3_time": 0.9266171455383301, "Z_threshold0.35_of": 29770.72426025151, "Z_threshold0.35_time": 0.8938186168670654, "Z_threshold0.4_of": 29552.603364271374, "Z_threshold0.4_time": 0.9050183296203613, "Z_threshold0.45_of": 29397.005260153117, "Z_threshold0.45_time": 0.921764612197876, "Z_threshold0.5_of": 28850.19954424886, "Z_threshold0.5_time": 1.033332347869873}