{"name": "E_1100_562_6810.322.json", "BaldoML_of": 28232.90303045665, "BaldoML_time": 0.6622257232666016, "BaldoGA_of": 27870.591688709806, "BaldoGA_time": 2.8127143383026123, "Solver_of": 28361.527080898275, "Solver_time": 3.180044651031494, "Z_threshold0.05_of": 28092.520564591607, "Z_threshold0.05_time": 0.9534790515899658, "Z_threshold0.1_of": 28092.520564591607, "Z_threshold0.1_time": 0.9100677967071533, "Z_threshold0.15_of": 28092.520564591607, "Z_threshold0.15_time": 0.9259243011474609, "Z_threshold0.2_of": 28092.520564591607, "Z_threshold0.2_time": 0.9091241359710693, "Z_threshold0.25_of": 28092.520564591607, "Z_threshold0.25_time": 0.9116542339324951, "Z_threshold0.3_of": 28092.520564591607, "Z_threshold0.3_time": 0.9013824462890625, "Z_threshold0.35_of": 28092.520564591607, "Z_threshold0.35_time": 0.9592993259429932, "Z_threshold0.4_of": 28092.520564591607, "Z_threshold0.4_time": 0.9273772239685059, "Z_threshold0.45_of": 28092.520564591607, "Z_threshold0.45_time": 0.9499890804290771, "Z_threshold0.5_of": 28092.520564591607, "Z_threshold0.5_time": 0.9121408462524414}