{"name": "E_1100_581_6954.777.json", "BaldoML_of": 26587.405454450738, "BaldoML_time": 0.7151710987091064, "BaldoGA_of": 26215.973310656012, "BaldoGA_time": 2.186213254928589, "Solver_of": 26997.10401702482, "Solver_time": 2.4521234035491943, "Z_threshold0.05_of": 26542.254250069407, "Z_threshold0.05_time": 0.903555154800415, "Z_threshold0.1_of": 26542.254250069407, "Z_threshold0.1_time": 0.8974044322967529, "Z_threshold0.15_of": 26542.254250069407, "Z_threshold0.15_time": 0.8888130187988281, "Z_threshold0.2_of": 26542.254250069407, "Z_threshold0.2_time": 0.8931782245635986, "Z_threshold0.25_of": 26542.254250069407, "Z_threshold0.25_time": 0.8824515342712402, "Z_threshold0.3_of": 26542.254250069407, "Z_threshold0.3_time": 0.9255828857421875, "Z_threshold0.35_of": 26542.254250069407, "Z_threshold0.35_time": 0.9300661087036133, "Z_threshold0.4_of": 26542.254250069407, "Z_threshold0.4_time": 0.9657711982727051, "Z_threshold0.45_of": 26542.254250069407, "Z_threshold0.45_time": 0.904435396194458, "Z_threshold0.5_of": 26542.254250069407, "Z_threshold0.5_time": 0.9154469966888428}