{"name": "E_1100_494_7085.38.json", "BaldoML_of": 27283.703633748642, "BaldoML_time": 0.6569793224334717, "BaldoGA_of": 27002.50031205416, "BaldoGA_time": 6.570942163467407, "Solver_of": 27408.356516180305, "Solver_time": 3.2532758712768555, "Z_threshold0.05_of": 26780.946203839976, "Z_threshold0.05_time": 0.9217360019683838, "Z_threshold0.1_of": 26780.946203839976, "Z_threshold0.1_time": 0.8963813781738281, "Z_threshold0.15_of": 26780.946203839976, "Z_threshold0.15_time": 0.8711779117584229, "Z_threshold0.2_of": 26780.946203839976, "Z_threshold0.2_time": 0.8829731941223145, "Z_threshold0.25_of": 26780.946203839976, "Z_threshold0.25_time": 0.891007661819458, "Z_threshold0.3_of": 26780.946203839976, "Z_threshold0.3_time": 0.8973515033721924, "Z_threshold0.35_of": 26780.946203839976, "Z_threshold0.35_time": 0.876089334487915, "Z_threshold0.4_of": 26780.946203839976, "Z_threshold0.4_time": 0.8825061321258545, "Z_threshold0.45_of": 26780.946203839976, "Z_threshold0.45_time": 0.888253927230835, "Z_threshold0.5_of": 26780.946203839976, "Z_threshold0.5_time": 0.8697822093963623}