{"name": "E_1100_257_9260.365.json", "BaldoML_of": 32700.727625451844, "BaldoML_time": 2.748011827468872, "BaldoGA_of": 31386.853664969633, "BaldoGA_time": 4.1931540966033936, "Solver_of": 33160.271886755734, "Solver_time": 4.9152820110321045, "Z_threshold0.05_of": 33155.257232432894, "Z_threshold0.05_time": 4.80523419380188, "Z_threshold0.1_of": 33063.58902139325, "Z_threshold0.1_time": 3.3655283451080322, "Z_threshold0.15_of": 32827.02662749506, "Z_threshold0.15_time": 3.4628705978393555, "Z_threshold0.2_of": 32523.127569641176, "Z_threshold0.2_time": 2.0629663467407227, "Z_threshold0.25_of": 32318.27190235251, "Z_threshold0.25_time": 0.9519610404968262, "Z_threshold0.3_of": 31952.86846444173, "Z_threshold0.3_time": 0.8664543628692627, "Z_threshold0.35_of": 31575.107144247664, "Z_threshold0.35_time": 0.8763065338134766, "Z_threshold0.4_of": 31059.912631015955, "Z_threshold0.4_time": 0.8758454322814941, "Z_threshold0.45_of": 30654.339718378684, "Z_threshold0.45_time": 0.969123363494873, "Z_threshold0.5_of": 30272.454620889028, "Z_threshold0.5_time": 0.8818416595458984}