{"name": "E_1100_499_13831.55.json", "BaldoML_of": 37108.25041811865, "BaldoML_time": 1.214033603668213, "BaldoGA_of": 36429.7371658617, "BaldoGA_time": 7.571932792663574, "Solver_of": 37926.04582682317, "Solver_time": 18.49948287010193, "Z_threshold0.05_of": 37591.209740220234, "Z_threshold0.05_time": 8.058715105056763, "Z_threshold0.1_of": 37315.27984944788, "Z_threshold0.1_time": 2.092149257659912, "Z_threshold0.15_of": 37110.2807084813, "Z_threshold0.15_time": 1.3281095027923584, "Z_threshold0.2_of": 37005.88352375136, "Z_threshold0.2_time": 0.967332124710083, "Z_threshold0.25_of": 36527.43634206456, "Z_threshold0.25_time": 0.9394140243530273, "Z_threshold0.3_of": 36332.87751203498, "Z_threshold0.3_time": 0.9658212661743164, "Z_threshold0.35_of": 36177.87562786011, "Z_threshold0.35_time": 0.9553768634796143, "Z_threshold0.4_of": 36041.28983851118, "Z_threshold0.4_time": 0.9378962516784668, "Z_threshold0.45_of": 35923.97228908596, "Z_threshold0.45_time": 0.9651377201080322, "Z_threshold0.5_of": 35853.92403436807, "Z_threshold0.5_time": 0.930293083190918}