{"name": "E_1100_348_13722.412.json", "BaldoML_of": 39381.971445363924, "BaldoML_time": 2.109327554702759, "BaldoGA_of": 37641.74377797589, "BaldoGA_time": 6.69140887260437, "Solver_of": 40042.05350708487, "Solver_time": 11.444826126098633, "Z_threshold0.05_of": 40018.156063751674, "Z_threshold0.05_time": 5.624773263931274, "Z_threshold0.1_of": 39960.19366694762, "Z_threshold0.1_time": 4.770089864730835, "Z_threshold0.15_of": 39682.18137472697, "Z_threshold0.15_time": 3.3136188983917236, "Z_threshold0.2_of": 39565.074593774654, "Z_threshold0.2_time": 2.9080049991607666, "Z_threshold0.25_of": 39463.537558038464, "Z_threshold0.25_time": 2.341381788253784, "Z_threshold0.3_of": 39248.967216408804, "Z_threshold0.3_time": 1.8008644580841064, "Z_threshold0.35_of": 39182.641988220494, "Z_threshold0.35_time": 0.974658727645874, "Z_threshold0.4_of": 38737.48980303178, "Z_threshold0.4_time": 0.925755500793457, "Z_threshold0.45_of": 38508.06099159813, "Z_threshold0.45_time": 0.9607582092285156, "Z_threshold0.5_of": 38390.91359805026, "Z_threshold0.5_time": 0.8957748413085938}