{"name": "E_1100_586_9184.891.json", "BaldoML_of": 32096.238486708622, "BaldoML_time": 0.738440752029419, "BaldoGA_of": 31730.06497130548, "BaldoGA_time": 8.665483236312866, "Solver_of": 32265.165240236463, "Solver_time": 4.463494539260864, "Z_threshold0.05_of": 31431.423777964286, "Z_threshold0.05_time": 0.9322643280029297, "Z_threshold0.1_of": 31431.423777964286, "Z_threshold0.1_time": 0.9177989959716797, "Z_threshold0.15_of": 31431.423777964286, "Z_threshold0.15_time": 0.9019577503204346, "Z_threshold0.2_of": 31431.423777964286, "Z_threshold0.2_time": 0.9112606048583984, "Z_threshold0.25_of": 31431.423777964286, "Z_threshold0.25_time": 0.9709391593933105, "Z_threshold0.3_of": 31431.423777964286, "Z_threshold0.3_time": 0.9625198841094971, "Z_threshold0.35_of": 31431.423777964286, "Z_threshold0.35_time": 1.038231372833252, "Z_threshold0.4_of": 31431.423777964286, "Z_threshold0.4_time": 0.9918322563171387, "Z_threshold0.45_of": 31431.423777964286, "Z_threshold0.45_time": 0.9852242469787598, "Z_threshold0.5_of": 31431.423777964286, "Z_threshold0.5_time": 0.9827978610992432}