{"name": "E_1100_587_13842.739.json", "BaldoML_of": 36756.336411564866, "BaldoML_time": 1.2023594379425049, "BaldoGA_of": 36358.886051322086, "BaldoGA_time": 9.063027620315552, "Solver_of": 37570.9752223988, "Solver_time": 19.477189540863037, "Z_threshold0.05_of": 37038.663750480264, "Z_threshold0.05_time": 1.255624771118164, "Z_threshold0.1_of": 36782.64884253384, "Z_threshold0.1_time": 0.898230791091919, "Z_threshold0.15_of": 36347.58390885917, "Z_threshold0.15_time": 0.9308130741119385, "Z_threshold0.2_of": 36217.26968458366, "Z_threshold0.2_time": 0.9139342308044434, "Z_threshold0.25_of": 36169.55552792065, "Z_threshold0.25_time": 0.8506031036376953, "Z_threshold0.3_of": 36139.98736371676, "Z_threshold0.3_time": 0.8607487678527832, "Z_threshold0.35_of": 36139.98736371676, "Z_threshold0.35_time": 0.8847458362579346, "Z_threshold0.4_of": 36139.98736371676, "Z_threshold0.4_time": 0.8829958438873291, "Z_threshold0.45_of": 36139.98736371676, "Z_threshold0.45_time": 0.8803596496582031, "Z_threshold0.5_of": 36139.98736371676, "Z_threshold0.5_time": 0.8683671951293945}