{"name": "E_1100_457_14207.22.json", "BaldoML_of": 36563.143488671, "BaldoML_time": 1.0435869693756104, "BaldoGA_of": 36064.6607951727, "BaldoGA_time": 7.827307224273682, "Solver_of": 37736.50076683909, "Solver_time": 17.25219702720642, "Z_threshold0.05_of": 37491.29625366683, "Z_threshold0.05_time": 4.183998346328735, "Z_threshold0.1_of": 37217.369023698564, "Z_threshold0.1_time": 2.363677740097046, "Z_threshold0.15_of": 36989.799997209484, "Z_threshold0.15_time": 2.020278215408325, "Z_threshold0.2_of": 36866.7850069414, "Z_threshold0.2_time": 1.4006311893463135, "Z_threshold0.25_of": 36747.52109420077, "Z_threshold0.25_time": 1.0691406726837158, "Z_threshold0.3_of": 36232.59812073835, "Z_threshold0.3_time": 0.9717357158660889, "Z_threshold0.35_of": 35754.24407549823, "Z_threshold0.35_time": 1.046137809753418, "Z_threshold0.4_of": 35543.4010449348, "Z_threshold0.4_time": 0.988675594329834, "Z_threshold0.45_of": 35441.98394426206, "Z_threshold0.45_time": 0.945014476776123, "Z_threshold0.5_of": 35401.83125168334, "Z_threshold0.5_time": 0.9553980827331543}