{"name": "E_1100_464_9270.313.json", "BaldoML_of": 29776.721258535283, "BaldoML_time": 1.5587191581726074, "BaldoGA_of": 29325.00690910806, "BaldoGA_time": 6.593801259994507, "Solver_of": 30414.88124598491, "Solver_time": 29.494116067886353, "Z_threshold0.05_of": 30020.688852277795, "Z_threshold0.05_time": 4.528466463088989, "Z_threshold0.1_of": 29686.861899208354, "Z_threshold0.1_time": 1.079092264175415, "Z_threshold0.15_of": 29164.98795012913, "Z_threshold0.15_time": 0.9844801425933838, "Z_threshold0.2_of": 28461.032572664244, "Z_threshold0.2_time": 1.1627223491668701, "Z_threshold0.25_of": 28231.50438608949, "Z_threshold0.25_time": 0.9556624889373779, "Z_threshold0.3_of": 28061.274285716812, "Z_threshold0.3_time": 0.937161922454834, "Z_threshold0.35_of": 27923.755581315556, "Z_threshold0.35_time": 0.9525816440582275, "Z_threshold0.4_of": 27883.565203164828, "Z_threshold0.4_time": 0.973304033279419, "Z_threshold0.45_of": 27788.549487744003, "Z_threshold0.45_time": 0.9968500137329102, "Z_threshold0.5_of": 27719.636322904717, "Z_threshold0.5_time": 0.9812796115875244}