{"name": "E_1100_637_7153.192.json", "BaldoML_of": 26156.529467100143, "BaldoML_time": 0.5555875301361084, "BaldoGA_of": 25770.247507889173, "BaldoGA_time": 2.265918493270874, "Solver_of": 26478.3110594731, "Solver_time": 1.4651358127593994, "Z_threshold0.05_of": 25926.829088488943, "Z_threshold0.05_time": 1.065251111984253, "Z_threshold0.1_of": 25926.829088488943, "Z_threshold0.1_time": 1.0073418617248535, "Z_threshold0.15_of": 25926.829088488943, "Z_threshold0.15_time": 0.9532732963562012, "Z_threshold0.2_of": 25926.829088488943, "Z_threshold0.2_time": 0.9800517559051514, "Z_threshold0.25_of": 25926.829088488943, "Z_threshold0.25_time": 0.9667010307312012, "Z_threshold0.3_of": 25926.829088488943, "Z_threshold0.3_time": 0.9593362808227539, "Z_threshold0.35_of": 25926.829088488943, "Z_threshold0.35_time": 1.0041797161102295, "Z_threshold0.4_of": 25926.829088488943, "Z_threshold0.4_time": 1.0137090682983398, "Z_threshold0.45_of": 25926.829088488943, "Z_threshold0.45_time": 1.0343751907348633, "Z_threshold0.5_of": 25926.829088488943, "Z_threshold0.5_time": 0.9967513084411621}