{"name": "E_1100_221_13857.862.json", "BaldoML_of": 43419.713593562796, "BaldoML_time": 3.402414321899414, "BaldoGA_of": 42149.616394526965, "BaldoGA_time": 6.918145656585693, "Solver_of": 43791.943365625484, "Solver_time": 6.004987716674805, "Z_threshold0.05_of": 43623.462503029, "Z_threshold0.05_time": 4.221841096878052, "Z_threshold0.1_of": 43613.17871541891, "Z_threshold0.1_time": 3.342723846435547, "Z_threshold0.15_of": 43526.85259282084, "Z_threshold0.15_time": 3.461216926574707, "Z_threshold0.2_of": 43329.455182477344, "Z_threshold0.2_time": 3.1650989055633545, "Z_threshold0.25_of": 43322.138707333914, "Z_threshold0.25_time": 2.7660140991210938, "Z_threshold0.3_of": 43230.90583290023, "Z_threshold0.3_time": 2.5283217430114746, "Z_threshold0.35_of": 43089.90743315956, "Z_threshold0.35_time": 1.8911783695220947, "Z_threshold0.4_of": 42983.21560930541, "Z_threshold0.4_time": 1.7438609600067139, "Z_threshold0.45_of": 42641.8994659989, "Z_threshold0.45_time": 0.9459714889526367, "Z_threshold0.5_of": 42011.34541116639, "Z_threshold0.5_time": 0.9459173679351807}