{"name": "E_1100_333_9372.45.json", "BaldoML_of": 31375.48544426037, "BaldoML_time": 2.9897189140319824, "BaldoGA_of": 30353.222193404137, "BaldoGA_time": 4.946960210800171, "Solver_of": 31655.031516807358, "Solver_time": 14.867917776107788, "Z_threshold0.05_of": 31646.587827318832, "Z_threshold0.05_time": 2.5702431201934814, "Z_threshold0.1_of": 31376.9987951981, "Z_threshold0.1_time": 2.9468607902526855, "Z_threshold0.15_of": 31155.378409719935, "Z_threshold0.15_time": 1.4838168621063232, "Z_threshold0.2_of": 30776.320081309466, "Z_threshold0.2_time": 0.9429953098297119, "Z_threshold0.25_of": 30115.29778599821, "Z_threshold0.25_time": 0.8516168594360352, "Z_threshold0.3_of": 29734.883103865155, "Z_threshold0.3_time": 0.8893289566040039, "Z_threshold0.35_of": 29566.922037619755, "Z_threshold0.35_time": 0.8623430728912354, "Z_threshold0.4_of": 29181.588890582134, "Z_threshold0.4_time": 0.8874764442443848, "Z_threshold0.45_of": 28817.147463356574, "Z_threshold0.45_time": 0.8803448677062988, "Z_threshold0.5_of": 28653.683444723894, "Z_threshold0.5_time": 0.8710181713104248}