{"name": "E_1100_609_14017.601.json", "BaldoML_of": 35344.367904206534, "BaldoML_time": 0.6307177543640137, "BaldoGA_of": 35081.67303286054, "BaldoGA_time": 8.318234920501709, "Solver_of": 36358.54535272011, "Solver_time": 21.273198127746582, "Z_threshold0.05_of": 35425.034690882974, "Z_threshold0.05_time": 1.013157844543457, "Z_threshold0.1_of": 35244.710073998554, "Z_threshold0.1_time": 0.9383234977722168, "Z_threshold0.15_of": 34828.324220538976, "Z_threshold0.15_time": 0.9180943965911865, "Z_threshold0.2_of": 34711.18482769167, "Z_threshold0.2_time": 0.9198153018951416, "Z_threshold0.25_of": 34711.18482769167, "Z_threshold0.25_time": 0.9702451229095459, "Z_threshold0.3_of": 34711.18482769167, "Z_threshold0.3_time": 0.8883242607116699, "Z_threshold0.35_of": 34711.18482769167, "Z_threshold0.35_time": 0.8889648914337158, "Z_threshold0.4_of": 34711.18482769167, "Z_threshold0.4_time": 0.87428879737854, "Z_threshold0.45_of": 34711.18482769167, "Z_threshold0.45_time": 0.8903844356536865, "Z_threshold0.5_of": 34711.18482769167, "Z_threshold0.5_time": 0.8992843627929688}