{"name": "E_1300_546_11196.071.json", "BaldoML_of": 36871.752744290156, "BaldoML_time": 2.067659616470337, "BaldoGA_of": 36111.20934018532, "BaldoGA_time": 8.409956932067871, "Solver_of": 37182.10484884559, "Solver_time": 28.71553087234497, "Z_threshold0.05_of": 36932.334402086904, "Z_threshold0.05_time": 5.049285650253296, "Z_threshold0.1_of": 36328.11450733725, "Z_threshold0.1_time": 1.3306214809417725, "Z_threshold0.15_of": 35336.32431300722, "Z_threshold0.15_time": 1.2226917743682861, "Z_threshold0.2_of": 34950.712374797775, "Z_threshold0.2_time": 1.1802210807800293, "Z_threshold0.25_of": 34669.72115307197, "Z_threshold0.25_time": 1.178518295288086, "Z_threshold0.3_of": 34550.123623766514, "Z_threshold0.3_time": 1.2182068824768066, "Z_threshold0.35_of": 34403.639644615054, "Z_threshold0.35_time": 1.3041250705718994, "Z_threshold0.4_of": 34403.639644615054, "Z_threshold0.4_time": 1.226027488708496, "Z_threshold0.45_of": 34369.22172524836, "Z_threshold0.45_time": 1.1938691139221191, "Z_threshold0.5_of": 34369.22172524836, "Z_threshold0.5_time": 1.2283604145050049}