{"name": "E_1300_689_11137.67.json", "BaldoML_of": 37227.11021402201, "BaldoML_time": 0.8733432292938232, "BaldoGA_of": 36761.15887206634, "BaldoGA_time": 11.154423236846924, "Solver_of": 37495.416505485395, "Solver_time": 5.1087212562561035, "Z_threshold0.05_of": 36471.10092722678, "Z_threshold0.05_time": 1.1779255867004395, "Z_threshold0.1_of": 36471.10092722678, "Z_threshold0.1_time": 1.2283825874328613, "Z_threshold0.15_of": 36471.10092722678, "Z_threshold0.15_time": 1.192479133605957, "Z_threshold0.2_of": 36471.10092722678, "Z_threshold0.2_time": 1.258307933807373, "Z_threshold0.25_of": 36471.10092722678, "Z_threshold0.25_time": 1.2121508121490479, "Z_threshold0.3_of": 36471.10092722678, "Z_threshold0.3_time": 1.2074153423309326, "Z_threshold0.35_of": 36471.10092722678, "Z_threshold0.35_time": 1.1672515869140625, "Z_threshold0.4_of": 36471.10092722678, "Z_threshold0.4_time": 1.1948518753051758, "Z_threshold0.45_of": 36379.47305466419, "Z_threshold0.45_time": 1.1841230392456055, "Z_threshold0.5_of": 36379.47305466419, "Z_threshold0.5_time": 1.2036421298980713}