{"name": "E_1300_641_10907.192.json", "BaldoML_of": 36494.67101874467, "BaldoML_time": 0.8104674816131592, "BaldoGA_of": 35926.053706774575, "BaldoGA_time": 10.612785816192627, "Solver_of": 36928.34124056307, "Solver_time": 16.69313406944275, "Z_threshold0.05_of": 36228.8560618664, "Z_threshold0.05_time": 1.3696649074554443, "Z_threshold0.1_of": 35128.85570565753, "Z_threshold0.1_time": 1.245410442352295, "Z_threshold0.15_of": 34888.5728224168, "Z_threshold0.15_time": 1.2153780460357666, "Z_threshold0.2_of": 34781.986925600424, "Z_threshold0.2_time": 1.2714836597442627, "Z_threshold0.25_of": 34781.986925600424, "Z_threshold0.25_time": 1.228966474533081, "Z_threshold0.3_of": 34781.986925600424, "Z_threshold0.3_time": 1.2332088947296143, "Z_threshold0.35_of": 34781.986925600424, "Z_threshold0.35_time": 1.306143045425415, "Z_threshold0.4_of": 34781.986925600424, "Z_threshold0.4_time": 1.2845447063446045, "Z_threshold0.45_of": 34781.986925600424, "Z_threshold0.45_time": 1.293543815612793, "Z_threshold0.5_of": 34781.986925600424, "Z_threshold0.5_time": 1.2487354278564453}