{"name": "E_1300_573_15977.164.json", "BaldoML_of": 44833.78181586658, "BaldoML_time": 1.301236867904663, "BaldoGA_of": 44038.80750202229, "BaldoGA_time": 10.375176429748535, "Solver_of": 45778.5064819072, "Solver_time": 26.71618962287903, "Z_threshold0.05_of": 45635.12940646868, "Z_threshold0.05_time": 12.285410165786743, "Z_threshold0.1_of": 45439.94523091393, "Z_threshold0.1_time": 3.999380588531494, "Z_threshold0.15_of": 45072.7444717722, "Z_threshold0.15_time": 1.9767200946807861, "Z_threshold0.2_of": 44944.416695026805, "Z_threshold0.2_time": 1.5406506061553955, "Z_threshold0.25_of": 44189.98969666766, "Z_threshold0.25_time": 1.271667242050171, "Z_threshold0.3_of": 43755.19947623805, "Z_threshold0.3_time": 1.2526137828826904, "Z_threshold0.35_of": 43483.06316488741, "Z_threshold0.35_time": 1.2356135845184326, "Z_threshold0.4_of": 43281.83304890559, "Z_threshold0.4_time": 1.2246081829071045, "Z_threshold0.45_of": 43184.65158131548, "Z_threshold0.45_time": 1.3257160186767578, "Z_threshold0.5_of": 43096.11018256423, "Z_threshold0.5_time": 1.3166654109954834}