{"name": "E_1300_521_16946.895.json", "BaldoML_of": 43010.01527871094, "BaldoML_time": 1.2583513259887695, "BaldoGA_of": 42449.15383520606, "BaldoGA_time": 8.927011966705322, "Solver_of": 44094.31415042761, "Solver_time": 30.761729955673218, "Z_threshold0.05_of": 43972.747516194904, "Z_threshold0.05_time": 24.099398136138916, "Z_threshold0.1_of": 43842.98011954995, "Z_threshold0.1_time": 6.644169807434082, "Z_threshold0.15_of": 43647.576863912305, "Z_threshold0.15_time": 3.7454142570495605, "Z_threshold0.2_of": 43562.35226344259, "Z_threshold0.2_time": 1.9609110355377197, "Z_threshold0.25_of": 43326.33930871127, "Z_threshold0.25_time": 1.6544933319091797, "Z_threshold0.3_of": 43139.06500949096, "Z_threshold0.3_time": 1.4063351154327393, "Z_threshold0.35_of": 42756.10311988943, "Z_threshold0.35_time": 1.3140151500701904, "Z_threshold0.4_of": 42257.24685433954, "Z_threshold0.4_time": 1.276482343673706, "Z_threshold0.45_of": 42101.4123321815, "Z_threshold0.45_time": 1.2748377323150635, "Z_threshold0.5_of": 41462.01971024766, "Z_threshold0.5_time": 1.3274238109588623}