{"name": "E_1300_598_8248.404.json", "BaldoML_of": 31053.632471955814, "BaldoML_time": 1.101710319519043, "BaldoGA_of": 30689.568641453894, "BaldoGA_time": 8.610512256622314, "Solver_of": 31246.65081239805, "Solver_time": 3.216644287109375, "Z_threshold0.05_of": 30338.755675048113, "Z_threshold0.05_time": 1.173457384109497, "Z_threshold0.1_of": 30338.755675048113, "Z_threshold0.1_time": 1.135134220123291, "Z_threshold0.15_of": 30277.4699527982, "Z_threshold0.15_time": 1.1725242137908936, "Z_threshold0.2_of": 30277.4699527982, "Z_threshold0.2_time": 1.131223440170288, "Z_threshold0.25_of": 30277.4699527982, "Z_threshold0.25_time": 1.115039348602295, "Z_threshold0.3_of": 30277.4699527982, "Z_threshold0.3_time": 1.127223253250122, "Z_threshold0.35_of": 30277.4699527982, "Z_threshold0.35_time": 1.1639811992645264, "Z_threshold0.4_of": 30277.4699527982, "Z_threshold0.4_time": 1.151343584060669, "Z_threshold0.45_of": 30277.4699527982, "Z_threshold0.45_time": 1.1183216571807861, "Z_threshold0.5_of": 30277.4699527982, "Z_threshold0.5_time": 1.128176212310791}