{"name": "E_1300_450_16364.335.json", "BaldoML_of": 45762.316010462826, "BaldoML_time": 2.77417254447937, "BaldoGA_of": 44489.73307089972, "BaldoGA_time": 7.473228216171265, "Solver_of": 46444.072300683154, "Solver_time": 33.54731225967407, "Z_threshold0.05_of": 46263.52050867044, "Z_threshold0.05_time": 4.614533424377441, "Z_threshold0.1_of": 46211.41833363231, "Z_threshold0.1_time": 4.192992448806763, "Z_threshold0.15_of": 45958.02704591961, "Z_threshold0.15_time": 3.6133012771606445, "Z_threshold0.2_of": 45843.041923219535, "Z_threshold0.2_time": 2.9315972328186035, "Z_threshold0.25_of": 45591.61301763522, "Z_threshold0.25_time": 2.291810989379883, "Z_threshold0.3_of": 45475.80440425423, "Z_threshold0.3_time": 1.9127883911132812, "Z_threshold0.35_of": 45284.581318262266, "Z_threshold0.35_time": 1.2494707107543945, "Z_threshold0.4_of": 45002.562908108164, "Z_threshold0.4_time": 1.2658002376556396, "Z_threshold0.45_of": 44585.34596151595, "Z_threshold0.45_time": 1.2510478496551514, "Z_threshold0.5_of": 44202.502812224266, "Z_threshold0.5_time": 1.313007116317749}