{"name": "E_1300_411_8219.47.json", "BaldoML_of": 31935.870140535993, "BaldoML_time": 2.261054039001465, "BaldoGA_of": 31135.39631399929, "BaldoGA_time": 5.71277642250061, "Solver_of": 32202.788464337227, "Solver_time": 22.499231576919556, "Z_threshold0.05_of": 32080.72080489336, "Z_threshold0.05_time": 4.473538637161255, "Z_threshold0.1_of": 31827.090308722916, "Z_threshold0.1_time": 2.3910956382751465, "Z_threshold0.15_of": 31686.874769013237, "Z_threshold0.15_time": 1.6626207828521729, "Z_threshold0.2_of": 31083.686188608423, "Z_threshold0.2_time": 1.2502546310424805, "Z_threshold0.25_of": 30416.770714669412, "Z_threshold0.25_time": 1.2298171520233154, "Z_threshold0.3_of": 29972.49061751108, "Z_threshold0.3_time": 1.2448616027832031, "Z_threshold0.35_of": 29972.49061751108, "Z_threshold0.35_time": 1.4369666576385498, "Z_threshold0.4_of": 29972.49061751108, "Z_threshold0.4_time": 1.2150132656097412, "Z_threshold0.45_of": 29972.49061751108, "Z_threshold0.45_time": 1.1982767581939697, "Z_threshold0.5_of": 29972.49061751108, "Z_threshold0.5_time": 1.203089952468872}