{"name": "E_1300_364_16369.774.json", "BaldoML_of": 46846.03696627479, "BaldoML_time": 2.8203182220458984, "BaldoGA_of": 45396.221092193584, "BaldoGA_time": 8.128616571426392, "Solver_of": 47656.80299384488, "Solver_time": 19.28974723815918, "Z_threshold0.05_of": 47545.30559892312, "Z_threshold0.05_time": 6.769039630889893, "Z_threshold0.1_of": 47495.56940049355, "Z_threshold0.1_time": 7.563576698303223, "Z_threshold0.15_of": 47195.60266636513, "Z_threshold0.15_time": 5.6048383712768555, "Z_threshold0.2_of": 47019.92112612799, "Z_threshold0.2_time": 4.026707410812378, "Z_threshold0.25_of": 46717.904407997965, "Z_threshold0.25_time": 2.891848087310791, "Z_threshold0.3_of": 46546.55334809897, "Z_threshold0.3_time": 2.388758420944214, "Z_threshold0.35_of": 46242.697910682065, "Z_threshold0.35_time": 1.259570837020874, "Z_threshold0.4_of": 45778.69098253187, "Z_threshold0.4_time": 1.294950246810913, "Z_threshold0.45_of": 45364.178608781, "Z_threshold0.45_time": 1.2710597515106201, "Z_threshold0.5_of": 45277.149444983006, "Z_threshold0.5_time": 1.3214373588562012}