{"name": "E_1300_330_17178.658.json", "BaldoML_of": 44141.93693834927, "BaldoML_time": 5.491047382354736, "BaldoGA_of": 41791.34795758676, "BaldoGA_time": 6.529229640960693, "Solver_of": 45043.32193339014, "Solver_time": 20.463631868362427, "Z_threshold0.05_of": 44933.74867023736, "Z_threshold0.05_time": 6.6408843994140625, "Z_threshold0.1_of": 44766.43368250256, "Z_threshold0.1_time": 5.852354526519775, "Z_threshold0.15_of": 44541.86779846766, "Z_threshold0.15_time": 6.973562479019165, "Z_threshold0.2_of": 44285.09726707678, "Z_threshold0.2_time": 5.138314723968506, "Z_threshold0.25_of": 44125.95722013209, "Z_threshold0.25_time": 3.1282153129577637, "Z_threshold0.3_of": 43747.020727660965, "Z_threshold0.3_time": 1.9652290344238281, "Z_threshold0.35_of": 43221.819457469624, "Z_threshold0.35_time": 1.2731997966766357, "Z_threshold0.4_of": 42775.52224417307, "Z_threshold0.4_time": 1.2209391593933105, "Z_threshold0.45_of": 42522.73733441023, "Z_threshold0.45_time": 1.3217964172363281, "Z_threshold0.5_of": 42160.6894014655, "Z_threshold0.5_time": 1.2876451015472412}