{"name": "E_1300_315_16598.243.json", "BaldoML_of": 46964.11782755117, "BaldoML_time": 3.522125720977783, "BaldoGA_of": 45018.95855812396, "BaldoGA_time": 8.190890312194824, "Solver_of": 47693.99541049657, "Solver_time": 23.06335425376892, "Z_threshold0.05_of": 47533.7189271871, "Z_threshold0.05_time": 5.4181599617004395, "Z_threshold0.1_of": 47523.68520543414, "Z_threshold0.1_time": 7.143157005310059, "Z_threshold0.15_of": 47323.158385328534, "Z_threshold0.15_time": 5.82178258895874, "Z_threshold0.2_of": 47076.45171310092, "Z_threshold0.2_time": 3.7050700187683105, "Z_threshold0.25_of": 46892.46879496148, "Z_threshold0.25_time": 2.777879476547241, "Z_threshold0.3_of": 46749.836623951174, "Z_threshold0.3_time": 2.3787291049957275, "Z_threshold0.35_of": 46466.19017126986, "Z_threshold0.35_time": 1.3016986846923828, "Z_threshold0.4_of": 45810.508712753915, "Z_threshold0.4_time": 1.2330255508422852, "Z_threshold0.45_of": 45608.49118363322, "Z_threshold0.45_time": 1.2242543697357178, "Z_threshold0.5_of": 45126.06638512251, "Z_threshold0.5_time": 1.351728916168213}