{"name": "E_1300_463_16635.452.json", "BaldoML_of": 43679.765909101676, "BaldoML_time": 1.3607163429260254, "BaldoGA_of": 42577.24277263421, "BaldoGA_time": 8.702632665634155, "Solver_of": 44743.14147169862, "Solver_time": 28.997556924819946, "Z_threshold0.05_of": 44644.84105827636, "Z_threshold0.05_time": 4.576151132583618, "Z_threshold0.1_of": 44559.59434610414, "Z_threshold0.1_time": 4.584681510925293, "Z_threshold0.15_of": 44277.13224483004, "Z_threshold0.15_time": 2.970076560974121, "Z_threshold0.2_of": 44200.29484685012, "Z_threshold0.2_time": 3.018533229827881, "Z_threshold0.25_of": 44114.028113882276, "Z_threshold0.25_time": 2.2969233989715576, "Z_threshold0.3_of": 44054.9516887794, "Z_threshold0.3_time": 1.630035400390625, "Z_threshold0.35_of": 43826.40750767156, "Z_threshold0.35_time": 1.289396047592163, "Z_threshold0.4_of": 43376.25679764358, "Z_threshold0.4_time": 1.2897145748138428, "Z_threshold0.45_of": 42889.17248654906, "Z_threshold0.45_time": 1.441992998123169, "Z_threshold0.5_of": 42646.24562645075, "Z_threshold0.5_time": 1.3635952472686768}