{"name": "E_1300_764_11150.299.json", "BaldoML_of": 34901.117888750574, "BaldoML_time": 0.7101306915283203, "BaldoGA_of": 34467.54421857222, "BaldoGA_time": 3.662977695465088, "Solver_of": 35460.4731018518, "Solver_time": 3.171461820602417, "Z_threshold0.05_of": 34895.42730567865, "Z_threshold0.05_time": 1.3087177276611328, "Z_threshold0.1_of": 34895.42730567865, "Z_threshold0.1_time": 1.1968319416046143, "Z_threshold0.15_of": 34895.42730567865, "Z_threshold0.15_time": 1.194033145904541, "Z_threshold0.2_of": 34895.42730567865, "Z_threshold0.2_time": 1.1817011833190918, "Z_threshold0.25_of": 34895.42730567865, "Z_threshold0.25_time": 1.1892294883728027, "Z_threshold0.3_of": 34895.42730567865, "Z_threshold0.3_time": 1.1804776191711426, "Z_threshold0.35_of": 34895.42730567865, "Z_threshold0.35_time": 1.2171320915222168, "Z_threshold0.4_of": 34895.42730567865, "Z_threshold0.4_time": 1.2151355743408203, "Z_threshold0.45_of": 34895.42730567865, "Z_threshold0.45_time": 1.1992347240447998, "Z_threshold0.5_of": 34895.42730567865, "Z_threshold0.5_time": 1.1854133605957031}