{"name": "E_1300_537_16563.682.json", "BaldoML_of": 44284.523613906385, "BaldoML_time": 1.5892701148986816, "BaldoGA_of": 43675.24567901151, "BaldoGA_time": 9.135875225067139, "Solver_of": 45285.46418831079, "Solver_time": 25.445485591888428, "Z_threshold0.05_of": 45168.35162103416, "Z_threshold0.05_time": 13.885858058929443, "Z_threshold0.1_of": 44991.92305403088, "Z_threshold0.1_time": 4.827278137207031, "Z_threshold0.15_of": 44767.60585037222, "Z_threshold0.15_time": 2.877305507659912, "Z_threshold0.2_of": 44519.53239341719, "Z_threshold0.2_time": 1.7170920372009277, "Z_threshold0.25_of": 44342.49185799522, "Z_threshold0.25_time": 1.3514249324798584, "Z_threshold0.3_of": 43601.54829254652, "Z_threshold0.3_time": 1.1998815536499023, "Z_threshold0.35_of": 43052.67010546845, "Z_threshold0.35_time": 1.2487821578979492, "Z_threshold0.4_of": 42870.48386288183, "Z_threshold0.4_time": 1.212355136871338, "Z_threshold0.45_of": 42381.11828416608, "Z_threshold0.45_time": 1.209381341934204, "Z_threshold0.5_of": 42229.30286967703, "Z_threshold0.5_time": 1.2229516506195068}