{"name": "E_1300_320_11051.414.json", "BaldoML_of": 38349.2518619684, "BaldoML_time": 4.010748624801636, "BaldoGA_of": 36870.04952695764, "BaldoGA_time": 6.778197765350342, "Solver_of": 38856.884766091775, "Solver_time": 16.066571712493896, "Z_threshold0.05_of": 38817.96530606601, "Z_threshold0.05_time": 9.304544925689697, "Z_threshold0.1_of": 38745.02174331379, "Z_threshold0.1_time": 5.252007484436035, "Z_threshold0.15_of": 38424.19143598864, "Z_threshold0.15_time": 4.194220304489136, "Z_threshold0.2_of": 38136.24088123267, "Z_threshold0.2_time": 2.956071376800537, "Z_threshold0.25_of": 37941.25148472554, "Z_threshold0.25_time": 2.6288444995880127, "Z_threshold0.3_of": 37496.973265995024, "Z_threshold0.3_time": 1.2664172649383545, "Z_threshold0.35_of": 36867.172693300636, "Z_threshold0.35_time": 1.2643792629241943, "Z_threshold0.4_of": 36616.569352342165, "Z_threshold0.4_time": 1.2914183139801025, "Z_threshold0.45_of": 36158.06755531946, "Z_threshold0.45_time": 1.2647569179534912, "Z_threshold0.5_of": 35811.81733402445, "Z_threshold0.5_time": 1.235504388809204}