{"name": "E_1300_268_16378.53.json", "BaldoML_of": 49218.94920170238, "BaldoML_time": 4.8340747356414795, "BaldoGA_of": 47746.46656859375, "BaldoGA_time": 8.755508184432983, "Solver_of": 49810.070742854885, "Solver_time": 20.53763246536255, "Z_threshold0.05_of": 49721.41395544706, "Z_threshold0.05_time": 5.837233781814575, "Z_threshold0.1_of": 49602.80339415342, "Z_threshold0.1_time": 10.410053014755249, "Z_threshold0.15_of": 49546.31866340846, "Z_threshold0.15_time": 5.523149251937866, "Z_threshold0.2_of": 49388.15947794309, "Z_threshold0.2_time": 7.53620719909668, "Z_threshold0.25_of": 49250.808726851756, "Z_threshold0.25_time": 4.4761199951171875, "Z_threshold0.3_of": 49096.27876564163, "Z_threshold0.3_time": 3.4881248474121094, "Z_threshold0.35_of": 48865.22823556813, "Z_threshold0.35_time": 2.325695037841797, "Z_threshold0.4_of": 48519.095219863324, "Z_threshold0.4_time": 1.2888813018798828, "Z_threshold0.45_of": 48155.564546290305, "Z_threshold0.45_time": 1.2668323516845703, "Z_threshold0.5_of": 47767.02297891312, "Z_threshold0.5_time": 1.4196574687957764}