{"name": "E_1300_632_16201.271.json", "BaldoML_of": 42938.37109178282, "BaldoML_time": 1.2245116233825684, "BaldoGA_of": 42356.71071729114, "BaldoGA_time": 9.06348204612732, "Solver_of": 43926.0024531594, "Solver_time": 42.28121781349182, "Z_threshold0.05_of": 43836.80859899458, "Z_threshold0.05_time": 10.970341205596924, "Z_threshold0.1_of": 43363.368548029706, "Z_threshold0.1_time": 2.1138317584991455, "Z_threshold0.15_of": 43169.38182814011, "Z_threshold0.15_time": 1.5102417469024658, "Z_threshold0.2_of": 42575.10943782066, "Z_threshold0.2_time": 1.1908645629882812, "Z_threshold0.25_of": 42245.50516773469, "Z_threshold0.25_time": 1.1740124225616455, "Z_threshold0.3_of": 41915.171454750125, "Z_threshold0.3_time": 1.1280500888824463, "Z_threshold0.35_of": 41740.152775555005, "Z_threshold0.35_time": 1.167095422744751, "Z_threshold0.4_of": 41640.19672562444, "Z_threshold0.4_time": 1.2883358001708984, "Z_threshold0.45_of": 41539.28259301345, "Z_threshold0.45_time": 1.1675810813903809, "Z_threshold0.5_of": 41469.3503763484, "Z_threshold0.5_time": 1.169640302658081}