{"name": "E_1300_369_11424.549.json", "BaldoML_of": 36793.85765484763, "BaldoML_time": 2.8574531078338623, "BaldoGA_of": 35643.71999055668, "BaldoGA_time": 6.850516080856323, "Solver_of": 37022.84386821011, "Solver_time": 13.103106260299683, "Z_threshold0.05_of": 36918.97786023886, "Z_threshold0.05_time": 5.5298237800598145, "Z_threshold0.1_of": 36732.31114135134, "Z_threshold0.1_time": 3.005430221557617, "Z_threshold0.15_of": 36556.549184662006, "Z_threshold0.15_time": 2.305539846420288, "Z_threshold0.2_of": 36478.33034181058, "Z_threshold0.2_time": 1.72438383102417, "Z_threshold0.25_of": 36376.63107987806, "Z_threshold0.25_time": 1.6406984329223633, "Z_threshold0.3_of": 35996.56582229248, "Z_threshold0.3_time": 1.3217353820800781, "Z_threshold0.35_of": 35435.11452347175, "Z_threshold0.35_time": 1.1996519565582275, "Z_threshold0.4_of": 35044.86978203505, "Z_threshold0.4_time": 1.2207069396972656, "Z_threshold0.45_of": 34667.08263818158, "Z_threshold0.45_time": 1.1747446060180664, "Z_threshold0.5_of": 34250.2408470034, "Z_threshold0.5_time": 1.2564306259155273}