{"name": "E_1300_378_11006.926.json", "BaldoML_of": 38163.33019007884, "BaldoML_time": 3.0140535831451416, "BaldoGA_of": 37066.25675229826, "BaldoGA_time": 7.312107086181641, "Solver_of": 38676.23550245677, "Solver_time": 6.458463430404663, "Z_threshold0.05_of": 38595.45966684671, "Z_threshold0.05_time": 7.267683029174805, "Z_threshold0.1_of": 38204.8288921405, "Z_threshold0.1_time": 3.7708218097686768, "Z_threshold0.15_of": 37864.94575945802, "Z_threshold0.15_time": 2.611234426498413, "Z_threshold0.2_of": 37717.634720107795, "Z_threshold0.2_time": 2.7485337257385254, "Z_threshold0.25_of": 37516.52953290817, "Z_threshold0.25_time": 1.437894582748413, "Z_threshold0.3_of": 36750.64673071515, "Z_threshold0.3_time": 1.4404983520507812, "Z_threshold0.35_of": 36016.978020506926, "Z_threshold0.35_time": 1.3248512744903564, "Z_threshold0.4_of": 35175.87606113506, "Z_threshold0.4_time": 1.264286994934082, "Z_threshold0.45_of": 34621.61469530054, "Z_threshold0.45_time": 1.1897289752960205, "Z_threshold0.5_of": 34490.64917381747, "Z_threshold0.5_time": 1.1822359561920166}