{"name": "E_1300_714_8384.089.json", "BaldoML_of": 30858.082268932605, "BaldoML_time": 0.642266035079956, "BaldoGA_of": 30474.414377462068, "BaldoGA_time": 2.985905647277832, "Solver_of": 31206.896836912532, "Solver_time": 2.7823915481567383, "Z_threshold0.05_of": 30782.82349869747, "Z_threshold0.05_time": 1.2090668678283691, "Z_threshold0.1_of": 30782.82349869747, "Z_threshold0.1_time": 1.2346034049987793, "Z_threshold0.15_of": 30782.82349869747, "Z_threshold0.15_time": 1.2072713375091553, "Z_threshold0.2_of": 30782.82349869747, "Z_threshold0.2_time": 1.1915066242218018, "Z_threshold0.25_of": 30782.82349869747, "Z_threshold0.25_time": 1.1572754383087158, "Z_threshold0.3_of": 30782.82349869747, "Z_threshold0.3_time": 1.178584098815918, "Z_threshold0.35_of": 30782.82349869747, "Z_threshold0.35_time": 1.1920580863952637, "Z_threshold0.4_of": 30782.82349869747, "Z_threshold0.4_time": 1.2420783042907715, "Z_threshold0.45_of": 30782.82349869747, "Z_threshold0.45_time": 1.2479255199432373, "Z_threshold0.5_of": 30782.82349869747, "Z_threshold0.5_time": 1.2372925281524658}