{"name": "E_1300_485_16547.65.json", "BaldoML_of": 43878.10449612825, "BaldoML_time": 1.773728847503662, "BaldoGA_of": 42514.83439724811, "BaldoGA_time": 9.208224058151245, "Solver_of": 44988.39079409568, "Solver_time": 27.80654811859131, "Z_threshold0.05_of": 44718.398724993276, "Z_threshold0.05_time": 4.550494909286499, "Z_threshold0.1_of": 44648.69432683826, "Z_threshold0.1_time": 4.22411322593689, "Z_threshold0.15_of": 44443.2503221799, "Z_threshold0.15_time": 2.8677234649658203, "Z_threshold0.2_of": 44300.77041466057, "Z_threshold0.2_time": 2.712590456008911, "Z_threshold0.25_of": 44095.664963996416, "Z_threshold0.25_time": 1.9724056720733643, "Z_threshold0.3_of": 43704.50630276649, "Z_threshold0.3_time": 1.2388508319854736, "Z_threshold0.35_of": 43113.045617836935, "Z_threshold0.35_time": 1.3618137836456299, "Z_threshold0.4_of": 42783.81621677622, "Z_threshold0.4_time": 1.3049566745758057, "Z_threshold0.45_of": 42561.35866765171, "Z_threshold0.45_time": 1.2469849586486816, "Z_threshold0.5_of": 42222.18923214887, "Z_threshold0.5_time": 1.252962589263916}