{"name": "E_1300_384_16700.53.json", "BaldoML_of": 45299.24669965009, "BaldoML_time": 6.696373224258423, "BaldoGA_of": 43295.733954414056, "BaldoGA_time": 8.249505043029785, "Solver_of": 45931.26726830278, "Solver_time": 21.540432691574097, "Z_threshold0.05_of": 45856.489862189184, "Z_threshold0.05_time": 5.128865480422974, "Z_threshold0.1_of": 45739.36765132819, "Z_threshold0.1_time": 5.513670206069946, "Z_threshold0.15_of": 45696.079237225065, "Z_threshold0.15_time": 5.701491594314575, "Z_threshold0.2_of": 45412.326825107666, "Z_threshold0.2_time": 3.942624568939209, "Z_threshold0.25_of": 45058.48956252472, "Z_threshold0.25_time": 2.208646774291992, "Z_threshold0.3_of": 44933.59657378325, "Z_threshold0.3_time": 2.018235683441162, "Z_threshold0.35_of": 44399.05765100332, "Z_threshold0.35_time": 1.3015387058258057, "Z_threshold0.4_of": 44116.229343491155, "Z_threshold0.4_time": 1.2959308624267578, "Z_threshold0.45_of": 43785.795752413556, "Z_threshold0.45_time": 1.3568298816680908, "Z_threshold0.5_of": 43569.44007471417, "Z_threshold0.5_time": 1.3660688400268555}