{"name": "E_1300_401_8356.933.json", "BaldoML_of": 31725.87497228099, "BaldoML_time": 3.0924625396728516, "BaldoGA_of": 31154.6641435629, "BaldoGA_time": 5.936156988143921, "Solver_of": 32160.39580558553, "Solver_time": 27.078553676605225, "Z_threshold0.05_of": 31872.300974361762, "Z_threshold0.05_time": 4.307332992553711, "Z_threshold0.1_of": 31621.230965317085, "Z_threshold0.1_time": 2.576889753341675, "Z_threshold0.15_of": 31481.401273370593, "Z_threshold0.15_time": 1.5275301933288574, "Z_threshold0.2_of": 30675.427521741807, "Z_threshold0.2_time": 1.2591705322265625, "Z_threshold0.25_of": 30042.98517371642, "Z_threshold0.25_time": 1.2116334438323975, "Z_threshold0.3_of": 29740.975142711275, "Z_threshold0.3_time": 1.2231955528259277, "Z_threshold0.35_of": 29713.93742966413, "Z_threshold0.35_time": 1.218503713607788, "Z_threshold0.4_of": 29713.93742966413, "Z_threshold0.4_time": 1.252164363861084, "Z_threshold0.45_of": 29713.93742966413, "Z_threshold0.45_time": 1.2215125560760498, "Z_threshold0.5_of": 29713.93742966413, "Z_threshold0.5_time": 1.2284929752349854}