{"name": "E_1300_331_8086.988.json", "BaldoML_of": 31834.174210167806, "BaldoML_time": 3.817842483520508, "BaldoGA_of": 30882.193663969207, "BaldoGA_time": 4.920639991760254, "Solver_of": 32187.482199482074, "Solver_time": 18.192989349365234, "Z_threshold0.05_of": 32109.348559525097, "Z_threshold0.05_time": 3.072199583053589, "Z_threshold0.1_of": 31733.208126887064, "Z_threshold0.1_time": 3.1597321033477783, "Z_threshold0.15_of": 31343.34164085487, "Z_threshold0.15_time": 2.0009424686431885, "Z_threshold0.2_of": 31166.277292476756, "Z_threshold0.2_time": 1.698075294494629, "Z_threshold0.25_of": 30958.114783048237, "Z_threshold0.25_time": 1.2050025463104248, "Z_threshold0.3_of": 30461.126238009514, "Z_threshold0.3_time": 1.2062652111053467, "Z_threshold0.35_of": 29979.213601474617, "Z_threshold0.35_time": 1.2140414714813232, "Z_threshold0.4_of": 29186.102722044463, "Z_threshold0.4_time": 1.1899540424346924, "Z_threshold0.45_of": 28995.80655799838, "Z_threshold0.45_time": 1.1086399555206299, "Z_threshold0.5_of": 28995.80655799838, "Z_threshold0.5_time": 1.1108472347259521}