{"name": "E_1300_507_8164.519.json", "BaldoML_of": 31841.99072701644, "BaldoML_time": 1.540921688079834, "BaldoGA_of": 31175.185393985565, "BaldoGA_time": 7.104778528213501, "Solver_of": 32207.512148620706, "Solver_time": 22.156143188476562, "Z_threshold0.05_of": 31525.917505169036, "Z_threshold0.05_time": 1.4091994762420654, "Z_threshold0.1_of": 30505.91904463699, "Z_threshold0.1_time": 1.3573930263519287, "Z_threshold0.15_of": 30215.280998785503, "Z_threshold0.15_time": 1.2735087871551514, "Z_threshold0.2_of": 29904.79010138584, "Z_threshold0.2_time": 1.2797136306762695, "Z_threshold0.25_of": 29878.88532218302, "Z_threshold0.25_time": 1.2900621891021729, "Z_threshold0.3_of": 29878.88532218302, "Z_threshold0.3_time": 1.2898695468902588, "Z_threshold0.35_of": 29878.88532218302, "Z_threshold0.35_time": 1.3208332061767578, "Z_threshold0.4_of": 29878.88532218302, "Z_threshold0.4_time": 1.3132526874542236, "Z_threshold0.45_of": 29878.88532218302, "Z_threshold0.45_time": 1.2695224285125732, "Z_threshold0.5_of": 29878.88532218302, "Z_threshold0.5_time": 1.2382597923278809}