{"name": "E_1500_328_12598.822.json", "BaldoML_of": 46368.67468067625, "BaldoML_time": 5.2233686447143555, "BaldoGA_of": 44406.122715723955, "BaldoGA_time": 6.768638610839844, "Solver_of": 46677.75291117188, "Solver_time": 13.553685426712036, "Z_threshold0.05_of": 46606.8496742951, "Z_threshold0.05_time": 8.466781377792358, "Z_threshold0.1_of": 46431.0579962687, "Z_threshold0.1_time": 8.488517761230469, "Z_threshold0.15_of": 46175.42809247312, "Z_threshold0.15_time": 4.0674450397491455, "Z_threshold0.2_of": 45954.921341742775, "Z_threshold0.2_time": 3.2297375202178955, "Z_threshold0.25_of": 45803.33750817742, "Z_threshold0.25_time": 2.5688509941101074, "Z_threshold0.3_of": 45678.30031518853, "Z_threshold0.3_time": 1.7773261070251465, "Z_threshold0.35_of": 45065.06744387336, "Z_threshold0.35_time": 1.6426570415496826, "Z_threshold0.4_of": 44389.27552381122, "Z_threshold0.4_time": 1.6280038356781006, "Z_threshold0.45_of": 43912.207412025404, "Z_threshold0.45_time": 1.528339147567749, "Z_threshold0.5_of": 43556.4359667732, "Z_threshold0.5_time": 1.5673069953918457}