{"name": "E_1500_428_12714.16.json", "BaldoML_of": 44361.057820753216, "BaldoML_time": 3.5109167098999023, "BaldoGA_of": 43130.271797752306, "BaldoGA_time": 7.69118857383728, "Solver_of": 44961.20642564696, "Solver_time": 10.400771379470825, "Z_threshold0.05_of": 44846.993427614965, "Z_threshold0.05_time": 10.048226356506348, "Z_threshold0.1_of": 44410.559241191564, "Z_threshold0.1_time": 3.9900588989257812, "Z_threshold0.15_of": 44316.49781720408, "Z_threshold0.15_time": 3.1398141384124756, "Z_threshold0.2_of": 44048.75064938681, "Z_threshold0.2_time": 2.5557096004486084, "Z_threshold0.25_of": 43305.73114455436, "Z_threshold0.25_time": 1.5907480716705322, "Z_threshold0.3_of": 42516.19573624905, "Z_threshold0.3_time": 1.5294411182403564, "Z_threshold0.35_of": 41749.56998751363, "Z_threshold0.35_time": 1.5539140701293945, "Z_threshold0.4_of": 41468.02679673547, "Z_threshold0.4_time": 1.506300926208496, "Z_threshold0.45_of": 41173.902679912775, "Z_threshold0.45_time": 1.4560904502868652, "Z_threshold0.5_of": 40888.93222775015, "Z_threshold0.5_time": 1.5395207405090332}