{"name": "E_1500_640_12546.744.json", "BaldoML_of": 41281.62332469757, "BaldoML_time": 3.730323076248169, "BaldoGA_of": 40345.76782251059, "BaldoGA_time": 9.230316638946533, "Solver_of": 41981.47443802074, "Solver_time": 30.450828552246094, "Z_threshold0.05_of": 41438.54388144345, "Z_threshold0.05_time": 5.324341535568237, "Z_threshold0.1_of": 40663.817543149446, "Z_threshold0.1_time": 1.8362269401550293, "Z_threshold0.15_of": 38981.06143746841, "Z_threshold0.15_time": 1.6347119808197021, "Z_threshold0.2_of": 38620.92445342171, "Z_threshold0.2_time": 1.5960743427276611, "Z_threshold0.25_of": 38457.916678993075, "Z_threshold0.25_time": 1.617678165435791, "Z_threshold0.3_of": 38399.51644559231, "Z_threshold0.3_time": 1.6471011638641357, "Z_threshold0.35_of": 38399.51644559231, "Z_threshold0.35_time": 1.5570926666259766, "Z_threshold0.4_of": 38309.76436191287, "Z_threshold0.4_time": 1.5479204654693604, "Z_threshold0.45_of": 38259.8400337434, "Z_threshold0.45_time": 1.5922565460205078, "Z_threshold0.5_of": 38220.45067896485, "Z_threshold0.5_time": 1.5893125534057617}