{"name": "E_1500_880_19257.056.json", "BaldoML_of": 49997.915029755175, "BaldoML_time": 1.1196177005767822, "BaldoGA_of": 49540.44321464531, "BaldoGA_time": 18.780489206314087, "Solver_of": 50899.81009846236, "Solver_time": 20.299336910247803, "Z_threshold0.05_of": 50025.52287157192, "Z_threshold0.05_time": 1.704874038696289, "Z_threshold0.1_of": 49392.376742171764, "Z_threshold0.1_time": 1.577357530593872, "Z_threshold0.15_of": 49371.13197194881, "Z_threshold0.15_time": 1.5511000156402588, "Z_threshold0.2_of": 49371.13197194881, "Z_threshold0.2_time": 1.5253548622131348, "Z_threshold0.25_of": 49371.13197194881, "Z_threshold0.25_time": 1.7468066215515137, "Z_threshold0.3_of": 49371.13197194881, "Z_threshold0.3_time": 1.63897705078125, "Z_threshold0.35_of": 49371.13197194881, "Z_threshold0.35_time": 1.6115331649780273, "Z_threshold0.4_of": 49371.13197194881, "Z_threshold0.4_time": 1.715801477432251, "Z_threshold0.45_of": 49371.13197194881, "Z_threshold0.45_time": 1.7041571140289307, "Z_threshold0.5_of": 49371.13197194881, "Z_threshold0.5_time": 1.663661003112793}