{"name": "E_1500_852_9321.649.json", "BaldoML_of": 38551.057897621904, "BaldoML_time": 0.6741244792938232, "BaldoGA_of": 38182.64808208369, "BaldoGA_time": 4.574359893798828, "Solver_of": 39005.51290541126, "Solver_time": 2.5528512001037598, "Z_threshold0.05_of": 38528.0483586853, "Z_threshold0.05_time": 1.472618579864502, "Z_threshold0.1_of": 38528.0483586853, "Z_threshold0.1_time": 1.4867167472839355, "Z_threshold0.15_of": 38528.0483586853, "Z_threshold0.15_time": 1.4695420265197754, "Z_threshold0.2_of": 38528.0483586853, "Z_threshold0.2_time": 1.4681503772735596, "Z_threshold0.25_of": 38528.0483586853, "Z_threshold0.25_time": 1.4942107200622559, "Z_threshold0.3_of": 38528.0483586853, "Z_threshold0.3_time": 1.4689247608184814, "Z_threshold0.35_of": 38528.0483586853, "Z_threshold0.35_time": 1.4781615734100342, "Z_threshold0.4_of": 38528.0483586853, "Z_threshold0.4_time": 1.4856479167938232, "Z_threshold0.45_of": 38528.0483586853, "Z_threshold0.45_time": 1.7475924491882324, "Z_threshold0.5_of": 38528.0483586853, "Z_threshold0.5_time": 1.4423303604125977}