{"name": "E_1500_372_19022.328.json", "BaldoML_of": 54935.954878846074, "BaldoML_time": 5.3762428760528564, "BaldoGA_of": 53076.61221182491, "BaldoGA_time": 8.33155369758606, "Solver_of": 55825.57331929536, "Solver_time": 11.874307632446289, "Z_threshold0.05_of": 55740.41396732068, "Z_threshold0.05_time": 8.13867974281311, "Z_threshold0.1_of": 55614.37914151763, "Z_threshold0.1_time": 7.426641941070557, "Z_threshold0.15_of": 55433.26907574984, "Z_threshold0.15_time": 8.361186981201172, "Z_threshold0.2_of": 55286.47234262685, "Z_threshold0.2_time": 5.527176856994629, "Z_threshold0.25_of": 55163.514094861595, "Z_threshold0.25_time": 4.784212827682495, "Z_threshold0.3_of": 54935.96200579488, "Z_threshold0.3_time": 3.6378157138824463, "Z_threshold0.35_of": 54730.31462341791, "Z_threshold0.35_time": 2.455965757369995, "Z_threshold0.4_of": 53953.12486690725, "Z_threshold0.4_time": 1.6328043937683105, "Z_threshold0.45_of": 53503.470413447234, "Z_threshold0.45_time": 1.8077671527862549, "Z_threshold0.5_of": 53231.738382455274, "Z_threshold0.5_time": 1.6283440589904785}