{"name": "E_1500_563_9786.32.json", "BaldoML_of": 36379.05056692078, "BaldoML_time": 3.127372980117798, "BaldoGA_of": 35622.63461257784, "BaldoGA_time": 7.47929573059082, "Solver_of": 36822.06882043221, "Solver_time": 20.062328815460205, "Z_threshold0.05_of": 36169.08737191651, "Z_threshold0.05_time": 2.0901918411254883, "Z_threshold0.1_of": 35285.98660979773, "Z_threshold0.1_time": 1.5703644752502441, "Z_threshold0.15_of": 35285.98660979773, "Z_threshold0.15_time": 1.5775673389434814, "Z_threshold0.2_of": 35285.98660979773, "Z_threshold0.2_time": 1.6205313205718994, "Z_threshold0.25_of": 35285.98660979773, "Z_threshold0.25_time": 1.6114616394042969, "Z_threshold0.3_of": 35285.98660979773, "Z_threshold0.3_time": 1.5462958812713623, "Z_threshold0.35_of": 35285.98660979773, "Z_threshold0.35_time": 1.5249042510986328, "Z_threshold0.4_of": 35285.98660979773, "Z_threshold0.4_time": 1.581505537033081, "Z_threshold0.45_of": 35285.98660979773, "Z_threshold0.45_time": 1.457392692565918, "Z_threshold0.5_of": 35285.98660979773, "Z_threshold0.5_time": 1.463822603225708}