{"name": "E_1500_571_13044.706.json", "BaldoML_of": 41158.004538666864, "BaldoML_time": 2.161214828491211, "BaldoGA_of": 40046.343431825415, "BaldoGA_time": 8.306891679763794, "Solver_of": 41595.31589503582, "Solver_time": 24.083788633346558, "Z_threshold0.05_of": 41489.64474540243, "Z_threshold0.05_time": 10.608750104904175, "Z_threshold0.1_of": 41066.24385813066, "Z_threshold0.1_time": 2.3317689895629883, "Z_threshold0.15_of": 40816.46302219213, "Z_threshold0.15_time": 2.183368444442749, "Z_threshold0.2_of": 40248.95954284355, "Z_threshold0.2_time": 1.6340017318725586, "Z_threshold0.25_of": 39246.304286909195, "Z_threshold0.25_time": 1.501215934753418, "Z_threshold0.3_of": 38745.73745818951, "Z_threshold0.3_time": 1.5971159934997559, "Z_threshold0.35_of": 38555.27576123906, "Z_threshold0.35_time": 1.5437800884246826, "Z_threshold0.4_of": 38298.91021450964, "Z_threshold0.4_time": 1.55682373046875, "Z_threshold0.45_of": 38049.08696531251, "Z_threshold0.45_time": 1.611128330230713, "Z_threshold0.5_of": 38025.28082059528, "Z_threshold0.5_time": 1.566239356994629}