{"name": "E_1500_404_19512.214.json", "BaldoML_of": 52373.579274410295, "BaldoML_time": 4.913897275924683, "BaldoGA_of": 49925.43819396989, "BaldoGA_time": 8.026071310043335, "Solver_of": 53281.179456662736, "Solver_time": 39.24624514579773, "Z_threshold0.05_of": 53132.817404650035, "Z_threshold0.05_time": 8.973427534103394, "Z_threshold0.1_of": 53047.97126681255, "Z_threshold0.1_time": 15.953803539276123, "Z_threshold0.15_of": 52918.435105408964, "Z_threshold0.15_time": 13.559567213058472, "Z_threshold0.2_of": 52672.02784164686, "Z_threshold0.2_time": 6.909792900085449, "Z_threshold0.25_of": 52458.8711035267, "Z_threshold0.25_time": 4.52524995803833, "Z_threshold0.3_of": 52071.07335047079, "Z_threshold0.3_time": 3.2815608978271484, "Z_threshold0.35_of": 51669.95641064435, "Z_threshold0.35_time": 1.70357346534729, "Z_threshold0.4_of": 51211.14685975357, "Z_threshold0.4_time": 1.7138569355010986, "Z_threshold0.45_of": 50763.79579039321, "Z_threshold0.45_time": 1.6495914459228516, "Z_threshold0.5_of": 50237.12303309065, "Z_threshold0.5_time": 1.7257757186889648}