{"name": "E_1500_653_18846.0.json", "BaldoML_of": 49981.92639678475, "BaldoML_time": 1.5263290405273438, "BaldoGA_of": 48946.50431902199, "BaldoGA_time": 11.034147262573242, "Solver_of": 51323.52773429999, "Solver_time": 45.069085121154785, "Z_threshold0.05_of": 51164.565669217925, "Z_threshold0.05_time": 14.867981433868408, "Z_threshold0.1_of": 50657.53499229847, "Z_threshold0.1_time": 3.7113821506500244, "Z_threshold0.15_of": 50440.345324772476, "Z_threshold0.15_time": 2.2552826404571533, "Z_threshold0.2_of": 49995.58853236402, "Z_threshold0.2_time": 1.5602824687957764, "Z_threshold0.25_of": 49411.60281260872, "Z_threshold0.25_time": 1.6658940315246582, "Z_threshold0.3_of": 49204.87744739599, "Z_threshold0.3_time": 1.59696626663208, "Z_threshold0.35_of": 48917.56384237545, "Z_threshold0.35_time": 1.6335241794586182, "Z_threshold0.4_of": 48791.2259165819, "Z_threshold0.4_time": 1.6896884441375732, "Z_threshold0.45_of": 48575.44853070518, "Z_threshold0.45_time": 1.7302956581115723, "Z_threshold0.5_of": 48380.27754578479, "Z_threshold0.5_time": 1.5607292652130127}