{"name": "E_1500_555_9755.381.json", "BaldoML_of": 37837.02144777913, "BaldoML_time": 2.1267988681793213, "BaldoGA_of": 37060.81918937964, "BaldoGA_time": 7.635892868041992, "Solver_of": 38300.66228671273, "Solver_time": 18.93728542327881, "Z_threshold0.05_of": 37548.724819346346, "Z_threshold0.05_time": 2.9330575466156006, "Z_threshold0.1_of": 36222.34873805391, "Z_threshold0.1_time": 1.5507967472076416, "Z_threshold0.15_of": 35968.86642833622, "Z_threshold0.15_time": 1.5244672298431396, "Z_threshold0.2_of": 35968.86642833622, "Z_threshold0.2_time": 1.611449956893921, "Z_threshold0.25_of": 35968.86642833622, "Z_threshold0.25_time": 1.5368824005126953, "Z_threshold0.3_of": 35968.86642833622, "Z_threshold0.3_time": 1.540480136871338, "Z_threshold0.35_of": 35968.86642833622, "Z_threshold0.35_time": 1.544581651687622, "Z_threshold0.4_of": 35968.86642833622, "Z_threshold0.4_time": 1.5624947547912598, "Z_threshold0.45_of": 35968.86642833622, "Z_threshold0.45_time": 1.4703848361968994, "Z_threshold0.5_of": 35968.86642833622, "Z_threshold0.5_time": 1.5388939380645752}