{"name": "E_1500_444_12844.114.json", "BaldoML_of": 41747.468493241926, "BaldoML_time": 2.950188398361206, "BaldoGA_of": 40097.925756192584, "BaldoGA_time": 6.370513677597046, "Solver_of": 42214.85592800876, "Solver_time": 28.740928173065186, "Z_threshold0.05_of": 42188.93465928313, "Z_threshold0.05_time": 10.924033880233765, "Z_threshold0.1_of": 41953.519480320545, "Z_threshold0.1_time": 5.053469181060791, "Z_threshold0.15_of": 41587.17220861323, "Z_threshold0.15_time": 3.4532642364501953, "Z_threshold0.2_of": 41298.90801199666, "Z_threshold0.2_time": 2.4811644554138184, "Z_threshold0.25_of": 40997.84511917749, "Z_threshold0.25_time": 1.5461444854736328, "Z_threshold0.3_of": 39935.62478475548, "Z_threshold0.3_time": 1.7495436668395996, "Z_threshold0.35_of": 39379.70642312859, "Z_threshold0.35_time": 1.5053224563598633, "Z_threshold0.4_of": 38730.932082274005, "Z_threshold0.4_time": 1.5535283088684082, "Z_threshold0.45_of": 38321.37914911845, "Z_threshold0.45_time": 1.5927462577819824, "Z_threshold0.5_of": 38044.90999064859, "Z_threshold0.5_time": 1.497570514678955}