{"name": "E_1500_874_19261.444.json", "BaldoML_of": 50121.541139233035, "BaldoML_time": 1.3718900680541992, "BaldoGA_of": 49613.511285575405, "BaldoGA_time": 18.675178050994873, "Solver_of": 50861.32459659385, "Solver_time": 31.16714358329773, "Z_threshold0.05_of": 50032.11304947426, "Z_threshold0.05_time": 1.7160542011260986, "Z_threshold0.1_of": 49411.24261438183, "Z_threshold0.1_time": 1.5674254894256592, "Z_threshold0.15_of": 49365.97787503838, "Z_threshold0.15_time": 1.669386625289917, "Z_threshold0.2_of": 49365.97787503838, "Z_threshold0.2_time": 1.5440053939819336, "Z_threshold0.25_of": 49365.97787503838, "Z_threshold0.25_time": 1.5887975692749023, "Z_threshold0.3_of": 49365.97787503838, "Z_threshold0.3_time": 1.6737964153289795, "Z_threshold0.35_of": 49327.885566655226, "Z_threshold0.35_time": 1.552428960800171, "Z_threshold0.4_of": 49327.885566655226, "Z_threshold0.4_time": 1.548640489578247, "Z_threshold0.45_of": 49327.885566655226, "Z_threshold0.45_time": 1.721597671508789, "Z_threshold0.5_of": 49327.885566655226, "Z_threshold0.5_time": 1.5159237384796143}