{"name": "E_1500_848_9499.992.json", "BaldoML_of": 37855.14101473536, "BaldoML_time": 0.9404311180114746, "BaldoGA_of": 37517.882497492596, "BaldoGA_time": 4.002167701721191, "Solver_of": 38278.83063715742, "Solver_time": 2.1815359592437744, "Z_threshold0.05_of": 37741.332565219214, "Z_threshold0.05_time": 1.646876335144043, "Z_threshold0.1_of": 37741.332565219214, "Z_threshold0.1_time": 1.5639598369598389, "Z_threshold0.15_of": 37741.332565219214, "Z_threshold0.15_time": 1.66892409324646, "Z_threshold0.2_of": 37741.332565219214, "Z_threshold0.2_time": 1.5918149948120117, "Z_threshold0.25_of": 37741.332565219214, "Z_threshold0.25_time": 1.5879628658294678, "Z_threshold0.3_of": 37741.332565219214, "Z_threshold0.3_time": 1.644547462463379, "Z_threshold0.35_of": 37741.332565219214, "Z_threshold0.35_time": 1.6234440803527832, "Z_threshold0.4_of": 37741.332565219214, "Z_threshold0.4_time": 1.5956428050994873, "Z_threshold0.45_of": 37741.332565219214, "Z_threshold0.45_time": 1.722627878189087, "Z_threshold0.5_of": 37741.332565219214, "Z_threshold0.5_time": 1.5571541786193848}