{"name": "E_1500_484_19725.175.json", "BaldoML_of": 50615.658368369724, "BaldoML_time": 3.5571155548095703, "BaldoGA_of": 48237.87250231615, "BaldoGA_time": 7.429411172866821, "Solver_of": 51648.90304083188, "Solver_time": 27.251076221466064, "Z_threshold0.05_of": 51440.603304477816, "Z_threshold0.05_time": 7.8704986572265625, "Z_threshold0.1_of": 51380.71924142046, "Z_threshold0.1_time": 6.039489984512329, "Z_threshold0.15_of": 51057.964419308024, "Z_threshold0.15_time": 5.53046727180481, "Z_threshold0.2_of": 50592.54303823552, "Z_threshold0.2_time": 4.165024042129517, "Z_threshold0.25_of": 50333.006736727526, "Z_threshold0.25_time": 3.5359556674957275, "Z_threshold0.3_of": 50097.47512853868, "Z_threshold0.3_time": 2.318232774734497, "Z_threshold0.35_of": 49887.05455718866, "Z_threshold0.35_time": 1.6590969562530518, "Z_threshold0.4_of": 49638.25333621713, "Z_threshold0.4_time": 1.5240082740783691, "Z_threshold0.45_of": 49386.08892302079, "Z_threshold0.45_time": 1.604217767715454, "Z_threshold0.5_of": 48803.524264670225, "Z_threshold0.5_time": 1.533048391342163}