{"name": "E_1500_853_9451.978.json", "BaldoML_of": 38116.92227217759, "BaldoML_time": 0.9730045795440674, "BaldoGA_of": 37583.257029703265, "BaldoGA_time": 4.219196319580078, "Solver_of": 38491.75833849475, "Solver_time": 1.5567731857299805, "Z_threshold0.05_of": 37943.79711394031, "Z_threshold0.05_time": 1.5136494636535645, "Z_threshold0.1_of": 37943.79711394031, "Z_threshold0.1_time": 1.5001657009124756, "Z_threshold0.15_of": 37943.79711394031, "Z_threshold0.15_time": 1.4304919242858887, "Z_threshold0.2_of": 37943.79711394031, "Z_threshold0.2_time": 1.442436695098877, "Z_threshold0.25_of": 37867.075011197914, "Z_threshold0.25_time": 1.4794201850891113, "Z_threshold0.3_of": 37867.075011197914, "Z_threshold0.3_time": 1.4465057849884033, "Z_threshold0.35_of": 37867.075011197914, "Z_threshold0.35_time": 1.4829161167144775, "Z_threshold0.4_of": 37867.075011197914, "Z_threshold0.4_time": 1.4051587581634521, "Z_threshold0.45_of": 37867.075011197914, "Z_threshold0.45_time": 1.4901444911956787, "Z_threshold0.5_of": 37867.075011197914, "Z_threshold0.5_time": 1.4140162467956543}