{"name": "E_1500_477_12925.481.json", "BaldoML_of": 41845.49006952271, "BaldoML_time": 3.1806161403656006, "BaldoGA_of": 40539.344580310455, "BaldoGA_time": 7.694395542144775, "Solver_of": 42304.08687990088, "Solver_time": 27.798506498336792, "Z_threshold0.05_of": 42217.20917743306, "Z_threshold0.05_time": 10.554714918136597, "Z_threshold0.1_of": 41695.36467376914, "Z_threshold0.1_time": 3.2240748405456543, "Z_threshold0.15_of": 41379.49123166175, "Z_threshold0.15_time": 2.525848627090454, "Z_threshold0.2_of": 40731.97011362626, "Z_threshold0.2_time": 1.5223090648651123, "Z_threshold0.25_of": 40261.45571820606, "Z_threshold0.25_time": 1.5980887413024902, "Z_threshold0.3_of": 39809.52374274439, "Z_threshold0.3_time": 1.5387816429138184, "Z_threshold0.35_of": 39347.83645360148, "Z_threshold0.35_time": 1.5020170211791992, "Z_threshold0.4_of": 38736.409760611474, "Z_threshold0.4_time": 1.5393071174621582, "Z_threshold0.45_of": 38355.67654365909, "Z_threshold0.45_time": 1.499361276626587, "Z_threshold0.5_of": 38203.52584710092, "Z_threshold0.5_time": 1.4988775253295898}