{"name": "E_1500_324_12797.774.json", "BaldoML_of": 43921.67313544999, "BaldoML_time": 3.916663646697998, "BaldoGA_of": 42125.46200121494, "BaldoGA_time": 7.583611249923706, "Solver_of": 44291.483622157466, "Solver_time": 24.237523078918457, "Z_threshold0.05_of": 44243.10547551731, "Z_threshold0.05_time": 9.040284872055054, "Z_threshold0.1_of": 44115.708633226124, "Z_threshold0.1_time": 5.763885259628296, "Z_threshold0.15_of": 43800.69522444173, "Z_threshold0.15_time": 3.950925827026367, "Z_threshold0.2_of": 43428.72198754794, "Z_threshold0.2_time": 3.4476423263549805, "Z_threshold0.25_of": 42674.88866569361, "Z_threshold0.25_time": 1.6497166156768799, "Z_threshold0.3_of": 42198.28012366443, "Z_threshold0.3_time": 1.7095413208007812, "Z_threshold0.35_of": 41248.66143940026, "Z_threshold0.35_time": 1.5425770282745361, "Z_threshold0.4_of": 40944.62929999764, "Z_threshold0.4_time": 1.610152244567871, "Z_threshold0.45_of": 40716.32141954066, "Z_threshold0.45_time": 1.4386167526245117, "Z_threshold0.5_of": 40376.09519975613, "Z_threshold0.5_time": 1.4601073265075684}