{"name": "E_1500_631_12625.378.json", "BaldoML_of": 42183.142142769284, "BaldoML_time": 3.1492574214935303, "BaldoGA_of": 41411.0351437632, "BaldoGA_time": 10.225085020065308, "Solver_of": 42661.5559178069, "Solver_time": 22.775182962417603, "Z_threshold0.05_of": 42198.75564183212, "Z_threshold0.05_time": 3.456031560897827, "Z_threshold0.1_of": 41576.94359508214, "Z_threshold0.1_time": 1.9974243640899658, "Z_threshold0.15_of": 40450.5677814407, "Z_threshold0.15_time": 1.6086227893829346, "Z_threshold0.2_of": 40118.95607181675, "Z_threshold0.2_time": 1.584475040435791, "Z_threshold0.25_of": 39903.72278478615, "Z_threshold0.25_time": 1.6263887882232666, "Z_threshold0.3_of": 39763.90379848015, "Z_threshold0.3_time": 1.5589885711669922, "Z_threshold0.35_of": 39690.54079376702, "Z_threshold0.35_time": 1.5593864917755127, "Z_threshold0.4_of": 39657.30453666682, "Z_threshold0.4_time": 1.6304433345794678, "Z_threshold0.45_of": 39627.1020106948, "Z_threshold0.45_time": 1.5481774806976318, "Z_threshold0.5_of": 39627.1020106948, "Z_threshold0.5_time": 1.5679373741149902}