{"name": "E_1500_770_9421.701.json", "BaldoML_of": 37087.050910849255, "BaldoML_time": 0.8347110748291016, "BaldoGA_of": 36587.52354016829, "BaldoGA_time": 4.03494930267334, "Solver_of": 37387.06315740049, "Solver_time": 3.4968068599700928, "Z_threshold0.05_of": 36863.01976619555, "Z_threshold0.05_time": 1.6393742561340332, "Z_threshold0.1_of": 36863.01976619555, "Z_threshold0.1_time": 1.5429227352142334, "Z_threshold0.15_of": 36863.01976619555, "Z_threshold0.15_time": 1.798222541809082, "Z_threshold0.2_of": 36863.01976619555, "Z_threshold0.2_time": 1.695601463317871, "Z_threshold0.25_of": 36863.01976619555, "Z_threshold0.25_time": 1.5698275566101074, "Z_threshold0.3_of": 36863.01976619555, "Z_threshold0.3_time": 1.5760829448699951, "Z_threshold0.35_of": 36863.01976619555, "Z_threshold0.35_time": 1.6144683361053467, "Z_threshold0.4_of": 36863.01976619555, "Z_threshold0.4_time": 1.6011772155761719, "Z_threshold0.45_of": 36863.01976619555, "Z_threshold0.45_time": 1.6348357200622559, "Z_threshold0.5_of": 36863.01976619555, "Z_threshold0.5_time": 1.6291954517364502}