{"name": "E_1500_818_9526.02.json", "BaldoML_of": 36183.4545237562, "BaldoML_time": 0.9509379863739014, "BaldoGA_of": 35676.931124176954, "BaldoGA_time": 4.053188800811768, "Solver_of": 36666.11069400991, "Solver_time": 2.061053991317749, "Z_threshold0.05_of": 36048.37851190742, "Z_threshold0.05_time": 1.476865530014038, "Z_threshold0.1_of": 36044.424612364615, "Z_threshold0.1_time": 1.6308465003967285, "Z_threshold0.15_of": 36044.424612364615, "Z_threshold0.15_time": 1.630840539932251, "Z_threshold0.2_of": 36044.424612364615, "Z_threshold0.2_time": 1.5250697135925293, "Z_threshold0.25_of": 36044.424612364615, "Z_threshold0.25_time": 1.6566996574401855, "Z_threshold0.3_of": 36044.424612364615, "Z_threshold0.3_time": 1.5300226211547852, "Z_threshold0.35_of": 36044.424612364615, "Z_threshold0.35_time": 1.5247247219085693, "Z_threshold0.4_of": 36044.424612364615, "Z_threshold0.4_time": 1.7598545551300049, "Z_threshold0.45_of": 36044.424612364615, "Z_threshold0.45_time": 1.6300654411315918, "Z_threshold0.5_of": 36044.424612364615, "Z_threshold0.5_time": 1.594867467880249}