{"name": "E_1500_831_18590.959.json", "BaldoML_of": 50524.61893352529, "BaldoML_time": 1.3868257999420166, "BaldoGA_of": 49783.003379493144, "BaldoGA_time": 15.870805025100708, "Solver_of": 51505.1640267278, "Solver_time": 22.242820978164673, "Z_threshold0.05_of": 50818.57946440058, "Z_threshold0.05_time": 1.6141846179962158, "Z_threshold0.1_of": 50220.562740366826, "Z_threshold0.1_time": 1.4845435619354248, "Z_threshold0.15_of": 49931.016434691366, "Z_threshold0.15_time": 1.4983782768249512, "Z_threshold0.2_of": 49843.69015439829, "Z_threshold0.2_time": 1.491546869277954, "Z_threshold0.25_of": 49806.293498497886, "Z_threshold0.25_time": 1.754443645477295, "Z_threshold0.3_of": 49784.1891520134, "Z_threshold0.3_time": 1.4718797206878662, "Z_threshold0.35_of": 49784.1891520134, "Z_threshold0.35_time": 1.4273953437805176, "Z_threshold0.4_of": 49784.1891520134, "Z_threshold0.4_time": 1.4578144550323486, "Z_threshold0.45_of": 49784.1891520134, "Z_threshold0.45_time": 1.4462544918060303, "Z_threshold0.5_of": 49784.1891520134, "Z_threshold0.5_time": 1.4548943042755127}