{"name": "E_1500_831_19238.671.json", "BaldoML_of": 48490.134575616656, "BaldoML_time": 0.8771531581878662, "BaldoGA_of": 47820.56925780307, "BaldoGA_time": 17.06068515777588, "Solver_of": 49416.47030214678, "Solver_time": 40.913328409194946, "Z_threshold0.05_of": 48550.09381236596, "Z_threshold0.05_time": 1.8221337795257568, "Z_threshold0.1_of": 47734.55951150558, "Z_threshold0.1_time": 1.7155919075012207, "Z_threshold0.15_of": 47563.36612175597, "Z_threshold0.15_time": 1.6307926177978516, "Z_threshold0.2_of": 47501.62287888768, "Z_threshold0.2_time": 1.6206879615783691, "Z_threshold0.25_of": 47483.18487249782, "Z_threshold0.25_time": 1.7080934047698975, "Z_threshold0.3_of": 47483.18487249782, "Z_threshold0.3_time": 1.5681788921356201, "Z_threshold0.35_of": 47483.18487249782, "Z_threshold0.35_time": 1.5668370723724365, "Z_threshold0.4_of": 47483.18487249782, "Z_threshold0.4_time": 1.6947669982910156, "Z_threshold0.45_of": 47483.18487249782, "Z_threshold0.45_time": 1.648212194442749, "Z_threshold0.5_of": 47426.011691375264, "Z_threshold0.5_time": 1.5986006259918213}