{"name": "E_1500_417_19334.023.json", "BaldoML_of": 53506.11590694513, "BaldoML_time": 4.2944724559783936, "BaldoGA_of": 50924.518582671204, "BaldoGA_time": 7.227167844772339, "Solver_of": 54192.15319200561, "Solver_time": 15.326219081878662, "Z_threshold0.05_of": 54124.28789937565, "Z_threshold0.05_time": 17.880188465118408, "Z_threshold0.1_of": 54071.34036832823, "Z_threshold0.1_time": 10.850010395050049, "Z_threshold0.15_of": 53772.31023446169, "Z_threshold0.15_time": 5.843196392059326, "Z_threshold0.2_of": 53583.70472798278, "Z_threshold0.2_time": 5.112074613571167, "Z_threshold0.25_of": 53424.3235769947, "Z_threshold0.25_time": 4.209219932556152, "Z_threshold0.3_of": 53125.21550247101, "Z_threshold0.3_time": 3.454667568206787, "Z_threshold0.35_of": 52771.079718183704, "Z_threshold0.35_time": 1.5828335285186768, "Z_threshold0.4_of": 52250.088809756184, "Z_threshold0.4_time": 1.5410382747650146, "Z_threshold0.45_of": 51563.913352751515, "Z_threshold0.45_time": 1.6049165725708008, "Z_threshold0.5_of": 51096.44122780144, "Z_threshold0.5_time": 1.6223132610321045}