{"name": "E_1500_505_9641.805.json", "BaldoML_of": 37039.94388499719, "BaldoML_time": 5.195539951324463, "BaldoGA_of": 36287.726756389755, "BaldoGA_time": 7.136431694030762, "Solver_of": 37558.019086899534, "Solver_time": 21.033578634262085, "Z_threshold0.05_of": 37264.905804398564, "Z_threshold0.05_time": 5.46416163444519, "Z_threshold0.1_of": 36887.71423313933, "Z_threshold0.1_time": 2.3819589614868164, "Z_threshold0.15_of": 36204.58710559333, "Z_threshold0.15_time": 1.6495954990386963, "Z_threshold0.2_of": 35853.38909532268, "Z_threshold0.2_time": 1.5734844207763672, "Z_threshold0.25_of": 35853.38909532268, "Z_threshold0.25_time": 1.6317672729492188, "Z_threshold0.3_of": 35853.38909532268, "Z_threshold0.3_time": 1.7056989669799805, "Z_threshold0.35_of": 35853.38909532268, "Z_threshold0.35_time": 1.5712549686431885, "Z_threshold0.4_of": 35853.38909532268, "Z_threshold0.4_time": 1.5668036937713623, "Z_threshold0.45_of": 35853.38909532268, "Z_threshold0.45_time": 1.6007423400878906, "Z_threshold0.5_of": 35853.38909532268, "Z_threshold0.5_time": 1.6349599361419678}