{"name": "E_1500_381_10071.878.json", "BaldoML_of": 36752.80392260609, "BaldoML_time": 4.673490524291992, "BaldoGA_of": 35288.813093960525, "BaldoGA_time": 6.675986289978027, "Solver_of": 37006.871851395204, "Solver_time": 26.93015193939209, "Z_threshold0.05_of": 36924.53294497936, "Z_threshold0.05_time": 10.428569316864014, "Z_threshold0.1_of": 36528.57497225424, "Z_threshold0.1_time": 2.5488669872283936, "Z_threshold0.15_of": 36278.32295200143, "Z_threshold0.15_time": 2.7296109199523926, "Z_threshold0.2_of": 35534.20154506175, "Z_threshold0.2_time": 1.5842618942260742, "Z_threshold0.25_of": 35358.78569413667, "Z_threshold0.25_time": 1.7273750305175781, "Z_threshold0.3_of": 35358.78569413667, "Z_threshold0.3_time": 1.5495991706848145, "Z_threshold0.35_of": 35358.78569413667, "Z_threshold0.35_time": 1.5794548988342285, "Z_threshold0.4_of": 35358.78569413667, "Z_threshold0.4_time": 1.608820915222168, "Z_threshold0.45_of": 35358.78569413667, "Z_threshold0.45_time": 1.6513643264770508, "Z_threshold0.5_of": 35358.78569413667, "Z_threshold0.5_time": 1.5312061309814453}