{"name": "E_1500_401_18945.907.json", "BaldoML_of": 55696.28610851023, "BaldoML_time": 5.000499486923218, "BaldoGA_of": 53415.5072355368, "BaldoGA_time": 9.691887140274048, "Solver_of": 56142.39486373207, "Solver_time": 19.29750394821167, "Z_threshold0.05_of": 56056.40750812745, "Z_threshold0.05_time": 8.318988800048828, "Z_threshold0.1_of": 56065.83422084269, "Z_threshold0.1_time": 9.021464347839355, "Z_threshold0.15_of": 55793.52267028376, "Z_threshold0.15_time": 6.0239338874816895, "Z_threshold0.2_of": 55537.91123549655, "Z_threshold0.2_time": 4.528441905975342, "Z_threshold0.25_of": 55378.332250388885, "Z_threshold0.25_time": 3.4946186542510986, "Z_threshold0.3_of": 55066.1572224488, "Z_threshold0.3_time": 3.232020616531372, "Z_threshold0.35_of": 54881.321403271766, "Z_threshold0.35_time": 1.5549225807189941, "Z_threshold0.4_of": 54165.8500463164, "Z_threshold0.4_time": 1.727949857711792, "Z_threshold0.45_of": 53714.68372697833, "Z_threshold0.45_time": 1.4987010955810547, "Z_threshold0.5_of": 53113.15600029842, "Z_threshold0.5_time": 1.5951132774353027}