{"name": "E_1500_322_12707.11.json", "BaldoML_of": 45847.95916517931, "BaldoML_time": 3.4841854572296143, "BaldoGA_of": 43915.24528505367, "BaldoGA_time": 6.980239152908325, "Solver_of": 46093.38086514174, "Solver_time": 21.411919593811035, "Z_threshold0.05_of": 46026.76081794675, "Z_threshold0.05_time": 6.040902376174927, "Z_threshold0.1_of": 45888.63387943921, "Z_threshold0.1_time": 5.894312620162964, "Z_threshold0.15_of": 45642.13922337554, "Z_threshold0.15_time": 3.4842822551727295, "Z_threshold0.2_of": 45379.3035733916, "Z_threshold0.2_time": 2.7834255695343018, "Z_threshold0.25_of": 44733.81949661971, "Z_threshold0.25_time": 1.5736429691314697, "Z_threshold0.3_of": 44280.18555096896, "Z_threshold0.3_time": 1.5744447708129883, "Z_threshold0.35_of": 43755.98523032661, "Z_threshold0.35_time": 1.6477952003479004, "Z_threshold0.4_of": 43184.00562620096, "Z_threshold0.4_time": 1.576793909072876, "Z_threshold0.45_of": 42927.57973663377, "Z_threshold0.45_time": 1.6603500843048096, "Z_threshold0.5_of": 42605.31861202507, "Z_threshold0.5_time": 1.633415699005127}