{"name": "E_1500_510_19221.909.json", "BaldoML_of": 51766.76191032785, "BaldoML_time": 3.311483144760132, "BaldoGA_of": 49922.33471160396, "BaldoGA_time": 6.869489669799805, "Solver_of": 52832.176543320245, "Solver_time": 44.37835431098938, "Z_threshold0.05_of": 52711.78775623986, "Z_threshold0.05_time": 17.88664436340332, "Z_threshold0.1_of": 52641.03274758015, "Z_threshold0.1_time": 6.966137886047363, "Z_threshold0.15_of": 52421.291649902, "Z_threshold0.15_time": 4.79438328742981, "Z_threshold0.2_of": 52208.65868637392, "Z_threshold0.2_time": 4.314557790756226, "Z_threshold0.25_of": 51805.77082158071, "Z_threshold0.25_time": 2.3220643997192383, "Z_threshold0.3_of": 51527.674361701764, "Z_threshold0.3_time": 1.855919361114502, "Z_threshold0.35_of": 51399.80848652414, "Z_threshold0.35_time": 1.7709980010986328, "Z_threshold0.4_of": 50725.62404946298, "Z_threshold0.4_time": 1.655855417251587, "Z_threshold0.45_of": 50335.88736349752, "Z_threshold0.45_time": 1.8320708274841309, "Z_threshold0.5_of": 49984.4683019933, "Z_threshold0.5_time": 1.71927809715271}