{"name": "E_1500_418_9579.463.json", "BaldoML_of": 37170.61851277322, "BaldoML_time": 6.171202182769775, "BaldoGA_of": 36146.98224027113, "BaldoGA_time": 6.256549119949341, "Solver_of": 37586.615218940366, "Solver_time": 28.502504348754883, "Z_threshold0.05_of": 37480.22492744981, "Z_threshold0.05_time": 4.6516313552856445, "Z_threshold0.1_of": 37024.24196078687, "Z_threshold0.1_time": 2.7698967456817627, "Z_threshold0.15_of": 36872.08764210411, "Z_threshold0.15_time": 2.777184247970581, "Z_threshold0.2_of": 36586.19955469547, "Z_threshold0.2_time": 2.0375912189483643, "Z_threshold0.25_of": 36223.363409925485, "Z_threshold0.25_time": 1.5486364364624023, "Z_threshold0.3_of": 35585.29657323647, "Z_threshold0.3_time": 1.5382566452026367, "Z_threshold0.35_of": 34916.725839279374, "Z_threshold0.35_time": 1.4131500720977783, "Z_threshold0.4_of": 34916.725839279374, "Z_threshold0.4_time": 1.3794174194335938, "Z_threshold0.45_of": 34916.725839279374, "Z_threshold0.45_time": 1.4681062698364258, "Z_threshold0.5_of": 34916.725839279374, "Z_threshold0.5_time": 1.4877429008483887}