{"name": "E_1500_727_9481.036.json", "BaldoML_of": 36990.25825595191, "BaldoML_time": 1.4298295974731445, "BaldoGA_of": 36584.973049804925, "BaldoGA_time": 3.9717493057250977, "Solver_of": 37520.0584355163, "Solver_time": 5.743417263031006, "Z_threshold0.05_of": 36954.287113203456, "Z_threshold0.05_time": 1.6034784317016602, "Z_threshold0.1_of": 36954.287113203456, "Z_threshold0.1_time": 1.5416581630706787, "Z_threshold0.15_of": 36954.287113203456, "Z_threshold0.15_time": 1.5072782039642334, "Z_threshold0.2_of": 36954.287113203456, "Z_threshold0.2_time": 1.5965614318847656, "Z_threshold0.25_of": 36954.287113203456, "Z_threshold0.25_time": 1.4996271133422852, "Z_threshold0.3_of": 36954.287113203456, "Z_threshold0.3_time": 1.5898494720458984, "Z_threshold0.35_of": 36954.287113203456, "Z_threshold0.35_time": 1.7217133045196533, "Z_threshold0.4_of": 36954.287113203456, "Z_threshold0.4_time": 1.5698785781860352, "Z_threshold0.45_of": 36954.287113203456, "Z_threshold0.45_time": 1.6245064735412598, "Z_threshold0.5_of": 36954.287113203456, "Z_threshold0.5_time": 1.623833417892456}