{"name": "E_1500_466_12733.86.json", "BaldoML_of": 41676.170963250464, "BaldoML_time": 3.063830852508545, "BaldoGA_of": 40268.52308812071, "BaldoGA_time": 7.760733366012573, "Solver_of": 42397.436584134426, "Solver_time": 25.09850573539734, "Z_threshold0.05_of": 42364.716818914014, "Z_threshold0.05_time": 6.121122360229492, "Z_threshold0.1_of": 41924.729154266286, "Z_threshold0.1_time": 4.510760068893433, "Z_threshold0.15_of": 41316.439763751645, "Z_threshold0.15_time": 2.4749741554260254, "Z_threshold0.2_of": 40782.99129632576, "Z_threshold0.2_time": 1.6529195308685303, "Z_threshold0.25_of": 40274.955064997535, "Z_threshold0.25_time": 1.6317496299743652, "Z_threshold0.3_of": 39576.19040443497, "Z_threshold0.3_time": 1.6012187004089355, "Z_threshold0.35_of": 38981.20067862756, "Z_threshold0.35_time": 1.5858163833618164, "Z_threshold0.4_of": 38736.450571280446, "Z_threshold0.4_time": 1.6319408416748047, "Z_threshold0.45_of": 38307.71385153832, "Z_threshold0.45_time": 1.5611450672149658, "Z_threshold0.5_of": 38199.80751224401, "Z_threshold0.5_time": 1.536902904510498}