{"name": "E_1500_348_19469.035.json", "BaldoML_of": 53207.65952582334, "BaldoML_time": 6.6831910610198975, "BaldoGA_of": 50636.17136207046, "BaldoGA_time": 8.74202561378479, "Solver_of": 53966.080457857985, "Solver_time": 53.37470769882202, "Z_threshold0.05_of": 53777.9800927342, "Z_threshold0.05_time": 18.255470752716064, "Z_threshold0.1_of": 53736.44294986987, "Z_threshold0.1_time": 10.656005620956421, "Z_threshold0.15_of": 53605.46170146066, "Z_threshold0.15_time": 8.742733001708984, "Z_threshold0.2_of": 53422.350942458084, "Z_threshold0.2_time": 8.291224002838135, "Z_threshold0.25_of": 53298.1548503055, "Z_threshold0.25_time": 6.962553262710571, "Z_threshold0.3_of": 53133.49739443534, "Z_threshold0.3_time": 6.080229997634888, "Z_threshold0.35_of": 53041.39708500231, "Z_threshold0.35_time": 3.4402873516082764, "Z_threshold0.4_of": 52521.221939413925, "Z_threshold0.4_time": 1.5935637950897217, "Z_threshold0.45_of": 51549.500328444985, "Z_threshold0.45_time": 1.4748632907867432, "Z_threshold0.5_of": 51193.99816354939, "Z_threshold0.5_time": 1.498689889907837}