{"name": "E_1500_347_19380.084.json", "BaldoML_of": 54372.6805210061, "BaldoML_time": 4.579024314880371, "BaldoGA_of": 51303.31115812234, "BaldoGA_time": 7.129680395126343, "Solver_of": 55183.0923315499, "Solver_time": 32.96374583244324, "Z_threshold0.05_of": 55054.791862130936, "Z_threshold0.05_time": 7.005752325057983, "Z_threshold0.1_of": 54940.709506820545, "Z_threshold0.1_time": 8.61341667175293, "Z_threshold0.15_of": 54883.26673972734, "Z_threshold0.15_time": 6.752302169799805, "Z_threshold0.2_of": 54752.41625048265, "Z_threshold0.2_time": 7.872723817825317, "Z_threshold0.25_of": 54514.50814867441, "Z_threshold0.25_time": 4.236199378967285, "Z_threshold0.3_of": 54196.74470652758, "Z_threshold0.3_time": 3.7660858631134033, "Z_threshold0.35_of": 53976.12308863225, "Z_threshold0.35_time": 2.736314058303833, "Z_threshold0.4_of": 53519.531118529376, "Z_threshold0.4_time": 1.5607249736785889, "Z_threshold0.45_of": 52785.10266954288, "Z_threshold0.45_time": 1.5948905944824219, "Z_threshold0.5_of": 52302.167233850545, "Z_threshold0.5_time": 1.5336086750030518}