{"name": "L_100_51_1248.899.json", "BaldoML_of": 3858.9332071545227, "BaldoML_time": 0.11978960037231445, "BaldoGA_of": 3914.092790919929, "BaldoGA_time": 0.6552367210388184, "Solver_of": 3944.9395407025727, "Solver_time": 0.8538908958435059, "Z_threshold0.05_of": 3883.933251219689, "Z_threshold0.05_time": 0.21329021453857422, "Z_threshold0.1_of": 3688.734636590976, "Z_threshold0.1_time": 0.049581050872802734, "Z_threshold0.15_of": 3585.5879881004103, "Z_threshold0.15_time": 0.05478024482727051, "Z_threshold0.2_of": 3585.5879881004103, "Z_threshold0.2_time": 0.04379153251647949, "Z_threshold0.25_of": 3585.5879881004103, "Z_threshold0.25_time": 0.04340362548828125, "Z_threshold0.3_of": 3585.5879881004103, "Z_threshold0.3_time": 0.048874855041503906, "Z_threshold0.35_of": 3563.5101848776576, "Z_threshold0.35_time": 0.04376649856567383, "Z_threshold0.4_of": 3563.5101848776576, "Z_threshold0.4_time": 0.04322457313537598, "Z_threshold0.45_of": 3563.5101848776576, "Z_threshold0.45_time": 0.045346736907958984, "Z_threshold0.5_of": 3563.5101848776576, "Z_threshold0.5_time": 0.0441744327545166}