{"name": "L_100_58_699.464.json", "BaldoML_of": 2527.300457738742, "BaldoML_time": 0.08582854270935059, "BaldoGA_of": 2539.861796814116, "BaldoGA_time": 0.10887813568115234, "Solver_of": 2574.6436451880204, "Solver_time": 0.3895294666290283, "Z_threshold0.05_of": 2527.3004577387424, "Z_threshold0.05_time": 0.03851771354675293, "Z_threshold0.1_of": 2527.3004577387424, "Z_threshold0.1_time": 0.0379948616027832, "Z_threshold0.15_of": 2527.3004577387424, "Z_threshold0.15_time": 0.03878211975097656, "Z_threshold0.2_of": 2527.3004577387424, "Z_threshold0.2_time": 0.04015660285949707, "Z_threshold0.25_of": 2527.3004577387424, "Z_threshold0.25_time": 0.038951873779296875, "Z_threshold0.3_of": 2527.3004577387424, "Z_threshold0.3_time": 0.0433802604675293, "Z_threshold0.35_of": 2527.3004577387424, "Z_threshold0.35_time": 0.04187893867492676, "Z_threshold0.4_of": 2527.3004577387424, "Z_threshold0.4_time": 0.03816556930541992, "Z_threshold0.45_of": 2527.3004577387424, "Z_threshold0.45_time": 0.0441899299621582, "Z_threshold0.5_of": 2527.3004577387424, "Z_threshold0.5_time": 0.041860342025756836}