{"name": "L_100_29_788.65.json", "BaldoML_of": 2802.197540456696, "BaldoML_time": 0.0879828929901123, "BaldoGA_of": 2928.9871286001926, "BaldoGA_time": 0.592465877532959, "Solver_of": 2952.864852278627, "Solver_time": 1.9266936779022217, "Z_threshold0.05_of": 2949.2883037741876, "Z_threshold0.05_time": 0.29998302459716797, "Z_threshold0.1_of": 2918.18812113728, "Z_threshold0.1_time": 0.19553518295288086, "Z_threshold0.15_of": 2812.33214887743, "Z_threshold0.15_time": 0.21029901504516602, "Z_threshold0.2_of": 2812.33214887743, "Z_threshold0.2_time": 0.0931696891784668, "Z_threshold0.25_of": 2812.33214887743, "Z_threshold0.25_time": 0.07229495048522949, "Z_threshold0.3_of": 2801.0286116099523, "Z_threshold0.3_time": 0.04206705093383789, "Z_threshold0.35_of": 2659.9631056317903, "Z_threshold0.35_time": 0.0416262149810791, "Z_threshold0.4_of": 2551.3669829491046, "Z_threshold0.4_time": 0.03975105285644531, "Z_threshold0.45_of": 2551.3669829491046, "Z_threshold0.45_time": 0.03958845138549805, "Z_threshold0.5_of": 2453.654456018961, "Z_threshold0.5_time": 0.03930354118347168}