{"name": "L_100_21_633.549.json", "BaldoML_of": 2671.2571771706776, "BaldoML_time": 0.12077617645263672, "BaldoGA_of": 2769.870036337743, "BaldoGA_time": 0.5265774726867676, "Solver_of": 2771.0746552320197, "Solver_time": 0.5700986385345459, "Z_threshold0.05_of": 2755.52541864245, "Z_threshold0.05_time": 0.3036050796508789, "Z_threshold0.1_of": 2714.268598620496, "Z_threshold0.1_time": 0.0948023796081543, "Z_threshold0.15_of": 2684.405059610252, "Z_threshold0.15_time": 0.09767866134643555, "Z_threshold0.2_of": 2684.405059610252, "Z_threshold0.2_time": 0.10055160522460938, "Z_threshold0.25_of": 2602.954516139933, "Z_threshold0.25_time": 0.04924416542053223, "Z_threshold0.3_of": 2420.74981366099, "Z_threshold0.3_time": 0.039525747299194336, "Z_threshold0.35_of": 2420.74981366099, "Z_threshold0.35_time": 0.04115104675292969, "Z_threshold0.4_of": 2420.74981366099, "Z_threshold0.4_time": 0.04316210746765137, "Z_threshold0.45_of": 2277.4703769263347, "Z_threshold0.45_time": 0.0423123836517334, "Z_threshold0.5_of": 2229.8268221171484, "Z_threshold0.5_time": 0.03880476951599121}