{"name": "L_100_50_1239.055.json", "BaldoML_of": 3516.58388152085, "BaldoML_time": 0.087310791015625, "BaldoGA_of": 3685.1926495813022, "BaldoGA_time": 1.3479728698730469, "Solver_of": 3782.332634648604, "Solver_time": 1.2914412021636963, "Z_threshold0.05_of": 3671.1218203047542, "Z_threshold0.05_time": 0.09895730018615723, "Z_threshold0.1_of": 3493.14724100843, "Z_threshold0.1_time": 0.0653078556060791, "Z_threshold0.15_of": 3516.5838815208494, "Z_threshold0.15_time": 0.04305386543273926, "Z_threshold0.2_of": 3301.11507587065, "Z_threshold0.2_time": 0.04262804985046387, "Z_threshold0.25_of": 3232.2867980956835, "Z_threshold0.25_time": 0.04108381271362305, "Z_threshold0.3_of": 3193.7167470613404, "Z_threshold0.3_time": 0.04076051712036133, "Z_threshold0.35_of": 3193.7167470613404, "Z_threshold0.35_time": 0.04142308235168457, "Z_threshold0.4_of": 3193.7167470613404, "Z_threshold0.4_time": 0.04074716567993164, "Z_threshold0.45_of": 3134.4911129392613, "Z_threshold0.45_time": 0.04061436653137207, "Z_threshold0.5_of": 3134.4911129392613, "Z_threshold0.5_time": 0.04104185104370117}