{"name": "L_100_44_1242.102.json", "BaldoML_of": 3967.567490586621, "BaldoML_time": 0.0888822078704834, "BaldoGA_of": 4020.946947439525, "BaldoGA_time": 0.6626687049865723, "Solver_of": 4103.225942103944, "Solver_time": 0.993295431137085, "Z_threshold0.05_of": 4043.950629728028, "Z_threshold0.05_time": 0.17525386810302734, "Z_threshold0.1_of": 4006.4331200077795, "Z_threshold0.1_time": 0.08183979988098145, "Z_threshold0.15_of": 3757.9504799274437, "Z_threshold0.15_time": 0.04204130172729492, "Z_threshold0.2_of": 3578.6396457142837, "Z_threshold0.2_time": 0.04297661781311035, "Z_threshold0.25_of": 3578.6396457142837, "Z_threshold0.25_time": 0.0442657470703125, "Z_threshold0.3_of": 3559.5788576643654, "Z_threshold0.3_time": 0.04462695121765137, "Z_threshold0.35_of": 3559.5788576643654, "Z_threshold0.35_time": 0.04398369789123535, "Z_threshold0.4_of": 3559.5788576643654, "Z_threshold0.4_time": 0.0448305606842041, "Z_threshold0.45_of": 3559.5788576643654, "Z_threshold0.45_time": 0.045711517333984375, "Z_threshold0.5_of": 3559.5788576643654, "Z_threshold0.5_time": 0.04627585411071777}