{"name": "L_100_33_824.513.json", "BaldoML_of": 3342.3247181283186, "BaldoML_time": 0.08794498443603516, "BaldoGA_of": 3343.21875287789, "BaldoGA_time": 0.616081953048706, "Solver_of": 3386.3873460557033, "Solver_time": 0.9138281345367432, "Z_threshold0.05_of": 3342.324718128318, "Z_threshold0.05_time": 0.17543315887451172, "Z_threshold0.1_of": 3314.9428091897635, "Z_threshold0.1_time": 0.05376911163330078, "Z_threshold0.15_of": 3266.4884823571456, "Z_threshold0.15_time": 0.08530879020690918, "Z_threshold0.2_of": 3118.0476234229486, "Z_threshold0.2_time": 0.041322946548461914, "Z_threshold0.25_of": 2991.1015051260606, "Z_threshold0.25_time": 0.04032707214355469, "Z_threshold0.3_of": 2991.1015051260606, "Z_threshold0.3_time": 0.0408480167388916, "Z_threshold0.35_of": 2991.1015051260606, "Z_threshold0.35_time": 0.040953636169433594, "Z_threshold0.4_of": 2991.1015051260606, "Z_threshold0.4_time": 0.03999829292297363, "Z_threshold0.45_of": 2883.4350859167075, "Z_threshold0.45_time": 0.0405423641204834, "Z_threshold0.5_of": 2883.4350859167075, "Z_threshold0.5_time": 0.040194034576416016}