{"name": "L_100_31_670.019.json", "BaldoML_of": 2393.721381011324, "BaldoML_time": 0.10393118858337402, "BaldoGA_of": 2513.282986179361, "BaldoGA_time": 0.2918376922607422, "Solver_of": 2525.5633429689938, "Solver_time": 0.5868499279022217, "Z_threshold0.05_of": 2393.4662741190973, "Z_threshold0.05_time": 0.04607439041137695, "Z_threshold0.1_of": 2291.11578637552, "Z_threshold0.1_time": 0.038167715072631836, "Z_threshold0.15_of": 2291.11578637552, "Z_threshold0.15_time": 0.03857278823852539, "Z_threshold0.2_of": 2291.11578637552, "Z_threshold0.2_time": 0.03954458236694336, "Z_threshold0.25_of": 2228.152981159335, "Z_threshold0.25_time": 0.03859210014343262, "Z_threshold0.3_of": 2228.152981159335, "Z_threshold0.3_time": 0.03828072547912598, "Z_threshold0.35_of": 2101.139664859906, "Z_threshold0.35_time": 0.03693199157714844, "Z_threshold0.4_of": 2101.139664859906, "Z_threshold0.4_time": 0.03675365447998047, "Z_threshold0.45_of": 2101.139664859906, "Z_threshold0.45_time": 0.03670454025268555, "Z_threshold0.5_of": 2101.139664859906, "Z_threshold0.5_time": 0.03609919548034668}