{"name": "L_100_51_826.067.json", "BaldoML_of": 2996.412268695163, "BaldoML_time": 0.09710860252380371, "BaldoGA_of": 3033.1472642885883, "BaldoGA_time": 0.2706782817840576, "Solver_of": 3083.520076644926, "Solver_time": 0.49277186393737793, "Z_threshold0.05_of": 2967.3661492499273, "Z_threshold0.05_time": 0.03964400291442871, "Z_threshold0.1_of": 2967.3661492499273, "Z_threshold0.1_time": 0.040244340896606445, "Z_threshold0.15_of": 2967.3661492499273, "Z_threshold0.15_time": 0.04464530944824219, "Z_threshold0.2_of": 2967.3661492499273, "Z_threshold0.2_time": 0.05071663856506348, "Z_threshold0.25_of": 2967.3661492499273, "Z_threshold0.25_time": 0.044790029525756836, "Z_threshold0.3_of": 2967.3661492499273, "Z_threshold0.3_time": 0.045114755630493164, "Z_threshold0.35_of": 2967.3661492499273, "Z_threshold0.35_time": 0.04184556007385254, "Z_threshold0.4_of": 2967.3661492499273, "Z_threshold0.4_time": 0.04194045066833496, "Z_threshold0.45_of": 2967.3661492499273, "Z_threshold0.45_time": 0.039185285568237305, "Z_threshold0.5_of": 2967.3661492499273, "Z_threshold0.5_time": 0.04478907585144043}