{"name": "L_100_58_1261.709.json", "BaldoML_of": 3776.0157035964608, "BaldoML_time": 0.1229097843170166, "BaldoGA_of": 3841.3232181376125, "BaldoGA_time": 0.40520429611206055, "Solver_of": 3992.4596852627665, "Solver_time": 0.9731419086456299, "Z_threshold0.05_of": 3743.379728956606, "Z_threshold0.05_time": 0.0454859733581543, "Z_threshold0.1_of": 3669.011255389264, "Z_threshold0.1_time": 0.04417920112609863, "Z_threshold0.15_of": 3669.011255389264, "Z_threshold0.15_time": 0.04754447937011719, "Z_threshold0.2_of": 3669.011255389264, "Z_threshold0.2_time": 0.05221438407897949, "Z_threshold0.25_of": 3669.011255389264, "Z_threshold0.25_time": 0.044802188873291016, "Z_threshold0.3_of": 3669.011255389264, "Z_threshold0.3_time": 0.04477691650390625, "Z_threshold0.35_of": 3669.011255389264, "Z_threshold0.35_time": 0.04449653625488281, "Z_threshold0.4_of": 3669.011255389264, "Z_threshold0.4_time": 0.0441746711730957, "Z_threshold0.45_of": 3669.011255389264, "Z_threshold0.45_time": 0.04304766654968262, "Z_threshold0.5_of": 3669.011255389264, "Z_threshold0.5_time": 0.0434725284576416}