{"name": "L_100_31_1181.651.json", "BaldoML_of": 4375.515277182378, "BaldoML_time": 0.08144664764404297, "BaldoGA_of": 4501.557056796015, "BaldoGA_time": 0.7353262901306152, "Solver_of": 4543.242111331074, "Solver_time": 1.143845558166504, "Z_threshold0.05_of": 4515.313989037723, "Z_threshold0.05_time": 0.1866612434387207, "Z_threshold0.1_of": 4452.384629313203, "Z_threshold0.1_time": 0.08835577964782715, "Z_threshold0.15_of": 4375.515277182379, "Z_threshold0.15_time": 0.04914259910583496, "Z_threshold0.2_of": 4375.515277182379, "Z_threshold0.2_time": 0.049352169036865234, "Z_threshold0.25_of": 4262.475539894559, "Z_threshold0.25_time": 0.048189640045166016, "Z_threshold0.3_of": 4229.56276956395, "Z_threshold0.3_time": 0.04557228088378906, "Z_threshold0.35_of": 4150.417776392284, "Z_threshold0.35_time": 0.047541141510009766, "Z_threshold0.4_of": 4104.946956125943, "Z_threshold0.4_time": 0.04625988006591797, "Z_threshold0.45_of": 4104.946956125943, "Z_threshold0.45_time": 0.043721675872802734, "Z_threshold0.5_of": 4013.955876233852, "Z_threshold0.5_time": 0.04382944107055664}