{"name": "L_100_45_865.007.json", "BaldoML_of": 3196.89144695045, "BaldoML_time": 0.09072685241699219, "BaldoGA_of": 3212.39735745902, "BaldoGA_time": 0.27683377265930176, "Solver_of": 3222.8858775469735, "Solver_time": 0.7551774978637695, "Z_threshold0.05_of": 3088.3514068676864, "Z_threshold0.05_time": 0.046938180923461914, "Z_threshold0.1_of": 3071.9118489741027, "Z_threshold0.1_time": 0.04497647285461426, "Z_threshold0.15_of": 3071.9118489741027, "Z_threshold0.15_time": 0.04309701919555664, "Z_threshold0.2_of": 3050.3818925822393, "Z_threshold0.2_time": 0.0413203239440918, "Z_threshold0.25_of": 3050.3818925822393, "Z_threshold0.25_time": 0.045679569244384766, "Z_threshold0.3_of": 3050.3818925822393, "Z_threshold0.3_time": 0.06300473213195801, "Z_threshold0.35_of": 3050.3818925822393, "Z_threshold0.35_time": 0.04082965850830078, "Z_threshold0.4_of": 3050.3818925822393, "Z_threshold0.4_time": 0.04429125785827637, "Z_threshold0.45_of": 3050.3818925822393, "Z_threshold0.45_time": 0.04207110404968262, "Z_threshold0.5_of": 3050.3818925822393, "Z_threshold0.5_time": 0.042151451110839844}