{"name": "L_100_32_658.878.json", "BaldoML_of": 2445.4090877478097, "BaldoML_time": 0.09458398818969727, "BaldoGA_of": 2561.167641679285, "BaldoGA_time": 0.34759950637817383, "Solver_of": 2561.167641679286, "Solver_time": 0.4454987049102783, "Z_threshold0.05_of": 2348.383155423634, "Z_threshold0.05_time": 0.03907465934753418, "Z_threshold0.1_of": 2291.3669212037053, "Z_threshold0.1_time": 0.0348813533782959, "Z_threshold0.15_of": 2265.7702272757388, "Z_threshold0.15_time": 0.03793048858642578, "Z_threshold0.2_of": 2206.073583068517, "Z_threshold0.2_time": 0.04156351089477539, "Z_threshold0.25_of": 2206.073583068517, "Z_threshold0.25_time": 0.039053916931152344, "Z_threshold0.3_of": 2181.2798194656434, "Z_threshold0.3_time": 0.03745102882385254, "Z_threshold0.35_of": 2181.2798194656434, "Z_threshold0.35_time": 0.03804826736450195, "Z_threshold0.4_of": 2181.2798194656434, "Z_threshold0.4_time": 0.03869795799255371, "Z_threshold0.45_of": 2181.2798194656434, "Z_threshold0.45_time": 0.03739023208618164, "Z_threshold0.5_of": 2181.2798194656434, "Z_threshold0.5_time": 0.03690457344055176}