{"name": "L_100_38_1315.289.json", "BaldoML_of": 3722.268967264662, "BaldoML_time": 0.11112308502197266, "BaldoGA_of": 3774.174126451594, "BaldoGA_time": 0.6878879070281982, "Solver_of": 3847.4914762260582, "Solver_time": 2.0410218238830566, "Z_threshold0.05_of": 3823.3289793750655, "Z_threshold0.05_time": 0.4327583312988281, "Z_threshold0.1_of": 3816.881167361773, "Z_threshold0.1_time": 0.2796807289123535, "Z_threshold0.15_of": 3737.5507476105895, "Z_threshold0.15_time": 0.24065613746643066, "Z_threshold0.2_of": 3726.8501481223107, "Z_threshold0.2_time": 0.14604926109313965, "Z_threshold0.25_of": 3712.651473738611, "Z_threshold0.25_time": 0.0918724536895752, "Z_threshold0.3_of": 3682.756273750105, "Z_threshold0.3_time": 0.04371190071105957, "Z_threshold0.35_of": 3616.4984896635565, "Z_threshold0.35_time": 0.04316544532775879, "Z_threshold0.4_of": 3408.67310779581, "Z_threshold0.4_time": 0.04031944274902344, "Z_threshold0.45_of": 3408.67310779581, "Z_threshold0.45_time": 0.04150748252868652, "Z_threshold0.5_of": 3293.81008356445, "Z_threshold0.5_time": 0.041602134704589844}