{"name": "L_100_46_660.95.json", "BaldoML_of": 2464.032488560643, "BaldoML_time": 0.09432816505432129, "BaldoGA_of": 2507.408357823496, "BaldoGA_time": 0.12446379661560059, "Solver_of": 2623.4909323352326, "Solver_time": 0.37146663665771484, "Z_threshold0.05_of": 2464.032488560643, "Z_threshold0.05_time": 0.03991532325744629, "Z_threshold0.1_of": 2464.032488560643, "Z_threshold0.1_time": 0.048861026763916016, "Z_threshold0.15_of": 2464.032488560643, "Z_threshold0.15_time": 0.047754764556884766, "Z_threshold0.2_of": 2464.032488560643, "Z_threshold0.2_time": 0.043375492095947266, "Z_threshold0.25_of": 2464.032488560643, "Z_threshold0.25_time": 0.040314435958862305, "Z_threshold0.3_of": 2464.032488560643, "Z_threshold0.3_time": 0.037345170974731445, "Z_threshold0.35_of": 2464.032488560643, "Z_threshold0.35_time": 0.03593564033508301, "Z_threshold0.4_of": 2464.032488560643, "Z_threshold0.4_time": 0.03481602668762207, "Z_threshold0.45_of": 2464.032488560643, "Z_threshold0.45_time": 0.03506779670715332, "Z_threshold0.5_of": 2464.032488560643, "Z_threshold0.5_time": 0.03600955009460449}