{"name": "L_100_46_629.764.json", "BaldoML_of": 2545.657935402051, "BaldoML_time": 0.08907675743103027, "BaldoGA_of": 2597.3285126955843, "BaldoGA_time": 0.1249856948852539, "Solver_of": 2669.8576292667212, "Solver_time": 0.3189091682434082, "Z_threshold0.05_of": 2597.3285126955843, "Z_threshold0.05_time": 0.04213404655456543, "Z_threshold0.1_of": 2597.3285126955843, "Z_threshold0.1_time": 0.04764866828918457, "Z_threshold0.15_of": 2597.3285126955843, "Z_threshold0.15_time": 0.05766892433166504, "Z_threshold0.2_of": 2597.3285126955843, "Z_threshold0.2_time": 0.059044837951660156, "Z_threshold0.25_of": 2597.3285126955843, "Z_threshold0.25_time": 0.04063248634338379, "Z_threshold0.3_of": 2597.3285126955843, "Z_threshold0.3_time": 0.04521679878234863, "Z_threshold0.35_of": 2597.3285126955843, "Z_threshold0.35_time": 0.04301571846008301, "Z_threshold0.4_of": 2597.3285126955843, "Z_threshold0.4_time": 0.04366469383239746, "Z_threshold0.45_of": 2597.3285126955843, "Z_threshold0.45_time": 0.040064096450805664, "Z_threshold0.5_of": 2597.3285126955843, "Z_threshold0.5_time": 0.04457497596740723}