{"name": "L_100_24_666.778.json", "BaldoML_of": 2836.1357134446284, "BaldoML_time": 0.08981728553771973, "BaldoGA_of": 2833.059882586621, "BaldoGA_time": 0.33069300651550293, "Solver_of": 2847.2981930860715, "Solver_time": 0.557293176651001, "Z_threshold0.05_of": 2808.8933418917113, "Z_threshold0.05_time": 0.08911681175231934, "Z_threshold0.1_of": 2808.8933418917113, "Z_threshold0.1_time": 0.07622098922729492, "Z_threshold0.15_of": 2638.1493815322156, "Z_threshold0.15_time": 0.038846492767333984, "Z_threshold0.2_of": 2638.1493815322156, "Z_threshold0.2_time": 0.04156160354614258, "Z_threshold0.25_of": 2567.650095821275, "Z_threshold0.25_time": 0.03949999809265137, "Z_threshold0.3_of": 2567.650095821275, "Z_threshold0.3_time": 0.04459261894226074, "Z_threshold0.35_of": 2507.404265850106, "Z_threshold0.35_time": 0.04125666618347168, "Z_threshold0.4_of": 2507.404265850106, "Z_threshold0.4_time": 0.03944659233093262, "Z_threshold0.45_of": 2507.404265850106, "Z_threshold0.45_time": 0.03789544105529785, "Z_threshold0.5_of": 2507.404265850106, "Z_threshold0.5_time": 0.045928239822387695}