{"name": "L_100_28_1245.219.json", "BaldoML_of": 4180.7543419886115, "BaldoML_time": 0.08426213264465332, "BaldoGA_of": 4355.573491600594, "BaldoGA_time": 0.7798175811767578, "Solver_of": 4458.858496507753, "Solver_time": 1.8360309600830078, "Z_threshold0.05_of": 4457.6803075322305, "Z_threshold0.05_time": 0.39137697219848633, "Z_threshold0.1_of": 4421.019757710695, "Z_threshold0.1_time": 0.17949271202087402, "Z_threshold0.15_of": 4421.019757710695, "Z_threshold0.15_time": 0.16327738761901855, "Z_threshold0.2_of": 4327.007345797565, "Z_threshold0.2_time": 0.13526463508605957, "Z_threshold0.25_of": 4180.754341988616, "Z_threshold0.25_time": 0.04611778259277344, "Z_threshold0.3_of": 4180.754341988616, "Z_threshold0.3_time": 0.04771900177001953, "Z_threshold0.35_of": 4106.503400516717, "Z_threshold0.35_time": 0.043065547943115234, "Z_threshold0.4_of": 3994.164984671428, "Z_threshold0.4_time": 0.048753976821899414, "Z_threshold0.45_of": 3994.164984671428, "Z_threshold0.45_time": 0.0468440055847168, "Z_threshold0.5_of": 3790.1035853484004, "Z_threshold0.5_time": 0.04390764236450195}