{"name": "L_100_30_840.565.json", "BaldoML_of": 3034.4301019630007, "BaldoML_time": 0.11431002616882324, "BaldoGA_of": 3033.086532197644, "BaldoGA_time": 0.42507100105285645, "Solver_of": 3045.2570051331763, "Solver_time": 0.8013076782226562, "Z_threshold0.05_of": 3045.257005133175, "Z_threshold0.05_time": 0.22418546676635742, "Z_threshold0.1_of": 3003.294852556479, "Z_threshold0.1_time": 0.04392290115356445, "Z_threshold0.15_of": 2887.6019550145375, "Z_threshold0.15_time": 0.04286932945251465, "Z_threshold0.2_of": 2887.6019550145375, "Z_threshold0.2_time": 0.03782033920288086, "Z_threshold0.25_of": 2887.6019550145375, "Z_threshold0.25_time": 0.0412135124206543, "Z_threshold0.3_of": 2851.3541581667323, "Z_threshold0.3_time": 0.039470672607421875, "Z_threshold0.35_of": 2851.3541581667323, "Z_threshold0.35_time": 0.03851318359375, "Z_threshold0.4_of": 2851.3541581667323, "Z_threshold0.4_time": 0.040083885192871094, "Z_threshold0.45_of": 2851.3541581667323, "Z_threshold0.45_time": 0.04677724838256836, "Z_threshold0.5_of": 2851.3541581667323, "Z_threshold0.5_time": 0.040637969970703125}