{"name": "L_100_37_1378.647.json", "BaldoML_of": 3909.491791936275, "BaldoML_time": 0.09539175033569336, "BaldoGA_of": 3998.096181346472, "BaldoGA_time": 0.5938396453857422, "Solver_of": 4073.0877516551022, "Solver_time": 0.8875315189361572, "Z_threshold0.05_of": 3944.682903607589, "Z_threshold0.05_time": 0.17707610130310059, "Z_threshold0.1_of": 3909.491791936275, "Z_threshold0.1_time": 0.11309814453125, "Z_threshold0.15_of": 3779.9623808559186, "Z_threshold0.15_time": 0.048119306564331055, "Z_threshold0.2_of": 3624.1203195299545, "Z_threshold0.2_time": 0.04594707489013672, "Z_threshold0.25_of": 3624.1203195299545, "Z_threshold0.25_time": 0.045360565185546875, "Z_threshold0.3_of": 3510.20805400746, "Z_threshold0.3_time": 0.04376506805419922, "Z_threshold0.35_of": 3510.20805400746, "Z_threshold0.35_time": 0.050079345703125, "Z_threshold0.4_of": 3471.1253150089383, "Z_threshold0.4_time": 0.04343914985656738, "Z_threshold0.45_of": 3471.1253150089383, "Z_threshold0.45_time": 0.04564833641052246, "Z_threshold0.5_of": 3471.1253150089383, "Z_threshold0.5_time": 0.04369640350341797}