{"name": "L_100_41_1305.904.json", "BaldoML_of": 4251.216288663594, "BaldoML_time": 0.09066462516784668, "BaldoGA_of": 4390.040607527364, "BaldoGA_time": 0.6762700080871582, "Solver_of": 4423.946273110059, "Solver_time": 1.4216387271881104, "Z_threshold0.05_of": 4381.706121723408, "Z_threshold0.05_time": 0.3527853488922119, "Z_threshold0.1_of": 4367.734278567944, "Z_threshold0.1_time": 0.3321869373321533, "Z_threshold0.15_of": 4306.196978702745, "Z_threshold0.15_time": 0.10318756103515625, "Z_threshold0.2_of": 4173.901385282555, "Z_threshold0.2_time": 0.04719376564025879, "Z_threshold0.25_of": 4173.901385282555, "Z_threshold0.25_time": 0.0541532039642334, "Z_threshold0.3_of": 4039.3183513752897, "Z_threshold0.3_time": 0.04655122756958008, "Z_threshold0.35_of": 3907.069593596807, "Z_threshold0.35_time": 0.04540681838989258, "Z_threshold0.4_of": 3907.069593596807, "Z_threshold0.4_time": 0.0458524227142334, "Z_threshold0.45_of": 3907.069593596807, "Z_threshold0.45_time": 0.0452265739440918, "Z_threshold0.5_of": 3786.364192600114, "Z_threshold0.5_time": 0.04487252235412598}