{"name": "L_100_42_825.087.json", "BaldoML_of": 3227.430621054432, "BaldoML_time": 0.0952000617980957, "BaldoGA_of": 3287.5240671464862, "BaldoGA_time": 0.41245269775390625, "Solver_of": 3322.9741300075466, "Solver_time": 1.1945278644561768, "Z_threshold0.05_of": 3212.3057533316, "Z_threshold0.05_time": 0.05584597587585449, "Z_threshold0.1_of": 3108.0312755906443, "Z_threshold0.1_time": 0.04425382614135742, "Z_threshold0.15_of": 3073.694805739913, "Z_threshold0.15_time": 0.04693603515625, "Z_threshold0.2_of": 3041.013865708386, "Z_threshold0.2_time": 0.042035579681396484, "Z_threshold0.25_of": 3041.013865708386, "Z_threshold0.25_time": 0.038802385330200195, "Z_threshold0.3_of": 3041.013865708386, "Z_threshold0.3_time": 0.040667057037353516, "Z_threshold0.35_of": 3041.013865708386, "Z_threshold0.35_time": 0.03805184364318848, "Z_threshold0.4_of": 3007.0034663656324, "Z_threshold0.4_time": 0.04165196418762207, "Z_threshold0.45_of": 3007.0034663656324, "Z_threshold0.45_time": 0.034113168716430664, "Z_threshold0.5_of": 3007.0034663656324, "Z_threshold0.5_time": 0.036199092864990234}