{"name": "L_100_20_626.666.json", "BaldoML_of": 2742.667795970755, "BaldoML_time": 0.13820362091064453, "BaldoGA_of": 2817.2006302050936, "BaldoGA_time": 0.38640546798706055, "Solver_of": 2847.062046559791, "Solver_time": 0.6332638263702393, "Z_threshold0.05_of": 2750.6354788414583, "Z_threshold0.05_time": 0.12424397468566895, "Z_threshold0.1_of": 2723.105673114111, "Z_threshold0.1_time": 0.07655858993530273, "Z_threshold0.15_of": 2710.692578815583, "Z_threshold0.15_time": 0.05465221405029297, "Z_threshold0.2_of": 2635.677872898693, "Z_threshold0.2_time": 0.04136776924133301, "Z_threshold0.25_of": 2577.875718116893, "Z_threshold0.25_time": 0.04204130172729492, "Z_threshold0.3_of": 2577.875718116893, "Z_threshold0.3_time": 0.041307926177978516, "Z_threshold0.35_of": 2577.875718116893, "Z_threshold0.35_time": 0.038216590881347656, "Z_threshold0.4_of": 2545.1793318330324, "Z_threshold0.4_time": 0.04005932807922363, "Z_threshold0.45_of": 2491.599208737067, "Z_threshold0.45_time": 0.03566265106201172, "Z_threshold0.5_of": 2491.599208737067, "Z_threshold0.5_time": 0.03703641891479492}