{"name": "L_100_48_904.962.json", "BaldoML_of": 3201.964987935523, "BaldoML_time": 0.09073901176452637, "BaldoGA_of": 3234.514048844463, "BaldoGA_time": 0.36883544921875, "Solver_of": 3290.432762172596, "Solver_time": 0.571403980255127, "Z_threshold0.05_of": 3068.134644974068, "Z_threshold0.05_time": 0.03991293907165527, "Z_threshold0.1_of": 2905.6625371569, "Z_threshold0.1_time": 0.0395655632019043, "Z_threshold0.15_of": 2905.6625371569, "Z_threshold0.15_time": 0.04148077964782715, "Z_threshold0.2_of": 2905.6625371569, "Z_threshold0.2_time": 0.04053378105163574, "Z_threshold0.25_of": 2905.6625371569, "Z_threshold0.25_time": 0.041015625, "Z_threshold0.3_of": 2905.6625371569, "Z_threshold0.3_time": 0.04062676429748535, "Z_threshold0.35_of": 2905.6625371569, "Z_threshold0.35_time": 0.040857553482055664, "Z_threshold0.4_of": 2905.6625371569, "Z_threshold0.4_time": 0.04015040397644043, "Z_threshold0.45_of": 2905.6625371569, "Z_threshold0.45_time": 0.0392611026763916, "Z_threshold0.5_of": 2905.6625371569, "Z_threshold0.5_time": 0.04164624214172363}