{"name": "L_100_45_652.084.json", "BaldoML_of": 2760.755598503126, "BaldoML_time": 0.1006016731262207, "BaldoGA_of": 2782.6930982421545, "BaldoGA_time": 0.18148279190063477, "Solver_of": 2840.4555278821636, "Solver_time": 0.38698291778564453, "Z_threshold0.05_of": 2715.2698794751655, "Z_threshold0.05_time": 0.037648916244506836, "Z_threshold0.1_of": 2687.886818453361, "Z_threshold0.1_time": 0.04073309898376465, "Z_threshold0.15_of": 2687.886818453361, "Z_threshold0.15_time": 0.03796243667602539, "Z_threshold0.2_of": 2687.886818453361, "Z_threshold0.2_time": 0.04241824150085449, "Z_threshold0.25_of": 2687.886818453361, "Z_threshold0.25_time": 0.03950691223144531, "Z_threshold0.3_of": 2687.886818453361, "Z_threshold0.3_time": 0.03814959526062012, "Z_threshold0.35_of": 2687.886818453361, "Z_threshold0.35_time": 0.038342952728271484, "Z_threshold0.4_of": 2687.886818453361, "Z_threshold0.4_time": 0.03738689422607422, "Z_threshold0.45_of": 2687.886818453361, "Z_threshold0.45_time": 0.03856158256530762, "Z_threshold0.5_of": 2687.886818453361, "Z_threshold0.5_time": 0.04064750671386719}