{"name": "L_100_51_830.711.json", "BaldoML_of": 3133.7104524586143, "BaldoML_time": 0.11617803573608398, "BaldoGA_of": 3179.0107876376596, "BaldoGA_time": 0.25147414207458496, "Solver_of": 3315.588771798264, "Solver_time": 0.5121238231658936, "Z_threshold0.05_of": 3016.4949958707516, "Z_threshold0.05_time": 0.03666067123413086, "Z_threshold0.1_of": 3016.4949958707516, "Z_threshold0.1_time": 0.0383298397064209, "Z_threshold0.15_of": 3016.4949958707516, "Z_threshold0.15_time": 0.03812551498413086, "Z_threshold0.2_of": 3016.4949958707516, "Z_threshold0.2_time": 0.0597691535949707, "Z_threshold0.25_of": 3016.4949958707516, "Z_threshold0.25_time": 0.06713294982910156, "Z_threshold0.3_of": 3016.4949958707516, "Z_threshold0.3_time": 0.03971266746520996, "Z_threshold0.35_of": 3016.4949958707516, "Z_threshold0.35_time": 0.03764486312866211, "Z_threshold0.4_of": 3016.4949958707516, "Z_threshold0.4_time": 0.0411834716796875, "Z_threshold0.45_of": 3016.4949958707516, "Z_threshold0.45_time": 0.04158425331115723, "Z_threshold0.5_of": 3016.4949958707516, "Z_threshold0.5_time": 0.041753530502319336}