{"name": "L_100_52_837.485.json", "BaldoML_of": 2951.0036461963914, "BaldoML_time": 0.09483551979064941, "BaldoGA_of": 3030.060407269542, "BaldoGA_time": 0.28984713554382324, "Solver_of": 3117.715206339101, "Solver_time": 0.592522144317627, "Z_threshold0.05_of": 2853.214799896534, "Z_threshold0.05_time": 0.04541134834289551, "Z_threshold0.1_of": 2853.214799896534, "Z_threshold0.1_time": 0.04726886749267578, "Z_threshold0.15_of": 2807.429442968376, "Z_threshold0.15_time": 0.045995473861694336, "Z_threshold0.2_of": 2807.429442968376, "Z_threshold0.2_time": 0.04157233238220215, "Z_threshold0.25_of": 2807.429442968376, "Z_threshold0.25_time": 0.04252004623413086, "Z_threshold0.3_of": 2807.429442968376, "Z_threshold0.3_time": 0.03777599334716797, "Z_threshold0.35_of": 2807.429442968376, "Z_threshold0.35_time": 0.03795003890991211, "Z_threshold0.4_of": 2807.429442968376, "Z_threshold0.4_time": 0.039324283599853516, "Z_threshold0.45_of": 2807.429442968376, "Z_threshold0.45_time": 0.037804365158081055, "Z_threshold0.5_of": 2807.429442968376, "Z_threshold0.5_time": 0.038668155670166016}