{"name": "L_100_58_656.245.json", "BaldoML_of": 2738.446766883188, "BaldoML_time": 0.08709335327148438, "BaldoGA_of": 2738.446766883188, "BaldoGA_time": 0.13820266723632812, "Solver_of": 2895.492020991404, "Solver_time": 0.2948791980743408, "Z_threshold0.05_of": 2738.446766883188, "Z_threshold0.05_time": 0.05163002014160156, "Z_threshold0.1_of": 2738.446766883188, "Z_threshold0.1_time": 0.037297964096069336, "Z_threshold0.15_of": 2738.446766883188, "Z_threshold0.15_time": 0.04309201240539551, "Z_threshold0.2_of": 2738.446766883188, "Z_threshold0.2_time": 0.04016709327697754, "Z_threshold0.25_of": 2738.446766883188, "Z_threshold0.25_time": 0.04434323310852051, "Z_threshold0.3_of": 2738.446766883188, "Z_threshold0.3_time": 0.041126251220703125, "Z_threshold0.35_of": 2738.446766883188, "Z_threshold0.35_time": 0.04723715782165527, "Z_threshold0.4_of": 2738.446766883188, "Z_threshold0.4_time": 0.043790578842163086, "Z_threshold0.45_of": 2738.446766883188, "Z_threshold0.45_time": 0.04532909393310547, "Z_threshold0.5_of": 2738.446766883188, "Z_threshold0.5_time": 0.041115522384643555}