{"name": "L_100_48_915.638.json", "BaldoML_of": 2989.809064405046, "BaldoML_time": 0.10219693183898926, "BaldoGA_of": 3022.015369871467, "BaldoGA_time": 0.23945832252502441, "Solver_of": 3083.6310994595488, "Solver_time": 0.6258602142333984, "Z_threshold0.05_of": 2884.8061685223547, "Z_threshold0.05_time": 0.04187893867492676, "Z_threshold0.1_of": 2884.8061685223547, "Z_threshold0.1_time": 0.049536943435668945, "Z_threshold0.15_of": 2884.8061685223547, "Z_threshold0.15_time": 0.04284095764160156, "Z_threshold0.2_of": 2884.8061685223547, "Z_threshold0.2_time": 0.044294118881225586, "Z_threshold0.25_of": 2884.8061685223547, "Z_threshold0.25_time": 0.04379916191101074, "Z_threshold0.3_of": 2884.8061685223547, "Z_threshold0.3_time": 0.04282379150390625, "Z_threshold0.35_of": 2884.8061685223547, "Z_threshold0.35_time": 0.043045997619628906, "Z_threshold0.4_of": 2884.8061685223547, "Z_threshold0.4_time": 0.04338836669921875, "Z_threshold0.45_of": 2884.8061685223547, "Z_threshold0.45_time": 0.04355144500732422, "Z_threshold0.5_of": 2884.8061685223547, "Z_threshold0.5_time": 0.042695045471191406}