{"name": "L_100_36_846.228.json", "BaldoML_of": 2857.536747781921, "BaldoML_time": 0.10083866119384766, "BaldoGA_of": 2868.4396848691986, "BaldoGA_time": 0.37244319915771484, "Solver_of": 2892.114291916967, "Solver_time": 1.371307611465454, "Z_threshold0.05_of": 2818.2343455607847, "Z_threshold0.05_time": 0.04609227180480957, "Z_threshold0.1_of": 2704.8300561504216, "Z_threshold0.1_time": 0.04114961624145508, "Z_threshold0.15_of": 2655.496824031658, "Z_threshold0.15_time": 0.042154788970947266, "Z_threshold0.2_of": 2655.496824031658, "Z_threshold0.2_time": 0.0396122932434082, "Z_threshold0.25_of": 2655.496824031658, "Z_threshold0.25_time": 0.03821110725402832, "Z_threshold0.3_of": 2655.496824031658, "Z_threshold0.3_time": 0.03711128234863281, "Z_threshold0.35_of": 2630.799397907682, "Z_threshold0.35_time": 0.03775525093078613, "Z_threshold0.4_of": 2630.799397907682, "Z_threshold0.4_time": 0.036751747131347656, "Z_threshold0.45_of": 2630.799397907682, "Z_threshold0.45_time": 0.03873920440673828, "Z_threshold0.5_of": 2630.799397907682, "Z_threshold0.5_time": 0.03647923469543457}