{"name": "L_100_51_659.715.json", "BaldoML_of": 2182.4730140529164, "BaldoML_time": 0.08777904510498047, "BaldoGA_of": 2198.5755389033307, "BaldoGA_time": 0.11369037628173828, "Solver_of": 2287.9487439533264, "Solver_time": 0.3436856269836426, "Z_threshold0.05_of": 2207.665249898374, "Z_threshold0.05_time": 0.04550766944885254, "Z_threshold0.1_of": 2207.665249898374, "Z_threshold0.1_time": 0.0462641716003418, "Z_threshold0.15_of": 2207.665249898374, "Z_threshold0.15_time": 0.046471595764160156, "Z_threshold0.2_of": 2207.665249898374, "Z_threshold0.2_time": 0.047532081604003906, "Z_threshold0.25_of": 2207.665249898374, "Z_threshold0.25_time": 0.04573941230773926, "Z_threshold0.3_of": 2207.665249898374, "Z_threshold0.3_time": 0.04586219787597656, "Z_threshold0.35_of": 2182.4730140529173, "Z_threshold0.35_time": 0.04198765754699707, "Z_threshold0.4_of": 2182.4730140529173, "Z_threshold0.4_time": 0.03941702842712402, "Z_threshold0.45_of": 2182.4730140529173, "Z_threshold0.45_time": 0.03752756118774414, "Z_threshold0.5_of": 2182.4730140529173, "Z_threshold0.5_time": 0.037093400955200195}