{"name": "L_100_43_662.21.json", "BaldoML_of": 2547.1939360029673, "BaldoML_time": 0.09409737586975098, "BaldoGA_of": 2624.7198279758004, "BaldoGA_time": 0.31229305267333984, "Solver_of": 2734.4094350191103, "Solver_time": 0.26572418212890625, "Z_threshold0.05_of": 2390.953572720075, "Z_threshold0.05_time": 0.03560376167297363, "Z_threshold0.1_of": 2390.953572720075, "Z_threshold0.1_time": 0.03515982627868652, "Z_threshold0.15_of": 2329.607738274583, "Z_threshold0.15_time": 0.03694033622741699, "Z_threshold0.2_of": 2329.607738274583, "Z_threshold0.2_time": 0.036170244216918945, "Z_threshold0.25_of": 2329.607738274583, "Z_threshold0.25_time": 0.04788565635681152, "Z_threshold0.3_of": 2329.607738274583, "Z_threshold0.3_time": 0.04660224914550781, "Z_threshold0.35_of": 2329.607738274583, "Z_threshold0.35_time": 0.03863382339477539, "Z_threshold0.4_of": 2293.2392857886184, "Z_threshold0.4_time": 0.03598761558532715, "Z_threshold0.45_of": 2293.2392857886184, "Z_threshold0.45_time": 0.03811907768249512, "Z_threshold0.5_of": 2293.2392857886184, "Z_threshold0.5_time": 0.0383150577545166}