{"name": "L_100_26_668.657.json", "BaldoML_of": 2451.9798694526917, "BaldoML_time": 0.1185615062713623, "BaldoGA_of": 2467.217633979596, "BaldoGA_time": 0.44954657554626465, "Solver_of": 2515.7410476356877, "Solver_time": 0.7703959941864014, "Z_threshold0.05_of": 2507.8854746965417, "Z_threshold0.05_time": 0.22664093971252441, "Z_threshold0.1_of": 2423.412103106958, "Z_threshold0.1_time": 0.05725836753845215, "Z_threshold0.15_of": 2386.6095790592276, "Z_threshold0.15_time": 0.04663276672363281, "Z_threshold0.2_of": 2386.6095790592276, "Z_threshold0.2_time": 0.047492027282714844, "Z_threshold0.25_of": 2386.6095790592276, "Z_threshold0.25_time": 0.04571843147277832, "Z_threshold0.3_of": 2386.6095790592276, "Z_threshold0.3_time": 0.04476618766784668, "Z_threshold0.35_of": 2299.4367769622904, "Z_threshold0.35_time": 0.03527212142944336, "Z_threshold0.4_of": 2299.4367769622904, "Z_threshold0.4_time": 0.036203861236572266, "Z_threshold0.45_of": 2272.3764293429135, "Z_threshold0.45_time": 0.03627777099609375, "Z_threshold0.5_of": 2149.670161410785, "Z_threshold0.5_time": 0.03585672378540039}