{"name": "L_100_47_1424.474.json", "BaldoML_of": 3119.6428224255937, "BaldoML_time": 0.08643436431884766, "BaldoGA_of": 3265.258832432435, "BaldoGA_time": 0.5757653713226318, "Solver_of": 3356.2267836805304, "Solver_time": 0.9012248516082764, "Z_threshold0.05_of": 3276.1324984614994, "Z_threshold0.05_time": 0.15610980987548828, "Z_threshold0.1_of": 3229.7017551229737, "Z_threshold0.1_time": 0.05602455139160156, "Z_threshold0.15_of": 3029.821447653795, "Z_threshold0.15_time": 0.04067516326904297, "Z_threshold0.2_of": 3002.8662819493193, "Z_threshold0.2_time": 0.04119229316711426, "Z_threshold0.25_of": 2885.5011457378764, "Z_threshold0.25_time": 0.03991389274597168, "Z_threshold0.3_of": 2885.5011457378764, "Z_threshold0.3_time": 0.04699087142944336, "Z_threshold0.35_of": 2829.6412647072407, "Z_threshold0.35_time": 0.037276506423950195, "Z_threshold0.4_of": 2770.746739574976, "Z_threshold0.4_time": 0.049674034118652344, "Z_threshold0.45_of": 2770.746739574976, "Z_threshold0.45_time": 0.04332232475280762, "Z_threshold0.5_of": 2770.746739574976, "Z_threshold0.5_time": 0.048232078552246094}