{"name": "L_100_55_588.146.json", "BaldoML_of": 3275.3230024583613, "BaldoML_time": 0.0866398811340332, "BaldoGA_of": 3275.3230024583618, "BaldoGA_time": 0.14034438133239746, "Solver_of": 3338.1258847606405, "Solver_time": 0.26414918899536133, "Z_threshold0.05_of": 3275.3230024583618, "Z_threshold0.05_time": 0.040406227111816406, "Z_threshold0.1_of": 3275.3230024583618, "Z_threshold0.1_time": 0.04106926918029785, "Z_threshold0.15_of": 3275.3230024583618, "Z_threshold0.15_time": 0.038084983825683594, "Z_threshold0.2_of": 3275.3230024583618, "Z_threshold0.2_time": 0.046831369400024414, "Z_threshold0.25_of": 3275.3230024583618, "Z_threshold0.25_time": 0.048592567443847656, "Z_threshold0.3_of": 3275.3230024583618, "Z_threshold0.3_time": 0.043581247329711914, "Z_threshold0.35_of": 3275.3230024583618, "Z_threshold0.35_time": 0.04607844352722168, "Z_threshold0.4_of": 3275.3230024583618, "Z_threshold0.4_time": 0.038605690002441406, "Z_threshold0.45_of": 3275.3230024583618, "Z_threshold0.45_time": 0.0357508659362793, "Z_threshold0.5_of": 3275.3230024583618, "Z_threshold0.5_time": 0.04159975051879883}