{"name": "L_100_53_689.292.json", "BaldoML_of": 2731.6221595511056, "BaldoML_time": 0.08771491050720215, "BaldoGA_of": 2731.622159551104, "BaldoGA_time": 0.11255812644958496, "Solver_of": 2787.766091345182, "Solver_time": 0.2211771011352539, "Z_threshold0.05_of": 2731.622159551104, "Z_threshold0.05_time": 0.03665471076965332, "Z_threshold0.1_of": 2731.622159551104, "Z_threshold0.1_time": 0.04228806495666504, "Z_threshold0.15_of": 2731.622159551104, "Z_threshold0.15_time": 0.03804421424865723, "Z_threshold0.2_of": 2731.622159551104, "Z_threshold0.2_time": 0.04317498207092285, "Z_threshold0.25_of": 2731.622159551104, "Z_threshold0.25_time": 0.03925156593322754, "Z_threshold0.3_of": 2731.622159551104, "Z_threshold0.3_time": 0.03849148750305176, "Z_threshold0.35_of": 2731.622159551104, "Z_threshold0.35_time": 0.038075923919677734, "Z_threshold0.4_of": 2731.622159551104, "Z_threshold0.4_time": 0.036576271057128906, "Z_threshold0.45_of": 2731.622159551104, "Z_threshold0.45_time": 0.037403106689453125, "Z_threshold0.5_of": 2731.622159551104, "Z_threshold0.5_time": 0.03754019737243652}