{"name": "L_100_30_1242.334.json", "BaldoML_of": 4397.535027745321, "BaldoML_time": 0.0797567367553711, "BaldoGA_of": 4630.980791967982, "BaldoGA_time": 0.6866838932037354, "Solver_of": 4675.5318367192585, "Solver_time": 0.8103585243225098, "Z_threshold0.05_of": 4663.185982709154, "Z_threshold0.05_time": 0.33614373207092285, "Z_threshold0.1_of": 4662.274516140073, "Z_threshold0.1_time": 0.25873589515686035, "Z_threshold0.15_of": 4529.883635384536, "Z_threshold0.15_time": 0.10947442054748535, "Z_threshold0.2_of": 4529.883635384536, "Z_threshold0.2_time": 0.11041378974914551, "Z_threshold0.25_of": 4462.227048650986, "Z_threshold0.25_time": 0.040920257568359375, "Z_threshold0.3_of": 4462.227048650986, "Z_threshold0.3_time": 0.048836469650268555, "Z_threshold0.35_of": 4344.490907635733, "Z_threshold0.35_time": 0.046909332275390625, "Z_threshold0.4_of": 4344.490907635733, "Z_threshold0.4_time": 0.03970479965209961, "Z_threshold0.45_of": 4171.560320178114, "Z_threshold0.45_time": 0.039409637451171875, "Z_threshold0.5_of": 4069.1028327549734, "Z_threshold0.5_time": 0.04262709617614746}