{"name": "L_100_25_622.135.json", "BaldoML_of": 2832.009800981872, "BaldoML_time": 0.08925318717956543, "BaldoGA_of": 2832.0098009818716, "BaldoGA_time": 0.33629274368286133, "Solver_of": 2883.981945484708, "Solver_time": 0.7128555774688721, "Z_threshold0.05_of": 2832.1414545455923, "Z_threshold0.05_time": 0.06241178512573242, "Z_threshold0.1_of": 2815.7406649372274, "Z_threshold0.1_time": 0.05154299736022949, "Z_threshold0.15_of": 2784.0763753145584, "Z_threshold0.15_time": 0.04033541679382324, "Z_threshold0.2_of": 2784.0763753145584, "Z_threshold0.2_time": 0.04246354103088379, "Z_threshold0.25_of": 2784.0763753145584, "Z_threshold0.25_time": 0.042676687240600586, "Z_threshold0.3_of": 2784.0763753145584, "Z_threshold0.3_time": 0.040924787521362305, "Z_threshold0.35_of": 2682.6279419647003, "Z_threshold0.35_time": 0.04063153266906738, "Z_threshold0.4_of": 2616.984797328671, "Z_threshold0.4_time": 0.0404970645904541, "Z_threshold0.45_of": 2616.984797328671, "Z_threshold0.45_time": 0.0398716926574707, "Z_threshold0.5_of": 2505.9359812857497, "Z_threshold0.5_time": 0.03929948806762695}