{"name": "L_300_158_3787.659.json", "BaldoML_of": 11875.968885305476, "BaldoML_time": 0.4503946304321289, "BaldoGA_of": 11804.966126021687, "BaldoGA_time": 5.29326868057251, "Solver_of": 12286.807533878507, "Solver_time": 94.6627984046936, "Z_threshold0.05_of": 11929.736261249498, "Z_threshold0.05_time": 0.3783152103424072, "Z_threshold0.1_of": 11891.175922610943, "Z_threshold0.1_time": 0.2834315299987793, "Z_threshold0.15_of": 11859.803380994228, "Z_threshold0.15_time": 0.2765519618988037, "Z_threshold0.2_of": 11859.803380994228, "Z_threshold0.2_time": 0.27312493324279785, "Z_threshold0.25_of": 11859.803380994228, "Z_threshold0.25_time": 0.2889704704284668, "Z_threshold0.3_of": 11859.803380994228, "Z_threshold0.3_time": 0.2763810157775879, "Z_threshold0.35_of": 11859.803380994228, "Z_threshold0.35_time": 0.2714707851409912, "Z_threshold0.4_of": 11859.803380994228, "Z_threshold0.4_time": 0.273618221282959, "Z_threshold0.45_of": 11859.803380994228, "Z_threshold0.45_time": 0.29488706588745117, "Z_threshold0.5_of": 11859.803380994228, "Z_threshold0.5_time": 0.31516575813293457}