{"name": "L_300_95_1926.696.json", "BaldoML_of": 7383.158650587527, "BaldoML_time": 0.40654921531677246, "BaldoGA_of": 7371.227325623545, "BaldoGA_time": 2.0802698135375977, "Solver_of": 7562.725782491115, "Solver_time": 9.453142642974854, "Z_threshold0.05_of": 7453.4330475622955, "Z_threshold0.05_time": 0.7700207233428955, "Z_threshold0.1_of": 7341.21579213535, "Z_threshold0.1_time": 0.4252767562866211, "Z_threshold0.15_of": 7145.5600494553955, "Z_threshold0.15_time": 0.262117862701416, "Z_threshold0.2_of": 7029.926692160592, "Z_threshold0.2_time": 0.25368833541870117, "Z_threshold0.25_of": 6881.50570428075, "Z_threshold0.25_time": 0.26088619232177734, "Z_threshold0.3_of": 6783.975233944739, "Z_threshold0.3_time": 0.2523643970489502, "Z_threshold0.35_of": 6783.975233944739, "Z_threshold0.35_time": 0.2624232769012451, "Z_threshold0.4_of": 6734.125370606377, "Z_threshold0.4_time": 0.25485944747924805, "Z_threshold0.45_of": 6697.886353549187, "Z_threshold0.45_time": 0.24551606178283691, "Z_threshold0.5_of": 6697.886353549187, "Z_threshold0.5_time": 0.24637198448181152}