{"name": "L_300_171_2557.641.json", "BaldoML_of": 8753.38829443636, "BaldoML_time": 0.311328649520874, "BaldoGA_of": 8785.538717872678, "BaldoGA_time": 1.3776259422302246, "Solver_of": 9136.251368082381, "Solver_time": 6.569073677062988, "Z_threshold0.05_of": 8950.417568580411, "Z_threshold0.05_time": 0.2934551239013672, "Z_threshold0.1_of": 8950.417568580411, "Z_threshold0.1_time": 0.30094289779663086, "Z_threshold0.15_of": 8950.417568580411, "Z_threshold0.15_time": 0.2962644100189209, "Z_threshold0.2_of": 8950.417568580411, "Z_threshold0.2_time": 0.3135395050048828, "Z_threshold0.25_of": 8950.417568580411, "Z_threshold0.25_time": 0.3010256290435791, "Z_threshold0.3_of": 8950.417568580411, "Z_threshold0.3_time": 0.31319189071655273, "Z_threshold0.35_of": 8950.417568580411, "Z_threshold0.35_time": 0.2922704219818115, "Z_threshold0.4_of": 8950.417568580411, "Z_threshold0.4_time": 0.2924165725708008, "Z_threshold0.45_of": 8950.417568580411, "Z_threshold0.45_time": 0.2909517288208008, "Z_threshold0.5_of": 8926.42096749512, "Z_threshold0.5_time": 0.2648322582244873}