{"name": "L_300_95_2593.362.json", "BaldoML_of": 9227.893226767635, "BaldoML_time": 0.4422037601470947, "BaldoGA_of": 9047.508468870366, "BaldoGA_time": 2.957890748977661, "Solver_of": 9390.819734341183, "Solver_time": 6.914665222167969, "Z_threshold0.05_of": 9333.691785340174, "Z_threshold0.05_time": 0.693253755569458, "Z_threshold0.1_of": 9261.18333714997, "Z_threshold0.1_time": 0.7294290065765381, "Z_threshold0.15_of": 9155.637002074945, "Z_threshold0.15_time": 0.48750877380371094, "Z_threshold0.2_of": 9126.371209167335, "Z_threshold0.2_time": 0.36934566497802734, "Z_threshold0.25_of": 9085.160112558051, "Z_threshold0.25_time": 0.39818716049194336, "Z_threshold0.3_of": 8951.03985219718, "Z_threshold0.3_time": 0.29319190979003906, "Z_threshold0.35_of": 8951.03985219718, "Z_threshold0.35_time": 0.2920205593109131, "Z_threshold0.4_of": 8780.23256294701, "Z_threshold0.4_time": 0.29197001457214355, "Z_threshold0.45_of": 8534.505602066687, "Z_threshold0.45_time": 0.2952864170074463, "Z_threshold0.5_of": 8237.834907144763, "Z_threshold0.5_time": 0.27430200576782227}