{"name": "L_300_142_2584.306.json", "BaldoML_of": 8609.844250166809, "BaldoML_time": 0.36316895484924316, "BaldoGA_of": 8678.443486986942, "BaldoGA_time": 4.042904615402222, "Solver_of": 8979.79325107654, "Solver_time": 5.8547444343566895, "Z_threshold0.05_of": 8724.493873151516, "Z_threshold0.05_time": 0.31386590003967285, "Z_threshold0.1_of": 8428.13144086356, "Z_threshold0.1_time": 0.2794022560119629, "Z_threshold0.15_of": 8428.13144086356, "Z_threshold0.15_time": 0.29432058334350586, "Z_threshold0.2_of": 8428.13144086356, "Z_threshold0.2_time": 0.2701387405395508, "Z_threshold0.25_of": 8428.13144086356, "Z_threshold0.25_time": 0.287365198135376, "Z_threshold0.3_of": 8428.13144086356, "Z_threshold0.3_time": 0.26124000549316406, "Z_threshold0.35_of": 8428.13144086356, "Z_threshold0.35_time": 0.2546079158782959, "Z_threshold0.4_of": 8428.13144086356, "Z_threshold0.4_time": 0.2556498050689697, "Z_threshold0.45_of": 8428.13144086356, "Z_threshold0.45_time": 0.2547495365142822, "Z_threshold0.5_of": 8428.13144086356, "Z_threshold0.5_time": 0.2540156841278076}