{"name": "L_300_158_2552.824.json", "BaldoML_of": 9755.516950848762, "BaldoML_time": 0.3330113887786865, "BaldoGA_of": 9765.686598945253, "BaldoGA_time": 2.7074801921844482, "Solver_of": 10008.39213144604, "Solver_time": 5.916820526123047, "Z_threshold0.05_of": 9771.812174215938, "Z_threshold0.05_time": 0.29677844047546387, "Z_threshold0.1_of": 9771.812174215938, "Z_threshold0.1_time": 0.2965986728668213, "Z_threshold0.15_of": 9771.812174215938, "Z_threshold0.15_time": 0.30191493034362793, "Z_threshold0.2_of": 9771.812174215938, "Z_threshold0.2_time": 0.28723597526550293, "Z_threshold0.25_of": 9771.812174215938, "Z_threshold0.25_time": 0.28606724739074707, "Z_threshold0.3_of": 9771.812174215938, "Z_threshold0.3_time": 0.28659939765930176, "Z_threshold0.35_of": 9771.812174215938, "Z_threshold0.35_time": 0.3042891025543213, "Z_threshold0.4_of": 9771.812174215938, "Z_threshold0.4_time": 0.2962486743927002, "Z_threshold0.45_of": 9771.812174215938, "Z_threshold0.45_time": 0.29314303398132324, "Z_threshold0.5_of": 9771.812174215938, "Z_threshold0.5_time": 0.28505492210388184}