{"name": "L_300_175_3758.968.json", "BaldoML_of": 11668.442244060749, "BaldoML_time": 0.332963228225708, "BaldoGA_of": 11541.394044089628, "BaldoGA_time": 7.160898685455322, "Solver_of": 12022.884399681965, "Solver_time": 12.348940134048462, "Z_threshold0.05_of": 11654.700242901123, "Z_threshold0.05_time": 0.30119872093200684, "Z_threshold0.1_of": 11654.700242901123, "Z_threshold0.1_time": 0.3368992805480957, "Z_threshold0.15_of": 11654.700242901123, "Z_threshold0.15_time": 0.3008842468261719, "Z_threshold0.2_of": 11654.700242901123, "Z_threshold0.2_time": 0.2905566692352295, "Z_threshold0.25_of": 11654.700242901123, "Z_threshold0.25_time": 0.2944605350494385, "Z_threshold0.3_of": 11654.700242901123, "Z_threshold0.3_time": 0.2898232936859131, "Z_threshold0.35_of": 11654.700242901123, "Z_threshold0.35_time": 0.29693078994750977, "Z_threshold0.4_of": 11654.700242901123, "Z_threshold0.4_time": 0.28882884979248047, "Z_threshold0.45_of": 11654.700242901123, "Z_threshold0.45_time": 0.28870701789855957, "Z_threshold0.5_of": 11654.700242901123, "Z_threshold0.5_time": 0.2981283664703369}