{"name": "L_300_61_2431.868.json", "BaldoML_of": 10956.285250756857, "BaldoML_time": 0.4761662483215332, "BaldoGA_of": 10885.806821509901, "BaldoGA_time": 3.2440860271453857, "Solver_of": 11089.613739502507, "Solver_time": 4.832672119140625, "Z_threshold0.05_of": 11072.848329693528, "Z_threshold0.05_time": 0.8857815265655518, "Z_threshold0.1_of": 11072.848329693528, "Z_threshold0.1_time": 0.8797516822814941, "Z_threshold0.15_of": 11072.848329693528, "Z_threshold0.15_time": 0.8678028583526611, "Z_threshold0.2_of": 11029.85821907479, "Z_threshold0.2_time": 0.6405138969421387, "Z_threshold0.25_of": 10915.214664165336, "Z_threshold0.25_time": 0.6308674812316895, "Z_threshold0.3_of": 10889.545637615538, "Z_threshold0.3_time": 0.3536081314086914, "Z_threshold0.35_of": 10603.854658293192, "Z_threshold0.35_time": 0.2870028018951416, "Z_threshold0.4_of": 10450.854346959859, "Z_threshold0.4_time": 0.28313493728637695, "Z_threshold0.45_of": 10450.854346959859, "Z_threshold0.45_time": 0.27253293991088867, "Z_threshold0.5_of": 10288.126013108202, "Z_threshold0.5_time": 0.2696878910064697}