{"name": "L_300_147_1928.209.json", "BaldoML_of": 8384.821869246285, "BaldoML_time": 0.2802574634552002, "BaldoGA_of": 8346.425978967121, "BaldoGA_time": 0.9932255744934082, "Solver_of": 8590.605482357663, "Solver_time": 3.7983436584472656, "Z_threshold0.05_of": 8371.275338660178, "Z_threshold0.05_time": 0.32222914695739746, "Z_threshold0.1_of": 8371.275338660178, "Z_threshold0.1_time": 0.2998995780944824, "Z_threshold0.15_of": 8371.275338660178, "Z_threshold0.15_time": 0.2751176357269287, "Z_threshold0.2_of": 8371.275338660178, "Z_threshold0.2_time": 0.2738149166107178, "Z_threshold0.25_of": 8371.275338660178, "Z_threshold0.25_time": 0.27404260635375977, "Z_threshold0.3_of": 8371.275338660178, "Z_threshold0.3_time": 0.28328800201416016, "Z_threshold0.35_of": 8371.275338660178, "Z_threshold0.35_time": 0.29196786880493164, "Z_threshold0.4_of": 8371.275338660178, "Z_threshold0.4_time": 0.2845768928527832, "Z_threshold0.45_of": 8371.275338660178, "Z_threshold0.45_time": 0.28235554695129395, "Z_threshold0.5_of": 8371.275338660178, "Z_threshold0.5_time": 0.27695345878601074}