{"name": "L_300_63_4011.064.json", "BaldoML_of": 12188.162513438003, "BaldoML_time": 0.546034574508667, "BaldoGA_of": 12053.359934291597, "BaldoGA_time": 3.8667898178100586, "Solver_of": 12508.003896136115, "Solver_time": 13.790818452835083, "Z_threshold0.05_of": 12408.89902985216, "Z_threshold0.05_time": 1.1176981925964355, "Z_threshold0.1_of": 12405.40771024499, "Z_threshold0.1_time": 1.0292015075683594, "Z_threshold0.15_of": 12312.02274767176, "Z_threshold0.15_time": 0.887822151184082, "Z_threshold0.2_of": 12213.75161168344, "Z_threshold0.2_time": 0.6484596729278564, "Z_threshold0.25_of": 12148.196157032367, "Z_threshold0.25_time": 0.5739583969116211, "Z_threshold0.3_of": 12148.196157032367, "Z_threshold0.3_time": 0.5756261348724365, "Z_threshold0.35_of": 12148.196157032367, "Z_threshold0.35_time": 0.5703988075256348, "Z_threshold0.4_of": 12148.196157032367, "Z_threshold0.4_time": 0.5891196727752686, "Z_threshold0.45_of": 12125.942486900069, "Z_threshold0.45_time": 0.4682126045227051, "Z_threshold0.5_of": 12108.909319496826, "Z_threshold0.5_time": 0.32551026344299316}