{"name": "L_300_73_2610.463.json", "BaldoML_of": 9489.057744072306, "BaldoML_time": 0.5300378799438477, "BaldoGA_of": 9453.305470176074, "BaldoGA_time": 3.516206979751587, "Solver_of": 9850.536716841225, "Solver_time": 8.384784698486328, "Z_threshold0.05_of": 9795.763796815803, "Z_threshold0.05_time": 1.0849051475524902, "Z_threshold0.1_of": 9735.34666958633, "Z_threshold0.1_time": 1.0555672645568848, "Z_threshold0.15_of": 9711.485506616971, "Z_threshold0.15_time": 1.168494462966919, "Z_threshold0.2_of": 9551.356101618028, "Z_threshold0.2_time": 0.5719225406646729, "Z_threshold0.25_of": 9418.122331077637, "Z_threshold0.25_time": 0.4943985939025879, "Z_threshold0.3_of": 9354.280846873873, "Z_threshold0.3_time": 0.3053574562072754, "Z_threshold0.35_of": 9087.354037903879, "Z_threshold0.35_time": 0.3120412826538086, "Z_threshold0.4_of": 9007.036674657067, "Z_threshold0.4_time": 0.29906201362609863, "Z_threshold0.45_of": 8897.436210532866, "Z_threshold0.45_time": 0.28378772735595703, "Z_threshold0.5_of": 8836.255709109046, "Z_threshold0.5_time": 0.28444576263427734}