{"name": "L_300_83_3674.418.json", "BaldoML_of": 13730.41292567996, "BaldoML_time": 0.36716604232788086, "BaldoGA_of": 13870.57060919877, "BaldoGA_time": 4.639057397842407, "Solver_of": 14216.978055592026, "Solver_time": 9.348001956939697, "Z_threshold0.05_of": 14156.962029612088, "Z_threshold0.05_time": 1.0828971862792969, "Z_threshold0.1_of": 14068.80588419548, "Z_threshold0.1_time": 0.8613550662994385, "Z_threshold0.15_of": 13898.677152649456, "Z_threshold0.15_time": 0.621823787689209, "Z_threshold0.2_of": 13688.507457480024, "Z_threshold0.2_time": 0.39176344871520996, "Z_threshold0.25_of": 13613.986247981391, "Z_threshold0.25_time": 0.2582418918609619, "Z_threshold0.3_of": 13613.986247981391, "Z_threshold0.3_time": 0.27350354194641113, "Z_threshold0.35_of": 13613.986247981391, "Z_threshold0.35_time": 0.34649109840393066, "Z_threshold0.4_of": 13613.986247981391, "Z_threshold0.4_time": 0.2659134864807129, "Z_threshold0.45_of": 13613.986247981391, "Z_threshold0.45_time": 0.25797343254089355, "Z_threshold0.5_of": 13613.986247981391, "Z_threshold0.5_time": 0.26333189010620117}