{"name": "L_300_109_2483.35.json", "BaldoML_of": 10178.071978071373, "BaldoML_time": 0.41352343559265137, "BaldoGA_of": 10100.796427021536, "BaldoGA_time": 3.5051681995391846, "Solver_of": 10356.351047870447, "Solver_time": 7.133673429489136, "Z_threshold0.05_of": 10243.511068255872, "Z_threshold0.05_time": 0.6517701148986816, "Z_threshold0.1_of": 10138.060305389874, "Z_threshold0.1_time": 0.36979103088378906, "Z_threshold0.15_of": 10014.102271433694, "Z_threshold0.15_time": 0.2658052444458008, "Z_threshold0.2_of": 9919.6996803042, "Z_threshold0.2_time": 0.2628448009490967, "Z_threshold0.25_of": 9874.70017838822, "Z_threshold0.25_time": 0.26372480392456055, "Z_threshold0.3_of": 9874.70017838822, "Z_threshold0.3_time": 0.2569420337677002, "Z_threshold0.35_of": 9837.043956537691, "Z_threshold0.35_time": 0.25802183151245117, "Z_threshold0.4_of": 9762.906850630301, "Z_threshold0.4_time": 0.2749137878417969, "Z_threshold0.45_of": 9713.310154700048, "Z_threshold0.45_time": 0.2862362861633301, "Z_threshold0.5_of": 9713.310154700048, "Z_threshold0.5_time": 0.25774168968200684}