{"name": "L_300_70_1927.723.json", "BaldoML_of": 8319.904959508462, "BaldoML_time": 0.4226078987121582, "BaldoGA_of": 8225.586344137559, "BaldoGA_time": 2.629443645477295, "Solver_of": 8450.898756161081, "Solver_time": 4.551270008087158, "Z_threshold0.05_of": 8436.430969458555, "Z_threshold0.05_time": 0.6584668159484863, "Z_threshold0.1_of": 8350.683402446008, "Z_threshold0.1_time": 0.5402352809906006, "Z_threshold0.15_of": 8350.683402446008, "Z_threshold0.15_time": 0.348541259765625, "Z_threshold0.2_of": 8205.928949040608, "Z_threshold0.2_time": 0.4023313522338867, "Z_threshold0.25_of": 7958.73774853032, "Z_threshold0.25_time": 0.2752082347869873, "Z_threshold0.3_of": 7920.884413429212, "Z_threshold0.3_time": 0.26683902740478516, "Z_threshold0.35_of": 7843.6908436388685, "Z_threshold0.35_time": 0.266385555267334, "Z_threshold0.4_of": 7843.6908436388685, "Z_threshold0.4_time": 0.2755775451660156, "Z_threshold0.45_of": 7789.906468581032, "Z_threshold0.45_time": 0.27028727531433105, "Z_threshold0.5_of": 7744.278053300148, "Z_threshold0.5_time": 0.2704489231109619}