{"name": "L_300_60_1962.281.json", "BaldoML_of": 8435.265094210627, "BaldoML_time": 0.480013370513916, "BaldoGA_of": 8383.001900223575, "BaldoGA_time": 2.3702614307403564, "Solver_of": 8618.003697271422, "Solver_time": 5.716899394989014, "Z_threshold0.05_of": 8618.003697271424, "Z_threshold0.05_time": 0.735729455947876, "Z_threshold0.1_of": 8549.873765332337, "Z_threshold0.1_time": 0.6927599906921387, "Z_threshold0.15_of": 8483.454592941596, "Z_threshold0.15_time": 0.495450496673584, "Z_threshold0.2_of": 8433.902698258731, "Z_threshold0.2_time": 0.4794490337371826, "Z_threshold0.25_of": 8235.006348542849, "Z_threshold0.25_time": 0.3833954334259033, "Z_threshold0.3_of": 8165.439132331693, "Z_threshold0.3_time": 0.27998924255371094, "Z_threshold0.35_of": 7842.211432039751, "Z_threshold0.35_time": 0.2803795337677002, "Z_threshold0.4_of": 7842.211432039751, "Z_threshold0.4_time": 0.2984805107116699, "Z_threshold0.45_of": 7726.132497505143, "Z_threshold0.45_time": 0.2728431224822998, "Z_threshold0.5_of": 7629.717981721118, "Z_threshold0.5_time": 0.28631591796875}