{"name": "L_300_117_1879.854.json", "BaldoML_of": 8983.384463793776, "BaldoML_time": 0.32340526580810547, "BaldoGA_of": 8951.087015076986, "BaldoGA_time": 3.0234062671661377, "Solver_of": 9124.457104479807, "Solver_time": 3.722346782684326, "Z_threshold0.05_of": 8976.213342083702, "Z_threshold0.05_time": 0.2915050983428955, "Z_threshold0.1_of": 8779.270477365175, "Z_threshold0.1_time": 0.26616978645324707, "Z_threshold0.15_of": 8740.71008851018, "Z_threshold0.15_time": 0.2539823055267334, "Z_threshold0.2_of": 8740.71008851018, "Z_threshold0.2_time": 0.2507758140563965, "Z_threshold0.25_of": 8740.71008851018, "Z_threshold0.25_time": 0.25196027755737305, "Z_threshold0.3_of": 8740.71008851018, "Z_threshold0.3_time": 0.261810302734375, "Z_threshold0.35_of": 8740.71008851018, "Z_threshold0.35_time": 0.2586994171142578, "Z_threshold0.4_of": 8740.71008851018, "Z_threshold0.4_time": 0.25301361083984375, "Z_threshold0.45_of": 8740.71008851018, "Z_threshold0.45_time": 0.2634873390197754, "Z_threshold0.5_of": 8740.71008851018, "Z_threshold0.5_time": 0.26479578018188477}