{"name": "L_300_90_2008.996.json", "BaldoML_of": 7914.853810165176, "BaldoML_time": 0.3744070529937744, "BaldoGA_of": 7858.776012571007, "BaldoGA_time": 2.7654478549957275, "Solver_of": 8028.365373650324, "Solver_time": 5.025646448135376, "Z_threshold0.05_of": 7954.646144474522, "Z_threshold0.05_time": 0.7130181789398193, "Z_threshold0.1_of": 7882.603174231822, "Z_threshold0.1_time": 0.37849926948547363, "Z_threshold0.15_of": 7848.563581755761, "Z_threshold0.15_time": 0.3879365921020508, "Z_threshold0.2_of": 7783.145894299289, "Z_threshold0.2_time": 0.27305150032043457, "Z_threshold0.25_of": 7586.318590821214, "Z_threshold0.25_time": 0.27413344383239746, "Z_threshold0.3_of": 7335.207270677071, "Z_threshold0.3_time": 0.2801401615142822, "Z_threshold0.35_of": 7260.4386113594865, "Z_threshold0.35_time": 0.27666401863098145, "Z_threshold0.4_of": 7192.321404348952, "Z_threshold0.4_time": 0.2742602825164795, "Z_threshold0.45_of": 7077.748832434567, "Z_threshold0.45_time": 0.2703888416290283, "Z_threshold0.5_of": 7033.515443268149, "Z_threshold0.5_time": 0.2520143985748291}