{"name": "L_300_119_2444.564.json", "BaldoML_of": 10628.10707040656, "BaldoML_time": 0.42061281204223633, "BaldoGA_of": 10567.094869181694, "BaldoGA_time": 3.584303855895996, "Solver_of": 10843.186485590011, "Solver_time": 5.619721412658691, "Z_threshold0.05_of": 10756.494741001401, "Z_threshold0.05_time": 0.610051155090332, "Z_threshold0.1_of": 10569.16101549393, "Z_threshold0.1_time": 0.3576080799102783, "Z_threshold0.15_of": 10430.311429691026, "Z_threshold0.15_time": 0.317202091217041, "Z_threshold0.2_of": 10279.014798163842, "Z_threshold0.2_time": 0.27701711654663086, "Z_threshold0.25_of": 10095.056335013729, "Z_threshold0.25_time": 0.27646446228027344, "Z_threshold0.3_of": 10066.358106795604, "Z_threshold0.3_time": 0.27687788009643555, "Z_threshold0.35_of": 10066.358106795604, "Z_threshold0.35_time": 0.2819666862487793, "Z_threshold0.4_of": 10066.358106795604, "Z_threshold0.4_time": 0.2805964946746826, "Z_threshold0.45_of": 10018.49634599057, "Z_threshold0.45_time": 0.2949848175048828, "Z_threshold0.5_of": 10018.49634599057, "Z_threshold0.5_time": 0.305436372756958}