{"name": "L_300_70_1826.253.json", "BaldoML_of": 8965.963031312065, "BaldoML_time": 0.4627349376678467, "BaldoGA_of": 8915.345739115242, "BaldoGA_time": 2.439384698867798, "Solver_of": 9200.704703757528, "Solver_time": 5.14584755897522, "Z_threshold0.05_of": 9147.840225600925, "Z_threshold0.05_time": 0.5627062320709229, "Z_threshold0.1_of": 9040.071630579963, "Z_threshold0.1_time": 0.45061659812927246, "Z_threshold0.15_of": 8993.572334728777, "Z_threshold0.15_time": 0.36516785621643066, "Z_threshold0.2_of": 8960.400356572842, "Z_threshold0.2_time": 0.3859977722167969, "Z_threshold0.25_of": 8692.393885430529, "Z_threshold0.25_time": 0.3874387741088867, "Z_threshold0.3_of": 8692.393885430529, "Z_threshold0.3_time": 0.3333265781402588, "Z_threshold0.35_of": 8401.384180037794, "Z_threshold0.35_time": 0.4183804988861084, "Z_threshold0.4_of": 8367.413729234037, "Z_threshold0.4_time": 0.3161191940307617, "Z_threshold0.45_of": 8367.413729234037, "Z_threshold0.45_time": 0.3720839023590088, "Z_threshold0.5_of": 8334.741186567193, "Z_threshold0.5_time": 0.3869454860687256}