{"name": "L_300_153_3750.621.json", "BaldoML_of": 11839.326587979627, "BaldoML_time": 0.40183591842651367, "BaldoGA_of": 11814.061267524281, "BaldoGA_time": 5.409634113311768, "Solver_of": 12222.871951543017, "Solver_time": 12.888839960098267, "Z_threshold0.05_of": 11958.757635645432, "Z_threshold0.05_time": 0.5462014675140381, "Z_threshold0.1_of": 11886.335514743721, "Z_threshold0.1_time": 0.3522343635559082, "Z_threshold0.15_of": 11847.15993784432, "Z_threshold0.15_time": 0.2930643558502197, "Z_threshold0.2_of": 11818.095529848722, "Z_threshold0.2_time": 0.30150294303894043, "Z_threshold0.25_of": 11818.095529848722, "Z_threshold0.25_time": 0.2856943607330322, "Z_threshold0.3_of": 11818.095529848722, "Z_threshold0.3_time": 0.2862107753753662, "Z_threshold0.35_of": 11818.095529848722, "Z_threshold0.35_time": 0.3148047924041748, "Z_threshold0.4_of": 11818.095529848722, "Z_threshold0.4_time": 0.28020286560058594, "Z_threshold0.45_of": 11818.095529848722, "Z_threshold0.45_time": 0.29242420196533203, "Z_threshold0.5_of": 11818.095529848722, "Z_threshold0.5_time": 0.28734517097473145}