{"name": "L_300_164_2595.448.json", "BaldoML_of": 9783.062052527253, "BaldoML_time": 0.3610830307006836, "BaldoGA_of": 9834.20330806245, "BaldoGA_time": 1.9041252136230469, "Solver_of": 10103.936939389043, "Solver_time": 6.717811346054077, "Z_threshold0.05_of": 9975.749778801284, "Z_threshold0.05_time": 0.28119969367980957, "Z_threshold0.1_of": 9975.749778801284, "Z_threshold0.1_time": 0.30176711082458496, "Z_threshold0.15_of": 9975.749778801284, "Z_threshold0.15_time": 0.2835667133331299, "Z_threshold0.2_of": 9975.749778801284, "Z_threshold0.2_time": 0.26638221740722656, "Z_threshold0.25_of": 9975.749778801284, "Z_threshold0.25_time": 0.2644376754760742, "Z_threshold0.3_of": 9975.749778801284, "Z_threshold0.3_time": 0.2705221176147461, "Z_threshold0.35_of": 9975.749778801284, "Z_threshold0.35_time": 0.2630884647369385, "Z_threshold0.4_of": 9975.749778801284, "Z_threshold0.4_time": 0.2674393653869629, "Z_threshold0.45_of": 9975.749778801284, "Z_threshold0.45_time": 0.26157522201538086, "Z_threshold0.5_of": 9975.749778801284, "Z_threshold0.5_time": 0.29085755348205566}