{"name": "L_300_152_2061.803.json", "BaldoML_of": 7885.252531953194, "BaldoML_time": 0.2944803237915039, "BaldoGA_of": 7889.034062910344, "BaldoGA_time": 1.1200354099273682, "Solver_of": 8148.802008747546, "Solver_time": 4.8740174770355225, "Z_threshold0.05_of": 8014.835048072005, "Z_threshold0.05_time": 0.30228710174560547, "Z_threshold0.1_of": 8014.835048072005, "Z_threshold0.1_time": 0.3163270950317383, "Z_threshold0.15_of": 8014.835048072005, "Z_threshold0.15_time": 0.30260467529296875, "Z_threshold0.2_of": 8010.242922979185, "Z_threshold0.2_time": 0.27238035202026367, "Z_threshold0.25_of": 8010.242922979185, "Z_threshold0.25_time": 0.27362990379333496, "Z_threshold0.3_of": 8010.242922979185, "Z_threshold0.3_time": 0.26515626907348633, "Z_threshold0.35_of": 8010.242922979185, "Z_threshold0.35_time": 0.25713491439819336, "Z_threshold0.4_of": 8010.242922979185, "Z_threshold0.4_time": 0.25432920455932617, "Z_threshold0.45_of": 8010.242922979185, "Z_threshold0.45_time": 0.26578831672668457, "Z_threshold0.5_of": 8010.242922979185, "Z_threshold0.5_time": 0.25926923751831055}