{"name": "L_300_173_2543.338.json", "BaldoML_of": 8574.598955092486, "BaldoML_time": 0.3833749294281006, "BaldoGA_of": 8527.829379117065, "BaldoGA_time": 1.2653028964996338, "Solver_of": 9057.464371528784, "Solver_time": 6.141500234603882, "Z_threshold0.05_of": 8795.80748514255, "Z_threshold0.05_time": 0.2736856937408447, "Z_threshold0.1_of": 8795.80748514255, "Z_threshold0.1_time": 0.26645803451538086, "Z_threshold0.15_of": 8795.80748514255, "Z_threshold0.15_time": 0.25614237785339355, "Z_threshold0.2_of": 8795.80748514255, "Z_threshold0.2_time": 0.25027990341186523, "Z_threshold0.25_of": 8795.80748514255, "Z_threshold0.25_time": 0.25544023513793945, "Z_threshold0.3_of": 8795.80748514255, "Z_threshold0.3_time": 0.2878408432006836, "Z_threshold0.35_of": 8795.80748514255, "Z_threshold0.35_time": 0.2527327537536621, "Z_threshold0.4_of": 8795.80748514255, "Z_threshold0.4_time": 0.2497541904449463, "Z_threshold0.45_of": 8795.80748514255, "Z_threshold0.45_time": 0.2517735958099365, "Z_threshold0.5_of": 8795.80748514255, "Z_threshold0.5_time": 0.26666712760925293}