{"name": "L_300_172_1956.242.json", "BaldoML_of": 8061.0729428764425, "BaldoML_time": 0.29337143898010254, "BaldoGA_of": 8061.072942876443, "BaldoGA_time": 1.1743857860565186, "Solver_of": 8392.250810862439, "Solver_time": 3.4978103637695312, "Z_threshold0.05_of": 8295.466110132622, "Z_threshold0.05_time": 0.2877211570739746, "Z_threshold0.1_of": 8266.160780826945, "Z_threshold0.1_time": 0.2946503162384033, "Z_threshold0.15_of": 8266.160780826945, "Z_threshold0.15_time": 0.2744157314300537, "Z_threshold0.2_of": 8266.160780826945, "Z_threshold0.2_time": 0.2557523250579834, "Z_threshold0.25_of": 8266.160780826945, "Z_threshold0.25_time": 0.2710273265838623, "Z_threshold0.3_of": 8266.160780826945, "Z_threshold0.3_time": 0.26497411727905273, "Z_threshold0.35_of": 8266.160780826945, "Z_threshold0.35_time": 0.2593839168548584, "Z_threshold0.4_of": 8266.160780826945, "Z_threshold0.4_time": 0.2652626037597656, "Z_threshold0.45_of": 8266.160780826945, "Z_threshold0.45_time": 0.25786828994750977, "Z_threshold0.5_of": 8266.160780826945, "Z_threshold0.5_time": 0.2516791820526123}