{"name": "L_300_148_3826.211.json", "BaldoML_of": 11837.488517909107, "BaldoML_time": 0.34215402603149414, "BaldoGA_of": 11959.784607934465, "BaldoGA_time": 5.08415961265564, "Solver_of": 12165.284417536588, "Solver_time": 13.057026147842407, "Z_threshold0.05_of": 11920.194282375183, "Z_threshold0.05_time": 0.5404908657073975, "Z_threshold0.1_of": 11819.832232982219, "Z_threshold0.1_time": 0.37018561363220215, "Z_threshold0.15_of": 11806.25389819051, "Z_threshold0.15_time": 0.3423187732696533, "Z_threshold0.2_of": 11797.492157733377, "Z_threshold0.2_time": 0.28336262702941895, "Z_threshold0.25_of": 11739.331655776059, "Z_threshold0.25_time": 0.3603403568267822, "Z_threshold0.3_of": 11695.773817274792, "Z_threshold0.3_time": 0.2854115962982178, "Z_threshold0.35_of": 11695.773817274792, "Z_threshold0.35_time": 0.2739377021789551, "Z_threshold0.4_of": 11695.773817274792, "Z_threshold0.4_time": 0.2675659656524658, "Z_threshold0.45_of": 11695.773817274792, "Z_threshold0.45_time": 0.26882004737854004, "Z_threshold0.5_of": 11695.773817274792, "Z_threshold0.5_time": 0.26971435546875}