{"name": "L_300_119_1951.801.json", "BaldoML_of": 7954.906082745662, "BaldoML_time": 0.41217803955078125, "BaldoGA_of": 7899.858414306132, "BaldoGA_time": 3.3584542274475098, "Solver_of": 8199.557066818445, "Solver_time": 5.227998733520508, "Z_threshold0.05_of": 8075.180919290319, "Z_threshold0.05_time": 0.3035273551940918, "Z_threshold0.1_of": 7778.996746943812, "Z_threshold0.1_time": 0.2752673625946045, "Z_threshold0.15_of": 7778.996746943812, "Z_threshold0.15_time": 0.26563191413879395, "Z_threshold0.2_of": 7778.996746943812, "Z_threshold0.2_time": 0.26259469985961914, "Z_threshold0.25_of": 7778.996746943812, "Z_threshold0.25_time": 0.26625633239746094, "Z_threshold0.3_of": 7778.996746943812, "Z_threshold0.3_time": 0.2672305107116699, "Z_threshold0.35_of": 7778.996746943812, "Z_threshold0.35_time": 0.28130507469177246, "Z_threshold0.4_of": 7778.996746943812, "Z_threshold0.4_time": 0.28579044342041016, "Z_threshold0.45_of": 7778.996746943812, "Z_threshold0.45_time": 0.26549816131591797, "Z_threshold0.5_of": 7778.996746943812, "Z_threshold0.5_time": 0.263946533203125}