{"name": "L_300_146_1955.821.json", "BaldoML_of": 8155.663658625476, "BaldoML_time": 0.32787275314331055, "BaldoGA_of": 8151.452764257757, "BaldoGA_time": 1.2572615146636963, "Solver_of": 8452.119155590806, "Solver_time": 2.831918954849243, "Z_threshold0.05_of": 8187.89370505309, "Z_threshold0.05_time": 0.3135850429534912, "Z_threshold0.1_of": 8187.89370505309, "Z_threshold0.1_time": 0.3028564453125, "Z_threshold0.15_of": 8187.89370505309, "Z_threshold0.15_time": 0.2823140621185303, "Z_threshold0.2_of": 8187.89370505309, "Z_threshold0.2_time": 0.29936742782592773, "Z_threshold0.25_of": 8187.89370505309, "Z_threshold0.25_time": 0.3084900379180908, "Z_threshold0.3_of": 8187.89370505309, "Z_threshold0.3_time": 0.3075838088989258, "Z_threshold0.35_of": 8187.89370505309, "Z_threshold0.35_time": 0.29112672805786133, "Z_threshold0.4_of": 8187.89370505309, "Z_threshold0.4_time": 0.29188108444213867, "Z_threshold0.45_of": 8187.89370505309, "Z_threshold0.45_time": 0.29369258880615234, "Z_threshold0.5_of": 8187.89370505309, "Z_threshold0.5_time": 0.3029439449310303}