{"name": "L_300_79_1920.723.json", "BaldoML_of": 7705.649893943336, "BaldoML_time": 0.44515275955200195, "BaldoGA_of": 7677.238292979183, "BaldoGA_time": 1.8794419765472412, "Solver_of": 7828.932817263072, "Solver_time": 12.250269651412964, "Z_threshold0.05_of": 7807.975893677038, "Z_threshold0.05_time": 0.8634495735168457, "Z_threshold0.1_of": 7713.55309419628, "Z_threshold0.1_time": 0.5629150867462158, "Z_threshold0.15_of": 7708.891377997107, "Z_threshold0.15_time": 0.43137383460998535, "Z_threshold0.2_of": 7471.125472819189, "Z_threshold0.2_time": 0.2894294261932373, "Z_threshold0.25_of": 7232.3499260931585, "Z_threshold0.25_time": 0.28136563301086426, "Z_threshold0.3_of": 7134.563197363624, "Z_threshold0.3_time": 0.2763824462890625, "Z_threshold0.35_of": 7004.41670147809, "Z_threshold0.35_time": 0.2895369529724121, "Z_threshold0.4_of": 6951.2655045972015, "Z_threshold0.4_time": 0.2836720943450928, "Z_threshold0.45_of": 6924.549224048049, "Z_threshold0.45_time": 0.2822396755218506, "Z_threshold0.5_of": 6824.840887721755, "Z_threshold0.5_time": 0.27997779846191406}