{"name": "L_300_145_3680.868.json", "BaldoML_of": 11995.785903742446, "BaldoML_time": 0.30928492546081543, "BaldoGA_of": 12096.294095150985, "BaldoGA_time": 4.57390832901001, "Solver_of": 12448.854180871234, "Solver_time": 88.21147727966309, "Z_threshold0.05_of": 12327.964564736894, "Z_threshold0.05_time": 1.41168212890625, "Z_threshold0.1_of": 12212.118995980609, "Z_threshold0.1_time": 0.541877031326294, "Z_threshold0.15_of": 12169.880196467037, "Z_threshold0.15_time": 0.4635200500488281, "Z_threshold0.2_of": 12113.923529660264, "Z_threshold0.2_time": 0.38011717796325684, "Z_threshold0.25_of": 12070.705565622366, "Z_threshold0.25_time": 0.303300142288208, "Z_threshold0.3_of": 12070.705565622366, "Z_threshold0.3_time": 0.3336794376373291, "Z_threshold0.35_of": 12070.705565622366, "Z_threshold0.35_time": 0.3069636821746826, "Z_threshold0.4_of": 12006.529952343059, "Z_threshold0.4_time": 0.30248498916625977, "Z_threshold0.45_of": 12006.529952343059, "Z_threshold0.45_time": 0.30696582794189453, "Z_threshold0.5_of": 11959.607369296895, "Z_threshold0.5_time": 0.2903923988342285}