{"name": "L_300_103_3793.743.json", "BaldoML_of": 12455.447777810597, "BaldoML_time": 0.3727254867553711, "BaldoGA_of": 12405.97504918052, "BaldoGA_time": 4.5055832862854, "Solver_of": 12802.066658199114, "Solver_time": 11.647799253463745, "Z_threshold0.05_of": 12698.302605741912, "Z_threshold0.05_time": 0.7170851230621338, "Z_threshold0.1_of": 12587.581568230342, "Z_threshold0.1_time": 0.523198127746582, "Z_threshold0.15_of": 12583.974173762748, "Z_threshold0.15_time": 0.32417964935302734, "Z_threshold0.2_of": 12535.25661311029, "Z_threshold0.2_time": 0.2974579334259033, "Z_threshold0.25_of": 12535.25661311029, "Z_threshold0.25_time": 0.30710625648498535, "Z_threshold0.3_of": 12535.25661311029, "Z_threshold0.3_time": 0.3143651485443115, "Z_threshold0.35_of": 12479.180296666944, "Z_threshold0.35_time": 0.30788660049438477, "Z_threshold0.4_of": 12479.180296666944, "Z_threshold0.4_time": 0.3010063171386719, "Z_threshold0.45_of": 12479.180296666944, "Z_threshold0.45_time": 0.328662633895874, "Z_threshold0.5_of": 12463.9795087117, "Z_threshold0.5_time": 0.273357629776001}