{"name": "L_300_154_1879.513.json", "BaldoML_of": 7365.242614142717, "BaldoML_time": 0.2969236373901367, "BaldoGA_of": 7348.103975264338, "BaldoGA_time": 0.9381453990936279, "Solver_of": 7918.157904693005, "Solver_time": 3.1889634132385254, "Z_threshold0.05_of": 7765.382590753429, "Z_threshold0.05_time": 0.2801806926727295, "Z_threshold0.1_of": 7765.382590753429, "Z_threshold0.1_time": 0.29785919189453125, "Z_threshold0.15_of": 7765.382590753429, "Z_threshold0.15_time": 0.2798757553100586, "Z_threshold0.2_of": 7765.382590753429, "Z_threshold0.2_time": 0.2820451259613037, "Z_threshold0.25_of": 7765.382590753429, "Z_threshold0.25_time": 0.27501726150512695, "Z_threshold0.3_of": 7765.382590753429, "Z_threshold0.3_time": 0.28522586822509766, "Z_threshold0.35_of": 7765.382590753429, "Z_threshold0.35_time": 0.2999262809753418, "Z_threshold0.4_of": 7765.382590753429, "Z_threshold0.4_time": 0.29559326171875, "Z_threshold0.45_of": 7765.382590753429, "Z_threshold0.45_time": 0.30538010597229004, "Z_threshold0.5_of": 7765.382590753429, "Z_threshold0.5_time": 0.28333568572998047}