{"name": "L_300_178_1931.078.json", "BaldoML_of": 8007.31231972292, "BaldoML_time": 0.30381321907043457, "BaldoGA_of": 7925.348009816996, "BaldoGA_time": 1.0635645389556885, "Solver_of": 8188.156795963332, "Solver_time": 3.761850595474243, "Z_threshold0.05_of": 8038.7146877016585, "Z_threshold0.05_time": 0.2847304344177246, "Z_threshold0.1_of": 8038.7146877016585, "Z_threshold0.1_time": 0.2924337387084961, "Z_threshold0.15_of": 8038.7146877016585, "Z_threshold0.15_time": 0.28763651847839355, "Z_threshold0.2_of": 8038.7146877016585, "Z_threshold0.2_time": 0.28638744354248047, "Z_threshold0.25_of": 8038.7146877016585, "Z_threshold0.25_time": 0.2787740230560303, "Z_threshold0.3_of": 8038.7146877016585, "Z_threshold0.3_time": 0.28492116928100586, "Z_threshold0.35_of": 8038.7146877016585, "Z_threshold0.35_time": 0.28156208992004395, "Z_threshold0.4_of": 8038.7146877016585, "Z_threshold0.4_time": 0.2819986343383789, "Z_threshold0.45_of": 8038.7146877016585, "Z_threshold0.45_time": 0.2785298824310303, "Z_threshold0.5_of": 8038.7146877016585, "Z_threshold0.5_time": 0.2927207946777344}