{"name": "S_500_119_3235.55.json", "BaldoML_of": 12873.170359711266, "BaldoML_time": 0.6252076625823975, "BaldoGA_of": 12737.193533674348, "BaldoGA_time": 2.6960222721099854, "Solver_of": 13030.838882181924, "Solver_time": 3.9746227264404297, "Z_threshold0.05_of": 13017.041377690794, "Z_threshold0.05_time": 1.1825895309448242, "Z_threshold0.1_of": 12871.776054735948, "Z_threshold0.1_time": 0.8888928890228271, "Z_threshold0.15_of": 12700.024121504326, "Z_threshold0.15_time": 0.7890050411224365, "Z_threshold0.2_of": 12614.738488825733, "Z_threshold0.2_time": 0.5893244743347168, "Z_threshold0.25_of": 12373.182837452612, "Z_threshold0.25_time": 0.47779083251953125, "Z_threshold0.3_of": 12235.64188092015, "Z_threshold0.3_time": 0.48738694190979004, "Z_threshold0.35_of": 12169.185576109478, "Z_threshold0.35_time": 0.4678020477294922, "Z_threshold0.4_of": 12127.177543543974, "Z_threshold0.4_time": 0.47283196449279785, "Z_threshold0.45_of": 12083.50540045146, "Z_threshold0.45_time": 0.47686147689819336, "Z_threshold0.5_of": 11933.487147550215, "Z_threshold0.5_time": 0.4808988571166992}