{"name": "S_500_236_4150.069.json", "BaldoML_of": 14093.923487092807, "BaldoML_time": 0.364046573638916, "BaldoGA_of": 14020.213848294004, "BaldoGA_time": 5.7047295570373535, "Solver_of": 14283.563892456248, "Solver_time": 8.739495515823364, "Z_threshold0.05_of": 13939.566288070895, "Z_threshold0.05_time": 0.5000405311584473, "Z_threshold0.1_of": 13770.196119775159, "Z_threshold0.1_time": 0.4810779094696045, "Z_threshold0.15_of": 13747.58833757216, "Z_threshold0.15_time": 0.4828665256500244, "Z_threshold0.2_of": 13747.58833757216, "Z_threshold0.2_time": 0.47304224967956543, "Z_threshold0.25_of": 13747.58833757216, "Z_threshold0.25_time": 0.472165584564209, "Z_threshold0.3_of": 13747.58833757216, "Z_threshold0.3_time": 0.4781203269958496, "Z_threshold0.35_of": 13747.58833757216, "Z_threshold0.35_time": 0.5054044723510742, "Z_threshold0.4_of": 13747.58833757216, "Z_threshold0.4_time": 0.48003506660461426, "Z_threshold0.45_of": 13747.58833757216, "Z_threshold0.45_time": 0.47757458686828613, "Z_threshold0.5_of": 13747.58833757216, "Z_threshold0.5_time": 0.47825121879577637}