{"name": "S_500_179_6395.575.json", "BaldoML_of": 16803.69422816946, "BaldoML_time": 0.5121142864227295, "BaldoGA_of": 16629.95883037931, "BaldoGA_time": 4.614729881286621, "Solver_of": 17279.222720410053, "Solver_time": 93.72225952148438, "Z_threshold0.05_of": 17231.36584616973, "Z_threshold0.05_time": 4.8837103843688965, "Z_threshold0.1_of": 17065.738909328215, "Z_threshold0.1_time": 2.888148546218872, "Z_threshold0.15_of": 17052.8322445269, "Z_threshold0.15_time": 3.550668478012085, "Z_threshold0.2_of": 17020.92448188761, "Z_threshold0.2_time": 1.505506992340088, "Z_threshold0.25_of": 16978.28426998886, "Z_threshold0.25_time": 1.1641638278961182, "Z_threshold0.3_of": 16940.35847268239, "Z_threshold0.3_time": 1.1836128234863281, "Z_threshold0.35_of": 16893.0491417029, "Z_threshold0.35_time": 0.6737804412841797, "Z_threshold0.4_of": 16815.997175943445, "Z_threshold0.4_time": 0.5427501201629639, "Z_threshold0.45_of": 16656.864228627208, "Z_threshold0.45_time": 0.536475658416748, "Z_threshold0.5_of": 16506.801846010625, "Z_threshold0.5_time": 0.5225906372070312}