{"name": "S_500_288_6247.535.json", "BaldoML_of": 17642.556039721527, "BaldoML_time": 0.44981837272644043, "BaldoGA_of": 17592.961731423107, "BaldoGA_time": 9.243690252304077, "Solver_of": 17968.868586486842, "Solver_time": 79.01273107528687, "Z_threshold0.05_of": 17670.024100583545, "Z_threshold0.05_time": 0.5813000202178955, "Z_threshold0.1_of": 17521.15621488495, "Z_threshold0.1_time": 0.5730929374694824, "Z_threshold0.15_of": 17521.15621488495, "Z_threshold0.15_time": 0.4929022789001465, "Z_threshold0.2_of": 17521.15621488495, "Z_threshold0.2_time": 0.5065836906433105, "Z_threshold0.25_of": 17521.15621488495, "Z_threshold0.25_time": 0.4950532913208008, "Z_threshold0.3_of": 17521.15621488495, "Z_threshold0.3_time": 0.48517870903015137, "Z_threshold0.35_of": 17521.15621488495, "Z_threshold0.35_time": 0.4981522560119629, "Z_threshold0.4_of": 17521.15621488495, "Z_threshold0.4_time": 0.49755311012268066, "Z_threshold0.45_of": 17521.15621488495, "Z_threshold0.45_time": 0.4873058795928955, "Z_threshold0.5_of": 17521.15621488495, "Z_threshold0.5_time": 0.48206019401550293}