{"name": "S_500_155_3128.824.json", "BaldoML_of": 12370.157735086146, "BaldoML_time": 0.42760443687438965, "BaldoGA_of": 12318.493283486945, "BaldoGA_time": 3.1563475131988525, "Solver_of": 12569.052288198363, "Solver_time": 6.602593183517456, "Z_threshold0.05_of": 12472.21030700427, "Z_threshold0.05_time": 0.868180513381958, "Z_threshold0.1_of": 12348.69970100432, "Z_threshold0.1_time": 0.7035307884216309, "Z_threshold0.15_of": 12169.59583125068, "Z_threshold0.15_time": 0.4625060558319092, "Z_threshold0.2_of": 12003.881955053317, "Z_threshold0.2_time": 0.4697604179382324, "Z_threshold0.25_of": 11787.82016074615, "Z_threshold0.25_time": 0.4781978130340576, "Z_threshold0.3_of": 11577.385623308206, "Z_threshold0.3_time": 0.46649885177612305, "Z_threshold0.35_of": 11549.986908068762, "Z_threshold0.35_time": 0.48201465606689453, "Z_threshold0.4_of": 11549.986908068762, "Z_threshold0.4_time": 0.48297691345214844, "Z_threshold0.45_of": 11414.413841065985, "Z_threshold0.45_time": 0.47527527809143066, "Z_threshold0.5_of": 11414.413841065985, "Z_threshold0.5_time": 0.47206735610961914}