{"name": "S_500_204_6243.974.json", "BaldoML_of": 17372.36388464512, "BaldoML_time": 0.4066281318664551, "BaldoGA_of": 17227.315485841522, "BaldoGA_time": 5.445370674133301, "Solver_of": 17963.801412614495, "Solver_time": 13.797654628753662, "Z_threshold0.05_of": 17871.04287058769, "Z_threshold0.05_time": 2.6320321559906006, "Z_threshold0.1_of": 17771.105654163348, "Z_threshold0.1_time": 1.6273367404937744, "Z_threshold0.15_of": 17634.923140601168, "Z_threshold0.15_time": 1.0101077556610107, "Z_threshold0.2_of": 17629.38460032353, "Z_threshold0.2_time": 0.8806705474853516, "Z_threshold0.25_of": 17568.988372043827, "Z_threshold0.25_time": 0.8021829128265381, "Z_threshold0.3_of": 17519.009709358004, "Z_threshold0.3_time": 0.6078770160675049, "Z_threshold0.35_of": 17371.06738160472, "Z_threshold0.35_time": 0.532738447189331, "Z_threshold0.4_of": 17222.641345023116, "Z_threshold0.4_time": 0.5287859439849854, "Z_threshold0.45_of": 17181.476203637027, "Z_threshold0.45_time": 0.52030348777771, "Z_threshold0.5_of": 17144.40222871095, "Z_threshold0.5_time": 0.5238926410675049}