{"name": "S_500_116_6645.875.json", "BaldoML_of": 18559.626564777456, "BaldoML_time": 0.682147741317749, "BaldoGA_of": 18073.78223796531, "BaldoGA_time": 4.465509414672852, "Solver_of": 19003.136770237226, "Solver_time": 22.022740364074707, "Z_threshold0.05_of": 18922.69389001417, "Z_threshold0.05_time": 1.8700456619262695, "Z_threshold0.1_of": 18860.46636934652, "Z_threshold0.1_time": 1.6849400997161865, "Z_threshold0.15_of": 18734.05279176332, "Z_threshold0.15_time": 1.3985533714294434, "Z_threshold0.2_of": 18734.05279176332, "Z_threshold0.2_time": 1.4917430877685547, "Z_threshold0.25_of": 18703.084511182573, "Z_threshold0.25_time": 1.364382266998291, "Z_threshold0.3_of": 18679.487422735747, "Z_threshold0.3_time": 1.1680543422698975, "Z_threshold0.35_of": 18647.30097336701, "Z_threshold0.35_time": 0.8697514533996582, "Z_threshold0.4_of": 18628.40925835276, "Z_threshold0.4_time": 1.0497994422912598, "Z_threshold0.45_of": 18611.118832726206, "Z_threshold0.45_time": 0.8520698547363281, "Z_threshold0.5_of": 18611.118832726206, "Z_threshold0.5_time": 0.8572659492492676}