{"name": "S_500_292_3132.023.json", "BaldoML_of": 12080.513847934119, "BaldoML_time": 0.348055362701416, "BaldoGA_of": 11963.864880853707, "BaldoGA_time": 1.3919250965118408, "Solver_of": 12370.713338865518, "Solver_time": 3.3997819423675537, "Z_threshold0.05_of": 12164.705453701245, "Z_threshold0.05_time": 0.5695977210998535, "Z_threshold0.1_of": 12164.705453701245, "Z_threshold0.1_time": 0.5713763236999512, "Z_threshold0.15_of": 12164.705453701245, "Z_threshold0.15_time": 0.5371925830841064, "Z_threshold0.2_of": 12164.705453701245, "Z_threshold0.2_time": 0.5388755798339844, "Z_threshold0.25_of": 12164.705453701245, "Z_threshold0.25_time": 0.540104866027832, "Z_threshold0.3_of": 12164.705453701245, "Z_threshold0.3_time": 0.5946676731109619, "Z_threshold0.35_of": 12164.705453701245, "Z_threshold0.35_time": 0.622948169708252, "Z_threshold0.4_of": 12164.705453701245, "Z_threshold0.4_time": 0.5862240791320801, "Z_threshold0.45_of": 12164.705453701245, "Z_threshold0.45_time": 0.5693016052246094, "Z_threshold0.5_of": 12164.705453701245, "Z_threshold0.5_time": 0.5649888515472412}