{"name": "S_500_210_4284.7.json", "BaldoML_of": 13983.844643298675, "BaldoML_time": 0.5386819839477539, "BaldoGA_of": 13999.91815346094, "BaldoGA_time": 4.581917762756348, "Solver_of": 14319.672383699082, "Solver_time": 37.25370001792908, "Z_threshold0.05_of": 14120.347493766583, "Z_threshold0.05_time": 0.7063167095184326, "Z_threshold0.1_of": 13916.252285094579, "Z_threshold0.1_time": 0.5144262313842773, "Z_threshold0.15_of": 13483.96447354875, "Z_threshold0.15_time": 0.4765048027038574, "Z_threshold0.2_of": 13385.86526294254, "Z_threshold0.2_time": 0.49268460273742676, "Z_threshold0.25_of": 13364.119436065179, "Z_threshold0.25_time": 0.4750497341156006, "Z_threshold0.3_of": 13306.026513552064, "Z_threshold0.3_time": 0.46554040908813477, "Z_threshold0.35_of": 13280.844245211923, "Z_threshold0.35_time": 0.4928741455078125, "Z_threshold0.4_of": 13243.407459357288, "Z_threshold0.4_time": 0.46961140632629395, "Z_threshold0.45_of": 13243.407459357288, "Z_threshold0.45_time": 0.48846864700317383, "Z_threshold0.5_of": 13220.510257003534, "Z_threshold0.5_time": 0.47724270820617676}