{"name": "S_500_245_3114.587.json", "BaldoML_of": 12378.27858038802, "BaldoML_time": 0.3453340530395508, "BaldoGA_of": 12275.104495292997, "BaldoGA_time": 1.462012529373169, "Solver_of": 12597.395866861787, "Solver_time": 5.239213228225708, "Z_threshold0.05_of": 12415.492311022352, "Z_threshold0.05_time": 0.5481715202331543, "Z_threshold0.1_of": 12415.492311022352, "Z_threshold0.1_time": 0.5159463882446289, "Z_threshold0.15_of": 12415.492311022352, "Z_threshold0.15_time": 0.5139188766479492, "Z_threshold0.2_of": 12415.492311022352, "Z_threshold0.2_time": 0.5059797763824463, "Z_threshold0.25_of": 12415.492311022352, "Z_threshold0.25_time": 0.5328283309936523, "Z_threshold0.3_of": 12415.492311022352, "Z_threshold0.3_time": 0.5489826202392578, "Z_threshold0.35_of": 12415.492311022352, "Z_threshold0.35_time": 0.511476993560791, "Z_threshold0.4_of": 12415.492311022352, "Z_threshold0.4_time": 0.5135054588317871, "Z_threshold0.45_of": 12415.492311022352, "Z_threshold0.45_time": 0.5254590511322021, "Z_threshold0.5_of": 12415.492311022352, "Z_threshold0.5_time": 0.5362067222595215}