{"name": "S_500_218_6522.781.json", "BaldoML_of": 16119.710203039285, "BaldoML_time": 0.5865364074707031, "BaldoGA_of": 16115.89424673834, "BaldoGA_time": 4.839109659194946, "Solver_of": 16713.178918768986, "Solver_time": 122.20034098625183, "Z_threshold0.05_of": 16611.425519834822, "Z_threshold0.05_time": 1.467829942703247, "Z_threshold0.1_of": 16372.96722821994, "Z_threshold0.1_time": 1.5781033039093018, "Z_threshold0.15_of": 16323.193539609976, "Z_threshold0.15_time": 1.0292823314666748, "Z_threshold0.2_of": 16245.534891162315, "Z_threshold0.2_time": 0.6639530658721924, "Z_threshold0.25_of": 16203.878462291887, "Z_threshold0.25_time": 0.593463659286499, "Z_threshold0.3_of": 16087.873010180352, "Z_threshold0.3_time": 0.5157427787780762, "Z_threshold0.35_of": 15944.652484275903, "Z_threshold0.35_time": 0.5124642848968506, "Z_threshold0.4_of": 15761.513710985671, "Z_threshold0.4_time": 0.5347964763641357, "Z_threshold0.45_of": 15761.513710985671, "Z_threshold0.45_time": 0.550405740737915, "Z_threshold0.5_of": 15749.83134794919, "Z_threshold0.5_time": 0.537304162979126}