{"name": "S_500_257_6419.923.json", "BaldoML_of": 17489.532325816155, "BaldoML_time": 0.48366689682006836, "BaldoGA_of": 17405.67965907825, "BaldoGA_time": 7.087766647338867, "Solver_of": 17854.129717891992, "Solver_time": 87.28016114234924, "Z_threshold0.05_of": 17597.20678407974, "Z_threshold0.05_time": 1.0126452445983887, "Z_threshold0.1_of": 17444.038730153763, "Z_threshold0.1_time": 0.5213863849639893, "Z_threshold0.15_of": 17387.67304591528, "Z_threshold0.15_time": 0.5371029376983643, "Z_threshold0.2_of": 17387.67304591528, "Z_threshold0.2_time": 0.5235066413879395, "Z_threshold0.25_of": 17347.342116091764, "Z_threshold0.25_time": 0.5248761177062988, "Z_threshold0.3_of": 17347.342116091764, "Z_threshold0.3_time": 0.5301291942596436, "Z_threshold0.35_of": 17347.342116091764, "Z_threshold0.35_time": 0.5414412021636963, "Z_threshold0.4_of": 17347.342116091764, "Z_threshold0.4_time": 0.5464334487915039, "Z_threshold0.45_of": 17347.342116091764, "Z_threshold0.45_time": 0.5176560878753662, "Z_threshold0.5_of": 17347.342116091764, "Z_threshold0.5_time": 0.5114889144897461}