{"name": "S_500_149_4264.012.json", "BaldoML_of": 13978.456147098048, "BaldoML_time": 0.4998137950897217, "BaldoGA_of": 13615.455810324373, "BaldoGA_time": 3.0931999683380127, "Solver_of": 14134.27889200135, "Solver_time": 10.014012813568115, "Z_threshold0.05_of": 14120.71799706786, "Z_threshold0.05_time": 2.1477532386779785, "Z_threshold0.1_of": 14101.467097736115, "Z_threshold0.1_time": 1.1394734382629395, "Z_threshold0.15_of": 14027.260746303024, "Z_threshold0.15_time": 0.9398689270019531, "Z_threshold0.2_of": 13974.201077584532, "Z_threshold0.2_time": 0.6166048049926758, "Z_threshold0.25_of": 13901.301694153937, "Z_threshold0.25_time": 0.5260071754455566, "Z_threshold0.3_of": 13724.585305261111, "Z_threshold0.3_time": 0.5570027828216553, "Z_threshold0.35_of": 13591.926267257522, "Z_threshold0.35_time": 0.5236842632293701, "Z_threshold0.4_of": 13248.124578241384, "Z_threshold0.4_time": 0.5172388553619385, "Z_threshold0.45_of": 12946.524611496166, "Z_threshold0.45_time": 0.5125000476837158, "Z_threshold0.5_of": 12913.341198231574, "Z_threshold0.5_time": 0.5218746662139893}