{"name": "S_500_181_4052.095.json", "BaldoML_of": 14189.400607754296, "BaldoML_time": 0.45546650886535645, "BaldoGA_of": 14044.064585372815, "BaldoGA_time": 3.7644765377044678, "Solver_of": 14395.564519118472, "Solver_time": 8.496489524841309, "Z_threshold0.05_of": 14354.070090538653, "Z_threshold0.05_time": 1.5901103019714355, "Z_threshold0.1_of": 14193.782285524028, "Z_threshold0.1_time": 0.8412606716156006, "Z_threshold0.15_of": 14097.781831738543, "Z_threshold0.15_time": 0.6629855632781982, "Z_threshold0.2_of": 13914.994135123507, "Z_threshold0.2_time": 0.5187599658966064, "Z_threshold0.25_of": 13556.418323630276, "Z_threshold0.25_time": 0.5303323268890381, "Z_threshold0.3_of": 13442.268433846646, "Z_threshold0.3_time": 0.5087132453918457, "Z_threshold0.35_of": 13404.340816185146, "Z_threshold0.35_time": 0.497755765914917, "Z_threshold0.4_of": 13342.672588755078, "Z_threshold0.4_time": 0.49007439613342285, "Z_threshold0.45_of": 13308.56893452203, "Z_threshold0.45_time": 0.504727840423584, "Z_threshold0.5_of": 13308.56893452203, "Z_threshold0.5_time": 0.5388929843902588}