{"name": "S_500_282_6425.633.json", "BaldoML_of": 16041.297504716815, "BaldoML_time": 0.4947211742401123, "BaldoGA_of": 15984.208390422076, "BaldoGA_time": 7.882753849029541, "Solver_of": 16462.29928231412, "Solver_time": 108.75274896621704, "Z_threshold0.05_of": 15991.17495834073, "Z_threshold0.05_time": 0.5927388668060303, "Z_threshold0.1_of": 15972.887609104468, "Z_threshold0.1_time": 0.5530831813812256, "Z_threshold0.15_of": 15972.887609104468, "Z_threshold0.15_time": 0.5252926349639893, "Z_threshold0.2_of": 15972.887609104468, "Z_threshold0.2_time": 0.503894567489624, "Z_threshold0.25_of": 15972.887609104468, "Z_threshold0.25_time": 0.5118825435638428, "Z_threshold0.3_of": 15972.887609104468, "Z_threshold0.3_time": 0.5134010314941406, "Z_threshold0.35_of": 15972.887609104468, "Z_threshold0.35_time": 0.5051693916320801, "Z_threshold0.4_of": 15972.887609104468, "Z_threshold0.4_time": 0.5198378562927246, "Z_threshold0.45_of": 15972.887609104468, "Z_threshold0.45_time": 0.5291604995727539, "Z_threshold0.5_of": 15972.887609104468, "Z_threshold0.5_time": 0.511063814163208}