{"name": "S_500_191_6286.426.json", "BaldoML_of": 17681.46199614294, "BaldoML_time": 0.4869844913482666, "BaldoGA_of": 17625.543136328655, "BaldoGA_time": 4.981733083724976, "Solver_of": 18514.224856631277, "Solver_time": 29.88062047958374, "Z_threshold0.05_of": 18328.89332744906, "Z_threshold0.05_time": 1.392876148223877, "Z_threshold0.1_of": 18059.039259361372, "Z_threshold0.1_time": 1.154794692993164, "Z_threshold0.15_of": 18006.90985729722, "Z_threshold0.15_time": 0.8089087009429932, "Z_threshold0.2_of": 17914.659533774546, "Z_threshold0.2_time": 0.6540615558624268, "Z_threshold0.25_of": 17870.995077836797, "Z_threshold0.25_time": 0.5567536354064941, "Z_threshold0.3_of": 17673.86989324784, "Z_threshold0.3_time": 0.5010092258453369, "Z_threshold0.35_of": 17632.270828118682, "Z_threshold0.35_time": 0.5082783699035645, "Z_threshold0.4_of": 17570.593397129265, "Z_threshold0.4_time": 0.5214312076568604, "Z_threshold0.45_of": 17464.586663463666, "Z_threshold0.45_time": 0.5286040306091309, "Z_threshold0.5_of": 17464.586663463666, "Z_threshold0.5_time": 0.5359096527099609}