{"name": "S_500_171_6706.168.json", "BaldoML_of": 16934.730480655402, "BaldoML_time": 0.41145944595336914, "BaldoGA_of": 16857.540763865465, "BaldoGA_time": 4.872335195541382, "Solver_of": 17496.704964414424, "Solver_time": 119.47474956512451, "Z_threshold0.05_of": 17456.15242726893, "Z_threshold0.05_time": 2.2677903175354004, "Z_threshold0.1_of": 17342.725337690543, "Z_threshold0.1_time": 1.4110870361328125, "Z_threshold0.15_of": 17296.518863970978, "Z_threshold0.15_time": 1.001518964767456, "Z_threshold0.2_of": 17203.73054902152, "Z_threshold0.2_time": 1.0604121685028076, "Z_threshold0.25_of": 17185.68063118547, "Z_threshold0.25_time": 1.042734146118164, "Z_threshold0.3_of": 17178.038132724414, "Z_threshold0.3_time": 0.8478250503540039, "Z_threshold0.35_of": 17167.141364554067, "Z_threshold0.35_time": 0.7535817623138428, "Z_threshold0.4_of": 17167.141364554067, "Z_threshold0.4_time": 0.6343553066253662, "Z_threshold0.45_of": 16889.148792041746, "Z_threshold0.45_time": 0.5588324069976807, "Z_threshold0.5_of": 16802.110649112677, "Z_threshold0.5_time": 0.598686695098877}