{"name": "S_500_182_4137.389.json", "BaldoML_of": 14524.627399680261, "BaldoML_time": 0.6261899471282959, "BaldoGA_of": 14388.29409575062, "BaldoGA_time": 4.164607763290405, "Solver_of": 14790.539110233769, "Solver_time": 31.62772035598755, "Z_threshold0.05_of": 14783.599523424144, "Z_threshold0.05_time": 1.813995122909546, "Z_threshold0.1_of": 14563.555129673405, "Z_threshold0.1_time": 1.134425163269043, "Z_threshold0.15_of": 14502.838667987244, "Z_threshold0.15_time": 0.8022356033325195, "Z_threshold0.2_of": 14080.613863621753, "Z_threshold0.2_time": 0.4898533821105957, "Z_threshold0.25_of": 13806.467767042754, "Z_threshold0.25_time": 0.48291945457458496, "Z_threshold0.3_of": 13659.440563098391, "Z_threshold0.3_time": 0.5023703575134277, "Z_threshold0.35_of": 13536.922474824316, "Z_threshold0.35_time": 0.5130057334899902, "Z_threshold0.4_of": 13536.922474824316, "Z_threshold0.4_time": 0.5189914703369141, "Z_threshold0.45_of": 13513.606718135245, "Z_threshold0.45_time": 0.5179092884063721, "Z_threshold0.5_of": 13416.66219463167, "Z_threshold0.5_time": 0.5471727848052979}