{"name": "S_500_155_3234.36.json", "BaldoML_of": 12151.204186217277, "BaldoML_time": 0.6511538028717041, "BaldoGA_of": 12141.609359175529, "BaldoGA_time": 3.427370071411133, "Solver_of": 12375.838544483377, "Solver_time": 9.180668592453003, "Z_threshold0.05_of": 12332.09599899226, "Z_threshold0.05_time": 1.3241691589355469, "Z_threshold0.1_of": 12216.742487808398, "Z_threshold0.1_time": 1.0001275539398193, "Z_threshold0.15_of": 12205.755004807972, "Z_threshold0.15_time": 0.7664310932159424, "Z_threshold0.2_of": 12102.488007172296, "Z_threshold0.2_time": 0.6687028408050537, "Z_threshold0.25_of": 11803.808715698975, "Z_threshold0.25_time": 0.49353718757629395, "Z_threshold0.3_of": 11527.014967746767, "Z_threshold0.3_time": 0.49677395820617676, "Z_threshold0.35_of": 11389.96015251467, "Z_threshold0.35_time": 0.4908409118652344, "Z_threshold0.4_of": 11278.277408578493, "Z_threshold0.4_time": 0.49433326721191406, "Z_threshold0.45_of": 11154.652241782198, "Z_threshold0.45_time": 0.4921572208404541, "Z_threshold0.5_of": 11100.374183258495, "Z_threshold0.5_time": 0.5072822570800781}