{"name": "S_500_205_4200.547.json", "BaldoML_of": 13991.91507846338, "BaldoML_time": 0.5192975997924805, "BaldoGA_of": 13743.880887556365, "BaldoGA_time": 4.344249248504639, "Solver_of": 14226.43276420284, "Solver_time": 23.21308469772339, "Z_threshold0.05_of": 14095.67279167265, "Z_threshold0.05_time": 1.4041948318481445, "Z_threshold0.1_of": 13813.567325285916, "Z_threshold0.1_time": 0.6171565055847168, "Z_threshold0.15_of": 13774.261627031448, "Z_threshold0.15_time": 0.5925955772399902, "Z_threshold0.2_of": 13463.235992143285, "Z_threshold0.2_time": 0.5446116924285889, "Z_threshold0.25_of": 13281.461711032021, "Z_threshold0.25_time": 0.5235838890075684, "Z_threshold0.3_of": 13050.94788691071, "Z_threshold0.3_time": 0.523320198059082, "Z_threshold0.35_of": 12958.492717572428, "Z_threshold0.35_time": 0.5408589839935303, "Z_threshold0.4_of": 12889.713682307081, "Z_threshold0.4_time": 0.5167555809020996, "Z_threshold0.45_of": 12845.800308910446, "Z_threshold0.45_time": 0.5135006904602051, "Z_threshold0.5_of": 12845.800308910446, "Z_threshold0.5_time": 0.5371541976928711}