{"name": "S_700_252_8877.359.json", "BaldoML_of": 24936.25489986697, "BaldoML_time": 0.6016571521759033, "BaldoGA_of": 24707.68350211386, "BaldoGA_time": 9.92312741279602, "Solver_of": 25634.91047759747, "Solver_time": 73.17376661300659, "Z_threshold0.05_of": 25489.570267692863, "Z_threshold0.05_time": 3.0494577884674072, "Z_threshold0.1_of": 25353.784437068316, "Z_threshold0.1_time": 1.8376564979553223, "Z_threshold0.15_of": 25275.094856939624, "Z_threshold0.15_time": 1.7292602062225342, "Z_threshold0.2_of": 25228.444351162558, "Z_threshold0.2_time": 1.4856271743774414, "Z_threshold0.25_of": 25184.756294504998, "Z_threshold0.25_time": 1.24192476272583, "Z_threshold0.3_of": 25141.031523208647, "Z_threshold0.3_time": 1.3021368980407715, "Z_threshold0.35_of": 24936.19376143721, "Z_threshold0.35_time": 0.9613428115844727, "Z_threshold0.4_of": 24883.326451226403, "Z_threshold0.4_time": 0.9423177242279053, "Z_threshold0.45_of": 24633.78060769323, "Z_threshold0.45_time": 0.9493534564971924, "Z_threshold0.5_of": 24594.31757309148, "Z_threshold0.5_time": 0.9196946620941162}