{"name": "S_700_297_5744.231.json", "BaldoML_of": 20822.688807855397, "BaldoML_time": 0.683570384979248, "BaldoGA_of": 20601.330024595623, "BaldoGA_time": 8.427946329116821, "Solver_of": 21162.814215777293, "Solver_time": 33.76517939567566, "Z_threshold0.05_of": 20972.92403300758, "Z_threshold0.05_time": 1.9055216312408447, "Z_threshold0.1_of": 20795.189900692465, "Z_threshold0.1_time": 1.0724241733551025, "Z_threshold0.15_of": 20484.36996440039, "Z_threshold0.15_time": 0.9767758846282959, "Z_threshold0.2_of": 20019.63468175589, "Z_threshold0.2_time": 0.9820868968963623, "Z_threshold0.25_of": 19929.15997941987, "Z_threshold0.25_time": 0.9628555774688721, "Z_threshold0.3_of": 19929.15997941987, "Z_threshold0.3_time": 0.9827854633331299, "Z_threshold0.35_of": 19862.23817748952, "Z_threshold0.35_time": 0.9519879817962646, "Z_threshold0.4_of": 19797.72854751021, "Z_threshold0.4_time": 1.0077953338623047, "Z_threshold0.45_of": 19797.72854751021, "Z_threshold0.45_time": 1.0005252361297607, "Z_threshold0.5_of": 19797.72854751021, "Z_threshold0.5_time": 1.0074987411499023}