{"name": "S_700_298_8760.924.json", "BaldoML_of": 24762.867396870883, "BaldoML_time": 0.6786353588104248, "BaldoGA_of": 24586.348980150156, "BaldoGA_time": 8.636586427688599, "Solver_of": 25402.710267918104, "Solver_time": 128.95404744148254, "Z_threshold0.05_of": 25217.65999461825, "Z_threshold0.05_time": 4.088839530944824, "Z_threshold0.1_of": 25172.251582604684, "Z_threshold0.1_time": 1.769073247909546, "Z_threshold0.15_of": 25053.637208720083, "Z_threshold0.15_time": 1.349952220916748, "Z_threshold0.2_of": 24949.771752190336, "Z_threshold0.2_time": 1.1984548568725586, "Z_threshold0.25_of": 24916.45364139981, "Z_threshold0.25_time": 1.016291618347168, "Z_threshold0.3_of": 24734.136400614636, "Z_threshold0.3_time": 0.9130480289459229, "Z_threshold0.35_of": 24642.334092708767, "Z_threshold0.35_time": 0.9489398002624512, "Z_threshold0.4_of": 24616.075487136823, "Z_threshold0.4_time": 0.9221305847167969, "Z_threshold0.45_of": 24523.72082730296, "Z_threshold0.45_time": 0.9155502319335938, "Z_threshold0.5_of": 24444.29532701264, "Z_threshold0.5_time": 0.9175121784210205}