{"name": "S_700_303_4418.154.json", "BaldoML_of": 17454.660380039313, "BaldoML_time": 0.5436909198760986, "BaldoGA_of": 17257.381696019438, "BaldoGA_time": 7.282580137252808, "Solver_of": 17685.519242709204, "Solver_time": 13.038228750228882, "Z_threshold0.05_of": 17302.89820260614, "Z_threshold0.05_time": 1.0127370357513428, "Z_threshold0.1_of": 16583.950953242173, "Z_threshold0.1_time": 0.9320266246795654, "Z_threshold0.15_of": 16548.41747559185, "Z_threshold0.15_time": 0.9152548313140869, "Z_threshold0.2_of": 16548.41747559185, "Z_threshold0.2_time": 0.9435234069824219, "Z_threshold0.25_of": 16548.41747559185, "Z_threshold0.25_time": 0.9087123870849609, "Z_threshold0.3_of": 16548.41747559185, "Z_threshold0.3_time": 0.9306533336639404, "Z_threshold0.35_of": 16548.41747559185, "Z_threshold0.35_time": 0.9304723739624023, "Z_threshold0.4_of": 16548.41747559185, "Z_threshold0.4_time": 0.905339241027832, "Z_threshold0.45_of": 16548.41747559185, "Z_threshold0.45_time": 0.900158166885376, "Z_threshold0.5_of": 16548.41747559185, "Z_threshold0.5_time": 0.8669395446777344}