{"name": "S_700_140_6170.21.json", "BaldoML_of": 20004.506368394585, "BaldoML_time": 1.326899528503418, "BaldoGA_of": 19592.161510660815, "BaldoGA_time": 5.431248664855957, "Solver_of": 20540.61072690741, "Solver_time": 100.43574571609497, "Z_threshold0.05_of": 20459.463084164647, "Z_threshold0.05_time": 3.544919013977051, "Z_threshold0.1_of": 20432.031391795263, "Z_threshold0.1_time": 2.2103755474090576, "Z_threshold0.15_of": 20398.568169234833, "Z_threshold0.15_time": 1.8379127979278564, "Z_threshold0.2_of": 20331.050332764673, "Z_threshold0.2_time": 1.9144415855407715, "Z_threshold0.25_of": 20114.839439299147, "Z_threshold0.25_time": 1.528209924697876, "Z_threshold0.3_of": 20109.023798063336, "Z_threshold0.3_time": 1.5337224006652832, "Z_threshold0.35_of": 19856.885729465695, "Z_threshold0.35_time": 0.8841102123260498, "Z_threshold0.4_of": 19687.939761187215, "Z_threshold0.4_time": 0.9104588031768799, "Z_threshold0.45_of": 19502.764065877567, "Z_threshold0.45_time": 0.9110383987426758, "Z_threshold0.5_of": 19158.484500615214, "Z_threshold0.5_time": 0.9184908866882324}