{"name": "S_700_415_4461.204.json", "BaldoML_of": 16837.189863563355, "BaldoML_time": 0.5057852268218994, "BaldoGA_of": 16698.44363809584, "BaldoGA_time": 2.706454277038574, "Solver_of": 17384.280562714168, "Solver_time": 4.488702297210693, "Z_threshold0.05_of": 17081.177109837336, "Z_threshold0.05_time": 0.8951866626739502, "Z_threshold0.1_of": 17081.177109837336, "Z_threshold0.1_time": 0.918583869934082, "Z_threshold0.15_of": 17081.177109837336, "Z_threshold0.15_time": 1.011178970336914, "Z_threshold0.2_of": 17081.177109837336, "Z_threshold0.2_time": 0.9001121520996094, "Z_threshold0.25_of": 17081.177109837336, "Z_threshold0.25_time": 0.8948314189910889, "Z_threshold0.3_of": 17081.177109837336, "Z_threshold0.3_time": 0.9000580310821533, "Z_threshold0.35_of": 17081.177109837336, "Z_threshold0.35_time": 0.9624350070953369, "Z_threshold0.4_of": 17081.177109837336, "Z_threshold0.4_time": 1.0022087097167969, "Z_threshold0.45_of": 17062.53509939026, "Z_threshold0.45_time": 0.9375698566436768, "Z_threshold0.5_of": 17062.53509939026, "Z_threshold0.5_time": 0.8688836097717285}