{"name": "S_700_346_4498.589.json", "BaldoML_of": 16156.926519054621, "BaldoML_time": 0.5136141777038574, "BaldoGA_of": 16058.763490276013, "BaldoGA_time": 3.0400562286376953, "Solver_of": 16584.4768355687, "Solver_time": 7.4634850025177, "Z_threshold0.05_of": 16317.8971990735, "Z_threshold0.05_time": 0.918194055557251, "Z_threshold0.1_of": 16317.8971990735, "Z_threshold0.1_time": 0.9752473831176758, "Z_threshold0.15_of": 16317.8971990735, "Z_threshold0.15_time": 0.9067387580871582, "Z_threshold0.2_of": 16317.8971990735, "Z_threshold0.2_time": 0.8915581703186035, "Z_threshold0.25_of": 16317.8971990735, "Z_threshold0.25_time": 0.8793845176696777, "Z_threshold0.3_of": 16317.8971990735, "Z_threshold0.3_time": 0.8954546451568604, "Z_threshold0.35_of": 16317.8971990735, "Z_threshold0.35_time": 0.9080605506896973, "Z_threshold0.4_of": 16317.8971990735, "Z_threshold0.4_time": 0.8846473693847656, "Z_threshold0.45_of": 16317.8971990735, "Z_threshold0.45_time": 0.8927712440490723, "Z_threshold0.5_of": 16317.8971990735, "Z_threshold0.5_time": 0.8353075981140137}