{"name": "S_700_273_8880.689.json", "BaldoML_of": 23699.101682882145, "BaldoML_time": 0.6211519241333008, "BaldoGA_of": 23682.02366944686, "BaldoGA_time": 7.852216482162476, "Solver_of": 24540.319031081468, "Solver_time": 185.84761452674866, "Z_threshold0.05_of": 24402.25552658871, "Z_threshold0.05_time": 7.651239633560181, "Z_threshold0.1_of": 24268.58015833392, "Z_threshold0.1_time": 3.7250256538391113, "Z_threshold0.15_of": 24077.338950456266, "Z_threshold0.15_time": 1.9993047714233398, "Z_threshold0.2_of": 24005.33435236276, "Z_threshold0.2_time": 1.8184940814971924, "Z_threshold0.25_of": 23929.486785699948, "Z_threshold0.25_time": 1.5401015281677246, "Z_threshold0.3_of": 23796.172997852584, "Z_threshold0.3_time": 0.9937422275543213, "Z_threshold0.35_of": 23658.44356186357, "Z_threshold0.35_time": 0.9666869640350342, "Z_threshold0.4_of": 23389.749254358314, "Z_threshold0.4_time": 0.9681446552276611, "Z_threshold0.45_of": 23289.59252826104, "Z_threshold0.45_time": 0.9639132022857666, "Z_threshold0.5_of": 23055.26636703269, "Z_threshold0.5_time": 0.9673342704772949}