{"name": "S_700_377_9137.993.json", "BaldoML_of": 24162.126986633368, "BaldoML_time": 0.609844446182251, "BaldoGA_of": 23950.343487480517, "BaldoGA_time": 13.023752450942993, "Solver_of": 24765.122486926946, "Solver_time": 389.1121037006378, "Z_threshold0.05_of": 24381.3220542475, "Z_threshold0.05_time": 1.5633819103240967, "Z_threshold0.1_of": 24168.756096852554, "Z_threshold0.1_time": 0.9198849201202393, "Z_threshold0.15_of": 23883.11456904831, "Z_threshold0.15_time": 0.9531049728393555, "Z_threshold0.2_of": 23833.71849689813, "Z_threshold0.2_time": 0.9223017692565918, "Z_threshold0.25_of": 23802.894287060142, "Z_threshold0.25_time": 0.9372620582580566, "Z_threshold0.3_of": 23802.894287060142, "Z_threshold0.3_time": 0.9553854465484619, "Z_threshold0.35_of": 23802.894287060142, "Z_threshold0.35_time": 0.9348025321960449, "Z_threshold0.4_of": 23802.894287060142, "Z_threshold0.4_time": 0.9275078773498535, "Z_threshold0.45_of": 23802.894287060142, "Z_threshold0.45_time": 0.9256846904754639, "Z_threshold0.5_of": 23802.894287060142, "Z_threshold0.5_time": 0.9207303524017334}