{"name": "S_700_221_4454.02.json", "BaldoML_of": 17048.899472596717, "BaldoML_time": 0.9720239639282227, "BaldoGA_of": 16800.15383558286, "BaldoGA_time": 4.908500909805298, "Solver_of": 17337.939412217595, "Solver_time": 20.35447645187378, "Z_threshold0.05_of": 17227.209109415788, "Z_threshold0.05_time": 3.4010629653930664, "Z_threshold0.1_of": 16983.570241913327, "Z_threshold0.1_time": 1.1690301895141602, "Z_threshold0.15_of": 16884.121796185893, "Z_threshold0.15_time": 1.1094937324523926, "Z_threshold0.2_of": 16397.992234691155, "Z_threshold0.2_time": 0.9335770606994629, "Z_threshold0.25_of": 16119.4306155415, "Z_threshold0.25_time": 0.9400298595428467, "Z_threshold0.3_of": 16044.31816119548, "Z_threshold0.3_time": 0.897383451461792, "Z_threshold0.35_of": 15789.788841549735, "Z_threshold0.35_time": 0.9144484996795654, "Z_threshold0.4_of": 15734.628817830147, "Z_threshold0.4_time": 0.9441835880279541, "Z_threshold0.45_of": 15688.201098819387, "Z_threshold0.45_time": 0.9134814739227295, "Z_threshold0.5_of": 15583.217579986973, "Z_threshold0.5_time": 0.9170503616333008}