{"name": "S_700_403_8741.537.json", "BaldoML_of": 23622.392495618005, "BaldoML_time": 0.639955997467041, "BaldoGA_of": 23503.029585073215, "BaldoGA_time": 15.458067655563354, "Solver_of": 24181.498073163475, "Solver_time": 411.68873405456543, "Z_threshold0.05_of": 23669.030037626802, "Z_threshold0.05_time": 0.9997305870056152, "Z_threshold0.1_of": 23420.51666282389, "Z_threshold0.1_time": 0.9534733295440674, "Z_threshold0.15_of": 23392.07282482441, "Z_threshold0.15_time": 0.9528696537017822, "Z_threshold0.2_of": 23375.10101033923, "Z_threshold0.2_time": 0.9379453659057617, "Z_threshold0.25_of": 23375.10101033923, "Z_threshold0.25_time": 0.9800629615783691, "Z_threshold0.3_of": 23375.10101033923, "Z_threshold0.3_time": 0.9272489547729492, "Z_threshold0.35_of": 23375.10101033923, "Z_threshold0.35_time": 0.930426836013794, "Z_threshold0.4_of": 23375.10101033923, "Z_threshold0.4_time": 0.9699363708496094, "Z_threshold0.45_of": 23375.10101033923, "Z_threshold0.45_time": 0.9551153182983398, "Z_threshold0.5_of": 23375.10101033923, "Z_threshold0.5_time": 0.9233400821685791}