{"name": "S_700_196_4423.703.json", "BaldoML_of": 18248.462656836888, "BaldoML_time": 0.8594083786010742, "BaldoGA_of": 17937.902530872383, "BaldoGA_time": 4.942778825759888, "Solver_of": 18420.606943767074, "Solver_time": 14.421766757965088, "Z_threshold0.05_of": 18398.205515626156, "Z_threshold0.05_time": 1.726228952407837, "Z_threshold0.1_of": 18140.490267415902, "Z_threshold0.1_time": 1.1650152206420898, "Z_threshold0.15_of": 17953.248619335875, "Z_threshold0.15_time": 1.08306884765625, "Z_threshold0.2_of": 17878.206382080072, "Z_threshold0.2_time": 0.9059293270111084, "Z_threshold0.25_of": 17780.34397671166, "Z_threshold0.25_time": 0.890610933303833, "Z_threshold0.3_of": 17390.133021251706, "Z_threshold0.3_time": 0.8883705139160156, "Z_threshold0.35_of": 17198.302757905323, "Z_threshold0.35_time": 0.9199502468109131, "Z_threshold0.4_of": 17163.34076193915, "Z_threshold0.4_time": 0.90787672996521, "Z_threshold0.45_of": 17004.01386958831, "Z_threshold0.45_time": 0.8807437419891357, "Z_threshold0.5_of": 16870.58287019532, "Z_threshold0.5_time": 0.9214956760406494}