{"name": "S_700_212_8776.605.json", "BaldoML_of": 24918.276632994905, "BaldoML_time": 0.7889049053192139, "BaldoGA_of": 24940.267341867588, "BaldoGA_time": 8.359280586242676, "Solver_of": 25910.809809154904, "Solver_time": 38.580416202545166, "Z_threshold0.05_of": 25853.904487333704, "Z_threshold0.05_time": 3.526815891265869, "Z_threshold0.1_of": 25663.95114941069, "Z_threshold0.1_time": 2.9628262519836426, "Z_threshold0.15_of": 25663.95114941069, "Z_threshold0.15_time": 3.3147294521331787, "Z_threshold0.2_of": 25598.20102991221, "Z_threshold0.2_time": 2.260223627090454, "Z_threshold0.25_of": 25482.415246383785, "Z_threshold0.25_time": 1.7359387874603271, "Z_threshold0.3_of": 25259.85015543861, "Z_threshold0.3_time": 1.547731876373291, "Z_threshold0.35_of": 25177.249289099538, "Z_threshold0.35_time": 1.2656712532043457, "Z_threshold0.4_of": 24996.099582431492, "Z_threshold0.4_time": 0.8723697662353516, "Z_threshold0.45_of": 24690.856847400893, "Z_threshold0.45_time": 0.8892183303833008, "Z_threshold0.5_of": 24552.371510292316, "Z_threshold0.5_time": 0.9035642147064209}