{"name": "S_700_295_8892.024.json", "BaldoML_of": 23913.160673071055, "BaldoML_time": 0.929163932800293, "BaldoGA_of": 23525.40380243174, "BaldoGA_time": 7.705666542053223, "Solver_of": 24569.517664937324, "Solver_time": 138.31452059745789, "Z_threshold0.05_of": 24362.173440536735, "Z_threshold0.05_time": 2.5047733783721924, "Z_threshold0.1_of": 24306.298962112298, "Z_threshold0.1_time": 1.949847936630249, "Z_threshold0.15_of": 24228.876189178485, "Z_threshold0.15_time": 1.7315378189086914, "Z_threshold0.2_of": 24073.691534035326, "Z_threshold0.2_time": 1.2986135482788086, "Z_threshold0.25_of": 24036.621401035743, "Z_threshold0.25_time": 1.315549373626709, "Z_threshold0.3_of": 23791.364907712294, "Z_threshold0.3_time": 0.899146556854248, "Z_threshold0.35_of": 23561.842888293086, "Z_threshold0.35_time": 0.8572158813476562, "Z_threshold0.4_of": 23561.842888293086, "Z_threshold0.4_time": 0.8729219436645508, "Z_threshold0.45_of": 23418.989904087928, "Z_threshold0.45_time": 0.8744513988494873, "Z_threshold0.5_of": 23316.114108070626, "Z_threshold0.5_time": 0.9008009433746338}