{"name": "S_700_239_4427.988.json", "BaldoML_of": 17657.40122392551, "BaldoML_time": 0.8987588882446289, "BaldoGA_of": 17457.89695305968, "BaldoGA_time": 5.8071911334991455, "Solver_of": 17937.24211628768, "Solver_time": 27.167577028274536, "Z_threshold0.05_of": 17829.68111153431, "Z_threshold0.05_time": 1.6644160747528076, "Z_threshold0.1_of": 17573.083127038648, "Z_threshold0.1_time": 0.9976382255554199, "Z_threshold0.15_of": 17228.08040005763, "Z_threshold0.15_time": 0.8682386875152588, "Z_threshold0.2_of": 16717.70597671391, "Z_threshold0.2_time": 0.8554036617279053, "Z_threshold0.25_of": 16667.7443430616, "Z_threshold0.25_time": 0.9352962970733643, "Z_threshold0.3_of": 16603.3324639838, "Z_threshold0.3_time": 0.8309929370880127, "Z_threshold0.35_of": 16519.67653999207, "Z_threshold0.35_time": 0.8498902320861816, "Z_threshold0.4_of": 16502.45540700876, "Z_threshold0.4_time": 0.8460385799407959, "Z_threshold0.45_of": 16466.00664644589, "Z_threshold0.45_time": 0.8436965942382812, "Z_threshold0.5_of": 16395.267401754732, "Z_threshold0.5_time": 0.8650786876678467}