{"name": "S_700_322_6138.018.json", "BaldoML_of": 19129.649465678456, "BaldoML_time": 0.5862855911254883, "BaldoGA_of": 19004.57696624029, "BaldoGA_time": 9.17317819595337, "Solver_of": 19488.646026082926, "Solver_time": 84.80612754821777, "Z_threshold0.05_of": 19139.731223912993, "Z_threshold0.05_time": 0.9969415664672852, "Z_threshold0.1_of": 18575.92917233026, "Z_threshold0.1_time": 0.8831267356872559, "Z_threshold0.15_of": 18444.53119145426, "Z_threshold0.15_time": 0.8959603309631348, "Z_threshold0.2_of": 18410.537198963422, "Z_threshold0.2_time": 0.8715898990631104, "Z_threshold0.25_of": 18382.38516011811, "Z_threshold0.25_time": 0.8667185306549072, "Z_threshold0.3_of": 18352.89861733089, "Z_threshold0.3_time": 0.8849272727966309, "Z_threshold0.35_of": 18352.89861733089, "Z_threshold0.35_time": 0.9397847652435303, "Z_threshold0.4_of": 18352.89861733089, "Z_threshold0.4_time": 0.8988673686981201, "Z_threshold0.45_of": 18352.89861733089, "Z_threshold0.45_time": 0.8818566799163818, "Z_threshold0.5_of": 18352.89861733089, "Z_threshold0.5_time": 0.8728113174438477}