{"name": "S_700_398_8936.652.json", "BaldoML_of": 23386.02814374609, "BaldoML_time": 0.5913996696472168, "BaldoGA_of": 23215.076016132847, "BaldoGA_time": 13.740593194961548, "Solver_of": 23853.294001801976, "Solver_time": 136.81979322433472, "Z_threshold0.05_of": 23233.30516865294, "Z_threshold0.05_time": 0.9344577789306641, "Z_threshold0.1_of": 23163.47174745871, "Z_threshold0.1_time": 0.9445242881774902, "Z_threshold0.15_of": 23163.47174745871, "Z_threshold0.15_time": 0.9128735065460205, "Z_threshold0.2_of": 23163.47174745871, "Z_threshold0.2_time": 0.9306275844573975, "Z_threshold0.25_of": 23163.47174745871, "Z_threshold0.25_time": 0.9570021629333496, "Z_threshold0.3_of": 23163.47174745871, "Z_threshold0.3_time": 0.9419558048248291, "Z_threshold0.35_of": 23163.47174745871, "Z_threshold0.35_time": 0.9198048114776611, "Z_threshold0.4_of": 23163.47174745871, "Z_threshold0.4_time": 0.9491720199584961, "Z_threshold0.45_of": 23163.47174745871, "Z_threshold0.45_time": 0.93448805809021, "Z_threshold0.5_of": 23163.47174745871, "Z_threshold0.5_time": 0.9210357666015625}