{"name": "S_700_277_4515.021.json", "BaldoML_of": 17947.772320246244, "BaldoML_time": 0.5933520793914795, "BaldoGA_of": 17746.185126592904, "BaldoGA_time": 8.137963771820068, "Solver_of": 18156.68257343267, "Solver_time": 11.64578890800476, "Z_threshold0.05_of": 17732.05152965563, "Z_threshold0.05_time": 0.9688127040863037, "Z_threshold0.1_of": 17185.59767211889, "Z_threshold0.1_time": 0.8757727146148682, "Z_threshold0.15_of": 17036.843926715344, "Z_threshold0.15_time": 0.8867604732513428, "Z_threshold0.2_of": 16929.723976167752, "Z_threshold0.2_time": 1.0010864734649658, "Z_threshold0.25_of": 16929.723976167752, "Z_threshold0.25_time": 0.8817911148071289, "Z_threshold0.3_of": 16929.723976167752, "Z_threshold0.3_time": 0.8970651626586914, "Z_threshold0.35_of": 16929.723976167752, "Z_threshold0.35_time": 0.9197227954864502, "Z_threshold0.4_of": 16929.723976167752, "Z_threshold0.4_time": 0.8706324100494385, "Z_threshold0.45_of": 16929.723976167752, "Z_threshold0.45_time": 0.8950862884521484, "Z_threshold0.5_of": 16929.723976167752, "Z_threshold0.5_time": 0.8993196487426758}