{"name": "S_700_340_9397.582.json", "BaldoML_of": 22443.315722970878, "BaldoML_time": 0.7058379650115967, "BaldoGA_of": 21934.08443035194, "BaldoGA_time": 9.650720119476318, "Solver_of": 23106.376963159433, "Solver_time": 619.6616177558899, "Z_threshold0.05_of": 22887.558197877723, "Z_threshold0.05_time": 5.218358993530273, "Z_threshold0.1_of": 22644.612028994077, "Z_threshold0.1_time": 1.0760631561279297, "Z_threshold0.15_of": 22441.88794611071, "Z_threshold0.15_time": 0.982781171798706, "Z_threshold0.2_of": 22121.87457583897, "Z_threshold0.2_time": 0.9015953540802002, "Z_threshold0.25_of": 21932.48502212875, "Z_threshold0.25_time": 0.8794903755187988, "Z_threshold0.3_of": 21887.00445182526, "Z_threshold0.3_time": 0.8892669677734375, "Z_threshold0.35_of": 21887.00445182526, "Z_threshold0.35_time": 0.8783383369445801, "Z_threshold0.4_of": 21887.00445182526, "Z_threshold0.4_time": 0.9442875385284424, "Z_threshold0.45_of": 21887.00445182526, "Z_threshold0.45_time": 0.8750500679016113, "Z_threshold0.5_of": 21869.965655375083, "Z_threshold0.5_time": 0.9886887073516846}