{"name": "S_700_156_4366.971.json", "BaldoML_of": 18099.589885046647, "BaldoML_time": 1.4942691326141357, "BaldoGA_of": 17569.884435869986, "BaldoGA_time": 4.547349452972412, "Solver_of": 18256.067629330828, "Solver_time": 9.454455852508545, "Z_threshold0.05_of": 18229.09888322656, "Z_threshold0.05_time": 2.3872601985931396, "Z_threshold0.1_of": 18228.194048648016, "Z_threshold0.1_time": 2.1690781116485596, "Z_threshold0.15_of": 18035.503919348095, "Z_threshold0.15_time": 1.4790782928466797, "Z_threshold0.2_of": 17857.970629148884, "Z_threshold0.2_time": 1.1402604579925537, "Z_threshold0.25_of": 17550.66052645087, "Z_threshold0.25_time": 0.8944084644317627, "Z_threshold0.3_of": 17281.656821423105, "Z_threshold0.3_time": 0.8786561489105225, "Z_threshold0.35_of": 17041.397317883373, "Z_threshold0.35_time": 0.8755974769592285, "Z_threshold0.4_of": 16823.54987355638, "Z_threshold0.4_time": 0.8722822666168213, "Z_threshold0.45_of": 16651.11238303731, "Z_threshold0.45_time": 0.8818550109863281, "Z_threshold0.5_of": 16515.203574022176, "Z_threshold0.5_time": 0.8666293621063232}