{"name": "S_700_178_8814.578.json", "BaldoML_of": 27240.311189135766, "BaldoML_time": 1.0149118900299072, "BaldoGA_of": 26843.163304784666, "BaldoGA_time": 7.928853750228882, "Solver_of": 28026.055122104368, "Solver_time": 18.045450448989868, "Z_threshold0.05_of": 27887.073758171267, "Z_threshold0.05_time": 2.8759682178497314, "Z_threshold0.1_of": 27728.288468017457, "Z_threshold0.1_time": 2.539109230041504, "Z_threshold0.15_of": 27690.38290274219, "Z_threshold0.15_time": 2.905217170715332, "Z_threshold0.2_of": 27627.70323914834, "Z_threshold0.2_time": 2.480928659439087, "Z_threshold0.25_of": 27615.94622951819, "Z_threshold0.25_time": 2.058763265609741, "Z_threshold0.3_of": 27544.64638134745, "Z_threshold0.3_time": 1.903306245803833, "Z_threshold0.35_of": 27412.771574016755, "Z_threshold0.35_time": 1.9826576709747314, "Z_threshold0.4_of": 27367.22822971494, "Z_threshold0.4_time": 1.532909631729126, "Z_threshold0.45_of": 27360.548347933283, "Z_threshold0.45_time": 1.459184169769287, "Z_threshold0.5_of": 27334.472127642, "Z_threshold0.5_time": 1.050297737121582}