{"name": "S_700_418_5871.954.json", "BaldoML_of": 19975.08392854249, "BaldoML_time": 0.633002519607544, "BaldoGA_of": 19824.42304673909, "BaldoGA_time": 4.419241905212402, "Solver_of": 20461.590878282936, "Solver_time": 5.830021619796753, "Z_threshold0.05_of": 20249.617808156712, "Z_threshold0.05_time": 0.9900631904602051, "Z_threshold0.1_of": 20249.617808156712, "Z_threshold0.1_time": 0.9803905487060547, "Z_threshold0.15_of": 20249.617808156712, "Z_threshold0.15_time": 0.9553432464599609, "Z_threshold0.2_of": 20249.617808156712, "Z_threshold0.2_time": 0.965747594833374, "Z_threshold0.25_of": 20249.617808156712, "Z_threshold0.25_time": 0.9944398403167725, "Z_threshold0.3_of": 20249.617808156712, "Z_threshold0.3_time": 0.9819369316101074, "Z_threshold0.35_of": 20210.975363406826, "Z_threshold0.35_time": 0.9225537776947021, "Z_threshold0.4_of": 20210.975363406826, "Z_threshold0.4_time": 0.9302115440368652, "Z_threshold0.45_of": 20210.975363406826, "Z_threshold0.45_time": 0.9497644901275635, "Z_threshold0.5_of": 20210.975363406826, "Z_threshold0.5_time": 0.9339909553527832}