{"name": "S_700_318_8352.249.json", "BaldoML_of": 25963.998336359564, "BaldoML_time": 0.7135486602783203, "BaldoGA_of": 25793.419248408467, "BaldoGA_time": 10.27254033088684, "Solver_of": 26533.256402718147, "Solver_time": 63.18436408042908, "Z_threshold0.05_of": 26342.633699637838, "Z_threshold0.05_time": 2.4781877994537354, "Z_threshold0.1_of": 26171.258080164986, "Z_threshold0.1_time": 1.9709570407867432, "Z_threshold0.15_of": 26074.952056594706, "Z_threshold0.15_time": 1.2660276889801025, "Z_threshold0.2_of": 25927.08301182103, "Z_threshold0.2_time": 0.9939756393432617, "Z_threshold0.25_of": 25772.438424184118, "Z_threshold0.25_time": 0.9420788288116455, "Z_threshold0.3_of": 25689.7527952215, "Z_threshold0.3_time": 0.9759578704833984, "Z_threshold0.35_of": 25514.593540906328, "Z_threshold0.35_time": 0.959113597869873, "Z_threshold0.4_of": 25476.106935790438, "Z_threshold0.4_time": 0.9737370014190674, "Z_threshold0.45_of": 25425.616283861746, "Z_threshold0.45_time": 0.9869635105133057, "Z_threshold0.5_of": 25425.616283861746, "Z_threshold0.5_time": 0.9647376537322998}