{"name": "S_700_191_8995.446.json", "BaldoML_of": 25249.681328994662, "BaldoML_time": 0.8591647148132324, "BaldoGA_of": 24665.09921479528, "BaldoGA_time": 7.802865028381348, "Solver_of": 26083.274752697518, "Solver_time": 127.6178936958313, "Z_threshold0.05_of": 26004.580434970954, "Z_threshold0.05_time": 5.12514591217041, "Z_threshold0.1_of": 25824.70855693995, "Z_threshold0.1_time": 2.713857889175415, "Z_threshold0.15_of": 25753.18059004909, "Z_threshold0.15_time": 2.7956690788269043, "Z_threshold0.2_of": 25694.88275314748, "Z_threshold0.2_time": 2.637967348098755, "Z_threshold0.25_of": 25541.491093249388, "Z_threshold0.25_time": 1.9459471702575684, "Z_threshold0.3_of": 25393.43065402732, "Z_threshold0.3_time": 1.8017733097076416, "Z_threshold0.35_of": 25280.266286623897, "Z_threshold0.35_time": 1.1316239833831787, "Z_threshold0.4_of": 24973.505674578177, "Z_threshold0.4_time": 1.0535199642181396, "Z_threshold0.45_of": 24817.09701703878, "Z_threshold0.45_time": 0.9931058883666992, "Z_threshold0.5_of": 24747.379509671147, "Z_threshold0.5_time": 0.9825124740600586}