{"name": "S_700_410_8860.216.json", "BaldoML_of": 24344.864553231186, "BaldoML_time": 0.5606794357299805, "BaldoGA_of": 24227.951699098547, "BaldoGA_time": 15.228796005249023, "Solver_of": 24897.12816412717, "Solver_time": 196.07168340682983, "Z_threshold0.05_of": 24249.017169843824, "Z_threshold0.05_time": 0.9473776817321777, "Z_threshold0.1_of": 24249.017169843824, "Z_threshold0.1_time": 0.911693811416626, "Z_threshold0.15_of": 24249.017169843824, "Z_threshold0.15_time": 0.9704921245574951, "Z_threshold0.2_of": 24249.017169843824, "Z_threshold0.2_time": 1.0259881019592285, "Z_threshold0.25_of": 24249.017169843824, "Z_threshold0.25_time": 0.9046380519866943, "Z_threshold0.3_of": 24249.017169843824, "Z_threshold0.3_time": 0.913398027420044, "Z_threshold0.35_of": 24249.017169843824, "Z_threshold0.35_time": 0.9514079093933105, "Z_threshold0.4_of": 24249.017169843824, "Z_threshold0.4_time": 0.9546451568603516, "Z_threshold0.45_of": 24249.017169843824, "Z_threshold0.45_time": 0.9290688037872314, "Z_threshold0.5_of": 24249.017169843824, "Z_threshold0.5_time": 0.9144546985626221}