{"name": "S_900_278_7766.049.json", "BaldoML_of": 26035.68227863909, "BaldoML_time": 1.4558544158935547, "BaldoGA_of": 25372.718559024397, "BaldoGA_time": 8.796708345413208, "Solver_of": 26638.498155389687, "Solver_time": 50.92936110496521, "Z_threshold0.05_of": 26587.370002492476, "Z_threshold0.05_time": 5.217994451522827, "Z_threshold0.1_of": 26311.784254451883, "Z_threshold0.1_time": 2.9826295375823975, "Z_threshold0.15_of": 26048.70534980179, "Z_threshold0.15_time": 2.3019795417785645, "Z_threshold0.2_of": 25748.083203724796, "Z_threshold0.2_time": 1.9597022533416748, "Z_threshold0.25_of": 25559.383711846105, "Z_threshold0.25_time": 1.5208981037139893, "Z_threshold0.3_of": 25166.63806378692, "Z_threshold0.3_time": 1.5093066692352295, "Z_threshold0.35_of": 25022.480395554918, "Z_threshold0.35_time": 1.3706316947937012, "Z_threshold0.4_of": 24583.581885388136, "Z_threshold0.4_time": 1.359856367111206, "Z_threshold0.45_of": 24466.97361171302, "Z_threshold0.45_time": 1.4122035503387451, "Z_threshold0.5_of": 24082.190239110903, "Z_threshold0.5_time": 1.4823617935180664}