{"name": "S_900_452_5729.75.json", "BaldoML_of": 21916.60050175929, "BaldoML_time": 0.7851171493530273, "BaldoGA_of": 21490.15806544347, "BaldoGA_time": 3.636803388595581, "Solver_of": 22305.002511596544, "Solver_time": 9.049540519714355, "Z_threshold0.05_of": 21813.445403595313, "Z_threshold0.05_time": 1.3935394287109375, "Z_threshold0.1_of": 21813.445403595313, "Z_threshold0.1_time": 1.4879169464111328, "Z_threshold0.15_of": 21769.935553698113, "Z_threshold0.15_time": 1.353954553604126, "Z_threshold0.2_of": 21769.935553698113, "Z_threshold0.2_time": 1.3178396224975586, "Z_threshold0.25_of": 21769.935553698113, "Z_threshold0.25_time": 1.3454475402832031, "Z_threshold0.3_of": 21769.935553698113, "Z_threshold0.3_time": 1.37325119972229, "Z_threshold0.35_of": 21769.935553698113, "Z_threshold0.35_time": 1.3829305171966553, "Z_threshold0.4_of": 21769.935553698113, "Z_threshold0.4_time": 1.413074016571045, "Z_threshold0.45_of": 21769.935553698113, "Z_threshold0.45_time": 1.4003322124481201, "Z_threshold0.5_of": 21769.935553698113, "Z_threshold0.5_time": 1.3747143745422363}