{"name": "S_900_440_5773.845.json", "BaldoML_of": 22134.176002122313, "BaldoML_time": 0.7955334186553955, "BaldoGA_of": 21884.12584275068, "BaldoGA_time": 4.755568504333496, "Solver_of": 22558.197256606643, "Solver_time": 9.624459743499756, "Z_threshold0.05_of": 22146.135408228318, "Z_threshold0.05_time": 1.391392469406128, "Z_threshold0.1_of": 22146.135408228318, "Z_threshold0.1_time": 1.4044363498687744, "Z_threshold0.15_of": 22146.135408228318, "Z_threshold0.15_time": 1.3702499866485596, "Z_threshold0.2_of": 22146.135408228318, "Z_threshold0.2_time": 1.4209370613098145, "Z_threshold0.25_of": 22146.135408228318, "Z_threshold0.25_time": 1.4746861457824707, "Z_threshold0.3_of": 22146.135408228318, "Z_threshold0.3_time": 1.447197675704956, "Z_threshold0.35_of": 22146.135408228318, "Z_threshold0.35_time": 1.4285593032836914, "Z_threshold0.4_of": 22146.135408228318, "Z_threshold0.4_time": 1.4304609298706055, "Z_threshold0.45_of": 22146.135408228318, "Z_threshold0.45_time": 1.4645509719848633, "Z_threshold0.5_of": 22146.135408228318, "Z_threshold0.5_time": 1.4591083526611328}