{"name": "S_900_291_7489.22.json", "BaldoML_of": 25591.904236802977, "BaldoML_time": 1.6377031803131104, "BaldoGA_of": 25108.871245565733, "BaldoGA_time": 8.091697931289673, "Solver_of": 25991.288497438018, "Solver_time": 21.675352573394775, "Z_threshold0.05_of": 25897.51626327713, "Z_threshold0.05_time": 3.3577587604522705, "Z_threshold0.1_of": 25682.5969612415, "Z_threshold0.1_time": 2.353928565979004, "Z_threshold0.15_of": 25467.73910825554, "Z_threshold0.15_time": 1.9906837940216064, "Z_threshold0.2_of": 25246.879180884185, "Z_threshold0.2_time": 1.4978227615356445, "Z_threshold0.25_of": 24884.897541601884, "Z_threshold0.25_time": 1.4854893684387207, "Z_threshold0.3_of": 24575.49707108403, "Z_threshold0.3_time": 1.440840244293213, "Z_threshold0.35_of": 24177.478377260337, "Z_threshold0.35_time": 1.4272193908691406, "Z_threshold0.4_of": 23896.201428809265, "Z_threshold0.4_time": 1.501396894454956, "Z_threshold0.45_of": 23672.830863770392, "Z_threshold0.45_time": 1.3647286891937256, "Z_threshold0.5_of": 23554.020553794584, "Z_threshold0.5_time": 1.4192702770233154}