{"name": "S_900_187_7626.087.json", "BaldoML_of": 28135.523405469467, "BaldoML_time": 1.670792818069458, "BaldoGA_of": 27089.908839047715, "BaldoGA_time": 7.333165168762207, "Solver_of": 28583.76768177267, "Solver_time": 87.49725890159607, "Z_threshold0.05_of": 28514.269991077, "Z_threshold0.05_time": 4.902894735336304, "Z_threshold0.1_of": 28460.87357046169, "Z_threshold0.1_time": 4.247288703918457, "Z_threshold0.15_of": 28345.945320374383, "Z_threshold0.15_time": 2.641860246658325, "Z_threshold0.2_of": 28234.653171472033, "Z_threshold0.2_time": 2.3801395893096924, "Z_threshold0.25_of": 27996.81871367693, "Z_threshold0.25_time": 2.2289092540740967, "Z_threshold0.3_of": 27658.339572820132, "Z_threshold0.3_time": 1.3649981021881104, "Z_threshold0.35_of": 26955.77679121429, "Z_threshold0.35_time": 1.3627715110778809, "Z_threshold0.4_of": 26438.511495946772, "Z_threshold0.4_time": 1.469738483428955, "Z_threshold0.45_of": 26222.161350901868, "Z_threshold0.45_time": 1.3951084613800049, "Z_threshold0.5_of": 26111.09404483891, "Z_threshold0.5_time": 1.3666408061981201}