{"name": "S_900_250_11748.123.json", "BaldoML_of": 31116.280099065618, "BaldoML_time": 0.9690210819244385, "BaldoGA_of": 30224.39621646423, "BaldoGA_time": 6.546976327896118, "Solver_of": 32028.46445023958, "Solver_time": 734.4176063537598, "Z_threshold0.05_of": 31937.441117443148, "Z_threshold0.05_time": 6.406792163848877, "Z_threshold0.1_of": 31745.902055489943, "Z_threshold0.1_time": 4.127293348312378, "Z_threshold0.15_of": 31723.9924296056, "Z_threshold0.15_time": 4.031806468963623, "Z_threshold0.2_of": 31477.219856329466, "Z_threshold0.2_time": 3.3291826248168945, "Z_threshold0.25_of": 31332.4035070391, "Z_threshold0.25_time": 2.7787928581237793, "Z_threshold0.3_of": 30945.352810755463, "Z_threshold0.3_time": 1.5059242248535156, "Z_threshold0.35_of": 30686.37855574213, "Z_threshold0.35_time": 1.4539997577667236, "Z_threshold0.4_of": 30495.672480898746, "Z_threshold0.4_time": 1.4498436450958252, "Z_threshold0.45_of": 30337.923672487676, "Z_threshold0.45_time": 1.443518877029419, "Z_threshold0.5_of": 30293.46918922869, "Z_threshold0.5_time": 1.4597764015197754}