{"name": "S_900_508_7725.879.json", "BaldoML_of": 24789.073916430538, "BaldoML_time": 0.6760287284851074, "BaldoGA_of": 24479.96970213894, "BaldoGA_time": 5.71218729019165, "Solver_of": 25185.294507412324, "Solver_time": 10.748141527175903, "Z_threshold0.05_of": 24682.87251396818, "Z_threshold0.05_time": 1.4571504592895508, "Z_threshold0.1_of": 24682.87251396818, "Z_threshold0.1_time": 1.4339587688446045, "Z_threshold0.15_of": 24682.87251396818, "Z_threshold0.15_time": 1.4344267845153809, "Z_threshold0.2_of": 24682.87251396818, "Z_threshold0.2_time": 1.5060398578643799, "Z_threshold0.25_of": 24682.87251396818, "Z_threshold0.25_time": 1.453113079071045, "Z_threshold0.3_of": 24682.87251396818, "Z_threshold0.3_time": 1.4377923011779785, "Z_threshold0.35_of": 24682.87251396818, "Z_threshold0.35_time": 1.4399147033691406, "Z_threshold0.4_of": 24682.87251396818, "Z_threshold0.4_time": 1.5379068851470947, "Z_threshold0.45_of": 24682.87251396818, "Z_threshold0.45_time": 1.4726216793060303, "Z_threshold0.5_of": 24682.87251396818, "Z_threshold0.5_time": 1.4262161254882812}