{"name": "S_900_193_11468.031.json", "BaldoML_of": 35862.506282633454, "BaldoML_time": 1.9120793342590332, "BaldoGA_of": 34748.07238598372, "BaldoGA_time": 11.544863224029541, "Solver_of": 36290.21364308603, "Solver_time": 182.15907859802246, "Z_threshold0.05_of": 36218.915821177456, "Z_threshold0.05_time": 7.142345666885376, "Z_threshold0.1_of": 36193.25418026486, "Z_threshold0.1_time": 4.212365627288818, "Z_threshold0.15_of": 36150.739129687485, "Z_threshold0.15_time": 4.936099529266357, "Z_threshold0.2_of": 36150.739129687485, "Z_threshold0.2_time": 5.183885812759399, "Z_threshold0.25_of": 36058.93720752771, "Z_threshold0.25_time": 3.8679893016815186, "Z_threshold0.3_of": 35937.82406019016, "Z_threshold0.3_time": 2.6374642848968506, "Z_threshold0.35_of": 35763.46367540602, "Z_threshold0.35_time": 2.4195291996002197, "Z_threshold0.4_of": 35609.161979981734, "Z_threshold0.4_time": 2.036482334136963, "Z_threshold0.45_of": 35409.365930919004, "Z_threshold0.45_time": 1.461125373840332, "Z_threshold0.5_of": 34860.91331666545, "Z_threshold0.5_time": 1.4884788990020752}