{"name": "S_900_437_5653.026.json", "BaldoML_of": 22476.615620040935, "BaldoML_time": 1.095876932144165, "BaldoGA_of": 22252.528796210274, "BaldoGA_time": 4.988468170166016, "Solver_of": 22796.337326521476, "Solver_time": 8.820025444030762, "Z_threshold0.05_of": 22416.849017220884, "Z_threshold0.05_time": 1.3655221462249756, "Z_threshold0.1_of": 22416.849017220884, "Z_threshold0.1_time": 1.376542091369629, "Z_threshold0.15_of": 22416.849017220884, "Z_threshold0.15_time": 1.3495874404907227, "Z_threshold0.2_of": 22416.849017220884, "Z_threshold0.2_time": 1.3608770370483398, "Z_threshold0.25_of": 22416.849017220884, "Z_threshold0.25_time": 1.4209105968475342, "Z_threshold0.3_of": 22353.647919243685, "Z_threshold0.3_time": 1.3223578929901123, "Z_threshold0.35_of": 22353.647919243685, "Z_threshold0.35_time": 1.3269083499908447, "Z_threshold0.4_of": 22353.647919243685, "Z_threshold0.4_time": 1.325404405593872, "Z_threshold0.45_of": 22353.647919243685, "Z_threshold0.45_time": 1.3268213272094727, "Z_threshold0.5_of": 22353.647919243685, "Z_threshold0.5_time": 1.3363208770751953}