{"name": "S_900_414_11220.514.json", "BaldoML_of": 30631.01924235739, "BaldoML_time": 1.0352082252502441, "BaldoGA_of": 30295.209138310413, "BaldoGA_time": 9.615164041519165, "Solver_of": 31561.835895132455, "Solver_time": 864.3564240932465, "Z_threshold0.05_of": 31319.744476022897, "Z_threshold0.05_time": 7.791134595870972, "Z_threshold0.1_of": 31123.693308650832, "Z_threshold0.1_time": 2.5706608295440674, "Z_threshold0.15_of": 31015.30732296507, "Z_threshold0.15_time": 1.877486228942871, "Z_threshold0.2_of": 30943.70373025275, "Z_threshold0.2_time": 1.6660914421081543, "Z_threshold0.25_of": 30748.902620219164, "Z_threshold0.25_time": 1.4845359325408936, "Z_threshold0.3_of": 30458.909372727172, "Z_threshold0.3_time": 1.5081593990325928, "Z_threshold0.35_of": 30181.90168610334, "Z_threshold0.35_time": 1.455923080444336, "Z_threshold0.4_of": 29966.526509907577, "Z_threshold0.4_time": 1.4644882678985596, "Z_threshold0.45_of": 29830.33218110125, "Z_threshold0.45_time": 1.480703353881836, "Z_threshold0.5_of": 29786.41182410515, "Z_threshold0.5_time": 1.4551117420196533}