{"name": "S_900_385_11565.963.json", "BaldoML_of": 31397.821352400875, "BaldoML_time": 1.0908808708190918, "BaldoGA_of": 30836.05653927871, "BaldoGA_time": 11.561161518096924, "Solver_of": 32206.26943048219, "Solver_time": 664.9139137268066, "Z_threshold0.05_of": 32049.448516406766, "Z_threshold0.05_time": 5.081753253936768, "Z_threshold0.1_of": 31795.98016099375, "Z_threshold0.1_time": 4.208487510681152, "Z_threshold0.15_of": 31700.32510821475, "Z_threshold0.15_time": 2.657874584197998, "Z_threshold0.2_of": 31587.25587747414, "Z_threshold0.2_time": 2.1564111709594727, "Z_threshold0.25_of": 31489.538667380537, "Z_threshold0.25_time": 1.893460750579834, "Z_threshold0.3_of": 31196.53769990375, "Z_threshold0.3_time": 1.4516987800598145, "Z_threshold0.35_of": 30814.273688739024, "Z_threshold0.35_time": 1.4233808517456055, "Z_threshold0.4_of": 30628.00778965586, "Z_threshold0.4_time": 1.4642696380615234, "Z_threshold0.45_of": 30481.94543406782, "Z_threshold0.45_time": 1.4294745922088623, "Z_threshold0.5_of": 30405.621189604004, "Z_threshold0.5_time": 1.4184963703155518}