{"name": "S_900_300_11415.376.json", "BaldoML_of": 31980.255546664594, "BaldoML_time": 1.1918971538543701, "BaldoGA_of": 31118.52607983509, "BaldoGA_time": 11.89567494392395, "Solver_of": 32885.498911099785, "Solver_time": 123.8571789264679, "Z_threshold0.05_of": 32808.25500821352, "Z_threshold0.05_time": 11.111939668655396, "Z_threshold0.1_of": 32605.582083978512, "Z_threshold0.1_time": 4.466366291046143, "Z_threshold0.15_of": 32444.082525073794, "Z_threshold0.15_time": 3.4233319759368896, "Z_threshold0.2_of": 32327.592971837978, "Z_threshold0.2_time": 2.8586132526397705, "Z_threshold0.25_of": 32194.478541909953, "Z_threshold0.25_time": 2.534764289855957, "Z_threshold0.3_of": 32111.29052662505, "Z_threshold0.3_time": 1.8209717273712158, "Z_threshold0.35_of": 32044.91427972617, "Z_threshold0.35_time": 1.5132462978363037, "Z_threshold0.4_of": 31792.992220930508, "Z_threshold0.4_time": 1.5196034908294678, "Z_threshold0.45_of": 31647.6862663772, "Z_threshold0.45_time": 1.5059707164764404, "Z_threshold0.5_of": 31477.42077673627, "Z_threshold0.5_time": 1.4821720123291016}