{"name": "S_900_343_7749.258.json", "BaldoML_of": 25290.504303458725, "BaldoML_time": 0.8842904567718506, "BaldoGA_of": 24704.48050624941, "BaldoGA_time": 9.052157163619995, "Solver_of": 25922.345600334353, "Solver_time": 57.79966998100281, "Z_threshold0.05_of": 25781.045165703075, "Z_threshold0.05_time": 4.42146110534668, "Z_threshold0.1_of": 25417.983287119805, "Z_threshold0.1_time": 1.6889252662658691, "Z_threshold0.15_of": 24706.996289706778, "Z_threshold0.15_time": 1.495455265045166, "Z_threshold0.2_of": 24170.967002175523, "Z_threshold0.2_time": 1.4214391708374023, "Z_threshold0.25_of": 23954.223386838126, "Z_threshold0.25_time": 1.4312560558319092, "Z_threshold0.3_of": 23710.9136619567, "Z_threshold0.3_time": 1.390796422958374, "Z_threshold0.35_of": 23472.029197520642, "Z_threshold0.35_time": 1.3382420539855957, "Z_threshold0.4_of": 23439.126619149156, "Z_threshold0.4_time": 1.3372905254364014, "Z_threshold0.45_of": 23439.126619149156, "Z_threshold0.45_time": 1.3410611152648926, "Z_threshold0.5_of": 23337.69613983217, "Z_threshold0.5_time": 1.3398268222808838}