{"name": "S_900_516_7554.983.json", "BaldoML_of": 25864.470198652103, "BaldoML_time": 0.8648631572723389, "BaldoGA_of": 25521.756448890235, "BaldoGA_time": 5.4047815799713135, "Solver_of": 26169.612712831506, "Solver_time": 11.250086307525635, "Z_threshold0.05_of": 25751.02452269966, "Z_threshold0.05_time": 1.4723212718963623, "Z_threshold0.1_of": 25751.02452269966, "Z_threshold0.1_time": 1.4465606212615967, "Z_threshold0.15_of": 25751.02452269966, "Z_threshold0.15_time": 1.4258697032928467, "Z_threshold0.2_of": 25751.02452269966, "Z_threshold0.2_time": 1.4330997467041016, "Z_threshold0.25_of": 25751.02452269966, "Z_threshold0.25_time": 1.4755587577819824, "Z_threshold0.3_of": 25751.02452269966, "Z_threshold0.3_time": 1.4773871898651123, "Z_threshold0.35_of": 25751.02452269966, "Z_threshold0.35_time": 1.4304673671722412, "Z_threshold0.4_of": 25751.02452269966, "Z_threshold0.4_time": 1.4408245086669922, "Z_threshold0.45_of": 25751.02452269966, "Z_threshold0.45_time": 1.413048505783081, "Z_threshold0.5_of": 25751.02452269966, "Z_threshold0.5_time": 1.4506909847259521}