{"name": "S_900_485_11728.775.json", "BaldoML_of": 28928.22130980157, "BaldoML_time": 0.8750388622283936, "BaldoGA_of": 28563.805348245118, "BaldoGA_time": 16.673375844955444, "Solver_of": 29853.585498946442, "Solver_time": 1120.6458282470703, "Z_threshold0.05_of": 29249.83435155483, "Z_threshold0.05_time": 1.5207843780517578, "Z_threshold0.1_of": 28826.893889973722, "Z_threshold0.1_time": 1.409006118774414, "Z_threshold0.15_of": 28400.674764804375, "Z_threshold0.15_time": 1.4076404571533203, "Z_threshold0.2_of": 28382.981730182706, "Z_threshold0.2_time": 1.4525539875030518, "Z_threshold0.25_of": 28358.010512081557, "Z_threshold0.25_time": 1.417637586593628, "Z_threshold0.3_of": 28358.010512081557, "Z_threshold0.3_time": 1.4261224269866943, "Z_threshold0.35_of": 28358.010512081557, "Z_threshold0.35_time": 1.4386577606201172, "Z_threshold0.4_of": 28358.010512081557, "Z_threshold0.4_time": 1.4367597103118896, "Z_threshold0.45_of": 28358.010512081557, "Z_threshold0.45_time": 1.4242937564849854, "Z_threshold0.5_of": 28358.010512081557, "Z_threshold0.5_time": 1.4175145626068115}