{"name": "S_900_391_5746.106.json", "BaldoML_of": 22439.15867401638, "BaldoML_time": 0.7046201229095459, "BaldoGA_of": 22098.28129742348, "BaldoGA_time": 13.439391613006592, "Solver_of": 22726.46329716301, "Solver_time": 11.96012830734253, "Z_threshold0.05_of": 21928.423295622382, "Z_threshold0.05_time": 1.4193620681762695, "Z_threshold0.1_of": 21690.360838923116, "Z_threshold0.1_time": 1.4361701011657715, "Z_threshold0.15_of": 21690.360838923116, "Z_threshold0.15_time": 1.42518949508667, "Z_threshold0.2_of": 21690.360838923116, "Z_threshold0.2_time": 1.4348020553588867, "Z_threshold0.25_of": 21690.360838923116, "Z_threshold0.25_time": 1.454395055770874, "Z_threshold0.3_of": 21690.360838923116, "Z_threshold0.3_time": 1.3999292850494385, "Z_threshold0.35_of": 21690.360838923116, "Z_threshold0.35_time": 1.4734117984771729, "Z_threshold0.4_of": 21690.360838923116, "Z_threshold0.4_time": 1.3980352878570557, "Z_threshold0.45_of": 21690.360838923116, "Z_threshold0.45_time": 1.4070358276367188, "Z_threshold0.5_of": 21690.360838923116, "Z_threshold0.5_time": 1.3990287780761719}