{"name": "S_900_329_5772.776.json", "BaldoML_of": 22618.169098071176, "BaldoML_time": 2.1746113300323486, "BaldoGA_of": 22000.331733314193, "BaldoGA_time": 8.518609762191772, "Solver_of": 22838.816034014937, "Solver_time": 38.30538868904114, "Z_threshold0.05_of": 22503.791479109674, "Z_threshold0.05_time": 2.550078868865967, "Z_threshold0.1_of": 21814.787406829975, "Z_threshold0.1_time": 1.460252285003662, "Z_threshold0.15_of": 21402.645381551487, "Z_threshold0.15_time": 1.4247674942016602, "Z_threshold0.2_of": 21226.391785884363, "Z_threshold0.2_time": 1.4890785217285156, "Z_threshold0.25_of": 21082.545361826004, "Z_threshold0.25_time": 1.4499902725219727, "Z_threshold0.3_of": 20996.97266720966, "Z_threshold0.3_time": 1.493598222732544, "Z_threshold0.35_of": 20996.97266720966, "Z_threshold0.35_time": 1.4881842136383057, "Z_threshold0.4_of": 20996.97266720966, "Z_threshold0.4_time": 1.468487024307251, "Z_threshold0.45_of": 20996.97266720966, "Z_threshold0.45_time": 1.515312910079956, "Z_threshold0.5_of": 20968.829149253026, "Z_threshold0.5_time": 1.5700719356536865}