{"name": "S_900_410_7398.74.json", "BaldoML_of": 25504.968325670037, "BaldoML_time": 0.7331573963165283, "BaldoGA_of": 25177.13861284056, "BaldoGA_time": 13.263800144195557, "Solver_of": 25954.992571937473, "Solver_time": 30.107019424438477, "Z_threshold0.05_of": 25476.690579916165, "Z_threshold0.05_time": 1.4756898880004883, "Z_threshold0.1_of": 24904.159641539645, "Z_threshold0.1_time": 1.3968374729156494, "Z_threshold0.15_of": 24319.50437325736, "Z_threshold0.15_time": 1.418123722076416, "Z_threshold0.2_of": 24290.492578927886, "Z_threshold0.2_time": 1.5252652168273926, "Z_threshold0.25_of": 24161.7491702855, "Z_threshold0.25_time": 1.5171427726745605, "Z_threshold0.3_of": 24109.732546565516, "Z_threshold0.3_time": 1.470158576965332, "Z_threshold0.35_of": 24081.65644380847, "Z_threshold0.35_time": 1.4409217834472656, "Z_threshold0.4_of": 24081.65644380847, "Z_threshold0.4_time": 1.451444149017334, "Z_threshold0.45_of": 24081.65644380847, "Z_threshold0.45_time": 1.3737239837646484, "Z_threshold0.5_of": 24056.996851411925, "Z_threshold0.5_time": 1.4435374736785889}