{"name": "S_900_187_5822.566.json", "BaldoML_of": 22854.06416629874, "BaldoML_time": 2.539336919784546, "BaldoGA_of": 22085.511737456643, "BaldoGA_time": 6.272463321685791, "Solver_of": 23142.89840068242, "Solver_time": 22.453223705291748, "Z_threshold0.05_of": 23097.231950997604, "Z_threshold0.05_time": 4.372107267379761, "Z_threshold0.1_of": 22913.861046631308, "Z_threshold0.1_time": 2.8771588802337646, "Z_threshold0.15_of": 22764.379163153793, "Z_threshold0.15_time": 2.1659741401672363, "Z_threshold0.2_of": 22656.19969710305, "Z_threshold0.2_time": 1.8954699039459229, "Z_threshold0.25_of": 22456.471088962855, "Z_threshold0.25_time": 1.4795231819152832, "Z_threshold0.3_of": 22143.190324202016, "Z_threshold0.3_time": 1.475780725479126, "Z_threshold0.35_of": 21628.63608387954, "Z_threshold0.35_time": 1.4642424583435059, "Z_threshold0.4_of": 21319.91591633703, "Z_threshold0.4_time": 1.4249935150146484, "Z_threshold0.45_of": 21212.9505392627, "Z_threshold0.45_time": 1.4397568702697754, "Z_threshold0.5_of": 20809.465371982194, "Z_threshold0.5_time": 1.4303512573242188}