{"name": "S_900_490_5676.093.json", "BaldoML_of": 21646.41458076422, "BaldoML_time": 0.6102879047393799, "BaldoGA_of": 21295.55432682195, "BaldoGA_time": 3.684263229370117, "Solver_of": 22054.342920091556, "Solver_time": 5.990952014923096, "Z_threshold0.05_of": 21613.61038264678, "Z_threshold0.05_time": 1.3929505348205566, "Z_threshold0.1_of": 21613.61038264678, "Z_threshold0.1_time": 1.36934232711792, "Z_threshold0.15_of": 21613.61038264678, "Z_threshold0.15_time": 1.3450982570648193, "Z_threshold0.2_of": 21613.61038264678, "Z_threshold0.2_time": 1.4101848602294922, "Z_threshold0.25_of": 21613.61038264678, "Z_threshold0.25_time": 1.340745210647583, "Z_threshold0.3_of": 21613.61038264678, "Z_threshold0.3_time": 1.3777902126312256, "Z_threshold0.35_of": 21613.61038264678, "Z_threshold0.35_time": 1.3231594562530518, "Z_threshold0.4_of": 21613.61038264678, "Z_threshold0.4_time": 1.4515306949615479, "Z_threshold0.45_of": 21613.61038264678, "Z_threshold0.45_time": 1.3542418479919434, "Z_threshold0.5_of": 21613.61038264678, "Z_threshold0.5_time": 1.3292062282562256}