{"name": "S_900_259_11436.971.json", "BaldoML_of": 32345.148964266857, "BaldoML_time": 1.1459898948669434, "BaldoGA_of": 31700.76221077263, "BaldoGA_time": 9.469647407531738, "Solver_of": 33156.98915254504, "Solver_time": 565.6526815891266, "Z_threshold0.05_of": 33057.32802868369, "Z_threshold0.05_time": 12.77454924583435, "Z_threshold0.1_of": 32998.00703443483, "Z_threshold0.1_time": 3.8602657318115234, "Z_threshold0.15_of": 32830.36742127566, "Z_threshold0.15_time": 4.796079635620117, "Z_threshold0.2_of": 32721.324546005806, "Z_threshold0.2_time": 4.539475440979004, "Z_threshold0.25_of": 32648.3883711324, "Z_threshold0.25_time": 2.2808845043182373, "Z_threshold0.3_of": 32461.53102737112, "Z_threshold0.3_time": 2.121448278427124, "Z_threshold0.35_of": 32448.293339472144, "Z_threshold0.35_time": 1.9080991744995117, "Z_threshold0.4_of": 32322.950787281643, "Z_threshold0.4_time": 1.5351974964141846, "Z_threshold0.45_of": 32263.154871051436, "Z_threshold0.45_time": 1.4644525051116943, "Z_threshold0.5_of": 31940.16898005792, "Z_threshold0.5_time": 1.5499651432037354}