{"name": "S_900_312_11330.841.json", "BaldoML_of": 31169.043695215063, "BaldoML_time": 1.1172230243682861, "BaldoGA_of": 30467.55912100086, "BaldoGA_time": 12.320520877838135, "Solver_of": 32077.49162035857, "Solver_time": 307.0065727233887, "Z_threshold0.05_of": 31932.725936795425, "Z_threshold0.05_time": 4.079262018203735, "Z_threshold0.1_of": 31802.272819376492, "Z_threshold0.1_time": 3.9009125232696533, "Z_threshold0.15_of": 31658.393489200083, "Z_threshold0.15_time": 2.9320945739746094, "Z_threshold0.2_of": 31542.42732989872, "Z_threshold0.2_time": 2.4454569816589355, "Z_threshold0.25_of": 31463.419490528842, "Z_threshold0.25_time": 2.294484853744507, "Z_threshold0.3_of": 31447.186916233364, "Z_threshold0.3_time": 2.378310203552246, "Z_threshold0.35_of": 31288.413006567247, "Z_threshold0.35_time": 1.7471189498901367, "Z_threshold0.4_of": 31122.495686441885, "Z_threshold0.4_time": 1.5747976303100586, "Z_threshold0.45_of": 30900.280861694522, "Z_threshold0.45_time": 1.5265843868255615, "Z_threshold0.5_of": 30545.596371296964, "Z_threshold0.5_time": 1.4899940490722656}