{"name": "S_900_367_7617.625.json", "BaldoML_of": 25244.59467517418, "BaldoML_time": 1.0848469734191895, "BaldoGA_of": 24815.650581442827, "BaldoGA_time": 10.025487899780273, "Solver_of": 25628.124212387567, "Solver_time": 458.65634298324585, "Z_threshold0.05_of": 25447.645605501235, "Z_threshold0.05_time": 3.140442132949829, "Z_threshold0.1_of": 25003.911556125982, "Z_threshold0.1_time": 1.5852649211883545, "Z_threshold0.15_of": 24501.40973225408, "Z_threshold0.15_time": 1.4424092769622803, "Z_threshold0.2_of": 24238.521087357967, "Z_threshold0.2_time": 1.5127182006835938, "Z_threshold0.25_of": 23910.303212534018, "Z_threshold0.25_time": 1.4119188785552979, "Z_threshold0.3_of": 23862.659058059213, "Z_threshold0.3_time": 1.4292049407958984, "Z_threshold0.35_of": 23772.596856687625, "Z_threshold0.35_time": 1.445136547088623, "Z_threshold0.4_of": 23729.663898246734, "Z_threshold0.4_time": 1.4484739303588867, "Z_threshold0.45_of": 23699.66977794879, "Z_threshold0.45_time": 1.4297542572021484, "Z_threshold0.5_of": 23628.29978593974, "Z_threshold0.5_time": 1.41664457321167}