{"name": "S_900_409_7515.61.json", "BaldoML_of": 25327.64797610681, "BaldoML_time": 0.873842716217041, "BaldoGA_of": 24831.636714453623, "BaldoGA_time": 13.529740571975708, "Solver_of": 25809.4553385474, "Solver_time": 93.72576379776001, "Z_threshold0.05_of": 25313.18130834568, "Z_threshold0.05_time": 1.5554018020629883, "Z_threshold0.1_of": 24693.345308620283, "Z_threshold0.1_time": 1.4600560665130615, "Z_threshold0.15_of": 24299.71255602521, "Z_threshold0.15_time": 1.4131958484649658, "Z_threshold0.2_of": 24148.9318672191, "Z_threshold0.2_time": 1.433530330657959, "Z_threshold0.25_of": 24107.407016818157, "Z_threshold0.25_time": 1.4860429763793945, "Z_threshold0.3_of": 24083.21384885147, "Z_threshold0.3_time": 1.440514087677002, "Z_threshold0.35_of": 24083.21384885147, "Z_threshold0.35_time": 1.437657117843628, "Z_threshold0.4_of": 24029.16627075837, "Z_threshold0.4_time": 1.4336292743682861, "Z_threshold0.45_of": 24003.032666246352, "Z_threshold0.45_time": 1.4630110263824463, "Z_threshold0.5_of": 24003.032666246352, "Z_threshold0.5_time": 1.481595754623413}