{"name": "S_900_494_5750.967.json", "BaldoML_of": 21393.37592939818, "BaldoML_time": 0.8102328777313232, "BaldoGA_of": 20941.657509335004, "BaldoGA_time": 3.9758872985839844, "Solver_of": 21904.795213094356, "Solver_time": 9.724881887435913, "Z_threshold0.05_of": 21426.725905299216, "Z_threshold0.05_time": 1.4731404781341553, "Z_threshold0.1_of": 21426.725905299216, "Z_threshold0.1_time": 1.4825708866119385, "Z_threshold0.15_of": 21426.725905299216, "Z_threshold0.15_time": 1.5642054080963135, "Z_threshold0.2_of": 21426.725905299216, "Z_threshold0.2_time": 1.4897007942199707, "Z_threshold0.25_of": 21426.725905299216, "Z_threshold0.25_time": 1.4637501239776611, "Z_threshold0.3_of": 21426.725905299216, "Z_threshold0.3_time": 1.5790491104125977, "Z_threshold0.35_of": 21426.725905299216, "Z_threshold0.35_time": 1.4893786907196045, "Z_threshold0.4_of": 21426.725905299216, "Z_threshold0.4_time": 1.5084810256958008, "Z_threshold0.45_of": 21426.725905299216, "Z_threshold0.45_time": 1.55751633644104, "Z_threshold0.5_of": 21426.725905299216, "Z_threshold0.5_time": 1.5037317276000977}