{"name": "S_900_286_11528.628.json", "BaldoML_of": 31439.648199719883, "BaldoML_time": 1.3951380252838135, "BaldoGA_of": 30445.01270517851, "BaldoGA_time": 10.227494955062866, "Solver_of": 32389.47423903769, "Solver_time": 326.73902225494385, "Z_threshold0.05_of": 32198.858381975984, "Z_threshold0.05_time": 7.9844818115234375, "Z_threshold0.1_of": 32030.50218318455, "Z_threshold0.1_time": 4.308250188827515, "Z_threshold0.15_of": 31896.30842274131, "Z_threshold0.15_time": 3.168778657913208, "Z_threshold0.2_of": 31733.10057962047, "Z_threshold0.2_time": 2.1985726356506348, "Z_threshold0.25_of": 31593.311206674523, "Z_threshold0.25_time": 2.02913498878479, "Z_threshold0.3_of": 31162.828445728806, "Z_threshold0.3_time": 1.495046854019165, "Z_threshold0.35_of": 30999.762427716025, "Z_threshold0.35_time": 1.4402918815612793, "Z_threshold0.4_of": 30925.72255288339, "Z_threshold0.4_time": 1.5203003883361816, "Z_threshold0.45_of": 30751.03851479563, "Z_threshold0.45_time": 1.465369462966919, "Z_threshold0.5_of": 30723.7744486326, "Z_threshold0.5_time": 1.4758658409118652}