{"name": "S_900_509_5642.86.json", "BaldoML_of": 22520.997392314635, "BaldoML_time": 0.6157827377319336, "BaldoGA_of": 22337.80747846544, "BaldoGA_time": 4.900365591049194, "Solver_of": 22835.74854537646, "Solver_time": 10.000627994537354, "Z_threshold0.05_of": 22465.98348400626, "Z_threshold0.05_time": 1.523125171661377, "Z_threshold0.1_of": 22465.98348400626, "Z_threshold0.1_time": 1.6985409259796143, "Z_threshold0.15_of": 22465.98348400626, "Z_threshold0.15_time": 1.5360157489776611, "Z_threshold0.2_of": 22465.98348400626, "Z_threshold0.2_time": 1.3593106269836426, "Z_threshold0.25_of": 22465.98348400626, "Z_threshold0.25_time": 1.3760528564453125, "Z_threshold0.3_of": 22465.98348400626, "Z_threshold0.3_time": 1.3813011646270752, "Z_threshold0.35_of": 22465.98348400626, "Z_threshold0.35_time": 1.5363032817840576, "Z_threshold0.4_of": 22465.98348400626, "Z_threshold0.4_time": 1.4916889667510986, "Z_threshold0.45_of": 22465.98348400626, "Z_threshold0.45_time": 1.4780871868133545, "Z_threshold0.5_of": 22465.98348400626, "Z_threshold0.5_time": 1.4537925720214844}