{"name": "S_900_193_5696.135.json", "BaldoML_of": 23990.199395381664, "BaldoML_time": 1.8003692626953125, "BaldoGA_of": 23290.7998437395, "BaldoGA_time": 5.979224920272827, "Solver_of": 24259.968947127178, "Solver_time": 15.931932210922241, "Z_threshold0.05_of": 24211.88592730404, "Z_threshold0.05_time": 3.445464849472046, "Z_threshold0.1_of": 24155.116101122316, "Z_threshold0.1_time": 2.5009829998016357, "Z_threshold0.15_of": 23966.37279255553, "Z_threshold0.15_time": 2.3284754753112793, "Z_threshold0.2_of": 23834.57782734114, "Z_threshold0.2_time": 2.216797113418579, "Z_threshold0.25_of": 23421.70760714847, "Z_threshold0.25_time": 1.3681416511535645, "Z_threshold0.3_of": 23246.562770078344, "Z_threshold0.3_time": 1.3708984851837158, "Z_threshold0.35_of": 22997.460226742664, "Z_threshold0.35_time": 1.4144630432128906, "Z_threshold0.4_of": 22763.284511245118, "Z_threshold0.4_time": 1.4147694110870361, "Z_threshold0.45_of": 22317.056276773998, "Z_threshold0.45_time": 1.376096248626709, "Z_threshold0.5_of": 22036.963196221644, "Z_threshold0.5_time": 1.4227793216705322}