{"name": "S_900_242_7595.908.json", "BaldoML_of": 26398.464929624726, "BaldoML_time": 1.8697295188903809, "BaldoGA_of": 25558.36837446181, "BaldoGA_time": 8.504988670349121, "Solver_of": 26777.9868021899, "Solver_time": 155.99441933631897, "Z_threshold0.05_of": 26727.781525339535, "Z_threshold0.05_time": 3.2709851264953613, "Z_threshold0.1_of": 26526.03893832536, "Z_threshold0.1_time": 2.4369213581085205, "Z_threshold0.15_of": 26379.717391213642, "Z_threshold0.15_time": 2.0186750888824463, "Z_threshold0.2_of": 26064.47686704254, "Z_threshold0.2_time": 1.4829509258270264, "Z_threshold0.25_of": 25820.174955499508, "Z_threshold0.25_time": 1.4980511665344238, "Z_threshold0.3_of": 25413.198297247123, "Z_threshold0.3_time": 1.4037384986877441, "Z_threshold0.35_of": 25261.314636084408, "Z_threshold0.35_time": 1.3667118549346924, "Z_threshold0.4_of": 25071.01517348444, "Z_threshold0.4_time": 1.3961331844329834, "Z_threshold0.45_of": 24798.725279060523, "Z_threshold0.45_time": 1.4025399684906006, "Z_threshold0.5_of": 24663.229870800948, "Z_threshold0.5_time": 1.4358294010162354}