{"name": "S_900_360_5500.86.json", "BaldoML_of": 22756.58714029656, "BaldoML_time": 1.015953540802002, "BaldoGA_of": 22521.296770615427, "BaldoGA_time": 8.68941044807434, "Solver_of": 23098.6957477627, "Solver_time": 12.736388206481934, "Z_threshold0.05_of": 22611.583534187306, "Z_threshold0.05_time": 1.4598889350891113, "Z_threshold0.1_of": 21947.58003355891, "Z_threshold0.1_time": 1.2994554042816162, "Z_threshold0.15_of": 21602.67199983828, "Z_threshold0.15_time": 1.3038296699523926, "Z_threshold0.2_of": 21473.98112140131, "Z_threshold0.2_time": 1.3266067504882812, "Z_threshold0.25_of": 21411.500197157995, "Z_threshold0.25_time": 1.3392677307128906, "Z_threshold0.3_of": 21380.387761002752, "Z_threshold0.3_time": 1.325855016708374, "Z_threshold0.35_of": 21380.387761002752, "Z_threshold0.35_time": 1.3226280212402344, "Z_threshold0.4_of": 21380.387761002752, "Z_threshold0.4_time": 1.3200139999389648, "Z_threshold0.45_of": 21380.387761002752, "Z_threshold0.45_time": 1.3163375854492188, "Z_threshold0.5_of": 21380.387761002752, "Z_threshold0.5_time": 1.3104870319366455}