{"name": "S_900_366_5865.117.json", "BaldoML_of": 21611.74301215502, "BaldoML_time": 0.8295464515686035, "BaldoGA_of": 21109.076474049583, "BaldoGA_time": 10.541353702545166, "Solver_of": 21911.27886045585, "Solver_time": 12.394219636917114, "Z_threshold0.05_of": 21480.416493504857, "Z_threshold0.05_time": 1.475254774093628, "Z_threshold0.1_of": 20760.812349596017, "Z_threshold0.1_time": 1.4497532844543457, "Z_threshold0.15_of": 20517.32428523645, "Z_threshold0.15_time": 1.3640804290771484, "Z_threshold0.2_of": 20517.32428523645, "Z_threshold0.2_time": 1.410848617553711, "Z_threshold0.25_of": 20400.710846646904, "Z_threshold0.25_time": 1.4304299354553223, "Z_threshold0.3_of": 20400.710846646904, "Z_threshold0.3_time": 1.414212942123413, "Z_threshold0.35_of": 20400.710846646904, "Z_threshold0.35_time": 1.411402702331543, "Z_threshold0.4_of": 20400.710846646904, "Z_threshold0.4_time": 1.3975460529327393, "Z_threshold0.45_of": 20400.710846646904, "Z_threshold0.45_time": 1.4038364887237549, "Z_threshold0.5_of": 20400.710846646904, "Z_threshold0.5_time": 1.4172568321228027}