{"name": "S_900_290_7546.743.json", "BaldoML_of": 24781.219219049763, "BaldoML_time": 1.4368360042572021, "BaldoGA_of": 24320.91114595494, "BaldoGA_time": 6.966293096542358, "Solver_of": 25283.975957351664, "Solver_time": 135.32576870918274, "Z_threshold0.05_of": 25221.204633225294, "Z_threshold0.05_time": 4.526653528213501, "Z_threshold0.1_of": 24922.009335137645, "Z_threshold0.1_time": 2.600865364074707, "Z_threshold0.15_of": 24768.8645017847, "Z_threshold0.15_time": 2.1765105724334717, "Z_threshold0.2_of": 24719.70886347262, "Z_threshold0.2_time": 1.8034305572509766, "Z_threshold0.25_of": 24521.71087024548, "Z_threshold0.25_time": 1.4895150661468506, "Z_threshold0.3_of": 24016.247080442103, "Z_threshold0.3_time": 1.390225887298584, "Z_threshold0.35_of": 23483.150485176444, "Z_threshold0.35_time": 1.4296753406524658, "Z_threshold0.4_of": 23283.252443653746, "Z_threshold0.4_time": 1.3908591270446777, "Z_threshold0.45_of": 22894.592171725526, "Z_threshold0.45_time": 1.3479118347167969, "Z_threshold0.5_of": 22757.426781213067, "Z_threshold0.5_time": 1.3865892887115479}