{"name": "S_900_432_11593.535.json", "BaldoML_of": 31602.48794300617, "BaldoML_time": 1.1427369117736816, "BaldoGA_of": 31151.372643116283, "BaldoGA_time": 14.64801812171936, "Solver_of": 32201.210641362522, "Solver_time": 754.6583006381989, "Z_threshold0.05_of": 32093.504612899065, "Z_threshold0.05_time": 7.711516857147217, "Z_threshold0.1_of": 31788.743222925707, "Z_threshold0.1_time": 2.036688804626465, "Z_threshold0.15_of": 31427.496117936014, "Z_threshold0.15_time": 1.4722492694854736, "Z_threshold0.2_of": 31081.39097749523, "Z_threshold0.2_time": 1.4404079914093018, "Z_threshold0.25_of": 30980.778953802375, "Z_threshold0.25_time": 1.4616923332214355, "Z_threshold0.3_of": 30919.688148586723, "Z_threshold0.3_time": 1.519477367401123, "Z_threshold0.35_of": 30856.807885938495, "Z_threshold0.35_time": 1.3839805126190186, "Z_threshold0.4_of": 30856.807885938495, "Z_threshold0.4_time": 1.4429585933685303, "Z_threshold0.45_of": 30751.322539001732, "Z_threshold0.45_time": 1.4328651428222656, "Z_threshold0.5_of": 30751.322539001732, "Z_threshold0.5_time": 1.379594087600708}