{"name": "E_1100_300_9364.577.json", "BaldoML_of": 31902.434422446615, "BaldoML_time": 7.080459356307983, "BaldoGA_of": 30376.784131996774, "BaldoGA_time": 5.317092418670654, "Solver_of": 31902.369707995906, "Solver_time": 6.906197547912598}