{"name": "E_1100_283_7040.54.json", "BaldoML_of": 27840.047827767434, "BaldoML_time": 4.876837491989136, "BaldoGA_of": 26965.720664460576, "BaldoGA_time": 4.8835859298706055, "Solver_of": 28115.54289092648, "Solver_time": 6.959182500839233}