{"name": "E_1100_545_9438.768.json", "BaldoML_of": 30345.509584587624, "BaldoML_time": 7.397246360778809, "BaldoGA_of": 29738.509519970994, "BaldoGA_time": 8.91733169555664, "Solver_of": 30345.509584587624, "Solver_time": 3.389927625656128}