{"name": "E_1100_419_9603.91.json", "BaldoML_of": 30794.278095206704, "BaldoML_time": 23.308196783065796, "BaldoGA_of": 29754.523348497565, "BaldoGA_time": 5.802051305770874, "Solver_of": 30800.94421870626, "Solver_time": 18.987346410751343}