{"name": "E_1100_657_9305.291.json", "BaldoML_of": 31143.07748299179, "BaldoML_time": 0.7252469062805176, "BaldoGA_of": 30767.79737851805, "BaldoGA_time": 3.18569278717041, "Solver_of": 31555.714060389935, "Solver_time": 2.066195487976074}