{"name": "E_1100_534_9307.444.json", "BaldoML_of": 29905.180461279622, "BaldoML_time": 0.5301282405853271, "BaldoGA_of": 29360.78868784924, "BaldoGA_time": 8.079957962036133, "Solver_of": 30316.452444770766, "Solver_time": 3.941382884979248}