{"name": "E_1100_463_13881.864.json", "BaldoML_of": 36688.94378066441, "BaldoML_time": 1.2734367847442627, "BaldoGA_of": 35964.845900164546, "BaldoGA_time": 8.26167631149292, "Solver_of": 37410.21597223445, "Solver_time": 20.47988724708557}