{"name": "E_1100_659_7245.515.json", "BaldoML_of": 27043.724253693486, "BaldoML_time": 1.5774478912353516, "BaldoGA_of": 26618.968897642906, "BaldoGA_time": 2.4836294651031494, "Solver_of": 27042.553414928632, "Solver_time": 1.2330193519592285}