{"name": "E_1100_263_14142.074.json", "BaldoML_of": 38642.28601178087, "BaldoML_time": 2.4159796237945557, "BaldoGA_of": 37453.68755046816, "BaldoGA_time": 5.439415454864502, "Solver_of": 39645.794830210885, "Solver_time": 6.984890937805176}