{"name": "E_1100_546_14463.231.json", "BaldoML_of": -1, "BaldoML_time": 600.6792566776276, "BaldoGA_of": 35347.741329325785, "BaldoGA_time": 8.850765943527222, "Solver_of": 36755.597223582234, "Solver_time": 15.298384428024292}