{"name": "E_1100_657_14170.052.json", "BaldoML_of": 37017.77057116914, "BaldoML_time": 10.762343883514404, "BaldoGA_of": 36007.573806996865, "BaldoGA_time": 11.948775053024292, "Solver_of": 37022.39985003754, "Solver_time": 14.39889144897461}