{"name": "E_1100_456_9270.815.json", "BaldoML_of": 30794.094688419795, "BaldoML_time": 19.39279317855835, "BaldoGA_of": 29951.874833143393, "BaldoGA_time": 6.931788206100464, "Solver_of": 30793.979688069274, "Solver_time": 23.133804082870483}