{"name": "E_1100_617_13839.932.json", "BaldoML_of": 37773.643584751255, "BaldoML_time": 13.350132465362549, "BaldoGA_of": 36980.35855102984, "BaldoGA_time": 10.195795059204102, "Solver_of": 37778.312861171755, "Solver_time": 8.25375747680664}