{"name": "E_1100_291_13433.434.json", "BaldoML_of": 42179.30940454686, "BaldoML_time": 16.166844129562378, "BaldoGA_of": 40439.36886048145, "BaldoGA_time": 6.197305679321289, "Solver_of": 42180.018187217356, "Solver_time": 7.56016731262207}