{"name": "E_1100_310_14371.437.json", "BaldoML_of": 38408.15376075584, "BaldoML_time": 2.7919065952301025, "BaldoGA_of": 37054.24336731511, "BaldoGA_time": 5.975550174713135, "Solver_of": 39069.93419371742, "Solver_time": 7.903519630432129}