{"name": "E_1100_618_9377.946.json", "BaldoML_of": 30410.28198265969, "BaldoML_time": 0.9838118553161621, "BaldoGA_of": 30051.013429654216, "BaldoGA_time": 3.077320098876953, "Solver_of": 30841.27250056563, "Solver_time": 4.647792816162109}