{"name": "E_1100_277_14087.731.json", "BaldoML_of": 40323.331975842455, "BaldoML_time": 10.073606967926025, "BaldoGA_of": 38482.45715248186, "BaldoGA_time": 4.5749359130859375, "Solver_of": 40322.99856792564, "Solver_time": 12.840977191925049}