{"name": "E_1100_299_14229.205.json", "BaldoML_of": 38462.597335417435, "BaldoML_time": 25.615806579589844, "BaldoGA_of": 36049.9560105997, "BaldoGA_time": 5.473869562149048, "Solver_of": 38462.597335417435, "Solver_time": 11.290322303771973}