{"name": "E_1100_349_6875.883.json", "BaldoML_of": 28045.797218203843, "BaldoML_time": 1.107456922531128, "BaldoGA_of": 27249.357739909687, "BaldoGA_time": 4.186614751815796, "Solver_of": 28219.188205432183, "Solver_time": 18.304297924041748}