{"name": "E_1100_342_14306.883.json", "BaldoML_of": 38695.26058962466, "BaldoML_time": 47.30455660820007, "BaldoGA_of": 37027.15051511339, "BaldoGA_time": 6.25863242149353, "Solver_of": 38694.58078952848, "Solver_time": 21.181114196777344}