{"name": "E_1100_432_13471.393.json", "BaldoML_of": 40202.43617191095, "BaldoML_time": 0.9970500469207764, "BaldoGA_of": 39235.37483468836, "BaldoGA_time": 7.020716905593872, "Solver_of": 40754.86592351894, "Solver_time": 16.097057580947876}