{"name": "E_1100_631_6869.865.json", "BaldoML_of": 27474.4630562508, "BaldoML_time": 1.0995798110961914, "BaldoGA_of": 26802.68651941981, "BaldoGA_time": 2.2289071083068848, "Solver_of": 27474.138607009703, "Solver_time": 0.9041562080383301}