{"name": "E_1100_581_6954.777.json", "BaldoML_of": 26981.009856526263, "BaldoML_time": 3.068793296813965, "BaldoGA_of": 26215.973310656012, "BaldoGA_time": 2.186213254928589, "Solver_of": 26997.10401702482, "Solver_time": 2.4521234035491943}