{"name": "E_1100_519_14231.222.json", "BaldoML_of": 37007.574519751586, "BaldoML_time": 1.1062123775482178, "BaldoGA_of": 36485.31360467331, "BaldoGA_time": 8.202256679534912, "Solver_of": 37625.07296222898, "Solver_time": 23.30910634994507}