{"name": "E_1100_470_6946.695.json", "BaldoML_of": 28039.846155208168, "BaldoML_time": 5.002085208892822, "BaldoGA_of": 27466.161214986183, "BaldoGA_time": 7.4192118644714355, "Solver_of": 28039.846155208168, "Solver_time": 4.265608072280884}