{"name": "E_1100_234_7004.381.json", "BaldoML_of": 28464.96770262864, "BaldoML_time": 2.302001476287842, "BaldoGA_of": 27554.319782204813, "BaldoGA_time": 3.9227962493896484, "Solver_of": 28589.27595425345, "Solver_time": 6.858452558517456}