{"name": "E_1100_223_9442.05.json", "BaldoML_of": 32242.199331559044, "BaldoML_time": 2.7320408821105957, "BaldoGA_of": 31159.09293435249, "BaldoGA_time": 4.329596281051636, "Solver_of": 32461.001962054608, "Solver_time": 13.369296550750732}