{"name": "E_1100_468_14229.099.json", "BaldoML_of": 38254.58074637161, "BaldoML_time": 27.760406494140625, "BaldoGA_of": 36893.74255738102, "BaldoGA_time": 7.833832740783691, "Solver_of": 38254.57496411062, "Solver_time": 20.631924152374268}