{"name": "E_1100_617_13839.932.json", "BaldoML_of": 37079.9527026522, "BaldoML_time": 0.6363668441772461, "BaldoGA_of": 36980.35855102984, "BaldoGA_time": 10.195795059204102, "Solver_of": 37778.312861171755, "Solver_time": 8.25375747680664}