{"name": "E_1100_458_7167.421.json", "BaldoML_of": 26151.39183033766, "BaldoML_time": 2.3486363887786865, "BaldoGA_of": 25486.645521991337, "BaldoGA_time": 6.8384528160095215, "Solver_of": 26151.39183033766, "Solver_time": 2.082310199737549}