{"name": "E_1100_398_9126.146.json", "BaldoML_of": 31165.102284133754, "BaldoML_time": 19.877108573913574, "BaldoGA_of": 30002.177340546485, "BaldoGA_time": 4.765728712081909, "Solver_of": 31164.774973236024, "Solver_time": 26.95874524116516}