{"name": "E_1100_336_13776.187.json", "BaldoML_of": 38990.93675670175, "BaldoML_time": 2.3776779174804688, "BaldoGA_of": 37797.01291409263, "BaldoGA_time": 6.441921710968018, "Solver_of": 39794.825388954494, "Solver_time": 18.32411026954651}