{"name": "E_1100_249_7157.268.json", "BaldoML_of": 27119.776854728734, "BaldoML_time": 3.0561304092407227, "BaldoGA_of": 26345.354464998385, "BaldoGA_time": 3.9913089275360107, "Solver_of": 27413.805791866307, "Solver_time": 10.264451026916504}