{"name": "E_1100_360_14066.337.json", "BaldoML_of": 39216.04472651507, "BaldoML_time": 11.056511640548706, "BaldoGA_of": 37680.95998980412, "BaldoGA_time": 6.188657283782959, "Solver_of": 39218.6328637951, "Solver_time": 11.414777517318726}