{"name": "E_1100_220_9365.442.json", "BaldoML_of": 32870.043851529335, "BaldoML_time": 10.708429336547852, "BaldoGA_of": 31234.292057267732, "BaldoGA_time": 5.2713706493377686, "Solver_of": 32870.04385152933, "Solver_time": 12.243546485900879}