{"name": "E_1100_499_13831.55.json", "BaldoML_of": 37924.36813727862, "BaldoML_time": 37.120850563049316, "BaldoGA_of": 36429.7371658617, "BaldoGA_time": 7.571932792663574, "Solver_of": 37926.04582682317, "Solver_time": 18.49948287010193}