{"name": "E_1100_610_9152.854.json", "BaldoML_of": 31739.770997233914, "BaldoML_time": 6.23858904838562, "BaldoGA_of": 30946.779387913924, "BaldoGA_time": 3.0224056243896484, "Solver_of": 31740.987361561638, "Solver_time": 6.21598482131958}