{"name": "E_1100_548_9327.421.json", "BaldoML_of": 31025.70704308147, "BaldoML_time": 9.136380195617676, "BaldoGA_of": 30216.589985186885, "BaldoGA_time": 8.001810312271118, "Solver_of": 31023.921099822674, "Solver_time": 9.675814151763916}