{"name": "E_1100_366_6964.762.json", "BaldoML_of": 27029.419126791196, "BaldoML_time": 14.974235773086548, "BaldoGA_of": 26333.58544954089, "BaldoGA_time": 4.9575371742248535, "Solver_of": 27029.419126791192, "Solver_time": 21.482996940612793}