{"name": "E_1100_498_6945.356.json", "BaldoML_of": 27324.872415954735, "BaldoML_time": 3.496875524520874, "BaldoGA_of": 26624.736855463387, "BaldoGA_time": 6.8136632442474365, "Solver_of": 27324.262912828723, "Solver_time": 2.588226556777954}