{"name": "E_1100_240_14277.977.json", "BaldoML_of": 40010.63677453723, "BaldoML_time": 24.68485403060913, "BaldoGA_of": 38073.805893612276, "BaldoGA_time": 5.480635166168213, "Solver_of": 40010.5320161401, "Solver_time": 9.86576223373413}