{"name": "E_1100_543_9448.119.json", "BaldoML_of": 29272.091590774922, "BaldoML_time": 0.7876443862915039, "BaldoGA_of": 29040.288585946724, "BaldoGA_time": 7.371963977813721, "Solver_of": 29537.3207281972, "Solver_time": 6.162548303604126}