{"name": "E_1100_591_9294.641.json", "BaldoML_of": 31394.426637088283, "BaldoML_time": 3.338944673538208, "BaldoGA_of": 30461.452804532077, "BaldoGA_time": 3.0565178394317627, "Solver_of": 31393.883407269797, "Solver_time": 5.292763948440552}