{"name": "E_1100_297_7321.559.json", "BaldoML_of": 26235.378560031793, "BaldoML_time": 5.866613149642944, "BaldoGA_of": 25182.967592751607, "BaldoGA_time": 4.013324022293091, "Solver_of": 26235.378560031793, "Solver_time": 7.716073751449585}