{"name": "E_1100_358_7139.111.json", "BaldoML_of": 25899.010072564935, "BaldoML_time": 16.962321281433105, "BaldoGA_of": 25050.616775850405, "BaldoGA_time": 4.5428314208984375, "Solver_of": 25899.010072564935, "Solver_time": 25.193091869354248}