{"name": "E_1100_353_9374.745.json", "BaldoML_of": 31066.76006550795, "BaldoML_time": 11.341153621673584, "BaldoGA_of": 29809.89112194584, "BaldoGA_time": 4.514979362487793, "Solver_of": 31067.638862786196, "Solver_time": 20.698015689849854}