{"name": "E_1100_651_14189.878.json", "BaldoML_of": 35879.068863756635, "BaldoML_time": 0.563511848449707, "BaldoGA_of": 35664.317389032076, "BaldoGA_time": 11.057748556137085, "Solver_of": 36571.92736118261, "Solver_time": 11.409218788146973}