{"name": "E_1100_324_9225.993.json", "BaldoML_of": 33523.97036303877, "BaldoML_time": 11.413279294967651, "BaldoGA_of": 32190.66384161193, "BaldoGA_time": 5.442631721496582, "Solver_of": 33522.9223945496, "Solver_time": 6.77087664604187}