{"name": "E_1100_636_9385.933.json", "BaldoML_of": 29940.59649142686, "BaldoML_time": 0.5446794033050537, "BaldoGA_of": 29594.81260710209, "BaldoGA_time": 2.8137710094451904, "Solver_of": 30301.68399534969, "Solver_time": 3.9819695949554443}