{"name": "E_1100_403_14224.619.json", "BaldoML_of": 36599.80878781179, "BaldoML_time": 1.9758708477020264, "BaldoGA_of": 35798.949734019814, "BaldoGA_time": 6.040088176727295, "Solver_of": 37466.59632318482, "Solver_time": 14.583225727081299}