{"name": "E_1100_410_7045.504.json", "BaldoML_of": 27304.68603844787, "BaldoML_time": 1.6959223747253418, "BaldoGA_of": 26891.356295448146, "BaldoGA_time": 5.256777763366699, "Solver_of": 27524.506084394416, "Solver_time": 19.096855640411377}