{"name": "E_1100_456_9270.815.json", "BaldoML_of": 30363.779076494266, "BaldoML_time": 1.6198797225952148, "BaldoGA_of": 29951.874833143393, "BaldoGA_time": 6.931788206100464, "Solver_of": 30793.979688069274, "Solver_time": 23.133804082870483}