{"name": "E_1100_547_6959.488.json", "BaldoML_of": 26579.292244637374, "BaldoML_time": 1.9855918884277344, "BaldoGA_of": 25863.31101157306, "BaldoGA_time": 2.019970178604126, "Solver_of": 26581.926616292327, "Solver_time": 4.751878499984741}