{"name": "E_1100_366_7029.334.json", "BaldoML_of": 26474.59248787153, "BaldoML_time": 1.4302937984466553, "BaldoGA_of": 25810.367980304978, "BaldoGA_time": 4.428133964538574, "Solver_of": 26827.88595231083, "Solver_time": 15.058512449264526}