{"name": "E_1100_396_14172.771.json", "BaldoML_of": 38511.356629380665, "BaldoML_time": 20.832961797714233, "BaldoGA_of": 37016.64600267086, "BaldoGA_time": 6.284008741378784, "Solver_of": 38510.510550709885, "Solver_time": 14.518657207489014}