{"name": "E_1100_426_13904.517.json", "BaldoML_of": 37271.23127743483, "BaldoML_time": 1.264613151550293, "BaldoGA_of": 36563.095972077004, "BaldoGA_time": 5.9470155239105225, "Solver_of": 37913.09255158911, "Solver_time": 12.17391586303711}