{"name": "E_1100_554_9193.846.json", "BaldoML_of": 31478.79265041028, "BaldoML_time": 2.2729058265686035, "BaldoGA_of": 30718.037928122136, "BaldoGA_time": 8.596360683441162, "Solver_of": 31478.792739833705, "Solver_time": 7.59423828125}