{"name": "E_1100_641_7020.441.json", "BaldoML_of": 28033.42274922798, "BaldoML_time": 1.4977638721466064, "BaldoGA_of": 27296.043448320077, "BaldoGA_time": 2.2961947917938232, "Solver_of": 28085.29335454611, "Solver_time": 1.2431588172912598}