{"name": "E_1100_226_9223.982.json", "BaldoML_of": 33352.98004476678, "BaldoML_time": 7.5930962562561035, "BaldoGA_of": 31865.46107382955, "BaldoGA_time": 5.054802179336548, "Solver_of": 33354.257342386096, "Solver_time": 12.802350997924805}