{"name": "E_1100_266_14168.107.json", "BaldoML_of": 40069.49928016255, "BaldoML_time": 18.566337823867798, "BaldoGA_of": 37474.96283327072, "BaldoGA_time": 4.833321571350098, "Solver_of": 40070.56317532728, "Solver_time": 12.536197423934937}