{"name": "E_1100_545_9438.768.json", "BaldoML_of": 30044.130085851215, "BaldoML_time": 1.0365371704101562, "BaldoGA_of": 29738.509519970994, "BaldoGA_time": 8.91733169555664, "Solver_of": 30345.509584587624, "Solver_time": 3.389927625656128}