{"name": "E_1100_614_6972.51.json", "BaldoML_of": 27385.682565790506, "BaldoML_time": 0.5424962043762207, "BaldoGA_of": 26913.351751487637, "BaldoGA_time": 2.1941211223602295, "Solver_of": 27743.889044207885, "Solver_time": 1.450953483581543}