{"name": "E_1100_511_14031.053.json", "BaldoML_of": 36662.76858940393, "BaldoML_time": 1.2793042659759521, "BaldoGA_of": 36144.06609559391, "BaldoGA_time": 7.801213502883911, "Solver_of": 37589.09075328407, "Solver_time": 16.92039155960083}