{"name": "E_1100_257_9260.365.json", "BaldoML_of": 33158.62728537671, "BaldoML_time": 10.063714981079102, "BaldoGA_of": 31386.853664969633, "BaldoGA_time": 4.1931540966033936, "Solver_of": 33160.271886755734, "Solver_time": 4.9152820110321045}