{"name": "E_1100_484_7214.183.json", "BaldoML_of": 24165.85107753005, "BaldoML_time": 1.0741217136383057, "BaldoGA_of": 23618.677233298775, "BaldoGA_time": 6.611534118652344, "Solver_of": 24570.61458837777, "Solver_time": 4.4524009227752686}