{"name": "E_1100_261_14264.622.json", "BaldoML_of": 40392.86510535549, "BaldoML_time": 18.53346061706543, "BaldoGA_of": 38075.74743640139, "BaldoGA_time": 5.240106105804443, "Solver_of": 40392.865105355486, "Solver_time": 19.743090391159058}