{"name": "E_1100_609_14017.601.json", "BaldoML_of": 36357.77605414621, "BaldoML_time": 22.98062777519226, "BaldoGA_of": 35081.67303286054, "BaldoGA_time": 8.318234920501709, "Solver_of": 36358.54535272011, "Solver_time": 21.273198127746582}