{"name": "E_1100_634_13723.202.json", "BaldoML_of": 37934.60204480033, "BaldoML_time": 0.6807429790496826, "BaldoGA_of": 37705.8302513868, "BaldoGA_time": 10.988413333892822, "Solver_of": 38625.04516182491, "Solver_time": 15.899508714675903}