{"name": "E_1100_385_14203.103.json", "BaldoML_of": 39013.698790216746, "BaldoML_time": 17.43693780899048, "BaldoGA_of": 37154.9904443315, "BaldoGA_time": 6.2618725299835205, "Solver_of": 39013.30958728498, "Solver_time": 168.70869874954224}