{"name": "E_1100_469_9216.902.json", "BaldoML_of": 30099.80420145227, "BaldoML_time": 3.4010813236236572, "BaldoGA_of": 29570.961858147475, "BaldoGA_time": 6.045567035675049, "Solver_of": 30585.776720832837, "Solver_time": 19.83782720565796}