{"name": "E_1100_551_14043.123.json", "BaldoML_of": 36136.18091836146, "BaldoML_time": 1.2628679275512695, "BaldoGA_of": 35529.926811880454, "BaldoGA_time": 8.34702467918396, "Solver_of": 36813.777510805114, "Solver_time": 18.582085847854614}