{"name": "E_1100_440_7024.234.json", "BaldoML_of": 26602.768565335788, "BaldoML_time": 7.8560121059417725, "BaldoGA_of": 25821.011027930243, "BaldoGA_time": 6.166093826293945, "Solver_of": 26602.768565335788, "Solver_time": 12.78507113456726}