{"name": "E_1100_584_6873.986.json", "BaldoML_of": 28075.010391817323, "BaldoML_time": 1.5778024196624756, "BaldoGA_of": 27519.06878462773, "BaldoGA_time": 2.376044750213623, "Solver_of": 28075.010391817323, "Solver_time": 1.0713939666748047}