{"name": "E_1100_482_9295.481.json", "BaldoML_of": 31154.68163736468, "BaldoML_time": 16.894548416137695, "BaldoGA_of": 30278.108815030937, "BaldoGA_time": 6.785736083984375, "Solver_of": 31154.90030124307, "Solver_time": 28.048152923583984}