{"name": "E_1100_495_7042.479.json", "BaldoML_of": 26236.206444859657, "BaldoML_time": 0.6324703693389893, "BaldoGA_of": 25913.294410558185, "BaldoGA_time": 6.5886218547821045, "Solver_of": 26490.953991067956, "Solver_time": 5.344427585601807}