{"name": "E_1100_640_6992.679.json", "BaldoML_of": 26981.702191165063, "BaldoML_time": 1.2531282901763916, "BaldoGA_of": 26355.16728656305, "BaldoGA_time": 2.476530075073242, "Solver_of": 26981.702191165063, "Solver_time": 1.4639170169830322}