{"name": "E_1100_269_7186.131.json", "BaldoML_of": 26381.382868972316, "BaldoML_time": 8.536983251571655, "BaldoGA_of": 25354.19027901781, "BaldoGA_time": 3.8197555541992188, "Solver_of": 26380.435056456754, "Solver_time": 7.98713755607605}