{"name": "E_1100_364_9423.064.json", "BaldoML_of": 32557.003808158384, "BaldoML_time": 15.915761470794678, "BaldoGA_of": 31400.270411200472, "BaldoGA_time": 5.2855846881866455, "Solver_of": 32557.003808158417, "Solver_time": 13.109883308410645}