{"name": "E_1100_481_6956.211.json", "BaldoML_of": 27783.433427326683, "BaldoML_time": 0.7801516056060791, "BaldoGA_of": 27403.200423192917, "BaldoGA_time": 7.354375600814819, "Solver_of": 27964.00269211892, "Solver_time": 1.907191276550293}