{"name": "E_1100_259_9251.347.json", "BaldoML_of": 34241.52982193558, "BaldoML_time": 2.5013954639434814, "BaldoGA_of": 33252.27646744509, "BaldoGA_time": 4.749393701553345, "Solver_of": 34588.81785639597, "Solver_time": 6.6570048332214355}