{"name": "E_1100_358_9284.27.json", "BaldoML_of": 30969.933881114208, "BaldoML_time": 2.0609662532806396, "BaldoGA_of": 30265.109101690403, "BaldoGA_time": 4.685752868652344, "Solver_of": 31413.024356013386, "Solver_time": 17.505767107009888}