{"name": "E_1100_593_6824.782.json", "BaldoML_of": 26861.252115983025, "BaldoML_time": 1.44480562210083, "BaldoGA_of": 26094.7079211026, "BaldoGA_time": 2.4863526821136475, "Solver_of": 26861.252115983025, "Solver_time": 1.420212984085083}