{"name": "E_1100_601_7073.432.json", "BaldoML_of": 27340.144729549636, "BaldoML_time": 1.9525384902954102, "BaldoGA_of": 26625.711650717338, "BaldoGA_time": 2.487999439239502, "Solver_of": 27340.144729549636, "Solver_time": 1.3606576919555664}