{"name": "E_1100_538_7050.053.json", "BaldoML_of": 26155.340865583184, "BaldoML_time": 1.9541850090026855, "BaldoGA_of": 25531.293043406084, "BaldoGA_time": 2.1638131141662598, "Solver_of": 26214.02575860642, "Solver_time": 3.6983840465545654}