{"name": "E_1100_236_9298.556.json", "BaldoML_of": 33061.76497338968, "BaldoML_time": 11.821614742279053, "BaldoGA_of": 31456.28857864456, "BaldoGA_time": 4.664353370666504, "Solver_of": 33060.690568239224, "Solver_time": 10.06531834602356}