{"name": "E_1100_499_6772.245.json", "BaldoML_of": 28459.953660814837, "BaldoML_time": 2.765810012817383, "BaldoGA_of": 27830.720101717652, "BaldoGA_time": 6.271012544631958, "Solver_of": 28460.05392782528, "Solver_time": 7.009730815887451}