{"name": "E_1100_312_13693.27.json", "BaldoML_of": 40172.56629889265, "BaldoML_time": 20.998681783676147, "BaldoGA_of": 37792.00400272422, "BaldoGA_time": 5.990384101867676, "Solver_of": 40173.35216921663, "Solver_time": 17.280601024627686}