{"name": "E_1100_234_6763.034.json", "BaldoML_of": 28294.61280165239, "BaldoML_time": 2.6133711338043213, "BaldoGA_of": 26997.280068287684, "BaldoGA_time": 3.775428056716919, "Solver_of": 28479.077707311833, "Solver_time": 7.959216117858887}