{"name": "E_1100_536_7180.01.json", "BaldoML_of": 26002.988579242494, "BaldoML_time": 2.0408105850219727, "BaldoGA_of": 25465.606531953403, "BaldoGA_time": 2.2776758670806885, "Solver_of": 26085.08648295751, "Solver_time": 2.8218019008636475}