{"name": "E_1100_394_14069.936.json", "BaldoML_of": 38845.430088783774, "BaldoML_time": 8.852028131484985, "BaldoGA_of": 37003.6161970897, "BaldoGA_time": 6.032649040222168, "Solver_of": 38845.22509928077, "Solver_time": 13.599342584609985}