{"name": "E_1100_484_9389.87.json", "BaldoML_of": 30598.230367570763, "BaldoML_time": 1.1061606407165527, "BaldoGA_of": 30076.167901925346, "BaldoGA_time": 7.273533582687378, "Solver_of": 31035.20834083657, "Solver_time": 14.12081241607666}