{"name": "E_1100_508_14292.463.json", "BaldoML_of": 35969.58377104595, "BaldoML_time": 1.0817501544952393, "BaldoGA_of": 35406.246219108776, "BaldoGA_time": 7.541517496109009, "Solver_of": 36804.81373600322, "Solver_time": 16.96535563468933}