{"name": "E_1100_426_9289.19.json", "BaldoML_of": 31740.627983782313, "BaldoML_time": 1.3524682521820068, "BaldoGA_of": 31092.00729718772, "BaldoGA_time": 5.9107160568237305, "Solver_of": 32092.21432429743, "Solver_time": 14.79170823097229}