{"name": "E_1100_472_9588.779.json", "BaldoML_of": 30668.06021301945, "BaldoML_time": 15.082555532455444, "BaldoGA_of": 29691.921723685147, "BaldoGA_time": 6.9459686279296875, "Solver_of": 30666.982162416505, "Solver_time": 15.467771530151367}