{"name": "E_1100_654_7021.207.json", "BaldoML_of": 27400.66127452789, "BaldoML_time": 0.6581401824951172, "BaldoGA_of": 27102.05665898441, "BaldoGA_time": 2.4045839309692383, "Solver_of": 27611.113359628052, "Solver_time": 0.9030961990356445}