{"name": "E_1100_394_9369.542.json", "BaldoML_of": 30744.00596681603, "BaldoML_time": 1.8447232246398926, "BaldoGA_of": 30075.967009641096, "BaldoGA_time": 5.54834246635437, "Solver_of": 31298.24911583492, "Solver_time": 11.822439908981323}