{"name": "E_1100_552_9359.014.json", "BaldoML_of": 30392.193624820557, "BaldoML_time": 0.6176683902740479, "BaldoGA_of": 29992.029513358233, "BaldoGA_time": 8.921560287475586, "Solver_of": 30702.5121017518, "Solver_time": 3.466510772705078}