{"name": "E_1300_714_8384.089.json", "BaldoML_of": 31195.613118287274, "BaldoML_time": 1.177175521850586, "BaldoGA_of": 30474.414377462068, "BaldoGA_time": 2.985905647277832, "Solver_of": 31206.896836912532, "Solver_time": 2.7823915481567383}