{"name": "E_1300_272_8213.387.json", "BaldoML_of": 34082.64758249458, "BaldoML_time": 7.705593585968018, "BaldoGA_of": 32442.11445488184, "BaldoGA_time": 5.6240057945251465, "Solver_of": 34082.17202269434, "Solver_time": 7.920181035995483}