{"name": "E_1300_627_16560.994.json", "BaldoML_of": 44777.113530758885, "BaldoML_time": 1.638213872909546, "BaldoGA_of": 44165.950794722135, "BaldoGA_time": 9.31063199043274, "Solver_of": 45593.98645875667, "Solver_time": 24.860518217086792}