{"name": "E_1300_369_11424.549.json", "BaldoML_of": 37022.72187153271, "BaldoML_time": 19.149003267288208, "BaldoGA_of": 35643.71999055668, "BaldoGA_time": 6.850516080856323, "Solver_of": 37022.84386821011, "Solver_time": 13.103106260299683}