{"name": "E_1300_657_10979.288.json", "BaldoML_of": 36601.24612432898, "BaldoML_time": 0.834343433380127, "BaldoGA_of": 36046.744577479905, "BaldoGA_time": 11.551452398300171, "Solver_of": 36868.44083917302, "Solver_time": 8.163673639297485}