{"name": "E_1300_537_16563.682.json", "BaldoML_of": 45282.66507585642, "BaldoML_time": 27.743698120117188, "BaldoGA_of": 43675.24567901151, "BaldoGA_time": 9.135875225067139, "Solver_of": 45285.46418831079, "Solver_time": 25.445485591888428}