{"name": "E_1300_315_16598.243.json", "BaldoML_of": 47691.582719498176, "BaldoML_time": 20.433403730392456, "BaldoGA_of": 45018.95855812396, "BaldoGA_time": 8.190890312194824, "Solver_of": 47693.99541049657, "Solver_time": 23.06335425376892}