{"name": "E_1300_358_11180.188.json", "BaldoML_of": 36805.252671711256, "BaldoML_time": 3.880542278289795, "BaldoGA_of": 35449.84627702274, "BaldoGA_time": 6.60261607170105, "Solver_of": 37179.755304521335, "Solver_time": 13.96133828163147}