{"name": "E_1300_507_8164.519.json", "BaldoML_of": 32207.376850882873, "BaldoML_time": 16.086926698684692, "BaldoGA_of": 31175.185393985565, "BaldoGA_time": 7.104778528213501, "Solver_of": 32207.512148620706, "Solver_time": 22.156143188476562}