{"name": "E_1300_773_16382.912.json", "BaldoML_of": 44597.64210145359, "BaldoML_time": 0.7301974296569824, "BaldoGA_of": 44052.63357696936, "BaldoGA_time": 14.652139663696289, "Solver_of": 45163.82012370612, "Solver_time": 14.042695999145508}