{"name": "E_1300_303_16477.558.json", "BaldoML_of": 49973.42341115633, "BaldoML_time": 11.286356925964355, "BaldoGA_of": 46686.84835823771, "BaldoGA_time": 6.796592712402344, "Solver_of": 49973.423411156386, "Solver_time": 8.054864168167114}