{"name": "E_1300_706_8210.007.json", "BaldoML_of": 32299.860388234076, "BaldoML_time": 3.159022331237793, "BaldoGA_of": 31703.846823850705, "BaldoGA_time": 3.1896402835845947, "Solver_of": 32299.860388234076, "Solver_time": 1.6698253154754639}