{"name": "E_1300_339_16539.869.json", "BaldoML_of": 46078.91151461389, "BaldoML_time": 2.5264663696289062, "BaldoGA_of": 44309.187244383946, "BaldoGA_time": 7.480548620223999, "Solver_of": 46851.00444365877, "Solver_time": 15.630124568939209}