{"name": "E_1300_266_11018.516.json", "BaldoML_of": 38385.614156633805, "BaldoML_time": 18.01038908958435, "BaldoGA_of": 36461.63191592549, "BaldoGA_time": 6.487307071685791, "Solver_of": 38387.709426381756, "Solver_time": 14.038353681564331}