{"name": "E_1300_272_11195.434.json", "BaldoML_of": 38577.51808874179, "BaldoML_time": 25.591394424438477, "BaldoGA_of": 36173.376824734594, "BaldoGA_time": 5.039945840835571, "Solver_of": 38577.69160587466, "Solver_time": 7.75402307510376}