{"name": "E_1300_280_10874.969.json", "BaldoML_of": 39034.5139369117, "BaldoML_time": 18.332938194274902, "BaldoGA_of": 37241.511908861496, "BaldoGA_time": 6.336116313934326, "Solver_of": 39051.581566813984, "Solver_time": 12.482844829559326}