{"name": "E_1300_296_16637.189.json", "BaldoML_of": 47488.97426510397, "BaldoML_time": 3.672464370727539, "BaldoGA_of": 44943.539683320036, "BaldoGA_time": 6.587149143218994, "Solver_of": 48181.9761003796, "Solver_time": 14.760047912597656}