{"name": "E_1300_373_8269.383.json", "BaldoML_of": 31903.729532096782, "BaldoML_time": 19.59227204322815, "BaldoGA_of": 30588.08051462436, "BaldoGA_time": 5.519818067550659, "Solver_of": 31904.23770072739, "Solver_time": 15.994100093841553}