{"name": "E_1300_728_8474.421.json", "BaldoML_of": 30628.80685500055, "BaldoML_time": 1.7478737831115723, "BaldoGA_of": 29787.576471712367, "BaldoGA_time": 2.690114736557007, "Solver_of": 30645.128695853222, "Solver_time": 2.7213332653045654}