{"name": "E_1300_560_8201.544.json", "BaldoML_of": 32163.23779528452, "BaldoML_time": 7.549801349639893, "BaldoGA_of": 31394.710356130654, "BaldoGA_time": 9.142765283584595, "Solver_of": 32163.23779528452, "Solver_time": 6.840686082839966}