{"name": "E_1300_714_8515.221.json", "BaldoML_of": 30987.29115105824, "BaldoML_time": 2.9479660987854004, "BaldoGA_of": 30104.49210927572, "BaldoGA_time": 3.070378303527832, "Solver_of": 31007.363350844975, "Solver_time": 1.3064134120941162}