{"name": "E_1300_713_10962.877.json", "BaldoML_of": 36924.09249928444, "BaldoML_time": 3.080385446548462, "BaldoGA_of": 36142.97069628878, "BaldoGA_time": 3.733917713165283, "Solver_of": 36923.19616242859, "Solver_time": 4.90352463722229}