{"name": "E_1300_594_8252.955.json", "BaldoML_of": 32905.9411416606, "BaldoML_time": 0.6192893981933594, "BaldoGA_of": 32356.831369148447, "BaldoGA_time": 8.711321830749512, "Solver_of": 33176.760275528664, "Solver_time": 4.814393520355225}