{"name": "E_1300_482_11185.484.json", "BaldoML_of": 36128.67121636142, "BaldoML_time": 30.41353178024292, "BaldoGA_of": 34552.143623587086, "BaldoGA_time": 7.267419099807739, "Solver_of": 36128.67121636139, "Solver_time": 30.443002700805664}