{"name": "E_1300_339_16669.525.json", "BaldoML_of": 45539.55860062443, "BaldoML_time": 4.911144733428955, "BaldoGA_of": 43347.740810285824, "BaldoGA_time": 6.3976757526397705, "Solver_of": 46358.330286892975, "Solver_time": 38.433671712875366}