{"name": "E_1300_527_11122.798.json", "BaldoML_of": 37316.06793513317, "BaldoML_time": 18.84028697013855, "BaldoGA_of": 36045.42415762624, "BaldoGA_time": 8.38819169998169, "Solver_of": 37315.79241849383, "Solver_time": 18.418962955474854}