{"name": "E_1300_411_8219.47.json", "BaldoML_of": 31935.870140535993, "BaldoML_time": 2.261054039001465, "BaldoGA_of": 31135.39631399929, "BaldoGA_time": 5.71277642250061, "Solver_of": 32202.788464337227, "Solver_time": 22.499231576919556}