{"name": "E_1300_740_11408.187.json", "BaldoML_of": 35137.40925487533, "BaldoML_time": 1.152956247329712, "BaldoGA_of": 34683.40017246478, "BaldoGA_time": 3.574585199356079, "Solver_of": 35626.25666581516, "Solver_time": 3.320552110671997}