{"name": "E_1300_406_8153.062.json", "BaldoML_of": 33619.21336202804, "BaldoML_time": 2.529714584350586, "BaldoGA_of": 32877.74184661, "BaldoGA_time": 6.3462018966674805, "Solver_of": 33805.76343153561, "Solver_time": 19.70794653892517}