{"name": "E_1300_702_8231.148.json", "BaldoML_of": 33606.360824000796, "BaldoML_time": 1.705475091934204, "BaldoGA_of": 32801.762561438045, "BaldoGA_time": 3.1433093547821045, "Solver_of": 33604.286627973415, "Solver_time": 2.532317876815796}