{"name": "E_1300_364_16369.774.json", "BaldoML_of": 47657.74210643556, "BaldoML_time": 20.98782992362976, "BaldoGA_of": 45396.221092193584, "BaldoGA_time": 8.128616571426392, "Solver_of": 47656.80299384488, "Solver_time": 19.28974723815918}