{"name": "E_1300_674_16966.789.json", "BaldoML_of": 41055.7299719792, "BaldoML_time": 1.8081867694854736, "BaldoGA_of": 40532.924756860324, "BaldoGA_time": 11.801323413848877, "Solver_of": 41859.74853740507, "Solver_time": 31.06306552886963}