{"name": "E_1300_639_11121.699.json", "BaldoML_of": 35784.62856495361, "BaldoML_time": 12.063780784606934, "BaldoGA_of": 34564.84779329233, "BaldoGA_time": 10.111119031906128, "Solver_of": 35784.82951731596, "Solver_time": 16.623085737228394}