{"name": "E_1300_393_8256.858.json", "BaldoML_of": 32614.549267011924, "BaldoML_time": 32.48415565490723, "BaldoGA_of": 31577.01942889466, "BaldoGA_time": 6.031834363937378, "Solver_of": 32613.743921293284, "Solver_time": 23.446377277374268}