{"name": "E_1300_522_11125.638.json", "BaldoML_of": 36552.327633721, "BaldoML_time": 24.697863340377808, "BaldoGA_of": 35240.46473911708, "BaldoGA_time": 7.429969549179077, "Solver_of": 36552.17526517869, "Solver_time": 25.82314920425415}