{"name": "E_1300_275_16363.435.json", "BaldoML_of": 48249.69954534469, "BaldoML_time": 17.420210123062134, "BaldoGA_of": 45969.79181473125, "BaldoGA_time": 8.809300184249878, "Solver_of": 48249.699545526775, "Solver_time": 20.632489681243896}