{"name": "E_1300_260_8192.334.json", "BaldoML_of": 34670.35095085719, "BaldoML_time": 10.754085779190063, "BaldoGA_of": 33250.230406693874, "BaldoGA_time": 6.084325075149536, "Solver_of": 34671.679129432196, "Solver_time": 7.124717712402344}