{"name": "E_1300_457_16112.198.json", "BaldoML_of": 46622.38657909942, "BaldoML_time": 24.237282037734985, "BaldoGA_of": 44358.603696248094, "BaldoGA_time": 8.608304262161255, "Solver_of": 46621.204990923776, "Solver_time": 23.2940354347229}