{"name": "E_1300_411_10926.388.json", "BaldoML_of": 36759.1101303799, "BaldoML_time": 19.387714624404907, "BaldoGA_of": 35297.667235252426, "BaldoGA_time": 7.043267726898193, "Solver_of": 36760.20223407254, "Solver_time": 19.75633192062378}