{"name": "E_1300_433_11021.439.json", "BaldoML_of": 37005.9985050455, "BaldoML_time": 22.871099948883057, "BaldoGA_of": 35514.727781886315, "BaldoGA_time": 6.439573526382446, "Solver_of": 37005.54258690177, "Solver_time": 22.18028426170349}