{"name": "E_1300_450_10969.76.json", "BaldoML_of": -1, "BaldoML_time": 600.8281626701355, "BaldoGA_of": 35628.50765376544, "BaldoGA_time": 6.771299123764038, "Solver_of": 37301.19597016569, "Solver_time": 21.195229053497314}