{"name": "E_1300_575_8412.353.json", "BaldoML_of": 31436.856357379977, "BaldoML_time": 4.533941984176636, "BaldoGA_of": 30627.615645423917, "BaldoGA_time": 7.918885707855225, "Solver_of": 31436.856357379977, "Solver_time": 3.697032928466797}