{"name": "E_1300_575_8412.353.json", "BaldoML_of": 31156.580872569328, "BaldoML_time": 0.7195696830749512, "BaldoGA_of": 30627.615645423917, "BaldoGA_time": 7.918885707855225, "Solver_of": 31436.856357379977, "Solver_time": 3.697032928466797}