{"name": "E_1300_559_11119.957.json", "BaldoML_of": 34969.82749014849, "BaldoML_time": 15.365815877914429, "BaldoGA_of": 33506.45430948744, "BaldoGA_time": 7.258096218109131, "Solver_of": 34969.82749014849, "Solver_time": 24.174673795700073}