{"name": "E_1300_523_16504.72.json", "BaldoML_of": 45373.6877961031, "BaldoML_time": 51.47558927536011, "BaldoGA_of": 43147.47265778667, "BaldoGA_time": 8.247684001922607, "Solver_of": 45373.6877961031, "Solver_time": 23.704667329788208}