{"name": "E_1300_508_16956.586.json", "BaldoML_of": 44082.31549250764, "BaldoML_time": 29.822175979614258, "BaldoGA_of": 41689.892805052594, "BaldoGA_time": 7.739388465881348, "Solver_of": 44082.31549250758, "Solver_time": 24.69027328491211}