{"name": "E_1300_433_8301.208.json", "BaldoML_of": 30475.104770879567, "BaldoML_time": 26.13146424293518, "BaldoGA_of": 29443.099485764174, "BaldoGA_time": 5.533857107162476, "Solver_of": 30475.015104200855, "Solver_time": 27.780205488204956}