{"name": "E_1300_394_11081.262.json", "BaldoML_of": 37429.019352773685, "BaldoML_time": 159.2399652004242, "BaldoGA_of": 35947.44709619487, "BaldoGA_time": 7.252398490905762, "Solver_of": 37430.46985100695, "Solver_time": 21.001012086868286}