{"name": "E_1300_611_8125.091.json", "BaldoML_of": 32006.426473974425, "BaldoML_time": 0.8128395080566406, "BaldoGA_of": 31745.118268298844, "BaldoGA_time": 8.761904954910278, "Solver_of": 32398.696680796053, "Solver_time": 8.351758003234863}