{"name": "E_1300_378_11006.926.json", "BaldoML_of": 38674.63133068376, "BaldoML_time": 22.02860426902771, "BaldoGA_of": 37066.25675229826, "BaldoGA_time": 7.312107086181641, "Solver_of": 38676.23550245677, "Solver_time": 6.458463430404663}