{"name": "E_1300_287_8492.42.json", "BaldoML_of": 32999.33485710205, "BaldoML_time": 7.435614109039307, "BaldoGA_of": 31577.13191921645, "BaldoGA_time": 5.4580237865448, "Solver_of": 32999.22176895451, "Solver_time": 7.688989639282227}