{"name": "E_1300_304_11291.979.json", "BaldoML_of": 38279.46579379457, "BaldoML_time": 14.965203762054443, "BaldoGA_of": 36838.80998789895, "BaldoGA_time": 6.498424530029297, "Solver_of": 38280.04459949098, "Solver_time": 20.900596857070923}