{"name": "E_1300_270_16606.579.json", "BaldoML_of": 48319.70527547499, "BaldoML_time": 3.7355639934539795, "BaldoGA_of": 46423.27355307498, "BaldoGA_time": 6.841335296630859, "Solver_of": 48934.7846877813, "Solver_time": 23.953994035720825}