{"name": "E_1300_572_10965.359.json", "BaldoML_of": 35907.53117014894, "BaldoML_time": 1.5792231559753418, "BaldoGA_of": 35371.306172873235, "BaldoGA_time": 9.006688117980957, "Solver_of": 36333.85841424888, "Solver_time": 22.598336458206177}