{"name": "E_1300_771_16414.183.json", "BaldoML_of": 43380.845732598296, "BaldoML_time": 0.7165937423706055, "BaldoGA_of": 42840.31083565641, "BaldoGA_time": 14.380604267120361, "Solver_of": 44059.839390121204, "Solver_time": 14.695976495742798}