{"name": "E_1300_763_8204.221.json", "BaldoML_of": 31927.63281750031, "BaldoML_time": 0.6106629371643066, "BaldoGA_of": 31559.124071453374, "BaldoGA_time": 3.1174869537353516, "Solver_of": 32318.23090204902, "Solver_time": 1.3422942161560059}