{"name": "E_1300_568_11199.854.json", "BaldoML_of": 36791.97742497384, "BaldoML_time": 17.862974166870117, "BaldoGA_of": 35376.14837027313, "BaldoGA_time": 8.20291519165039, "Solver_of": 36791.97742497384, "Solver_time": 30.47900152206421}