{"name": "E_1300_263_8232.956.json", "BaldoML_of": 34792.83171763998, "BaldoML_time": 7.660654544830322, "BaldoGA_of": 32971.48934944707, "BaldoGA_time": 6.173488616943359, "Solver_of": 34793.35642426189, "Solver_time": 9.06259536743164}