{"name": "E_1300_566_16332.888.json", "BaldoML_of": 42901.118018735186, "BaldoML_time": 1.2319731712341309, "BaldoGA_of": 42351.88140717782, "BaldoGA_time": 9.010297060012817, "Solver_of": 44212.89853443041, "Solver_time": 30.50026249885559}