{"name": "E_1300_640_10990.527.json", "BaldoML_of": 35279.69724989063, "BaldoML_time": 0.8985199928283691, "BaldoGA_of": 34548.45130235347, "BaldoGA_time": 10.618152856826782, "Solver_of": 35814.92411155125, "Solver_time": 6.405066967010498}