{"name": "E_1300_384_16700.53.json", "BaldoML_of": 45299.24669965009, "BaldoML_time": 6.696373224258423, "BaldoGA_of": 43295.733954414056, "BaldoGA_time": 8.249505043029785, "Solver_of": 45931.26726830278, "Solver_time": 21.540432691574097}