{"name": "E_1300_392_16225.245.json", "BaldoML_of": 47212.83103043826, "BaldoML_time": 27.55373525619507, "BaldoGA_of": 45103.00634577298, "BaldoGA_time": 9.582967519760132, "Solver_of": 47222.53378187223, "Solver_time": 15.577943801879883}