{"name": "E_1300_472_8360.099.json", "BaldoML_of": 31867.768977132768, "BaldoML_time": 2.571484088897705, "BaldoGA_of": 31275.562329926353, "BaldoGA_time": 7.0170674324035645, "Solver_of": 32177.02082559516, "Solver_time": 26.358559370040894}