{"name": "E_1300_299_8541.364.json", "BaldoML_of": 30652.008966474878, "BaldoML_time": 12.769697189331055, "BaldoGA_of": 29166.314640507167, "BaldoGA_time": 4.907501459121704, "Solver_of": 30652.272375685137, "Solver_time": 11.21262812614441}