{"name": "E_1300_347_8324.578.json", "BaldoML_of": 31952.630253635325, "BaldoML_time": 6.1734747886657715, "BaldoGA_of": 30936.818842951245, "BaldoGA_time": 5.998964071273804, "Solver_of": 32258.641627830584, "Solver_time": 11.087259769439697}