{"name": "E_1300_474_8485.287.json", "BaldoML_of": 31633.84619687977, "BaldoML_time": 21.82056498527527, "BaldoGA_of": 30672.389952246762, "BaldoGA_time": 6.215215444564819, "Solver_of": 31633.84619687977, "Solver_time": 26.032585859298706}