{"name": "E_1300_672_16405.662.json", "BaldoML_of": 44215.97079524267, "BaldoML_time": 22.028958797454834, "BaldoGA_of": 42653.47450037303, "BaldoGA_time": 10.38627815246582, "Solver_of": 44232.05689429282, "Solver_time": 22.456076622009277}