{"name": "E_1300_274_16469.97.json", "BaldoML_of": 48799.89124336696, "BaldoML_time": 23.473997116088867, "BaldoGA_of": 46345.493968602066, "BaldoGA_time": 6.845395803451538, "Solver_of": 48800.04941099638, "Solver_time": 26.666969299316406}