{"name": "E_1300_674_16966.789.json", "BaldoML_of": 41859.74853740507, "BaldoML_time": 28.684009313583374, "BaldoGA_of": 40532.924756860324, "BaldoGA_time": 11.801323413848877, "Solver_of": 41859.74853740507, "Solver_time": 31.06306552886963}