{"name": "E_1300_302_16419.285.json", "BaldoML_of": 46760.687105082434, "BaldoML_time": 3.657296657562256, "BaldoGA_of": -1, "BaldoGA_time": 6.269103288650513, "Solver_of": 48064.77583936947, "Solver_time": 18.40998911857605}