{"name": "E_1300_495_8346.044.json", "BaldoML_of": 32428.50533540107, "BaldoML_time": 1.8612375259399414, "BaldoGA_of": 31885.527159519977, "BaldoGA_time": 6.95971155166626, "Solver_of": 32651.081420261413, "Solver_time": 14.883974552154541}