{"name": "E_1300_714_8384.089.json", "BaldoML_of": 30858.082268932605, "BaldoML_time": 0.642266035079956, "BaldoGA_of": 30474.414377462068, "BaldoGA_time": 2.985905647277832, "Solver_of": 31206.896836912532, "Solver_time": 2.7823915481567383}