{"name": "E_1300_550_16918.258.json", "BaldoML_of": 43255.460551769975, "BaldoML_time": 1.2428085803985596, "BaldoGA_of": 42444.05182822966, "BaldoGA_time": 8.805042266845703, "Solver_of": 44394.764004865625, "Solver_time": 20.844514846801758}