{"name": "E_1300_580_8282.509.json", "BaldoML_of": 31653.144692542242, "BaldoML_time": 4.775219678878784, "BaldoGA_of": 30856.85704029854, "BaldoGA_time": 8.738182783126831, "Solver_of": 31653.144692542242, "Solver_time": 4.069976091384888}