{"name": "E_1300_595_11018.932.json", "BaldoML_of": 36587.04287331399, "BaldoML_time": 15.37871789932251, "BaldoGA_of": 35534.483229667705, "BaldoGA_time": 9.496925592422485, "Solver_of": 36587.141351828715, "Solver_time": 12.508654117584229}