{"name": "E_1300_279_8286.748.json", "BaldoML_of": 33811.38900958031, "BaldoML_time": 17.016170740127563, "BaldoGA_of": 32306.37671651716, "BaldoGA_time": 6.074795246124268, "Solver_of": 33811.389009580336, "Solver_time": 9.2344229221344}