{"name": "E_1300_376_8175.839.json", "BaldoML_of": 32919.934558880675, "BaldoML_time": 19.491486072540283, "BaldoGA_of": 31563.188686839378, "BaldoGA_time": 5.378208160400391, "Solver_of": 32920.16288076839, "Solver_time": 13.880196571350098}