{"name": "E_1300_459_8367.31.json", "BaldoML_of": 32319.289559042332, "BaldoML_time": 17.9478657245636, "BaldoGA_of": 31389.05879085145, "BaldoGA_time": 7.2094011306762695, "Solver_of": 32320.696650035985, "Solver_time": 15.288774251937866}