{"name": "E_1300_373_16423.106.json", "BaldoML_of": 47473.385791904635, "BaldoML_time": 4.0144360065460205, "BaldoGA_of": 45769.843141658814, "BaldoGA_time": 6.995163679122925, "Solver_of": 48015.51888478175, "Solver_time": 42.376911878585815}