{"name": "E_1300_560_16759.109.json", "BaldoML_of": 44492.87328343988, "BaldoML_time": 55.99324917793274, "BaldoGA_of": 42863.32519715011, "BaldoGA_time": 9.055606126785278, "Solver_of": 44502.2976842501, "Solver_time": 25.526451587677002}