{"name": "E_1300_769_8269.581.json", "BaldoML_of": 31029.03962128752, "BaldoML_time": 0.6691105365753174, "BaldoGA_of": 30571.96025886668, "BaldoGA_time": 3.103713035583496, "Solver_of": 31407.869949116037, "Solver_time": 1.7615926265716553}