{"name": "E_1300_637_10924.465.json", "BaldoML_of": 35911.90679456654, "BaldoML_time": 0.8032548427581787, "BaldoGA_of": 35346.15866857995, "BaldoGA_time": 10.81907057762146, "Solver_of": 36317.41695270657, "Solver_time": 16.87205958366394}