{"name": "E_1300_706_8452.691.json", "BaldoML_of": 31753.90412082553, "BaldoML_time": 0.7203056812286377, "BaldoGA_of": 31315.046656381677, "BaldoGA_time": 3.5396528244018555, "Solver_of": 32089.46349952309, "Solver_time": 1.5343246459960938}