{"name": "E_1300_764_11150.299.json", "BaldoML_of": 34901.117888750574, "BaldoML_time": 0.7101306915283203, "BaldoGA_of": 34467.54421857222, "BaldoGA_time": 3.662977695465088, "Solver_of": 35460.4731018518, "Solver_time": 3.171461820602417}