{"name": "E_1300_425_8171.868.json", "BaldoML_of": 33079.31478962439, "BaldoML_time": 3.049764633178711, "BaldoGA_of": 32365.086066350425, "BaldoGA_time": 5.781205415725708, "Solver_of": 33283.37318194397, "Solver_time": 26.14411497116089}