{"name": "E_1300_330_10800.414.json", "BaldoML_of": 37596.79152523405, "BaldoML_time": 49.87530827522278, "BaldoGA_of": 35649.86440600835, "BaldoGA_time": 5.511473178863525, "Solver_of": 37594.844005659834, "Solver_time": 22.693471908569336}