{"name": "E_1300_747_16620.296.json", "BaldoML_of": 41977.33006461845, "BaldoML_time": 0.7340052127838135, "BaldoGA_of": 41461.10740042243, "BaldoGA_time": 12.322461366653442, "Solver_of": 42908.98036916912, "Solver_time": 16.934187412261963}