{"name": "E_1300_484_8122.256.json", "BaldoML_of": 32012.55689122264, "BaldoML_time": 2.593247175216675, "BaldoGA_of": 31339.612694917967, "BaldoGA_time": 6.884222507476807, "Solver_of": 32245.471579580844, "Solver_time": 16.8171067237854}