{"name": "E_1300_343_16398.749.json", "BaldoML_of": 48441.99988517568, "BaldoML_time": 19.96084189414978, "BaldoGA_of": 45616.36707318598, "BaldoGA_time": 6.569139242172241, "Solver_of": 48443.87949186861, "Solver_time": 12.339524030685425}