{"name": "E_1300_450_8174.479.json", "BaldoML_of": 32513.64606405504, "BaldoML_time": 20.17181420326233, "BaldoGA_of": 31580.39266067585, "BaldoGA_time": 5.44597315788269, "Solver_of": 32514.55625469064, "Solver_time": 14.623166561126709}