{"name": "E_1300_313_8570.498.json", "BaldoML_of": 33275.09907595544, "BaldoML_time": 15.7063889503479, "BaldoGA_of": 32006.32878818704, "BaldoGA_time": 5.719344854354858, "Solver_of": 33274.452707839584, "Solver_time": 6.963048219680786}