{"name": "E_1500_596_19478.387.json", "BaldoML_of": 51524.15262951169, "BaldoML_time": 38.115750789642334, "BaldoGA_of": 49184.905714917186, "BaldoGA_time": 9.512699604034424, "Solver_of": 51533.36028477855, "Solver_time": 33.65054130554199}