{"name": "E_1500_813_12740.574.json", "BaldoML_of": 41331.58006350828, "BaldoML_time": 1.0871751308441162, "BaldoGA_of": 40847.31626381691, "BaldoGA_time": 13.172571182250977, "Solver_of": 41769.73027951481, "Solver_time": 7.0188493728637695}