{"name": "E_1500_441_12764.155.json", "BaldoML_of": 42884.29300517387, "BaldoML_time": 3.1158769130706787, "BaldoGA_of": 41286.10642324339, "BaldoGA_time": 8.080541372299194, "Solver_of": 43397.155216974774, "Solver_time": 29.62091875076294}