{"name": "E_1500_836_9528.137.json", "BaldoML_of": 37734.582979875115, "BaldoML_time": 0.9063301086425781, "BaldoGA_of": 37159.601905111704, "BaldoGA_time": 4.417473077774048, "Solver_of": 38142.62386170651, "Solver_time": 2.7124075889587402}