{"name": "E_1500_783_9481.236.json", "BaldoML_of": 36092.787146133815, "BaldoML_time": 0.8488903045654297, "BaldoGA_of": 35604.02575651417, "BaldoGA_time": 3.499514102935791, "Solver_of": 36453.99522788674, "Solver_time": 2.6952011585235596}