{"name": "E_1500_743_19604.69.json", "BaldoML_of": 49158.65109769146, "BaldoML_time": 30.63185429573059, "BaldoGA_of": 47269.377802977026, "BaldoGA_time": 12.660141468048096, "Solver_of": 49160.26357144632, "Solver_time": 37.43202877044678}