{"name": "E_1500_504_12883.685.json", "BaldoML_of": 41533.801976429466, "BaldoML_time": 69.25342178344727, "BaldoGA_of": 39767.43578244342, "BaldoGA_time": 8.311445236206055, "Solver_of": 41535.384072465626, "Solver_time": 46.87595987319946}