{"name": "E_1500_418_12608.693.json", "BaldoML_of": 45198.30168873343, "BaldoML_time": 25.770331621170044, "BaldoGA_of": 43805.86184761732, "BaldoGA_time": 7.18851637840271, "Solver_of": 45198.18338066939, "Solver_time": 10.846659898757935}