{"name": "E_1500_795_19080.743.json", "BaldoML_of": 49030.14198155984, "BaldoML_time": 1.7757267951965332, "BaldoGA_of": 48364.69248696089, "BaldoGA_time": 15.076748371124268, "Solver_of": 49936.89353651066, "Solver_time": 67.1331729888916}