{"name": "E_1500_347_19380.084.json", "BaldoML_of": 54372.6805210061, "BaldoML_time": 4.579024314880371, "BaldoGA_of": 51303.31115812234, "BaldoGA_time": 7.129680395126343, "Solver_of": 55183.0923315499, "Solver_time": 32.96374583244324}