{"name": "E_1500_417_19334.023.json", "BaldoML_of": 54185.75465829156, "BaldoML_time": 45.665568351745605, "BaldoGA_of": 50924.518582671204, "BaldoGA_time": 7.227167844772339, "Solver_of": 54192.15319200561, "Solver_time": 15.326219081878662}