{"name": "E_1500_872_13083.113.json", "BaldoML_of": 40822.21681421542, "BaldoML_time": 3.100654363632202, "BaldoGA_of": 39999.9803505676, "BaldoGA_time": 5.592682361602783, "Solver_of": 40822.21681421542, "Solver_time": 4.519540548324585}