{"name": "E_1500_555_9755.381.json", "BaldoML_of": 38300.95205506839, "BaldoML_time": 27.760129928588867, "BaldoGA_of": 37060.81918937964, "BaldoGA_time": 7.635892868041992, "Solver_of": 38300.66228671273, "Solver_time": 18.93728542327881}