{"name": "E_1500_494_18610.536.json", "BaldoML_of": 54154.02187242265, "BaldoML_time": 39.16114115715027, "BaldoGA_of": 51006.8619029396, "BaldoGA_time": 9.301675796508789, "Solver_of": 54156.79029309417, "Solver_time": 22.51479434967041}