{"name": "E_1500_806_19144.634.json", "BaldoML_of": 51585.015379598095, "BaldoML_time": 25.575552701950073, "BaldoGA_of": 50161.35409901864, "BaldoGA_time": 16.70616340637207, "Solver_of": 51587.52168437338, "Solver_time": 32.15299940109253}