{"name": "E_1500_560_12548.309.json", "BaldoML_of": 43317.23142648714, "BaldoML_time": 2.2939529418945312, "BaldoGA_of": 42004.30818889904, "BaldoGA_time": 7.581151723861694, "Solver_of": 43926.03244574628, "Solver_time": 20.70978569984436}