{"name": "E_1500_696_12477.123.json", "BaldoML_of": 44014.86361013788, "BaldoML_time": 23.73130464553833, "BaldoGA_of": 42988.57879997854, "BaldoGA_time": 12.717145442962646, "Solver_of": 44014.86361013788, "Solver_time": 16.215604066848755}