{"name": "E_1500_324_12797.774.json", "BaldoML_of": 44292.219318229414, "BaldoML_time": 40.9774751663208, "BaldoGA_of": 42125.46200121494, "BaldoGA_time": 7.583611249923706, "Solver_of": 44291.483622157466, "Solver_time": 24.237523078918457}