{"name": "E_1500_754_12964.73.json", "BaldoML_of": 40958.7225882915, "BaldoML_time": 0.729764461517334, "BaldoGA_of": 40419.620191367794, "BaldoGA_time": 12.9282066822052, "Solver_of": 41392.616763780185, "Solver_time": 20.18746256828308}