{"name": "E_1500_466_12733.86.json", "BaldoML_of": 42395.87808270667, "BaldoML_time": 22.634953022003174, "BaldoGA_of": 40268.52308812071, "BaldoGA_time": 7.760733366012573, "Solver_of": 42397.436584134426, "Solver_time": 25.09850573539734}