{"name": "E_1500_544_13046.133.json", "BaldoML_of": 41230.916051626555, "BaldoML_time": 2.7519690990448, "BaldoGA_of": 39984.86528048579, "BaldoGA_time": 9.065865516662598, "Solver_of": 41854.09934881365, "Solver_time": 21.68406343460083}