{"name": "E_1500_484_19725.175.json", "BaldoML_of": 50615.658368369724, "BaldoML_time": 3.5571155548095703, "BaldoGA_of": 48237.87250231615, "BaldoGA_time": 7.429411172866821, "Solver_of": 51648.90304083188, "Solver_time": 27.251076221466064}