{"name": "E_1500_592_19080.215.json", "BaldoML_of": 52360.43669140565, "BaldoML_time": 62.04470658302307, "BaldoGA_of": 50173.01714132966, "BaldoGA_time": 10.696492433547974, "Solver_of": 52358.114528506994, "Solver_time": 35.53867197036743}