{"name": "E_1500_380_9643.91.json", "BaldoML_of": 37265.00963913778, "BaldoML_time": 5.577200174331665, "BaldoGA_of": 35750.777528975734, "BaldoGA_time": 5.993350982666016, "Solver_of": 37495.04681593581, "Solver_time": 24.5564181804657}