{"name": "E_1500_769_12722.879.json", "BaldoML_of": 42956.47870057979, "BaldoML_time": 11.091709852218628, "BaldoGA_of": 42107.03655771892, "BaldoGA_time": 15.448649406433105, "Solver_of": 42956.656617211826, "Solver_time": 4.0527637004852295}