{"name": "E_1500_686_9643.875.json", "BaldoML_of": 36811.572084302774, "BaldoML_time": 5.23304295539856, "BaldoGA_of": 35922.7703336304, "BaldoGA_time": 10.636825323104858, "Solver_of": 36811.314398417715, "Solver_time": 9.620123147964478}