{"name": "E_1500_754_12964.73.json", "BaldoML_of": 41392.616839851966, "BaldoML_time": 16.47511601448059, "BaldoGA_of": 40419.620191367794, "BaldoGA_time": 12.9282066822052, "Solver_of": 41392.616763780185, "Solver_time": 20.18746256828308}