{"name": "E_1500_444_12844.114.json", "BaldoML_of": -1, "BaldoML_time": 600.7663877010345, "BaldoGA_of": 40097.925756192584, "BaldoGA_time": 6.370513677597046, "Solver_of": 42214.85592800876, "Solver_time": 28.740928173065186}