{"name": "E_1500_551_19168.407.json", "BaldoML_of": 52683.692447124246, "BaldoML_time": 35.901496171951294, "BaldoGA_of": 50048.60387167621, "BaldoGA_time": 9.950718641281128, "Solver_of": 52684.01029643475, "Solver_time": 34.27872014045715}