{"name": "E_1500_831_18590.959.json", "BaldoML_of": 51505.16392351833, "BaldoML_time": 28.78611445426941, "BaldoGA_of": 49783.003379493144, "BaldoGA_time": 15.870805025100708, "Solver_of": 51505.1640267278, "Solver_time": 22.242820978164673}