{"name": "E_1500_475_12802.35.json", "BaldoML_of": 43274.25925270877, "BaldoML_time": 40.81756138801575, "BaldoGA_of": 41715.175777955425, "BaldoGA_time": 7.310593128204346, "Solver_of": 43274.48530189685, "Solver_time": 28.85058283805847}