{"name": "E_1500_322_18854.186.json", "BaldoML_of": 57225.074493486376, "BaldoML_time": 32.197084188461304, "BaldoGA_of": 54366.56937464411, "BaldoGA_time": 9.831001996994019, "Solver_of": 57225.074493486376, "Solver_time": 21.261409282684326}