{"name": "E_1500_714_18801.638.json", "BaldoML_of": 50482.98731896028, "BaldoML_time": 2.15565824508667, "BaldoGA_of": 49695.204301797996, "BaldoGA_time": 13.047185182571411, "Solver_of": 51729.339953227434, "Solver_time": 32.04597568511963}