{"name": "E_1500_491_12799.143.json", "BaldoML_of": 43783.04383285441, "BaldoML_time": 27.385271310806274, "BaldoGA_of": 42149.71772229533, "BaldoGA_time": 7.20319390296936, "Solver_of": 43784.337384151724, "Solver_time": 31.946882963180542}