{"name": "E_1500_852_9321.649.json", "BaldoML_of": 39000.655934390124, "BaldoML_time": 1.9122943878173828, "BaldoGA_of": 38182.64808208369, "BaldoGA_time": 4.574359893798828, "Solver_of": 39005.51290541126, "Solver_time": 2.5528512001037598}