{"name": "E_1500_333_9454.612.json", "BaldoML_of": 38734.452949165054, "BaldoML_time": 5.399653673171997, "BaldoGA_of": 37171.85474822927, "BaldoGA_time": 6.436688423156738, "Solver_of": 39002.242848134585, "Solver_time": 7.044567108154297}