{"name": "E_1500_362_9593.885.json", "BaldoML_of": 38554.059441287885, "BaldoML_time": 25.126922369003296, "BaldoGA_of": 36854.01672897374, "BaldoGA_time": 6.590319633483887, "Solver_of": 38552.33486399713, "Solver_time": 9.84898829460144}