{"name": "E_1500_724_9543.473.json", "BaldoML_of": 36826.355029214355, "BaldoML_time": 3.2987959384918213, "BaldoGA_of": 35945.963906064295, "BaldoGA_time": 3.864879608154297, "Solver_of": 36827.65536085022, "Solver_time": 2.483215570449829}