{"name": "E_1500_864_9493.669.json", "BaldoML_of": 37162.37718661793, "BaldoML_time": 2.0058670043945312, "BaldoGA_of": 36048.30497837192, "BaldoGA_time": 3.9588396549224854, "Solver_of": 37163.63990838219, "Solver_time": 1.5026395320892334}