{"name": "E_1500_535_9534.968.json", "BaldoML_of": 36517.8833836295, "BaldoML_time": 4.8854570388793945, "BaldoGA_of": 35664.397764775415, "BaldoGA_time": 8.691833257675171, "Solver_of": 36930.45451470887, "Solver_time": 16.301924228668213}