{"name": "E_1500_448_19022.432.json", "BaldoML_of": 52211.18358805215, "BaldoML_time": 5.952840328216553, "BaldoGA_of": 50394.21194531968, "BaldoGA_time": 9.136369466781616, "Solver_of": 53075.26272462112, "Solver_time": 29.798848628997803}