{"name": "E_1500_679_19482.213.json", "BaldoML_of": -1, "BaldoML_time": 600.7564716339111, "BaldoGA_of": 47736.026033611604, "BaldoGA_time": 10.90629506111145, "Solver_of": 49977.339067849105, "Solver_time": 67.12802720069885}