{"name": "E_1500_428_12714.16.json", "BaldoML_of": 44958.5435523051, "BaldoML_time": 27.059462785720825, "BaldoGA_of": 43130.271797752306, "BaldoGA_time": 7.69118857383728, "Solver_of": 44961.20642564696, "Solver_time": 10.400771379470825}