{"name": "E_1500_644_19110.569.json", "BaldoML_of": 50394.51214499292, "BaldoML_time": 1.899552822113037, "BaldoGA_of": 49310.86606775109, "BaldoGA_time": 11.90188217163086, "Solver_of": 51256.03750333977, "Solver_time": 34.6184868812561}