{"name": "E_1500_502_9632.453.json", "BaldoML_of": 35956.52841568345, "BaldoML_time": 3.2565433979034424, "BaldoGA_of": 34957.90500046049, "BaldoGA_time": 7.636072635650635, "Solver_of": 36374.69924588048, "Solver_time": 28.82945990562439}