{"name": "E_1500_588_19240.587.json", "BaldoML_of": 53179.42423535299, "BaldoML_time": 36.68949794769287, "BaldoGA_of": 51277.27224096595, "BaldoGA_time": 12.248538255691528, "Solver_of": 53183.06731736904, "Solver_time": 34.58531355857849}