{"name": "E_1500_400_18464.79.json", "BaldoML_of": 55475.49858696299, "BaldoML_time": 6.201540231704712, "BaldoGA_of": 53182.92604549932, "BaldoGA_time": 9.813472032546997, "Solver_of": 56065.426953005874, "Solver_time": 10.123388528823853}