{"name": "E_1500_370_18868.525.json", "BaldoML_of": 55779.06858075145, "BaldoML_time": 28.482470750808716, "BaldoGA_of": 52569.39315570654, "BaldoGA_time": 8.916621446609497, "Solver_of": 55778.557574731734, "Solver_time": 28.81545352935791}