{"name": "E_1500_448_9666.802.json", "BaldoML_of": 37003.72891557347, "BaldoML_time": 3.8024957180023193, "BaldoGA_of": 35928.669302247705, "BaldoGA_time": 7.16027045249939, "Solver_of": 37203.46985353725, "Solver_time": 19.66546130180359}