{"name": "E_1500_750_18769.424.json", "BaldoML_of": 51235.67449535573, "BaldoML_time": 54.54079484939575, "BaldoGA_of": 49551.0215372338, "BaldoGA_time": 13.201758861541748, "Solver_of": 51245.27268822421, "Solver_time": 35.7222945690155}