{"name": "E_1500_769_9521.655.json", "BaldoML_of": 36233.30165515964, "BaldoML_time": 0.7696459293365479, "BaldoGA_of": 35702.014190186324, "BaldoGA_time": 4.042630434036255, "Solver_of": 36832.3880845419, "Solver_time": 2.243795394897461}