{"name": "E_1500_363_9516.922.json", "BaldoML_of": 38034.68409832435, "BaldoML_time": 20.0398371219635, "BaldoGA_of": 36282.02126207445, "BaldoGA_time": 6.508228540420532, "Solver_of": 38034.776173304024, "Solver_time": 23.575462818145752}