{"name": "E_1500_464_18753.881.json", "BaldoML_of": 56147.290697862736, "BaldoML_time": 45.611839294433594, "BaldoGA_of": 53294.94883844936, "BaldoGA_time": 10.396236896514893, "Solver_of": 56147.32577859015, "Solver_time": 17.782290935516357}