{"name": "E_1500_555_12647.267.json", "BaldoML_of": 43377.93976031262, "BaldoML_time": 41.80013108253479, "BaldoGA_of": 41700.949268759, "BaldoGA_time": 7.432521343231201, "Solver_of": 43376.91692659632, "Solver_time": 30.210987329483032}