{"name": "E_1500_517_19143.622.json", "BaldoML_of": 51616.74057795182, "BaldoML_time": 2.5136513710021973, "BaldoGA_of": 50026.61093203749, "BaldoGA_time": 9.616697549819946, "Solver_of": 52759.100459507405, "Solver_time": 34.199939489364624}