{"name": "E_1500_348_19469.035.json", "BaldoML_of": 53938.360154436865, "BaldoML_time": 43.03760600090027, "BaldoGA_of": 50636.17136207046, "BaldoGA_time": 8.74202561378479, "Solver_of": 53966.080457857985, "Solver_time": 53.37470769882202}