{"name": "E_1500_770_9421.701.json", "BaldoML_of": 37087.050910849255, "BaldoML_time": 0.8347110748291016, "BaldoGA_of": 36587.52354016829, "BaldoGA_time": 4.03494930267334, "Solver_of": 37387.06315740049, "Solver_time": 3.4968068599700928}