{"name": "E_1500_507_18671.052.json", "BaldoML_of": 51846.584964429654, "BaldoML_time": 2.688706398010254, "BaldoGA_of": 49961.097277466404, "BaldoGA_time": 8.608504295349121, "Solver_of": 52813.73219658586, "Solver_time": 59.003904581069946}