{"name": "E_1500_372_19022.328.json", "BaldoML_of": 55815.36267034934, "BaldoML_time": 27.383333683013916, "BaldoGA_of": 53076.61221182491, "BaldoGA_time": 8.33155369758606, "Solver_of": 55825.57331929536, "Solver_time": 11.874307632446289}