{"name": "E_1500_517_19143.622.json", "BaldoML_of": 52747.42543512737, "BaldoML_time": 28.048073291778564, "BaldoGA_of": 50026.61093203749, "BaldoGA_time": 9.616697549819946, "Solver_of": 52759.100459507405, "Solver_time": 34.199939489364624}