{"name": "E_1500_592_12880.962.json", "BaldoML_of": 41534.994596960685, "BaldoML_time": 2.148142099380493, "BaldoGA_of": 40401.69406079993, "BaldoGA_time": 9.68582272529602, "Solver_of": 41959.905441192896, "Solver_time": 42.91174793243408}