{"name": "E_1500_778_9680.18.json", "BaldoML_of": 36659.60292918082, "BaldoML_time": 2.144667148590088, "BaldoGA_of": 35725.77276145418, "BaldoGA_time": 3.7215375900268555, "Solver_of": 36659.985813551, "Solver_time": 2.3220322132110596}