{"name": "E_1500_470_9446.008.json", "BaldoML_of": 37545.91820950696, "BaldoML_time": 30.949705600738525, "BaldoGA_of": 36119.845466674575, "BaldoGA_time": 6.943341016769409, "Solver_of": 37547.57467045582, "Solver_time": 21.29522681236267}