{"name": "E_1500_463_13009.315.json", "BaldoML_of": 41554.06325995824, "BaldoML_time": 3.2499144077301025, "BaldoGA_of": 40482.14541331048, "BaldoGA_time": 7.741478443145752, "Solver_of": 42095.372201234655, "Solver_time": 33.08761405944824}