{"name": "E_1500_702_18979.451.json", "BaldoML_of": 51097.76329103334, "BaldoML_time": 1.3605663776397705, "BaldoGA_of": 50225.4141875938, "BaldoGA_time": 11.62798810005188, "Solver_of": 52342.80574202347, "Solver_time": 32.8847496509552}