{"name": "E_1500_381_10071.878.json", "BaldoML_of": 37006.175425057016, "BaldoML_time": 26.842522859573364, "BaldoGA_of": 35288.813093960525, "BaldoGA_time": 6.675986289978027, "Solver_of": 37006.871851395204, "Solver_time": 26.93015193939209}