{"name": "E_1500_494_18610.536.json", "BaldoML_of": 53221.732581767246, "BaldoML_time": 3.256093978881836, "BaldoGA_of": 51006.8619029396, "BaldoGA_time": 9.301675796508789, "Solver_of": 54156.79029309417, "Solver_time": 22.51479434967041}