{"name": "E_1500_482_19098.13.json", "BaldoML_of": 52859.07439610151, "BaldoML_time": 23.521438121795654, "BaldoGA_of": 50020.17011104056, "BaldoGA_time": 9.612868785858154, "Solver_of": 52880.30642120888, "Solver_time": 28.514605045318604}