{"name": "E_1500_867_12846.688.json", "BaldoML_of": 42515.74791652284, "BaldoML_time": 3.5832669734954834, "BaldoGA_of": 41598.81379887907, "BaldoGA_time": 5.2112321853637695, "Solver_of": 42515.36257783544, "Solver_time": 3.5186386108398438}