{"name": "E_1500_715_12657.443.json", "BaldoML_of": 42128.12826445886, "BaldoML_time": 15.979844808578491, "BaldoGA_of": 41056.91847105084, "BaldoGA_time": 12.016276836395264, "Solver_of": 42127.78276931958, "Solver_time": 26.77846908569336}