{"name": "E_1500_454_12704.157.json", "BaldoML_of": 43367.384314715135, "BaldoML_time": 21.323985815048218, "BaldoGA_of": 41004.001231221584, "BaldoGA_time": 7.506397724151611, "Solver_of": 43367.38431471497, "Solver_time": 24.063164949417114}