{"name": "E_1500_354_19010.626.json", "BaldoML_of": 56458.354795602856, "BaldoML_time": 24.622700214385986, "BaldoGA_of": 52962.304762998465, "BaldoGA_time": 9.87353253364563, "Solver_of": 56458.77967864917, "Solver_time": 27.462716341018677}