{"name": "E_1500_404_12700.04.json", "BaldoML_of": 44575.67106779397, "BaldoML_time": 25.093430042266846, "BaldoGA_of": 42410.47258640874, "BaldoGA_time": 8.221466064453125, "Solver_of": 44575.67905290973, "Solver_time": 25.872533559799194}