{"name": "E_1500_362_9593.885.json", "BaldoML_of": 38231.51631983029, "BaldoML_time": 8.60497260093689, "BaldoGA_of": 36854.01672897374, "BaldoGA_time": 6.590319633483887, "Solver_of": 38552.33486399713, "Solver_time": 9.84898829460144}