{"name": "E_1500_727_12858.924.json", "BaldoML_of": 41115.09284537166, "BaldoML_time": 13.514386653900146, "BaldoGA_of": 40109.90405486187, "BaldoGA_time": 13.460736989974976, "Solver_of": 41115.43914908382, "Solver_time": 23.28845500946045}