{"name": "E_1500_344_12621.111.json", "BaldoML_of": 45803.81573892384, "BaldoML_time": 16.357595205307007, "BaldoGA_of": 43629.890957051946, "BaldoGA_time": 7.747261047363281, "Solver_of": 45803.517832776815, "Solver_time": 18.772023677825928}