{"name": "E_1500_572_12671.896.json", "BaldoML_of": 43393.087721567084, "BaldoML_time": 15.335974216461182, "BaldoGA_of": 41627.781830439686, "BaldoGA_time": 7.744168043136597, "Solver_of": 43393.08772156709, "Solver_time": 21.175037622451782}