{"name": "E_1500_368_12973.744.json", "BaldoML_of": 43698.5030970676, "BaldoML_time": 3.9546902179718018, "BaldoGA_of": 41949.74297745125, "BaldoGA_time": 7.2331461906433105, "Solver_of": 44089.67788161588, "Solver_time": 11.18895936012268}