{"name": "E_1500_865_9664.977.json", "BaldoML_of": 37076.0844540712, "BaldoML_time": 2.1278767585754395, "BaldoGA_of": 36428.604193117375, "BaldoGA_time": 4.267685174942017, "Solver_of": 37113.566440676674, "Solver_time": 2.929382085800171}