{"name": "E_1500_702_18979.451.json", "BaldoML_of": 52341.66852624074, "BaldoML_time": 37.515016078948975, "BaldoGA_of": 50225.4141875938, "BaldoGA_time": 11.62798810005188, "Solver_of": 52342.80574202347, "Solver_time": 32.8847496509552}