{"name": "E_1500_831_19238.671.json", "BaldoML_of": 49416.47030214678, "BaldoML_time": 32.98157334327698, "BaldoGA_of": 47820.56925780307, "BaldoGA_time": 17.06068515777588, "Solver_of": 49416.47030214678, "Solver_time": 40.913328409194946}