{"name": "E_1500_844_9711.459.json", "BaldoML_of": 36466.738445608935, "BaldoML_time": 2.7160980701446533, "BaldoGA_of": 35554.29591376237, "BaldoGA_time": 4.252527713775635, "Solver_of": 36497.49118931786, "Solver_time": 1.4542899131774902}