{"name": "E_1500_491_12799.143.json", "BaldoML_of": 43178.20817362992, "BaldoML_time": 4.839326620101929, "BaldoGA_of": 42149.71772229533, "BaldoGA_time": 7.20319390296936, "Solver_of": 43784.337384151724, "Solver_time": 31.946882963180542}