{"name": "E_1500_846_18587.753.json", "BaldoML_of": 53352.788860001005, "BaldoML_time": 18.99880027770996, "BaldoGA_of": 51783.91555003647, "BaldoGA_time": 15.947146892547607, "Solver_of": 53357.32137714565, "Solver_time": 21.269967555999756}