{"name": "E_1500_406_12892.89.json", "BaldoML_of": 43061.41075304451, "BaldoML_time": 48.63934087753296, "BaldoGA_of": 40591.6042777347, "BaldoGA_time": 7.61557936668396, "Solver_of": 43059.552191146606, "Solver_time": 17.23137903213501}