{"name": "E_1500_484_18833.38.json", "BaldoML_of": 54526.162344103584, "BaldoML_time": 3.0307438373565674, "BaldoGA_of": 52407.214740982025, "BaldoGA_time": 11.111370086669922, "Solver_of": 55366.1403969259, "Solver_time": 13.02147650718689}