{"name": "E_1500_452_19386.307.json", "BaldoML_of": 53212.96183276731, "BaldoML_time": 3.4709789752960205, "BaldoGA_of": 51387.670053322465, "BaldoGA_time": 10.431745052337646, "Solver_of": 54074.02114076577, "Solver_time": 12.031113147735596}