{"name": "E_1500_727_12858.924.json", "BaldoML_of": 40739.41151172673, "BaldoML_time": 1.0819690227508545, "BaldoGA_of": 40109.90405486187, "BaldoGA_time": 13.460736989974976, "Solver_of": 41115.43914908382, "Solver_time": 23.28845500946045}