{"name": "E_1500_347_19380.084.json", "BaldoML_of": 55186.12010921943, "BaldoML_time": 28.375035285949707, "BaldoGA_of": 51303.31115812234, "BaldoGA_time": 7.129680395126343, "Solver_of": 55183.0923315499, "Solver_time": 32.96374583244324}