{"name": "E_1500_610_12619.067.json", "BaldoML_of": 43302.774749142736, "BaldoML_time": 24.212501764297485, "BaldoGA_of": 41827.263887728695, "BaldoGA_time": 9.511231422424316, "Solver_of": 43302.77474914273, "Solver_time": 23.61501932144165}