{"name": "E_1500_631_9511.322.json", "BaldoML_of": 36445.56524365907, "BaldoML_time": 17.446898698806763, "BaldoGA_of": 35460.441153575855, "BaldoGA_time": 10.514878273010254, "Solver_of": 36445.37842054268, "Solver_time": 16.695420265197754}