{"name": "E_1500_489_19196.274.json", "BaldoML_of": 52423.25280245682, "BaldoML_time": 46.30911421775818, "BaldoGA_of": 49439.660202016516, "BaldoGA_time": 11.275442361831665, "Solver_of": 52438.05658767706, "Solver_time": 63.41680312156677}