{"name": "E_1500_521_12914.921.json", "BaldoML_of": 42285.89822349287, "BaldoML_time": 36.278175354003906, "BaldoGA_of": 40260.43155228424, "BaldoGA_time": 8.198941469192505, "Solver_of": 42287.768333568354, "Solver_time": 51.47445607185364}