{"name": "E_1500_555_12647.267.json", "BaldoML_of": 42852.735082223495, "BaldoML_time": 2.4104714393615723, "BaldoGA_of": 41700.949268759, "BaldoGA_time": 7.432521343231201, "Solver_of": 43376.91692659632, "Solver_time": 30.210987329483032}