{"name": "E_1500_756_12849.032.json", "BaldoML_of": 41836.066188534125, "BaldoML_time": 10.390128374099731, "BaldoGA_of": 40488.127279831075, "BaldoGA_time": 12.010940790176392, "Solver_of": 41839.12713439412, "Solver_time": 6.770328521728516}