{"name": "E_1500_499_9490.648.json", "BaldoML_of": 37257.656849902276, "BaldoML_time": 3.284217119216919, "BaldoGA_of": 36293.39965790335, "BaldoGA_time": 7.401108026504517, "Solver_of": 37612.09215523171, "Solver_time": 20.984087705612183}