{"name": "E_1500_727_9481.036.json", "BaldoML_of": 36990.25825595191, "BaldoML_time": 1.4298295974731445, "BaldoGA_of": 36584.973049804925, "BaldoGA_time": 3.9717493057250977, "Solver_of": 37520.0584355163, "Solver_time": 5.743417263031006}