{"name": "E_1500_640_12546.744.json", "BaldoML_of": 41281.62332469757, "BaldoML_time": 3.730323076248169, "BaldoGA_of": 40345.76782251059, "BaldoGA_time": 9.230316638946533, "Solver_of": 41981.47443802074, "Solver_time": 30.450828552246094}