{"name": "E_1500_505_12765.728.json", "BaldoML_of": 42247.97933157327, "BaldoML_time": 25.65125823020935, "BaldoGA_of": 40458.68059312743, "BaldoGA_time": 8.437848806381226, "Solver_of": 42247.97933157327, "Solver_time": 30.25773596763611}