{"name": "E_1500_848_9499.992.json", "BaldoML_of": 37855.14101473536, "BaldoML_time": 0.9404311180114746, "BaldoGA_of": 37517.882497492596, "BaldoGA_time": 4.002167701721191, "Solver_of": 38278.83063715742, "Solver_time": 2.1815359592437744}