{"name": "E_1500_653_18846.0.json", "BaldoML_of": 49981.92639678475, "BaldoML_time": 1.5263290405273438, "BaldoGA_of": 48946.50431902199, "BaldoGA_time": 11.034147262573242, "Solver_of": 51323.52773429999, "Solver_time": 45.069085121154785}