{"name": "E_1500_563_9786.32.json", "BaldoML_of": 36379.05056692078, "BaldoML_time": 3.127372980117798, "BaldoGA_of": 35622.63461257784, "BaldoGA_time": 7.47929573059082, "Solver_of": 36822.06882043221, "Solver_time": 20.062328815460205}