{"name": "E_1500_482_12876.851.json", "BaldoML_of": 43123.4142494523, "BaldoML_time": 27.62228035926819, "BaldoGA_of": 41191.003277201366, "BaldoGA_time": 8.062878131866455, "Solver_of": 43131.737290353994, "Solver_time": 29.76590871810913}