{"name": "E_1500_318_9208.447.json", "BaldoML_of": 40524.65260592509, "BaldoML_time": 4.203198432922363, "BaldoGA_of": 38755.687488912634, "BaldoGA_time": 6.387163400650024, "Solver_of": 40732.62815700217, "Solver_time": 11.692238807678223}