{"name": "E_1500_448_9578.988.json", "BaldoML_of": 38066.47492076526, "BaldoML_time": 42.63886904716492, "BaldoGA_of": 36716.33062253297, "BaldoGA_time": 6.503612279891968, "Solver_of": 38066.47492076526, "Solver_time": 20.562227964401245}