{"name": "E_1500_444_12483.06.json", "BaldoML_of": 44849.741556988796, "BaldoML_time": 39.57078957557678, "BaldoGA_of": 43059.03519433089, "BaldoGA_time": 8.212826251983643, "Solver_of": 44849.741556988825, "Solver_time": 38.46484923362732}