{"name": "E_1500_553_12794.132.json", "BaldoML_of": 41537.85770684705, "BaldoML_time": 44.16980600357056, "BaldoGA_of": 39797.63151476584, "BaldoGA_time": 7.702672243118286, "Solver_of": 41538.15184514058, "Solver_time": 41.119345903396606}