{"name": "E_1500_730_12852.257.json", "BaldoML_of": 41110.24852987272, "BaldoML_time": 23.820637941360474, "BaldoGA_of": 39872.2365360425, "BaldoGA_time": 13.388728380203247, "Solver_of": 41109.14133642739, "Solver_time": 12.226943492889404}