{"name": "E_1500_437_19141.945.json", "BaldoML_of": 53614.12192660141, "BaldoML_time": 3.770921230316162, "BaldoGA_of": 50897.69223094608, "BaldoGA_time": 7.64560604095459, "Solver_of": 54451.81733312386, "Solver_time": 15.525639533996582}