{"name": "L_100_58_656.245.json", "BaldoML_of": 2738.446766883188, "BaldoML_time": 0.08709335327148438, "BaldoGA_of": 2738.446766883188, "BaldoGA_time": 0.13820266723632812, "Solver_of": 2895.492020991404, "Solver_time": 0.2948791980743408}