{"name": "L_100_53_689.292.json", "BaldoML_of": 2731.6221595511056, "BaldoML_time": 0.08771491050720215, "BaldoGA_of": 2731.622159551104, "BaldoGA_time": 0.11255812644958496, "Solver_of": 2787.766091345182, "Solver_time": 0.2211771011352539}