{"name": "L_100_42_825.087.json", "BaldoML_of": 3227.430621054432, "BaldoML_time": 0.0952000617980957, "BaldoGA_of": 3287.5240671464862, "BaldoGA_time": 0.41245269775390625, "Solver_of": 3322.9741300075466, "Solver_time": 1.1945278644561768}