{"name": "L_100_38_1315.289.json", "BaldoML_of": 3847.4914762260582, "BaldoML_time": 0.7467646598815918, "BaldoGA_of": 3774.174126451594, "BaldoGA_time": 0.6878879070281982, "Solver_of": 3847.4914762260582, "Solver_time": 2.0410218238830566}