{"name": "L_100_27_627.665.json", "BaldoML_of": 2674.095315268496, "BaldoML_time": 0.5222809314727783, "BaldoGA_of": 2650.3409202096104, "BaldoGA_time": 0.42337942123413086, "Solver_of": 2674.095315268496, "Solver_time": 0.8794457912445068}