{"name": "L_100_49_1219.976.json", "BaldoML_of": 3954.7574534780288, "BaldoML_time": 0.5346083641052246, "BaldoGA_of": 3939.5707357655683, "BaldoGA_time": 0.5865797996520996, "Solver_of": 3954.7574534780288, "Solver_time": 1.3601391315460205}