{"name": "L_100_44_903.828.json", "BaldoML_of": 2667.3624955706696, "BaldoML_time": 0.09415388107299805, "BaldoGA_of": 2663.012852799086, "BaldoGA_time": 0.28644847869873047, "Solver_of": 2769.8985389004324, "Solver_time": 0.6762747764587402}