{"name": "L_100_20_1203.628.json", "BaldoML_of": 4692.228661544555, "BaldoML_time": 0.5570950508117676, "BaldoGA_of": 4633.120960676434, "BaldoGA_time": 0.7679097652435303, "Solver_of": 4692.228661544555, "Solver_time": 1.3747224807739258}