{"name": "L_100_52_805.705.json", "BaldoML_of": 3604.929609195231, "BaldoML_time": 0.2635774612426758, "BaldoGA_of": 3560.7510673840816, "BaldoGA_time": 0.23755216598510742, "Solver_of": 3616.9720088339286, "Solver_time": 0.3326833248138428}