{"name": "L_100_52_627.296.json", "BaldoML_of": 2911.948915671904, "BaldoML_time": 0.2339954376220703, "BaldoGA_of": 2811.1080647388144, "BaldoGA_time": 0.11779117584228516, "Solver_of": 2911.948915671904, "Solver_time": 0.40407633781433105}