{"name": "L_100_45_1269.044.json", "BaldoML_of": 3891.3629829714387, "BaldoML_time": 0.08491134643554688, "BaldoGA_of": 3908.7562070751915, "BaldoGA_time": 0.6408176422119141, "Solver_of": 4020.2897880534338, "Solver_time": 0.8614935874938965}