{"name": "L_100_44_1238.399.json", "BaldoML_of": 4076.8511613770256, "BaldoML_time": 0.7525355815887451, "BaldoGA_of": 4065.3338916807656, "BaldoGA_time": 0.5892953872680664, "Solver_of": 4076.8511613770274, "Solver_time": 1.5353000164031982}