{"name": "L_100_30_589.428.json", "BaldoML_of": 3006.105904815125, "BaldoML_time": 0.2680063247680664, "BaldoGA_of": 2911.468916850211, "BaldoGA_time": 0.3220479488372803, "Solver_of": 3006.105904815125, "Solver_time": 0.32407617568969727}