{"name": "L_100_50_1239.055.json", "BaldoML_of": 3782.332634648604, "BaldoML_time": 1.310089111328125, "BaldoGA_of": 3685.1926495813022, "BaldoGA_time": 1.3479728698730469, "Solver_of": 3782.332634648604, "Solver_time": 1.2914412021636963}