{"name": "L_100_47_1187.215.json", "BaldoML_of": 3763.4144868159274, "BaldoML_time": 0.49243855476379395, "BaldoGA_of": 3726.8742239296635, "BaldoGA_time": 0.508861780166626, "Solver_of": 3763.4144868159274, "Solver_time": 1.1098685264587402}