{"name": "L_100_44_839.496.json", "BaldoML_of": 3048.7029603885185, "BaldoML_time": 0.22952818870544434, "BaldoGA_of": 2972.733861606257, "BaldoGA_time": 0.45672130584716797, "Solver_of": 3059.3696888853156, "Solver_time": 0.3315696716308594}