{"name": "L_100_20_848.136.json", "BaldoML_of": 3359.524894117158, "BaldoML_time": 0.5176036357879639, "BaldoGA_of": 3316.6673737791393, "BaldoGA_time": 0.5808227062225342, "Solver_of": 3373.360911773895, "Solver_time": 0.4832499027252197}