{"name": "L_100_51_659.715.json", "BaldoML_of": 2285.1817178243673, "BaldoML_time": 0.2650001049041748, "BaldoGA_of": 2198.5755389033307, "BaldoGA_time": 0.11369037628173828, "Solver_of": 2287.9487439533264, "Solver_time": 0.3436856269836426}