{"name": "L_100_27_1338.809.json", "BaldoML_of": 3559.333853142981, "BaldoML_time": 0.08620238304138184, "BaldoGA_of": 3717.7751934865073, "BaldoGA_time": 0.7066817283630371, "Solver_of": 3816.720760481605, "Solver_time": 1.0208847522735596}