{"name": "L_100_35_626.145.json", "BaldoML_of": 2552.52305422614, "BaldoML_time": 0.08827853202819824, "BaldoGA_of": 2616.806867100007, "BaldoGA_time": 0.4103882312774658, "Solver_of": 2658.313823674128, "Solver_time": 0.7025072574615479}