{"name": "L_100_24_1274.772.json", "BaldoML_of": 4015.8047331779617, "BaldoML_time": 1.0509123802185059, "BaldoGA_of": 3963.704289299681, "BaldoGA_time": 0.721318244934082, "Solver_of": 4027.1685797787923, "Solver_time": 1.8449296951293945}