{"name": "L_100_27_599.405.json", "BaldoML_of": 2694.5693974453206, "BaldoML_time": 0.11011886596679688, "BaldoGA_of": 2704.5922886021494, "BaldoGA_time": 0.5167064666748047, "Solver_of": 2746.2872435714607, "Solver_time": 0.854407787322998}