{"name": "L_100_38_786.8.json", "BaldoML_of": 3377.9494716886006, "BaldoML_time": 0.4215543270111084, "BaldoGA_of": 3300.0502691325883, "BaldoGA_time": 0.32405829429626465, "Solver_of": 3377.949471688601, "Solver_time": 0.8462367057800293}