{"name": "L_100_57_596.247.json", "BaldoML_of": 3205.3364121062414, "BaldoML_time": 0.16746044158935547, "BaldoGA_of": 3060.5668146009407, "BaldoGA_time": 0.1259775161743164, "Solver_of": 3240.062229577748, "Solver_time": 0.37956690788269043}