{"name": "L_100_51_1418.752.json", "BaldoML_of": 3305.848398501323, "BaldoML_time": 0.7293667793273926, "BaldoGA_of": 3257.3531088397804, "BaldoGA_time": 0.6055407524108887, "Solver_of": 3305.848398501323, "Solver_time": 1.1954705715179443}