{"name": "L_100_55_1293.827.json", "BaldoML_of": 3896.4178586755575, "BaldoML_time": 0.40111780166625977, "BaldoGA_of": 3754.6727715544203, "BaldoGA_time": 0.7844908237457275, "Solver_of": 3896.4178586755575, "Solver_time": 0.8604214191436768}