{"name": "L_100_22_1338.229.json", "BaldoML_of": 3695.063452027248, "BaldoML_time": 0.11943697929382324, "BaldoGA_of": 3702.353450997283, "BaldoGA_time": 0.6294965744018555, "Solver_of": 3811.1958082647657, "Solver_time": 1.1886820793151855}