{"name": "L_100_30_589.428.json", "BaldoML_of": 2912.4600539386315, "BaldoML_time": 0.10520076751708984, "BaldoGA_of": 2911.468916850211, "BaldoGA_time": 0.3220479488372803, "Solver_of": 3006.105904815125, "Solver_time": 0.32407617568969727}