{"name": "L_100_53_712.653.json", "BaldoML_of": 2138.404830670847, "BaldoML_time": 0.19370460510253906, "BaldoGA_of": 2045.4488813817622, "BaldoGA_time": 0.14364385604858398, "Solver_of": 2141.5244412066477, "Solver_time": 0.2837514877319336}