{"name": "L_100_48_875.22.json", "BaldoML_of": 2817.203208969425, "BaldoML_time": 0.26239991188049316, "BaldoGA_of": 2772.7491786126666, "BaldoGA_time": 0.36620664596557617, "Solver_of": 2817.203208969425, "Solver_time": 0.4252018928527832}