{"name": "L_100_28_1245.219.json", "BaldoML_of": 4458.858496507755, "BaldoML_time": 0.7211308479309082, "BaldoGA_of": 4355.573491600594, "BaldoGA_time": 0.7798175811767578, "Solver_of": 4458.858496507753, "Solver_time": 1.8360309600830078}