{"name": "L_100_21_619.158.json", "BaldoML_of": 2762.3020708991135, "BaldoML_time": 0.11199235916137695, "BaldoGA_of": 2762.3020708991126, "BaldoGA_time": 0.3776586055755615, "Solver_of": 2793.737612750092, "Solver_time": 0.6290268898010254}