{"name": "L_100_20_626.666.json", "BaldoML_of": 2847.062046559791, "BaldoML_time": 0.43205881118774414, "BaldoGA_of": 2817.2006302050936, "BaldoGA_time": 0.38640546798706055, "Solver_of": 2847.062046559791, "Solver_time": 0.6332638263702393}