{"name": "L_100_27_843.396.json", "BaldoML_of": 3340.3381886073807, "BaldoML_time": 0.11034512519836426, "BaldoGA_of": 3354.3552275197185, "BaldoGA_time": 0.4465773105621338, "Solver_of": 3354.355227519719, "Solver_time": 0.42871713638305664}