{"name": "L_100_20_674.403.json", "BaldoML_of": 2549.516186910105, "BaldoML_time": 0.14421582221984863, "BaldoGA_of": 2549.5161869101034, "BaldoGA_time": 0.3710670471191406, "Solver_of": 2562.851964557515, "Solver_time": 0.5568795204162598}