{"name": "L_100_21_822.017.json", "BaldoML_of": 3739.8664646367756, "BaldoML_time": 0.4921121597290039, "BaldoGA_of": 3736.694477728865, "BaldoGA_time": 0.3707139492034912, "Solver_of": 3739.8664646367756, "Solver_time": 0.6136307716369629}