{"name": "L_100_30_1242.334.json", "BaldoML_of": 4397.535027745321, "BaldoML_time": 0.0797567367553711, "BaldoGA_of": 4630.980791967982, "BaldoGA_time": 0.6866838932037354, "Solver_of": 4675.5318367192585, "Solver_time": 0.8103585243225098}