{"name": "L_100_40_1336.875.json", "BaldoML_of": 3991.465387185883, "BaldoML_time": 0.08322787284851074, "BaldoGA_of": 4057.397176918974, "BaldoGA_time": 0.5865433216094971, "Solver_of": 4116.790795353815, "Solver_time": 0.8792078495025635}