{"name": "L_100_30_1392.796.json", "BaldoML_of": 3530.7812873007974, "BaldoML_time": 0.08130002021789551, "BaldoGA_of": 3693.3837572733933, "BaldoGA_time": 0.6435837745666504, "Solver_of": 3761.192385163848, "Solver_time": 1.7829787731170654}