{"name": "L_100_23_1246.468.json", "BaldoML_of": 4001.4191914093617, "BaldoML_time": 0.09097504615783691, "BaldoGA_of": 4159.021005393157, "BaldoGA_time": 0.8758301734924316, "Solver_of": 4207.63216604816, "Solver_time": 0.9962189197540283}