{"name": "L_100_48_629.836.json", "BaldoML_of": 2860.320960409673, "BaldoML_time": 0.30735087394714355, "BaldoGA_of": 2786.9132427288073, "BaldoGA_time": 0.17623567581176758, "Solver_of": 2881.3880538964745, "Solver_time": 0.4529249668121338}