{"name": "L_100_46_629.764.json", "BaldoML_of": 2545.657935402051, "BaldoML_time": 0.08907675743103027, "BaldoGA_of": 2597.3285126955843, "BaldoGA_time": 0.1249856948852539, "Solver_of": 2669.8576292667212, "Solver_time": 0.3189091682434082}