{"name": "L_100_52_1227.937.json", "BaldoML_of": 3916.4217278139995, "BaldoML_time": 0.452099084854126, "BaldoGA_of": 3837.5235154556817, "BaldoGA_time": 0.5862998962402344, "Solver_of": 3916.4217278139995, "Solver_time": 1.046355962753296}