{"name": "L_100_47_655.65.json", "BaldoML_of": 2394.266451163339, "BaldoML_time": 0.29874181747436523, "BaldoGA_of": 2396.7597108635205, "BaldoGA_time": 0.10202932357788086, "Solver_of": 2443.7909253155312, "Solver_time": 0.382371187210083}