{"name": "L_100_52_837.485.json", "BaldoML_of": 2951.0036461963914, "BaldoML_time": 0.09483551979064941, "BaldoGA_of": 3030.060407269542, "BaldoGA_time": 0.28984713554382324, "Solver_of": 3117.715206339101, "Solver_time": 0.592522144317627}