{"name": "L_100_47_1421.725.json", "BaldoML_of": 3718.3170252652167, "BaldoML_time": 0.09331059455871582, "BaldoGA_of": 3764.2620400501364, "BaldoGA_time": 0.7681634426116943, "Solver_of": 3822.597330906286, "Solver_time": 1.07304048538208}