{"name": "L_100_25_1315.954.json", "BaldoML_of": 3812.4173706337688, "BaldoML_time": 0.09315705299377441, "BaldoGA_of": 3927.1134542372943, "BaldoGA_time": 0.650409460067749, "Solver_of": 4056.71938438293, "Solver_time": 0.976433277130127}