{"name": "L_100_46_1386.392.json", "BaldoML_of": 3620.484028033619, "BaldoML_time": 0.08633637428283691, "BaldoGA_of": 3739.876855662196, "BaldoGA_time": 0.7009203433990479, "Solver_of": 3771.8540454490503, "Solver_time": 1.2981481552124023}