{"name": "L_100_23_1288.897.json", "BaldoML_of": 4474.554217953319, "BaldoML_time": 0.4073452949523926, "BaldoGA_of": 4420.963194625539, "BaldoGA_time": 0.5309481620788574, "Solver_of": 4474.554217953318, "Solver_time": 0.7455344200134277}