{"name": "L_100_29_560.561.json", "BaldoML_of": 3031.258809932624, "BaldoML_time": 0.591167688369751, "BaldoGA_of": 3014.298180881072, "BaldoGA_time": 0.567065954208374, "Solver_of": 3031.258809932624, "Solver_time": 0.8538329601287842}