{"name": "L_100_29_788.65.json", "BaldoML_of": 2952.864852278627, "BaldoML_time": 0.9508566856384277, "BaldoGA_of": 2928.9871286001926, "BaldoGA_time": 0.592465877532959, "Solver_of": 2952.864852278627, "Solver_time": 1.9266936779022217}