{"name": "L_100_40_1219.17.json", "BaldoML_of": 4026.5001285890257, "BaldoML_time": 0.4083731174468994, "BaldoGA_of": 3917.3836609932855, "BaldoGA_time": 0.577730655670166, "Solver_of": 4026.5001285890257, "Solver_time": 0.9571349620819092}