{"name": "L_100_35_654.706.json", "BaldoML_of": 2440.5053527001432, "BaldoML_time": 0.10132980346679688, "BaldoGA_of": 2463.7253804839725, "BaldoGA_time": 0.3488016128540039, "Solver_of": 2511.720560239912, "Solver_time": 0.6504981517791748}