{"name": "L_100_32_658.878.json", "BaldoML_of": 2445.4090877478097, "BaldoML_time": 0.09458398818969727, "BaldoGA_of": 2561.167641679285, "BaldoGA_time": 0.34759950637817383, "Solver_of": 2561.167641679286, "Solver_time": 0.4454987049102783}