{"name": "L_100_25_861.087.json", "BaldoML_of": 3227.9664626545027, "BaldoML_time": 0.10411381721496582, "BaldoGA_of": 3322.5684671047247, "BaldoGA_time": 0.5904195308685303, "Solver_of": 3337.378638924905, "Solver_time": 0.798471212387085}