{"name": "L_100_58_699.464.json", "BaldoML_of": 2527.300457738742, "BaldoML_time": 0.08582854270935059, "BaldoGA_of": 2539.861796814116, "BaldoGA_time": 0.10887813568115234, "Solver_of": 2574.6436451880204, "Solver_time": 0.3895294666290283}