{"name": "L_100_21_614.523.json", "BaldoML_of": 3046.962150774056, "BaldoML_time": 0.4226059913635254, "BaldoGA_of": 3004.523342484133, "BaldoGA_time": 0.3138880729675293, "Solver_of": 3046.962150774056, "Solver_time": 0.5468509197235107}