{"name": "L_100_51_624.473.json", "BaldoML_of": 2733.31569859313, "BaldoML_time": 0.08344364166259766, "BaldoGA_of": 2736.837058433942, "BaldoGA_time": 0.13573813438415527, "Solver_of": 2738.7088173675584, "Solver_time": 0.21930289268493652}