{"name": "L_100_45_865.007.json", "BaldoML_of": 3222.8858775469735, "BaldoML_time": 0.47681570053100586, "BaldoGA_of": 3212.39735745902, "BaldoGA_time": 0.27683377265930176, "Solver_of": 3222.8858775469735, "Solver_time": 0.7551774978637695}