{"name": "L_100_55_588.146.json", "BaldoML_of": 3338.1258847606405, "BaldoML_time": 0.1720104217529297, "BaldoGA_of": 3275.3230024583618, "BaldoGA_time": 0.14034438133239746, "Solver_of": 3338.1258847606405, "Solver_time": 0.26414918899536133}