{"name": "L_100_42_1243.254.json", "BaldoML_of": 4036.0714943811163, "BaldoML_time": 0.09330558776855469, "BaldoGA_of": 4180.721373067676, "BaldoGA_time": 0.6796653270721436, "Solver_of": 4208.018658283942, "Solver_time": 1.485994815826416}