{"name": "L_100_42_813.247.json", "BaldoML_of": 3446.1448793942463, "BaldoML_time": 0.4661707878112793, "BaldoGA_of": 3441.0080726344427, "BaldoGA_time": 0.3298616409301758, "Solver_of": 3446.144879394245, "Solver_time": 0.5440499782562256}