{"name": "L_100_36_871.261.json", "BaldoML_of": 3114.6701692656065, "BaldoML_time": 0.7353005409240723, "BaldoGA_of": 3106.387995367915, "BaldoGA_time": 0.46274852752685547, "Solver_of": 3114.670169265607, "Solver_time": 0.9973964691162109}