{"name": "L_100_28_666.749.json", "BaldoML_of": 2411.272435731062, "BaldoML_time": 0.09810185432434082, "BaldoGA_of": 2428.875797854942, "BaldoGA_time": 0.45269083976745605, "Solver_of": 2512.98443123382, "Solver_time": 0.6629083156585693}