{"name": "L_100_42_866.317.json", "BaldoML_of": 3211.822630694946, "BaldoML_time": 0.5536847114562988, "BaldoGA_of": 3168.6033812952687, "BaldoGA_time": 0.36222243309020996, "Solver_of": 3211.822630694946, "Solver_time": 0.8351616859436035}