{"name": "L_100_27_658.143.json", "BaldoML_of": 2546.033972822616, "BaldoML_time": 0.37424373626708984, "BaldoGA_of": 2476.9265883764106, "BaldoGA_time": 0.33724546432495117, "Solver_of": 2546.033972822616, "Solver_time": 0.5896899700164795}