{"name": "L_100_41_1305.904.json", "BaldoML_of": 4251.216288663594, "BaldoML_time": 0.09066462516784668, "BaldoGA_of": 4390.040607527364, "BaldoGA_time": 0.6762700080871582, "Solver_of": 4423.946273110059, "Solver_time": 1.4216387271881104}