{"name": "L_100_52_1310.578.json", "BaldoML_of": 4039.652707299197, "BaldoML_time": 0.35964417457580566, "BaldoGA_of": 3978.6254949923646, "BaldoGA_time": 0.6871201992034912, "Solver_of": 4044.417344212841, "Solver_time": 0.8621420860290527}