{"name": "L_100_36_670.105.json", "BaldoML_of": 2311.4397509087203, "BaldoML_time": 0.5462918281555176, "BaldoGA_of": 2236.7834124465053, "BaldoGA_time": 0.4156630039215088, "Solver_of": 2311.4397500068562, "Solver_time": 1.4202399253845215}