{"name": "L_100_29_694.063.json", "BaldoML_of": 2370.5762951648167, "BaldoML_time": 0.3270132541656494, "BaldoGA_of": 2294.045276699818, "BaldoGA_time": 0.23572182655334473, "Solver_of": 2380.439006335516, "Solver_time": 0.5888051986694336}