{"name": "L_100_40_651.999.json", "BaldoML_of": 2258.9020483110494, "BaldoML_time": 0.10963034629821777, "BaldoGA_of": 2323.269785098646, "BaldoGA_time": 0.19731402397155762, "Solver_of": 2423.056369996689, "Solver_time": 0.41390228271484375}