{"name": "L_100_39_927.263.json", "BaldoML_of": 3033.4260241581387, "BaldoML_time": 0.3892934322357178, "BaldoGA_of": 3018.2013580689645, "BaldoGA_time": 0.38659167289733887, "Solver_of": 3033.4260241581387, "Solver_time": 0.6925604343414307}