{"name": "L_100_21_639.041.json", "BaldoML_of": 2959.7193223549284, "BaldoML_time": 0.4682307243347168, "BaldoGA_of": 2944.1313996042913, "BaldoGA_time": 0.3785417079925537, "Solver_of": 2959.7193223549284, "Solver_time": 0.5989875793457031}