{"name": "L_100_40_1418.087.json", "BaldoML_of": 3579.4782260153943, "BaldoML_time": 0.08293890953063965, "BaldoGA_of": 3767.817112836578, "BaldoGA_time": 0.5675415992736816, "Solver_of": 3881.6835690261523, "Solver_time": 1.2090728282928467}