{"name": "L_100_36_846.228.json", "BaldoML_of": 2892.1142919169674, "BaldoML_time": 0.49106597900390625, "BaldoGA_of": 2868.4396848691986, "BaldoGA_time": 0.37244319915771484, "Solver_of": 2892.114291916967, "Solver_time": 1.371307611465454}