{"name": "L_100_46_1237.511.json", "BaldoML_of": 4147.420115877544, "BaldoML_time": 0.8018107414245605, "BaldoGA_of": 4115.9630994281115, "BaldoGA_time": 0.6968176364898682, "Solver_of": 4147.420115877546, "Solver_time": 1.3952641487121582}