{"name": "L_100_37_835.617.json", "BaldoML_of": 3217.9402258908294, "BaldoML_time": 0.5089576244354248, "BaldoGA_of": 3110.9746426543384, "BaldoGA_time": 0.3930978775024414, "Solver_of": 3217.9402258908294, "Solver_time": 1.2166366577148438}