{"name": "L_100_44_839.496.json", "BaldoML_of": 2977.574344990404, "BaldoML_time": 0.10849165916442871, "BaldoGA_of": 2972.733861606257, "BaldoGA_time": 0.45672130584716797, "Solver_of": 3059.3696888853156, "Solver_time": 0.3315696716308594}