{"name": "L_100_58_1252.17.json", "BaldoML_of": 4112.059106802216, "BaldoML_time": 0.36424756050109863, "BaldoGA_of": 4061.093068726314, "BaldoGA_time": 0.30971360206604004, "Solver_of": 4112.059106802216, "Solver_time": 0.605111837387085}