{"name": "L_100_39_642.547.json", "BaldoML_of": 2772.5391189157835, "BaldoML_time": 0.26000523567199707, "BaldoGA_of": 2744.64198803265, "BaldoGA_time": 0.2900221347808838, "Solver_of": 2785.3147398375763, "Solver_time": 0.6691386699676514}