{"name": "L_100_28_837.259.json", "BaldoML_of": 3335.6306359780274, "BaldoML_time": 0.3596334457397461, "BaldoGA_of": 3267.149332520972, "BaldoGA_time": 0.36268115043640137, "Solver_of": 3386.2818357837214, "Solver_time": 0.2917914390563965}