{"name": "L_100_31_818.514.json", "BaldoML_of": 3502.0070400100785, "BaldoML_time": 0.427203893661499, "BaldoGA_of": 3484.150092501563, "BaldoGA_time": 0.49172401428222656, "Solver_of": 3518.959043169569, "Solver_time": 0.7943060398101807}