{"name": "L_100_30_1392.796.json", "BaldoML_of": 3758.994687641312, "BaldoML_time": 0.6109094619750977, "BaldoGA_of": 3693.3837572733933, "BaldoGA_time": 0.6435837745666504, "Solver_of": 3761.192385163848, "Solver_time": 1.7829787731170654}