{"name": "L_100_38_1264.286.json", "BaldoML_of": 3605.844355790009, "BaldoML_time": 0.19018316268920898, "BaldoGA_of": 3705.160896452049, "BaldoGA_time": 0.742046594619751, "Solver_of": 3752.4256906167016, "Solver_time": 1.2172505855560303}