{"name": "L_300_60_1962.281.json", "BaldoML_of": 8618.003697271422, "BaldoML_time": 1.8555493354797363, "BaldoGA_of": 8383.001900223575, "BaldoGA_time": 2.3702614307403564, "Solver_of": 8618.003697271422, "Solver_time": 5.716899394989014}