{"name": "L_300_175_3758.968.json", "BaldoML_of": 12022.884399681965, "BaldoML_time": 6.4750306606292725, "BaldoGA_of": 11541.394044089628, "BaldoGA_time": 7.160898685455322, "Solver_of": 12022.884399681965, "Solver_time": 12.348940134048462}