{"name": "L_300_91_1829.406.json", "BaldoML_of": 8564.192558525565, "BaldoML_time": 2.306166172027588, "BaldoGA_of": 8281.043360725502, "BaldoGA_time": 2.3362646102905273, "Solver_of": 8571.490698345244, "Solver_time": 5.104064226150513}