{"name": "L_300_87_1882.447.json", "BaldoML_of": 8305.389494453897, "BaldoML_time": 0.4738485813140869, "BaldoGA_of": 8276.305369884565, "BaldoGA_time": 2.8500757217407227, "Solver_of": 8448.517858278497, "Solver_time": 3.607816219329834}