{"name": "L_300_123_4057.389.json", "BaldoML_of": 11085.374356341892, "BaldoML_time": 0.41463780403137207, "BaldoGA_of": 11119.296918338221, "BaldoGA_time": 4.144170522689819, "Solver_of": 11586.299832680097, "Solver_time": 12.415514945983887}