{"name": "L_300_117_1915.318.json", "BaldoML_of": 8336.268418076535, "BaldoML_time": 1.9412155151367188, "BaldoGA_of": 8169.421382635857, "BaldoGA_time": 2.887834310531616, "Solver_of": 8336.268418076535, "Solver_time": 6.210126876831055}