{"name": "L_300_156_3769.789.json", "BaldoML_of": 12270.024099435755, "BaldoML_time": 7.293437719345093, "BaldoGA_of": 11758.436931526547, "BaldoGA_time": 6.091320037841797, "Solver_of": 12270.024099435757, "Solver_time": 20.371577501296997}