{"name": "L_300_107_3850.322.json", "BaldoML_of": 12691.349816054913, "BaldoML_time": 2.632399797439575, "BaldoGA_of": 12397.986496842062, "BaldoGA_time": 3.4909305572509766, "Solver_of": 12724.377353775768, "Solver_time": 9.73717474937439}