{"name": "L_300_164_2595.448.json", "BaldoML_of": 9783.062052527253, "BaldoML_time": 0.3610830307006836, "BaldoGA_of": 9834.20330806245, "BaldoGA_time": 1.9041252136230469, "Solver_of": 10103.936939389043, "Solver_time": 6.717811346054077}