{"name": "L_300_158_2552.824.json", "BaldoML_of": 10008.39213144604, "BaldoML_time": 2.645441770553589, "BaldoGA_of": 9765.686598945253, "BaldoGA_time": 2.7074801921844482, "Solver_of": 10008.39213144604, "Solver_time": 5.916820526123047}