{"name": "L_300_111_3881.441.json", "BaldoML_of": 12414.467475027597, "BaldoML_time": 2.1363654136657715, "BaldoGA_of": 11914.029974643117, "BaldoGA_time": 4.997481107711792, "Solver_of": 12414.467475027597, "Solver_time": 11.698447465896606}