{"name": "L_300_161_1785.706.json", "BaldoML_of": 8673.96409273561, "BaldoML_time": 0.879741907119751, "BaldoGA_of": 8490.087158502083, "BaldoGA_time": 1.1012399196624756, "Solver_of": 8705.011393178554, "Solver_time": 4.542844533920288}