{"name": "L_300_154_1879.513.json", "BaldoML_of": 7914.388067865232, "BaldoML_time": 0.8710501194000244, "BaldoGA_of": 7348.103975264338, "BaldoGA_time": 0.9381453990936279, "Solver_of": 7918.157904693005, "Solver_time": 3.1889634132385254}