{"name": "L_300_92_1886.488.json", "BaldoML_of": 8185.495440346892, "BaldoML_time": 4.921414136886597, "BaldoGA_of": 7960.858939194994, "BaldoGA_time": 2.3726186752319336, "Solver_of": 8185.495440346889, "Solver_time": 3.8889174461364746}