{"name": "L_300_89_3742.519.json", "BaldoML_of": 13140.674841174952, "BaldoML_time": 2.649651527404785, "BaldoGA_of": 12761.175758219797, "BaldoGA_time": 4.053010940551758, "Solver_of": 13140.674841174954, "Solver_time": 8.868215322494507}