{"name": "L_300_159_3764.296.json", "BaldoML_of": 11806.3193342984, "BaldoML_time": 0.37543392181396484, "BaldoGA_of": 11892.814363533178, "BaldoGA_time": 5.779085874557495, "Solver_of": 12171.807313716758, "Solver_time": 31.647305488586426}