{"name": "L_300_93_3858.239.json", "BaldoML_of": 12030.766433563738, "BaldoML_time": 3.1317384243011475, "BaldoGA_of": 11662.235873734522, "BaldoGA_time": 3.3782858848571777, "Solver_of": 12030.766433563736, "Solver_time": 16.314473628997803}