{"name": "L_300_123_3797.243.json", "BaldoML_of": 12262.315740054017, "BaldoML_time": 8.80502963066101, "BaldoGA_of": 11927.424189749787, "BaldoGA_time": 5.090052843093872, "Solver_of": 12263.770077900092, "Solver_time": 92.12382626533508}