{"name": "L_300_94_2555.635.json", "BaldoML_of": 10065.20952358698, "BaldoML_time": 2.347609519958496, "BaldoGA_of": 9832.411395896088, "BaldoGA_time": 2.9235026836395264, "Solver_of": 10065.20952358698, "Solver_time": 9.135714054107666}