{"name": "L_300_162_2577.602.json", "BaldoML_of": 9257.717511493338, "BaldoML_time": 1.7274377346038818, "BaldoGA_of": 9034.44643734874, "BaldoGA_time": 2.730166435241699, "Solver_of": 9257.717511493338, "Solver_time": 11.799448490142822}