{"name": "L_300_170_2315.855.json", "BaldoML_of": 10349.249083089631, "BaldoML_time": 1.340757131576538, "BaldoGA_of": 10054.343270063444, "BaldoGA_time": 1.5986332893371582, "Solver_of": 10350.120544886408, "Solver_time": 4.998420715332031}