{"name": "L_300_87_3792.671.json", "BaldoML_of": 12233.778437991103, "BaldoML_time": 2.222843647003174, "BaldoGA_of": 11813.69384724905, "BaldoGA_time": 3.8856801986694336, "Solver_of": 12233.778437991095, "Solver_time": 15.936829805374146}