{"name": "L_300_95_3785.923.json", "BaldoML_of": 12418.054957957333, "BaldoML_time": 0.4909796714782715, "BaldoGA_of": 12241.543829521243, "BaldoGA_time": 4.424447059631348, "Solver_of": 12676.319800773443, "Solver_time": 12.775585651397705}