{"name": "L_300_61_3731.323.json", "BaldoML_of": 12978.376319870642, "BaldoML_time": 0.5310719013214111, "BaldoGA_of": 12973.912712811461, "BaldoGA_time": 4.178517818450928, "Solver_of": 13351.163547966093, "Solver_time": 62.48639917373657}