{"name": "L_300_61_2431.868.json", "BaldoML_of": 11089.613738977727, "BaldoML_time": 1.852820873260498, "BaldoGA_of": 10885.806821509901, "BaldoGA_time": 3.2440860271453857, "Solver_of": 11089.613739502507, "Solver_time": 4.832672119140625}