{"name": "L_300_119_1951.801.json", "BaldoML_of": 8199.557066818445, "BaldoML_time": 1.3499226570129395, "BaldoGA_of": 7899.858414306132, "BaldoGA_time": 3.3584542274475098, "Solver_of": 8199.557066818445, "Solver_time": 5.227998733520508}