{"name": "L_300_147_1928.209.json", "BaldoML_of": 8384.821869246285, "BaldoML_time": 0.2802574634552002, "BaldoGA_of": 8346.425978967121, "BaldoGA_time": 0.9932255744934082, "Solver_of": 8590.605482357663, "Solver_time": 3.7983436584472656}