{"name": "L_300_119_3770.053.json", "BaldoML_of": 12231.480833367805, "BaldoML_time": 0.32853150367736816, "BaldoGA_of": 12243.148367948706, "BaldoGA_time": 4.935024738311768, "Solver_of": 12567.960943872331, "Solver_time": 14.9411039352417}