{"name": "L_300_148_3713.94.json", "BaldoML_of": 12778.294258744543, "BaldoML_time": 4.4515862464904785, "BaldoGA_of": 12397.881007362108, "BaldoGA_time": 5.80310845375061, "Solver_of": 12778.294258744547, "Solver_time": 11.605693817138672}