{"name": "L_300_146_1955.821.json", "BaldoML_of": 8155.663658625476, "BaldoML_time": 0.32787275314331055, "BaldoGA_of": 8151.452764257757, "BaldoGA_time": 1.2572615146636963, "Solver_of": 8452.119155590806, "Solver_time": 2.831918954849243}