{"name": "L_300_61_1984.416.json", "BaldoML_of": 8769.092205789548, "BaldoML_time": 1.5540862083435059, "BaldoGA_of": 8554.258407491281, "BaldoGA_time": 2.4073359966278076, "Solver_of": 8769.092205789548, "Solver_time": 3.146109104156494}