{"name": "L_300_163_3902.999.json", "BaldoML_of": 11764.696181452713, "BaldoML_time": 8.614613056182861, "BaldoGA_of": 11314.569937918532, "BaldoGA_time": 5.344153165817261, "Solver_of": 11764.696181452713, "Solver_time": 15.833743333816528}