{"name": "L_300_141_2585.603.json", "BaldoML_of": 9579.75898563181, "BaldoML_time": 0.3176712989807129, "BaldoGA_of": 9488.154241921797, "BaldoGA_time": 3.614914655685425, "Solver_of": 9883.463504348629, "Solver_time": 3.729466676712036}