{"name": "L_300_174_2478.733.json", "BaldoML_of": 10244.016170438837, "BaldoML_time": 1.1272263526916504, "BaldoGA_of": 9988.848430144422, "BaldoGA_time": 1.5063283443450928, "Solver_of": 10251.993769529065, "Solver_time": 6.297899007797241}