{"name": "L_300_86_2463.409.json", "BaldoML_of": 10684.994775513469, "BaldoML_time": 1.7542531490325928, "BaldoGA_of": 10505.667699413412, "BaldoGA_time": 3.8799262046813965, "Solver_of": 10684.99477551347, "Solver_time": 5.580833435058594}