{"name": "L_300_146_2604.092.json", "BaldoML_of": 9509.533874693469, "BaldoML_time": 2.0819573402404785, "BaldoGA_of": 9278.226894815276, "BaldoGA_time": 4.427839517593384, "Solver_of": 9509.533874693469, "Solver_time": 4.935254096984863}