{"name": "L_300_162_2573.08.json", "BaldoML_of": 9410.481567888375, "BaldoML_time": 1.4447026252746582, "BaldoGA_of": 9140.758937005168, "BaldoGA_time": 1.5277354717254639, "Solver_of": 9434.479181080756, "Solver_time": 5.506565809249878}