{"name": "L_300_170_3994.958.json", "BaldoML_of": 11589.241203788364, "BaldoML_time": 11.763299703598022, "BaldoGA_of": 11065.258391218944, "BaldoGA_time": 5.621798038482666, "Solver_of": 11624.11231703348, "Solver_time": 80.57626867294312}