{"name": "L_300_170_1862.208.json", "BaldoML_of": 8175.036885948193, "BaldoML_time": 0.2770206928253174, "BaldoGA_of": 8204.856094300207, "BaldoGA_time": 1.079906702041626, "Solver_of": 8644.465967931143, "Solver_time": 4.158698320388794}