{"name": "L_300_121_3845.99.json", "BaldoML_of": 11816.21850439666, "BaldoML_time": 8.564881801605225, "BaldoGA_of": 11460.77821921988, "BaldoGA_time": 4.254998445510864, "Solver_of": 11821.629263532548, "Solver_time": 74.58216142654419}