{"name": "L_300_99_3807.895.json", "BaldoML_of": 11414.244170269476, "BaldoML_time": 0.2643589973449707, "BaldoGA_of": 11698.028890107871, "BaldoGA_time": 3.915787935256958, "Solver_of": 12104.16689032789, "Solver_time": 12.833698272705078}