{"name": "L_300_156_3769.789.json", "BaldoML_of": 11622.431078343569, "BaldoML_time": 0.4340171813964844, "BaldoGA_of": 11758.436931526547, "BaldoGA_time": 6.091320037841797, "Solver_of": 12270.024099435757, "Solver_time": 20.371577501296997}