{"name": "L_300_95_2593.362.json", "BaldoML_of": 9381.017840442706, "BaldoML_time": 3.979337215423584, "BaldoGA_of": 9047.508468870366, "BaldoGA_time": 2.957890748977661, "Solver_of": 9390.819734341183, "Solver_time": 6.914665222167969}