{"name": "L_300_65_1949.95.json", "BaldoML_of": 7986.746894149955, "BaldoML_time": 3.2614004611968994, "BaldoGA_of": 7690.438336899257, "BaldoGA_time": 2.041269063949585, "Solver_of": 8013.349859434504, "Solver_time": 6.688522815704346}