{"name": "L_300_96_3902.466.json", "BaldoML_of": 12572.394133719214, "BaldoML_time": 2.40263032913208, "BaldoGA_of": 12233.911425536286, "BaldoGA_time": 4.236398696899414, "Solver_of": 12572.394133719214, "Solver_time": 15.231527328491211}