{"name": "L_300_114_1930.114.json", "BaldoML_of": 8350.286365213004, "BaldoML_time": 2.4750242233276367, "BaldoGA_of": 8130.2524396386225, "BaldoGA_time": 3.3056063652038574, "Solver_of": 8350.286365213004, "Solver_time": 3.8680124282836914}