{"name": "L_300_103_2492.572.json", "BaldoML_of": 9814.42654869715, "BaldoML_time": 6.937127113342285, "BaldoGA_of": 9462.451222036058, "BaldoGA_time": 2.6195905208587646, "Solver_of": 9814.42654869715, "Solver_time": 7.4072229862213135}