{"name": "L_300_127_2321.089.json", "BaldoML_of": 10392.854607051453, "BaldoML_time": 0.3791067600250244, "BaldoGA_of": 10369.393674961942, "BaldoGA_time": 3.7403476238250732, "Solver_of": 10539.874878985782, "Solver_time": 13.759190320968628}