{"name": "L_300_98_1988.332.json", "BaldoML_of": 7816.983691427143, "BaldoML_time": 3.499683141708374, "BaldoGA_of": 7647.749426579682, "BaldoGA_time": 2.802506446838379, "Solver_of": 7820.3748306310845, "Solver_time": 5.42392110824585}