{"name": "L_300_171_2703.929.json", "BaldoML_of": 8875.35338768, "BaldoML_time": 1.478618860244751, "BaldoGA_of": 8383.178081848226, "BaldoGA_time": 1.191479206085205, "Solver_of": 8877.90835238295, "Solver_time": 5.7870073318481445}