{"name": "L_300_82_2540.376.json", "BaldoML_of": 10019.231655537003, "BaldoML_time": 0.36840343475341797, "BaldoGA_of": 9983.052161580634, "BaldoGA_time": 3.387469530105591, "Solver_of": 10202.780219226483, "Solver_time": 13.686890840530396}