{"name": "L_300_147_1928.209.json", "BaldoML_of": 8590.605482357663, "BaldoML_time": 1.1915068626403809, "BaldoGA_of": 8346.425978967121, "BaldoGA_time": 0.9932255744934082, "Solver_of": 8590.605482357663, "Solver_time": 3.7983436584472656}