{"name": "L_300_157_3766.042.json", "BaldoML_of": 11792.903956822021, "BaldoML_time": 8.293027639389038, "BaldoGA_of": 11637.503140333169, "BaldoGA_time": 5.085681915283203, "Solver_of": 11792.903956822016, "Solver_time": 16.489408493041992}