{"name": "L_300_80_3869.128.json", "BaldoML_of": 12773.56427286354, "BaldoML_time": 12.028085708618164, "BaldoGA_of": 12376.382823765947, "BaldoGA_time": 3.841111660003662, "Solver_of": 12773.564272863538, "Solver_time": 138.18597960472107}