{"name": "L_300_75_3809.934.json", "BaldoML_of": 12597.90333910092, "BaldoML_time": 2.271338701248169, "BaldoGA_of": 12221.919669904028, "BaldoGA_time": 4.037830829620361, "Solver_of": 12597.90333910092, "Solver_time": 14.095190286636353}