{"name": "L_300_75_3853.183.json", "BaldoML_of": 13202.941340373714, "BaldoML_time": 2.181154251098633, "BaldoGA_of": 12774.84943909483, "BaldoGA_time": 4.317147970199585, "Solver_of": 13249.291181139055, "Solver_time": 12.797751426696777}