{"name": "L_300_165_4036.839.json", "BaldoML_of": 10933.820169050541, "BaldoML_time": 0.4000682830810547, "BaldoGA_of": 10964.082850115234, "BaldoGA_time": 5.354784965515137, "Solver_of": 11299.720481905775, "Solver_time": 94.19497561454773}