{"name": "L_300_159_3764.296.json", "BaldoML_of": 12171.807313716758, "BaldoML_time": 8.567111730575562, "BaldoGA_of": 11892.814363533178, "BaldoGA_time": 5.779085874557495, "Solver_of": 12171.807313716758, "Solver_time": 31.647305488586426}