{"name": "L_300_109_3900.643.json", "BaldoML_of": 12413.57936068635, "BaldoML_time": 2.017137050628662, "BaldoGA_of": 11964.200987485532, "BaldoGA_time": 3.8388662338256836, "Solver_of": 12413.579360686335, "Solver_time": 11.89351749420166}