{"name": "L_300_110_1860.483.json", "BaldoML_of": 8483.721645001737, "BaldoML_time": 1.5262038707733154, "BaldoGA_of": 8252.73345897634, "BaldoGA_time": 2.8940064907073975, "Solver_of": 8492.148480601647, "Solver_time": 4.489099502563477}