{"name": "L_300_162_4080.29.json", "BaldoML_of": 11596.383244889455, "BaldoML_time": 6.248914957046509, "BaldoGA_of": 11293.78162741953, "BaldoGA_time": 4.869628190994263, "Solver_of": 11596.383244889455, "Solver_time": 10.099823236465454}