{"name": "L_300_146_2618.616.json", "BaldoML_of": 9222.014038907468, "BaldoML_time": 1.6148593425750732, "BaldoGA_of": 8962.138352287864, "BaldoGA_time": 3.536287307739258, "Solver_of": 9222.014038907468, "Solver_time": 6.730616092681885}