{"name": "L_300_135_3834.912.json", "BaldoML_of": 11425.866967608667, "BaldoML_time": 6.362125396728516, "BaldoGA_of": 10987.185872697766, "BaldoGA_time": 4.155277252197266, "Solver_of": 11425.866967608667, "Solver_time": 113.58482193946838}