{"name": "L_300_88_2525.635.json", "BaldoML_of": 9518.49975124848, "BaldoML_time": 3.4286704063415527, "BaldoGA_of": 9281.278401680613, "BaldoGA_time": 2.768693447113037, "Solver_of": 9518.499751248486, "Solver_time": 9.907722234725952}