{"name": "L_300_133_2685.136.json", "BaldoML_of": 8362.01408002921, "BaldoML_time": 0.3043234348297119, "BaldoGA_of": 8409.787269550267, "BaldoGA_time": 3.5596985816955566, "Solver_of": 8631.729783448196, "Solver_time": 4.223944187164307}