{"name": "L_300_65_3746.26.json", "BaldoML_of": 13632.394559682072, "BaldoML_time": 0.417832612991333, "BaldoGA_of": 13707.577759525264, "BaldoGA_time": 4.643497467041016, "Solver_of": 14224.163731835844, "Solver_time": 13.13521695137024}