{"name": "L_300_126_1874.667.json", "BaldoML_of": 8354.098358791209, "BaldoML_time": 2.20194673538208, "BaldoGA_of": 8156.835120399295, "BaldoGA_time": 3.439096689224243, "Solver_of": 8354.098358791209, "Solver_time": 5.97861647605896}