{"name": "L_300_69_2562.687.json", "BaldoML_of": 10050.843324175332, "BaldoML_time": 1.5587286949157715, "BaldoGA_of": 9705.527662204515, "BaldoGA_time": 3.0025877952575684, "Solver_of": 10052.272029971535, "Solver_time": 5.68952202796936}