{"name": "L_300_110_1896.544.json", "BaldoML_of": 7905.728714596554, "BaldoML_time": 0.34331822395324707, "BaldoGA_of": 7892.697150697303, "BaldoGA_time": 3.2497544288635254, "Solver_of": 8014.5845963644, "Solver_time": 4.841453313827515}