{"name": "L_300_72_2521.228.json", "BaldoML_of": 10348.416572790948, "BaldoML_time": 0.43619251251220703, "BaldoGA_of": 10249.43843222535, "BaldoGA_time": 3.010789632797241, "Solver_of": 10544.068529412838, "Solver_time": 4.714900732040405}