{"name": "L_300_94_3782.793.json", "BaldoML_of": 12836.239647864199, "BaldoML_time": 2.350224256515503, "BaldoGA_of": 12507.146255821493, "BaldoGA_time": 4.7091405391693115, "Solver_of": 12836.239647864199, "Solver_time": 8.777664422988892}