{"name": "L_300_74_3976.254.json", "BaldoML_of": 12808.665648792308, "BaldoML_time": 2.6484458446502686, "BaldoGA_of": 12369.10939742085, "BaldoGA_time": 4.657583951950073, "Solver_of": 12812.21892547159, "Solver_time": 12.125473976135254}