{"name": "L_300_143_1966.463.json", "BaldoML_of": 7576.597029691856, "BaldoML_time": 1.0772206783294678, "BaldoGA_of": 7344.738959241492, "BaldoGA_time": 1.1469452381134033, "Solver_of": 7596.704720537275, "Solver_time": 3.599277973175049}