{"name": "L_300_70_3952.605.json", "BaldoML_of": 13040.385791270957, "BaldoML_time": 3.6382999420166016, "BaldoGA_of": 12492.176223894427, "BaldoGA_time": 4.099279403686523, "Solver_of": 13040.385791270957, "Solver_time": 44.66376757621765}