{"name": "L_300_133_1881.388.json", "BaldoML_of": 8314.473011747432, "BaldoML_time": 0.9962353706359863, "BaldoGA_of": 7970.89830003778, "BaldoGA_time": 3.4150726795196533, "Solver_of": 8314.473011747432, "Solver_time": 5.009268522262573}