{"name": "L_300_98_1988.332.json", "BaldoML_of": 7624.905752967023, "BaldoML_time": 0.4351687431335449, "BaldoGA_of": 7647.749426579682, "BaldoGA_time": 2.802506446838379, "Solver_of": 7820.3748306310845, "Solver_time": 5.42392110824585}