{"name": "L_300_167_3856.963.json", "BaldoML_of": 11815.717695197094, "BaldoML_time": 0.34646105766296387, "BaldoGA_of": 11835.458146047848, "BaldoGA_time": 6.445742845535278, "Solver_of": 12170.650170607283, "Solver_time": 7.029090881347656}