{"name": "L_300_103_3793.743.json", "BaldoML_of": 12802.066658199099, "BaldoML_time": 2.3153703212738037, "BaldoGA_of": 12405.97504918052, "BaldoGA_time": 4.5055832862854, "Solver_of": 12802.066658199114, "Solver_time": 11.647799253463745}