{"name": "L_300_146_2618.616.json", "BaldoML_of": 8933.059579488721, "BaldoML_time": 0.29121923446655273, "BaldoGA_of": 8962.138352287864, "BaldoGA_time": 3.536287307739258, "Solver_of": 9222.014038907468, "Solver_time": 6.730616092681885}