{"name": "L_300_124_1883.033.json", "BaldoML_of": 8177.7005721530295, "BaldoML_time": 1.6944482326507568, "BaldoGA_of": 7939.4882742768805, "BaldoGA_time": 2.766627073287964, "Solver_of": 8177.7005721530295, "Solver_time": 5.393671751022339}