{"name": "L_300_172_1956.242.json", "BaldoML_of": 8308.337479498887, "BaldoML_time": 0.8262729644775391, "BaldoGA_of": 8061.072942876443, "BaldoGA_time": 1.1743857860565186, "Solver_of": 8392.250810862439, "Solver_time": 3.4978103637695312}