{"name": "L_300_142_1848.846.json", "BaldoML_of": 8506.666325592018, "BaldoML_time": 0.29663753509521484, "BaldoGA_of": 8540.02292422531, "BaldoGA_time": 1.2923622131347656, "Solver_of": 8687.32533008697, "Solver_time": 4.816922187805176}