{"name": "L_300_110_2511.536.json", "BaldoML_of": 9132.916693918605, "BaldoML_time": 0.39412593841552734, "BaldoGA_of": 9075.772404712, "BaldoGA_time": 3.9247453212738037, "Solver_of": 9317.34502464849, "Solver_time": 4.502986907958984}