{"name": "L_300_138_1986.237.json", "BaldoML_of": 8679.02279103744, "BaldoML_time": 0.30361485481262207, "BaldoGA_of": 8714.298687560664, "BaldoGA_time": 2.344334363937378, "Solver_of": 8793.106084402978, "Solver_time": 5.241217613220215}