{"name": "L_300_158_3787.659.json", "BaldoML_of": 12286.807533878507, "BaldoML_time": 9.735769987106323, "BaldoGA_of": 11804.966126021687, "BaldoGA_time": 5.29326868057251, "Solver_of": 12286.807533878507, "Solver_time": 94.6627984046936}