{"name": "L_300_117_2653.117.json", "BaldoML_of": 8869.970350548596, "BaldoML_time": 0.3481101989746094, "BaldoGA_of": 8970.825725815805, "BaldoGA_time": 3.323810577392578, "Solver_of": 9205.813397099719, "Solver_time": 8.88807725906372}