{"name": "L_300_152_1962.713.json", "BaldoML_of": 7508.758717945173, "BaldoML_time": 0.2905428409576416, "BaldoGA_of": 7503.4745210113115, "BaldoGA_time": 1.0602445602416992, "Solver_of": 7853.499193752961, "Solver_time": 8.086139917373657}