{"name": "L_300_116_2682.951.json", "BaldoML_of": 9542.187390109455, "BaldoML_time": 12.566412687301636, "BaldoGA_of": 9347.307390180358, "BaldoGA_time": 3.8412532806396484, "Solver_of": 9542.187390109457, "Solver_time": 9.836154699325562}