{"name": "L_300_148_3826.211.json", "BaldoML_of": 12165.284417536588, "BaldoML_time": 5.632497787475586, "BaldoGA_of": 11959.784607934465, "BaldoGA_time": 5.08415961265564, "Solver_of": 12165.284417536588, "Solver_time": 13.057026147842407}