{"name": "L_300_99_2409.608.json", "BaldoML_of": 10230.474887077418, "BaldoML_time": 0.3660590648651123, "BaldoGA_of": 10185.377786204355, "BaldoGA_time": 3.1835646629333496, "Solver_of": 10391.70120536643, "Solver_time": 5.60013747215271}