{"name": "L_300_158_3985.162.json", "BaldoML_of": 10744.295117412803, "BaldoML_time": 10.971854448318481, "BaldoGA_of": 10305.990264840442, "BaldoGA_time": 4.626445293426514, "Solver_of": 10744.295117412803, "Solver_time": 84.22433686256409}