{"name": "L_300_122_1865.015.json", "BaldoML_of": 9085.227605980273, "BaldoML_time": 1.1456854343414307, "BaldoGA_of": 8840.562174322731, "BaldoGA_time": 3.830963611602783, "Solver_of": 9085.227605980273, "Solver_time": 3.9291837215423584}