{"name": "S_500_182_4137.389.json", "BaldoML_of": 14524.627399680261, "BaldoML_time": 0.6261899471282959, "BaldoGA_of": 14388.29409575062, "BaldoGA_time": 4.164607763290405, "Solver_of": 14790.539110233769, "Solver_time": 31.62772035598755}