{"name": "S_500_108_6367.272.json", "BaldoML_of": 19882.624652390314, "BaldoML_time": 0.6198837757110596, "BaldoGA_of": 19528.335005536046, "BaldoGA_time": 5.6962854862213135, "Solver_of": 20170.29094204429, "Solver_time": 13.607022047042847}