{"name": "S_500_269_4092.911.json", "BaldoML_of": 14800.48762515816, "BaldoML_time": 0.42670345306396484, "BaldoGA_of": 14717.070551054105, "BaldoGA_time": 5.18804931640625, "Solver_of": 14926.388539664531, "Solver_time": 5.18412184715271}