{"name": "S_500_198_6508.284.json", "BaldoML_of": 17095.845938514805, "BaldoML_time": 6.0593812465667725, "BaldoGA_of": 16516.795688914946, "BaldoGA_time": 4.599207401275635, "Solver_of": 17102.264388496955, "Solver_time": 35.899378061294556}