{"name": "S_500_151_4115.838.json", "BaldoML_of": 14807.072728665225, "BaldoML_time": 8.465296983718872, "BaldoGA_of": 14404.199690752317, "BaldoGA_time": 3.775336265563965, "Solver_of": 14807.072728665213, "Solver_time": 17.429386138916016}