{"name": "S_500_257_6419.923.json", "BaldoML_of": 17854.129717891967, "BaldoML_time": 15.407023191452026, "BaldoGA_of": 17405.67965907825, "BaldoGA_time": 7.087766647338867, "Solver_of": 17854.129717891992, "Solver_time": 87.28016114234924}