{"name": "S_500_220_3201.845.json", "BaldoML_of": 12173.304617452477, "BaldoML_time": 2.563141345977783, "BaldoGA_of": 11954.991707082374, "BaldoGA_time": 4.432305574417114, "Solver_of": 12173.304617452477, "Solver_time": 3.686408519744873}