{"name": "S_500_244_4399.283.json", "BaldoML_of": 13254.167163561877, "BaldoML_time": 0.35913968086242676, "BaldoGA_of": 13188.208466523385, "BaldoGA_time": 5.376724004745483, "Solver_of": 13483.281453577332, "Solver_time": 7.020214557647705}