{"name": "S_500_138_3261.999.json", "BaldoML_of": 12293.62445422314, "BaldoML_time": 0.5296633243560791, "BaldoGA_of": 12091.032043490923, "BaldoGA_time": 2.947263717651367, "Solver_of": 12465.308282800655, "Solver_time": 9.148178100585938}