{"name": "S_500_286_3190.346.json", "BaldoML_of": 12782.079215792375, "BaldoML_time": 0.3510315418243408, "BaldoGA_of": 12750.868952659437, "BaldoGA_time": 1.5546979904174805, "Solver_of": 12980.994541459484, "Solver_time": 4.905125379562378}