{"name": "S_500_121_6667.223.json", "BaldoML_of": 18296.311855391916, "BaldoML_time": 23.630591869354248, "BaldoGA_of": 17493.367967701393, "BaldoGA_time": 4.873945713043213, "Solver_of": 18303.642347783483, "Solver_time": 227.8835940361023}