{"name": "S_500_173_6412.484.json", "BaldoML_of": 18717.75970156819, "BaldoML_time": 4.6758668422698975, "BaldoGA_of": 17911.527960403488, "BaldoGA_time": 5.22043251991272, "Solver_of": 18717.759701568197, "Solver_time": 22.738708972930908}