{"name": "S_500_216_6174.913.json", "BaldoML_of": 18385.517270973825, "BaldoML_time": 9.624390363693237, "BaldoGA_of": 17777.14336770726, "BaldoGA_time": 6.193630218505859, "Solver_of": 18385.517270973825, "Solver_time": 65.64700293540955}