{"name": "S_500_208_6335.801.json", "BaldoML_of": 17807.128673167048, "BaldoML_time": 12.666633129119873, "BaldoGA_of": 17348.502659463145, "BaldoGA_time": 4.8272316455841064, "Solver_of": 17807.128673167048, "Solver_time": 62.817020416259766}