{"name": "S_500_113_3226.001.json", "BaldoML_of": 13589.10987406009, "BaldoML_time": 3.333934783935547, "BaldoGA_of": 13132.54717396219, "BaldoGA_time": 2.6196281909942627, "Solver_of": 13589.109874060088, "Solver_time": 7.326614618301392}