{"name": "S_500_142_4113.38.json", "BaldoML_of": 15468.330108702254, "BaldoML_time": 4.872555255889893, "BaldoGA_of": 15031.778763779375, "BaldoGA_time": 3.9872727394104004, "Solver_of": 15468.330108702254, "Solver_time": 8.642582178115845}