{"name": "S_500_225_4264.344.json", "BaldoML_of": 13257.913769341965, "BaldoML_time": 0.5034177303314209, "BaldoGA_of": 13166.477887941322, "BaldoGA_time": 4.868190765380859, "Solver_of": 13566.641488851825, "Solver_time": 6.177102565765381}