{"name": "S_500_282_6425.633.json", "BaldoML_of": 16041.297504716815, "BaldoML_time": 0.4947211742401123, "BaldoGA_of": 15984.208390422076, "BaldoGA_time": 7.882753849029541, "Solver_of": 16462.29928231412, "Solver_time": 108.75274896621704}