{"name": "S_500_260_4183.046.json", "BaldoML_of": 14403.558064259043, "BaldoML_time": 0.44368743896484375, "BaldoGA_of": 14256.37816146011, "BaldoGA_time": 5.33742094039917, "Solver_of": 14620.980115544504, "Solver_time": 6.121511220932007}