{"name": "S_500_122_6196.918.json", "BaldoML_of": 19597.760914661005, "BaldoML_time": 4.413727521896362, "BaldoGA_of": 18834.52145082448, "BaldoGA_time": 4.921830415725708, "Solver_of": 19597.760914661005, "Solver_time": 16.729578733444214}