{"name": "S_500_191_6286.426.json", "BaldoML_of": 18512.58926819251, "BaldoML_time": 6.689321517944336, "BaldoGA_of": 17625.543136328655, "BaldoGA_time": 4.981733083724976, "Solver_of": 18514.224856631277, "Solver_time": 29.88062047958374}