{"name": "S_500_155_3234.36.json", "BaldoML_of": 12151.204186217277, "BaldoML_time": 0.6511538028717041, "BaldoGA_of": 12141.609359175529, "BaldoGA_time": 3.427370071411133, "Solver_of": 12375.838544483377, "Solver_time": 9.180668592453003}