{"name": "S_500_245_3114.587.json", "BaldoML_of": 12573.769561783347, "BaldoML_time": 1.6063683032989502, "BaldoGA_of": 12275.104495292997, "BaldoGA_time": 1.462012529373169, "Solver_of": 12597.395866861787, "Solver_time": 5.239213228225708}