{"name": "S_500_149_4262.669.json", "BaldoML_of": 15088.425078702261, "BaldoML_time": 4.888659715652466, "BaldoGA_of": 14613.291605039487, "BaldoGA_time": 3.221074104309082, "Solver_of": 15104.136627138218, "Solver_time": 7.0663604736328125}