{"name": "S_500_150_6356.135.json", "BaldoML_of": 17701.648034324156, "BaldoML_time": 0.49355077743530273, "BaldoGA_of": 17814.191623959305, "BaldoGA_time": 5.2102930545806885, "Solver_of": 18615.34831911717, "Solver_time": 44.49711203575134}