{"name": "S_500_180_3191.382.json", "BaldoML_of": 12025.570114065871, "BaldoML_time": 0.5668656826019287, "BaldoGA_of": 11961.45552118942, "BaldoGA_time": 3.5117545127868652, "Solver_of": 12264.603457290948, "Solver_time": 19.93868613243103}