{"name": "S_500_174_3112.057.json", "BaldoML_of": 12591.626379878957, "BaldoML_time": 5.506567716598511, "BaldoGA_of": 12285.684364200486, "BaldoGA_time": 3.344360828399658, "Solver_of": 12591.626379878957, "Solver_time": 13.395068407058716}