{"name": "S_500_195_6600.171.json", "BaldoML_of": 17182.19027089888, "BaldoML_time": 6.677332401275635, "BaldoGA_of": 16555.63447723514, "BaldoGA_time": 4.57888388633728, "Solver_of": 17182.19027089888, "Solver_time": 42.13439440727234}