{"name": "S_500_210_4264.109.json", "BaldoML_of": 14456.8280334494, "BaldoML_time": 11.752367496490479, "BaldoGA_of": 14011.030472162873, "BaldoGA_time": 4.4649271965026855, "Solver_of": 14456.828033449397, "Solver_time": 20.166038274765015}