{"name": "S_500_273_6280.474.json", "BaldoML_of": 17428.86010773574, "BaldoML_time": 14.536701202392578, "BaldoGA_of": 16923.29631030171, "BaldoGA_time": 7.392838716506958, "Solver_of": 17428.86010773574, "Solver_time": 221.22258877754211}