{"name": "S_500_255_4275.513.json", "BaldoML_of": 13879.068013873188, "BaldoML_time": 2.3225600719451904, "BaldoGA_of": 13621.223843570084, "BaldoGA_time": 5.313557386398315, "Solver_of": 13879.068013873188, "Solver_time": 5.911230087280273}