{"name": "S_500_150_4237.478.json", "BaldoML_of": 15505.92787593087, "BaldoML_time": 11.064749002456665, "BaldoGA_of": 15089.4420126634, "BaldoGA_time": 3.8999736309051514, "Solver_of": 15505.92787593086, "Solver_time": 11.286778450012207}