{"name": "S_500_275_3094.534.json", "BaldoML_of": 13480.319661049512, "BaldoML_time": 1.3098785877227783, "BaldoGA_of": 13251.74801851442, "BaldoGA_time": 1.6765670776367188, "Solver_of": 13511.988641679889, "Solver_time": 3.3834614753723145}