{"name": "S_500_203_3187.607.json", "BaldoML_of": 11842.148063144885, "BaldoML_time": 0.44305992126464844, "BaldoGA_of": 11740.209328842018, "BaldoGA_time": 4.114247560501099, "Solver_of": 12024.473956286596, "Solver_time": 5.3259289264678955}