{"name": "S_500_179_6395.575.json", "BaldoML_of": 17277.20157815594, "BaldoML_time": 26.077947854995728, "BaldoGA_of": 16629.95883037931, "BaldoGA_time": 4.614729881286621, "Solver_of": 17279.222720410053, "Solver_time": 93.72225952148438}