{"name": "S_500_262_4337.188.json", "BaldoML_of": 13497.248663644115, "BaldoML_time": 2.293240547180176, "BaldoGA_of": 13048.12707516893, "BaldoGA_time": 4.473489284515381, "Solver_of": 13497.248663644115, "Solver_time": 7.696302175521851}