{"name": "S_500_238_6247.307.json", "BaldoML_of": 17520.72854944649, "BaldoML_time": 0.5137288570404053, "BaldoGA_of": 17310.498208497494, "BaldoGA_time": 7.135929584503174, "Solver_of": 18020.280049093344, "Solver_time": 64.97783350944519}