{"name": "S_500_189_3042.373.json", "BaldoML_of": 13000.487784967623, "BaldoML_time": 9.124781370162964, "BaldoGA_of": 12624.069716880174, "BaldoGA_time": 3.7102389335632324, "Solver_of": 13000.487784967623, "Solver_time": 7.997710227966309}