{"name": "S_500_144_4309.194.json", "BaldoML_of": 14084.954113552454, "BaldoML_time": 5.806576728820801, "BaldoGA_of": 13681.119700973428, "BaldoGA_time": 3.479311943054199, "Solver_of": 14084.954113552458, "Solver_time": 18.661897659301758}