{"name": "S_500_140_6439.708.json", "BaldoML_of": 17851.454652409484, "BaldoML_time": 7.212165117263794, "BaldoGA_of": 17040.11202337754, "BaldoGA_time": 4.2230918407440186, "Solver_of": 17867.113609834112, "Solver_time": 118.37045693397522}