{"name": "S_500_241_3202.375.json", "BaldoML_of": 11988.61220301576, "BaldoML_time": 2.1062657833099365, "BaldoGA_of": 11654.422686969823, "BaldoGA_time": 1.3595185279846191, "Solver_of": 12058.912185071298, "Solver_time": 10.753674983978271}