{"name": "S_500_117_4228.857.json", "BaldoML_of": 14702.461071528034, "BaldoML_time": 3.3714277744293213, "BaldoGA_of": 14081.658886647547, "BaldoGA_time": 3.795584201812744, "Solver_of": 14702.461071528045, "Solver_time": 14.856382369995117}