{"name": "S_500_102_6487.709.json", "BaldoML_of": 19161.667206879698, "BaldoML_time": 17.099247217178345, "BaldoGA_of": 18463.168368569517, "BaldoGA_time": 4.31167197227478, "Solver_of": 19169.960508171866, "Solver_time": 69.63207650184631}