{"name": "S_500_114_3095.922.json", "BaldoML_of": 13440.261205067198, "BaldoML_time": 2.8024439811706543, "BaldoGA_of": 13143.223694964689, "BaldoGA_time": 2.854154586791992, "Solver_of": 13440.261205067187, "Solver_time": 5.27516508102417}