{"name": "S_500_231_4146.098.json", "BaldoML_of": 14914.589058470196, "BaldoML_time": 10.214257717132568, "BaldoGA_of": 14561.950044577412, "BaldoGA_time": 5.535951375961304, "Solver_of": 14914.589058470196, "Solver_time": 34.751468658447266}