{"name": "S_500_181_3237.476.json", "BaldoML_of": 12479.22389213923, "BaldoML_time": 0.8813025951385498, "BaldoGA_of": 12392.407098695568, "BaldoGA_time": 3.6978728771209717, "Solver_of": 12560.531317359111, "Solver_time": 16.635923624038696}