{"name": "S_500_225_4264.344.json", "BaldoML_of": 13566.641488851825, "BaldoML_time": 7.316086530685425, "BaldoGA_of": 13166.477887941322, "BaldoGA_time": 4.868190765380859, "Solver_of": 13566.641488851825, "Solver_time": 6.177102565765381}