{"name": "S_500_126_6312.223.json", "BaldoML_of": 18188.113553838735, "BaldoML_time": 0.4436180591583252, "BaldoGA_of": 18062.932814863005, "BaldoGA_time": 4.928948640823364, "Solver_of": 19001.140062485887, "Solver_time": 19.262213706970215}