{"name": "S_500_136_6579.599.json", "BaldoML_of": 17309.371859280272, "BaldoML_time": 0.5582129955291748, "BaldoGA_of": 16988.125853300706, "BaldoGA_time": 4.655446290969849, "Solver_of": 18003.980908569993, "Solver_time": 72.40265083312988}