{"name": "S_500_208_3382.353.json", "BaldoML_of": 11316.449861662466, "BaldoML_time": 4.552855014801025, "BaldoGA_of": 11009.320410918293, "BaldoGA_time": 3.787616729736328, "Solver_of": 11316.449861662466, "Solver_time": 5.415872573852539}