{"name": "S_500_235_3310.051.json", "BaldoML_of": 12078.918087978398, "BaldoML_time": 1.6186110973358154, "BaldoGA_of": 11701.624592866681, "BaldoGA_time": 1.731766700744629, "Solver_of": 12086.003782250147, "Solver_time": 5.786468267440796}