{"name": "S_500_233_3221.096.json", "BaldoML_of": 11581.609449249881, "BaldoML_time": 0.44048428535461426, "BaldoGA_of": 11529.40483672379, "BaldoGA_time": 2.385233163833618, "Solver_of": 11778.34490327775, "Solver_time": 4.780288934707642}