{"name": "S_500_171_6706.168.json", "BaldoML_of": 16934.730480655402, "BaldoML_time": 0.41145944595336914, "BaldoGA_of": 16857.540763865465, "BaldoGA_time": 4.872335195541382, "Solver_of": 17496.704964414424, "Solver_time": 119.47474956512451}