{"name": "S_500_210_4284.7.json", "BaldoML_of": 13983.844643298675, "BaldoML_time": 0.5386819839477539, "BaldoGA_of": 13999.91815346094, "BaldoGA_time": 4.581917762756348, "Solver_of": 14319.672383699082, "Solver_time": 37.25370001792908}