{"name": "S_500_292_3132.023.json", "BaldoML_of": 12080.513847934119, "BaldoML_time": 0.348055362701416, "BaldoGA_of": 11963.864880853707, "BaldoGA_time": 1.3919250965118408, "Solver_of": 12370.713338865518, "Solver_time": 3.3997819423675537}