{"name": "S_500_225_4216.51.json", "BaldoML_of": 14329.863355270025, "BaldoML_time": 0.5172653198242188, "BaldoGA_of": 14262.085432819513, "BaldoGA_time": 5.245257139205933, "Solver_of": 14542.592772827236, "Solver_time": 26.143717527389526}