{"name": "S_500_195_6600.171.json", "BaldoML_of": 16597.358022917015, "BaldoML_time": 0.41577720642089844, "BaldoGA_of": 16555.63447723514, "BaldoGA_time": 4.57888388633728, "Solver_of": 17182.19027089888, "Solver_time": 42.13439440727234}