{"name": "S_500_121_3261.444.json", "BaldoML_of": 12341.673068175973, "BaldoML_time": 0.8042030334472656, "BaldoGA_of": 12199.393812232665, "BaldoGA_time": 2.7835330963134766, "Solver_of": 12627.489642770455, "Solver_time": 7.831158638000488}