{"name": "S_500_155_3128.824.json", "BaldoML_of": 12370.157735086146, "BaldoML_time": 0.42760443687438965, "BaldoGA_of": 12318.493283486945, "BaldoGA_time": 3.1563475131988525, "Solver_of": 12569.052288198363, "Solver_time": 6.602593183517456}