{"name": "S_500_251_6309.18.json", "BaldoML_of": 17936.74257091205, "BaldoML_time": 14.952018022537231, "BaldoGA_of": 17465.700976406035, "BaldoGA_time": 7.297380447387695, "Solver_of": 17936.74257091204, "Solver_time": 71.86942195892334}