{"name": "S_500_292_3132.023.json", "BaldoML_of": 12313.421102485476, "BaldoML_time": 1.3722426891326904, "BaldoGA_of": 11963.864880853707, "BaldoGA_time": 1.3919250965118408, "Solver_of": 12370.713338865518, "Solver_time": 3.3997819423675537}