{"name": "S_500_186_3985.274.json", "BaldoML_of": 15417.90001015729, "BaldoML_time": 7.168080806732178, "BaldoGA_of": 15010.3064485662, "BaldoGA_time": 4.4637696743011475, "Solver_of": 15417.900010157278, "Solver_time": 7.978724002838135}