{"name": "S_500_266_6476.01.json", "BaldoML_of": 16239.424540251732, "BaldoML_time": 0.34761595726013184, "BaldoGA_of": 16013.759862122783, "BaldoGA_time": 5.754072189331055, "Solver_of": 16611.35611086069, "Solver_time": 93.20542860031128}