{"name": "S_500_160_3302.457.json", "BaldoML_of": 12217.343457643316, "BaldoML_time": 9.073962450027466, "BaldoGA_of": 11934.182582560186, "BaldoGA_time": 3.7551937103271484, "Solver_of": 12217.343457643301, "Solver_time": 9.304272413253784}