{"name": "S_500_136_6579.599.json", "BaldoML_of": 18003.98090857001, "BaldoML_time": 15.00776720046997, "BaldoGA_of": 16988.125853300706, "BaldoGA_time": 4.655446290969849, "Solver_of": 18003.980908569993, "Solver_time": 72.40265083312988}