{"name": "S_500_120_3159.557.json", "BaldoML_of": 12624.408784213132, "BaldoML_time": 0.4348304271697998, "BaldoGA_of": 12385.969947368136, "BaldoGA_time": 3.0036416053771973, "Solver_of": 12798.570227740276, "Solver_time": 18.18540382385254}