{"name": "S_500_118_6382.621.json", "BaldoML_of": 18576.203320539946, "BaldoML_time": 0.5774240493774414, "BaldoGA_of": 18472.733565529994, "BaldoGA_time": 4.840383291244507, "Solver_of": 19264.434706669992, "Solver_time": 20.407674312591553}