{"name": "S_500_247_6656.418.json", "BaldoML_of": 17348.991375493573, "BaldoML_time": 28.83542537689209, "BaldoGA_of": 16776.79026116558, "BaldoGA_time": 6.366391897201538, "Solver_of": 17348.991375493573, "Solver_time": 172.83305644989014}