{"name": "S_500_269_4223.047.json", "BaldoML_of": 15200.748046817027, "BaldoML_time": 3.0988857746124268, "BaldoGA_of": 14954.65381195541, "BaldoGA_time": 5.891826629638672, "Solver_of": 15201.0777789566, "Solver_time": 6.6235573291778564}