{"name": "S_500_137_6275.937.json", "BaldoML_of": 18464.322869898442, "BaldoML_time": 5.322963237762451, "BaldoGA_of": 17735.853812727353, "BaldoGA_time": 4.174196243286133, "Solver_of": 18477.939359597072, "Solver_time": 13.014230012893677}