{"name": "S_500_265_4377.198.json", "BaldoML_of": 13447.591690403913, "BaldoML_time": 2.0686745643615723, "BaldoGA_of": 12982.483947046356, "BaldoGA_time": 5.7942728996276855, "Solver_of": 13447.591690403913, "Solver_time": 4.283222675323486}