{"name": "S_500_181_4052.095.json", "BaldoML_of": 14395.56451911847, "BaldoML_time": 9.095152854919434, "BaldoGA_of": 14044.064585372815, "BaldoGA_time": 3.7644765377044678, "Solver_of": 14395.564519118472, "Solver_time": 8.496489524841309}