{"name": "S_500_273_6481.526.json", "BaldoML_of": 16955.391656949407, "BaldoML_time": 10.855468034744263, "BaldoGA_of": 16450.439731994415, "BaldoGA_time": 7.340226650238037, "Solver_of": 16955.391656949407, "Solver_time": 88.72673201560974}