{"name": "S_500_127_6181.318.json", "BaldoML_of": 18955.836145872, "BaldoML_time": 4.57057785987854, "BaldoGA_of": 18102.176132492696, "BaldoGA_time": 4.702816963195801, "Solver_of": 18961.532918056, "Solver_time": 109.55353260040283}