{"name": "S_500_140_6439.708.json", "BaldoML_of": 17139.481838127725, "BaldoML_time": 0.4695096015930176, "BaldoGA_of": 17040.11202337754, "BaldoGA_time": 4.2230918407440186, "Solver_of": 17867.113609834112, "Solver_time": 118.37045693397522}