{"name": "S_500_136_3169.055.json", "BaldoML_of": 12817.078366306368, "BaldoML_time": 2.1714844703674316, "BaldoGA_of": 12425.81835482448, "BaldoGA_time": 3.3836405277252197, "Solver_of": 12817.078366037742, "Solver_time": 4.071833848953247}