{"name": "S_500_285_4327.504.json", "BaldoML_of": 13424.509022796536, "BaldoML_time": 0.37650465965270996, "BaldoGA_of": 13331.12098555743, "BaldoGA_time": 2.082019090652466, "Solver_of": 13761.856034886172, "Solver_time": 4.535013437271118}