{"name": "S_500_124_3192.638.json", "BaldoML_of": 13602.185396351519, "BaldoML_time": 0.580125093460083, "BaldoGA_of": 13377.576845383393, "BaldoGA_time": 2.9708049297332764, "Solver_of": 13771.308292888436, "Solver_time": 6.848082780838013}