{"name": "S_500_204_6243.974.json", "BaldoML_of": 17963.801412614495, "BaldoML_time": 14.1352858543396, "BaldoGA_of": 17227.315485841522, "BaldoGA_time": 5.445370674133301, "Solver_of": 17963.801412614495, "Solver_time": 13.797654628753662}