{"name": "S_500_233_6305.686.json", "BaldoML_of": 17416.436779287356, "BaldoML_time": 0.523853063583374, "BaldoGA_of": 17361.849492336998, "BaldoGA_time": 6.28690767288208, "Solver_of": 17899.469226984264, "Solver_time": 23.75801396369934}