{"name": "S_500_269_6398.536.json", "BaldoML_of": 17492.261550386964, "BaldoML_time": 18.167476177215576, "BaldoGA_of": 17155.7093650464, "BaldoGA_time": 7.394218683242798, "Solver_of": 17492.261550386953, "Solver_time": 142.92992329597473}