{"name": "S_500_213_4372.519.json", "BaldoML_of": 14298.164507216303, "BaldoML_time": 13.002002239227295, "BaldoGA_of": 13962.37880524732, "BaldoGA_time": 4.718350648880005, "Solver_of": 14298.164507216303, "Solver_time": 36.557215213775635}