{"name": "S_500_121_3261.444.json", "BaldoML_of": 12621.135381747832, "BaldoML_time": 4.334930896759033, "BaldoGA_of": 12199.393812232665, "BaldoGA_time": 2.7835330963134766, "Solver_of": 12627.489642770455, "Solver_time": 7.831158638000488}