{"name": "S_500_298_6705.603.json", "BaldoML_of": 16319.884590283275, "BaldoML_time": 17.844016075134277, "BaldoGA_of": 15655.255684604255, "BaldoGA_time": 7.712425470352173, "Solver_of": 16319.902977052485, "Solver_time": 139.16387510299683}