{"name": "S_500_230_4392.062.json", "BaldoML_of": 14673.836637588121, "BaldoML_time": 9.650169849395752, "BaldoGA_of": 14497.893217538483, "BaldoGA_time": 5.210906028747559, "Solver_of": 14673.836637588121, "Solver_time": 57.140233755111694}