{"name": "S_500_149_4264.012.json", "BaldoML_of": 14134.27889200135, "BaldoML_time": 5.860449552536011, "BaldoGA_of": 13615.455810324373, "BaldoGA_time": 3.0931999683380127, "Solver_of": 14134.27889200135, "Solver_time": 10.014012813568115}