{"name": "S_500_275_3094.534.json", "BaldoML_of": 13313.779488122856, "BaldoML_time": 0.3110952377319336, "BaldoGA_of": 13251.74801851442, "BaldoGA_time": 1.6765670776367188, "Solver_of": 13511.988641679889, "Solver_time": 3.3834614753723145}