{"name": "S_500_127_6181.318.json", "BaldoML_of": 18321.275573917334, "BaldoML_time": 0.5925686359405518, "BaldoGA_of": 18102.176132492696, "BaldoGA_time": 4.702816963195801, "Solver_of": 18961.532918056, "Solver_time": 109.55353260040283}