{"name": "S_500_168_6269.868.json", "BaldoML_of": 18574.969826474655, "BaldoML_time": 7.7742133140563965, "BaldoGA_of": 18017.52456121478, "BaldoGA_time": 4.825464487075806, "Solver_of": 18574.969826474655, "Solver_time": 48.12822461128235}