{"name": "S_500_116_3291.511.json", "BaldoML_of": 13374.471108415639, "BaldoML_time": 2.372828722000122, "BaldoGA_of": 13106.339468003784, "BaldoGA_time": 2.9864706993103027, "Solver_of": 13374.471108415639, "Solver_time": 6.600572347640991}