{"name": "S_500_136_4287.421.json", "BaldoML_of": 15415.455921578457, "BaldoML_time": 5.471955060958862, "BaldoGA_of": 14909.592814788979, "BaldoGA_time": 3.741989850997925, "Solver_of": 15426.466212780935, "Solver_time": 8.40731430053711}