{"name": "S_500_227_6400.503.json", "BaldoML_of": 17321.78679004715, "BaldoML_time": 0.3826735019683838, "BaldoGA_of": 17229.707431834064, "BaldoGA_time": 5.3331499099731445, "Solver_of": 17914.198695045106, "Solver_time": 94.97415852546692}