{"name": "S_500_285_4279.126.json", "BaldoML_of": 14121.300219547695, "BaldoML_time": 2.0722498893737793, "BaldoGA_of": 13697.464301371378, "BaldoGA_time": 1.8112051486968994, "Solver_of": 14163.83101332644, "Solver_time": 6.775721788406372}