{"name": "S_500_123_3127.142.json", "BaldoML_of": 13738.747979159332, "BaldoML_time": 0.5028078556060791, "BaldoGA_of": 13622.914564625484, "BaldoGA_time": 3.2627651691436768, "Solver_of": 13841.927416648447, "Solver_time": 6.460455656051636}