{"name": "S_500_281_3191.14.json", "BaldoML_of": 11602.680345156881, "BaldoML_time": 0.32377004623413086, "BaldoGA_of": 11562.193625045997, "BaldoGA_time": 1.6765062808990479, "Solver_of": 11849.547255382242, "Solver_time": 3.5299808979034424}