{"name": "S_500_274_3133.337.json", "BaldoML_of": 12464.53989560225, "BaldoML_time": 0.3252072334289551, "BaldoGA_of": 12396.850287036745, "BaldoGA_time": 1.776709794998169, "Solver_of": 12804.559359327941, "Solver_time": 4.3961310386657715}