{"name": "S_500_246_6444.417.json", "BaldoML_of": 16700.877818807916, "BaldoML_time": 22.535597324371338, "BaldoGA_of": 16174.767516605447, "BaldoGA_time": 5.444073438644409, "Solver_of": 16710.536420842895, "Solver_time": 330.4819688796997}