{"name": "S_500_136_6462.259.json", "BaldoML_of": 18435.39039118698, "BaldoML_time": 3.923332929611206, "BaldoGA_of": 17608.824166947634, "BaldoGA_time": 4.583186864852905, "Solver_of": 18444.038307629125, "Solver_time": 47.55245113372803}