{"name": "S_500_118_3063.638.json", "BaldoML_of": 13358.990840802287, "BaldoML_time": 3.033292293548584, "BaldoGA_of": 12976.578879355404, "BaldoGA_time": 2.853931188583374, "Solver_of": 13370.440160898415, "Solver_time": 8.044227838516235}