{"name": "S_500_189_3296.533.json", "BaldoML_of": 12092.216068856877, "BaldoML_time": 5.40426230430603, "BaldoGA_of": 11883.576159647644, "BaldoGA_time": 3.912885904312134, "Solver_of": 12092.216068856877, "Solver_time": 14.203348875045776}