{"name": "S_500_182_6361.266.json", "BaldoML_of": 18459.195212799867, "BaldoML_time": 10.770201921463013, "BaldoGA_of": 17759.67343715461, "BaldoGA_time": 5.67548942565918, "Solver_of": 18459.195212799816, "Solver_time": 32.65133762359619}