{"name": "S_500_177_4314.865.json", "BaldoML_of": 13822.215209796932, "BaldoML_time": 14.806743144989014, "BaldoGA_of": 13332.49030826516, "BaldoGA_time": 3.6908957958221436, "Solver_of": 13824.887335219468, "Solver_time": 51.479122161865234}