{"name": "S_500_295_3232.887.json", "BaldoML_of": 12337.528469416846, "BaldoML_time": 0.31258153915405273, "BaldoGA_of": 12295.93754429678, "BaldoGA_time": 1.819512128829956, "Solver_of": 12651.741438594907, "Solver_time": 3.342111587524414}