{"name": "S_500_217_3221.213.json", "BaldoML_of": 12170.82855234712, "BaldoML_time": 1.6694223880767822, "BaldoGA_of": 11944.242832711792, "BaldoGA_time": 3.8931777477264404, "Solver_of": 12171.493541169428, "Solver_time": 5.359996557235718}