{"name": "S_500_280_6523.474.json", "BaldoML_of": 17483.025861789094, "BaldoML_time": 14.12295413017273, "BaldoGA_of": 16865.9833918211, "BaldoGA_time": 8.352776527404785, "Solver_of": 17483.025861789094, "Solver_time": 67.2565050125122}