{"name": "S_500_199_4325.71.json", "BaldoML_of": 13997.107382929578, "BaldoML_time": 0.6668610572814941, "BaldoGA_of": 13874.811750963067, "BaldoGA_time": 4.005597352981567, "Solver_of": 14207.388671386989, "Solver_time": 26.292999982833862}