{"name": "S_500_269_4223.047.json", "BaldoML_of": 15011.95826263826, "BaldoML_time": 0.3785665035247803, "BaldoGA_of": 14954.65381195541, "BaldoGA_time": 5.891826629638672, "Solver_of": 15201.0777789566, "Solver_time": 6.6235573291778564}