{"name": "S_500_151_3290.905.json", "BaldoML_of": 12327.187420115139, "BaldoML_time": 0.44682860374450684, "BaldoGA_of": 12121.961294940567, "BaldoGA_time": 3.1276447772979736, "Solver_of": 12511.190353811806, "Solver_time": 7.817023515701294}