{"name": "S_500_282_3051.58.json", "BaldoML_of": 12119.506293629725, "BaldoML_time": 0.33947157859802246, "BaldoGA_of": 12036.428790230824, "BaldoGA_time": 1.4455480575561523, "Solver_of": 12477.8533415467, "Solver_time": 3.5903143882751465}