{"name": "S_700_362_5509.865.json", "BaldoML_of": 21406.503606323222, "BaldoML_time": 0.5505354404449463, "BaldoGA_of": 21210.77287082524, "BaldoGA_time": 10.705607891082764, "Solver_of": 21598.915364544406, "Solver_time": 9.803056478500366}