{"name": "S_700_324_8754.761.json", "BaldoML_of": 25085.94875868761, "BaldoML_time": 18.039324283599854, "BaldoGA_of": 24139.095288959707, "BaldoGA_time": 9.26694369316101, "Solver_of": 25086.362734769165, "Solver_time": 101.47627019882202}