{"name": "S_700_305_5728.608.json", "BaldoML_of": 20892.349375213817, "BaldoML_time": 0.9162874221801758, "BaldoGA_of": 20765.871561949396, "BaldoGA_time": 8.837968826293945, "Solver_of": 21123.299934269675, "Solver_time": 36.07169699668884}