{"name": "S_700_338_4416.344.json", "BaldoML_of": 17137.714796568376, "BaldoML_time": 0.5491387844085693, "BaldoGA_of": 17002.45986246094, "BaldoGA_time": 2.77349853515625, "Solver_of": 17516.783850270083, "Solver_time": 6.370376825332642}