{"name": "S_700_154_6090.393.json", "BaldoML_of": 20614.75079661947, "BaldoML_time": 9.085060596466064, "BaldoGA_of": 19754.631512424803, "BaldoGA_time": 5.545262336730957, "Solver_of": 20614.75079661947, "Solver_time": 72.15239953994751}