{"name": "S_700_270_8871.082.json", "BaldoML_of": 24053.858548419117, "BaldoML_time": 15.861896991729736, "BaldoGA_of": 23016.681704415787, "BaldoGA_time": 6.747619152069092, "Solver_of": 24058.105337250654, "Solver_time": 357.19905948638916}