{"name": "S_700_145_4483.77.json", "BaldoML_of": 18837.86910513381, "BaldoML_time": 2.6897499561309814, "BaldoGA_of": 18194.408532165256, "BaldoGA_time": 5.437760591506958, "Solver_of": 18837.86910513381, "Solver_time": 7.4346160888671875}