{"name": "S_700_419_4364.77.json", "BaldoML_of": 18367.106655466516, "BaldoML_time": 1.297215223312378, "BaldoGA_of": 17950.03628948761, "BaldoGA_time": 3.235018730163574, "Solver_of": 18417.49737710188, "Solver_time": 5.974471092224121}