{"name": "S_700_417_4504.695.json", "BaldoML_of": 16878.063111247313, "BaldoML_time": 1.320230484008789, "BaldoGA_of": 16401.718478417588, "BaldoGA_time": 3.109717607498169, "Solver_of": 16993.97417982404, "Solver_time": 5.167541265487671}