{"name": "S_700_235_5888.822.json", "BaldoML_of": 20722.33799118151, "BaldoML_time": 0.930086612701416, "BaldoGA_of": 20363.3457372542, "BaldoGA_time": 6.169390439987183, "Solver_of": 21061.63774743739, "Solver_time": 49.24083852767944}