{"name": "S_700_364_4451.056.json", "BaldoML_of": 17156.795657259114, "BaldoML_time": 0.5616376399993896, "BaldoGA_of": 17070.82027447719, "BaldoGA_time": 2.9748196601867676, "Solver_of": 17431.052333644857, "Solver_time": 10.208035469055176}