{"name": "S_700_396_8616.849.json", "BaldoML_of": 24779.57945087062, "BaldoML_time": 23.70032525062561, "BaldoGA_of": 24198.596030436347, "BaldoGA_time": 13.55086636543274, "Solver_of": 24779.57945087062, "Solver_time": 219.33345580101013}