{"name": "S_700_156_4366.971.json", "BaldoML_of": 18256.067629330806, "BaldoML_time": 4.172209024429321, "BaldoGA_of": 17569.884435869986, "BaldoGA_time": 4.547349452972412, "Solver_of": 18256.067629330828, "Solver_time": 9.454455852508545}