{"name": "S_700_367_8793.646.json", "BaldoML_of": 24298.789475151138, "BaldoML_time": 24.531848430633545, "BaldoGA_of": 23516.963179828115, "BaldoGA_time": 11.672493934631348, "Solver_of": 24298.87050337283, "Solver_time": 501.7127175331116}