{"name": "S_700_140_6170.21.json", "BaldoML_of": 20536.06124693922, "BaldoML_time": 6.446659088134766, "BaldoGA_of": 19592.161510660815, "BaldoGA_time": 5.431248664855957, "Solver_of": 20540.61072690741, "Solver_time": 100.43574571609497}