{"name": "S_700_259_5912.084.json", "BaldoML_of": 19575.490946830007, "BaldoML_time": 0.9401051998138428, "BaldoGA_of": 19201.52211923607, "BaldoGA_time": 6.232396364212036, "Solver_of": 19999.790310296936, "Solver_time": 96.63436722755432}