{"name": "S_700_401_4659.255.json", "BaldoML_of": 16596.39173562216, "BaldoML_time": 2.467499256134033, "BaldoGA_of": 16264.894483791115, "BaldoGA_time": 2.698935031890869, "Solver_of": 16667.32520607862, "Solver_time": 6.105179786682129}