{"name": "S_700_191_8995.446.json", "BaldoML_of": 25249.681328994662, "BaldoML_time": 0.8591647148132324, "BaldoGA_of": 24665.09921479528, "BaldoGA_time": 7.802865028381348, "Solver_of": 26083.274752697518, "Solver_time": 127.6178936958313}