{"name": "S_700_408_9262.808.json", "BaldoML_of": 22952.39168604968, "BaldoML_time": 24.496692419052124, "BaldoGA_of": 22197.73011138848, "BaldoGA_time": 13.554695844650269, "Solver_of": 22953.130155160747, "Solver_time": 216.84452962875366}