{"name": "S_700_188_4438.032.json", "BaldoML_of": 17776.299341499715, "BaldoML_time": 6.230164289474487, "BaldoGA_of": 17164.924870564824, "BaldoGA_time": 5.04439115524292, "Solver_of": 17776.299341499715, "Solver_time": 10.180341243743896}