{"name": "S_700_417_4505.827.json", "BaldoML_of": 16969.568528641976, "BaldoML_time": 1.854994297027588, "BaldoGA_of": 16540.843929828952, "BaldoGA_time": 3.042480230331421, "Solver_of": 17094.829282229966, "Solver_time": 7.73835563659668}