{"name": "S_700_161_4556.954.json", "BaldoML_of": 17614.35083558525, "BaldoML_time": 11.429129838943481, "BaldoGA_of": 16792.999316762623, "BaldoGA_time": 4.262821435928345, "Solver_of": 17631.60834263756, "Solver_time": 11.997706174850464}