{"name": "S_700_175_5788.306.json", "BaldoML_of": 21686.110388592755, "BaldoML_time": 5.516818284988403, "BaldoGA_of": 20964.836232416466, "BaldoGA_time": 5.63636326789856, "Solver_of": 21686.159427403716, "Solver_time": 18.75801372528076}