{"name": "S_700_333_4580.084.json", "BaldoML_of": 17054.595306577445, "BaldoML_time": 3.6915194988250732, "BaldoGA_of": 16537.943441494645, "BaldoGA_time": 3.4973175525665283, "Solver_of": 17134.86575287958, "Solver_time": 7.230170488357544}