{"name": "S_700_192_9083.205.json", "BaldoML_of": 25861.263928209864, "BaldoML_time": 7.32765793800354, "BaldoGA_of": 24611.09499935963, "BaldoGA_time": 8.200919151306152, "Solver_of": 25861.263928209824, "Solver_time": 135.06678199768066}