{"name": "S_700_181_6056.698.json", "BaldoML_of": 20208.747939395602, "BaldoML_time": 14.983675956726074, "BaldoGA_of": 19260.76356295849, "BaldoGA_time": 5.319056272506714, "Solver_of": 20208.747939395602, "Solver_time": 82.00986790657043}