{"name": "S_700_245_6001.576.json", "BaldoML_of": 19594.92871299321, "BaldoML_time": 14.443060398101807, "BaldoGA_of": 18775.919368537943, "BaldoGA_time": 6.005984306335449, "Solver_of": 19609.61871936725, "Solver_time": 52.68161225318909}