{"name": "S_700_344_5942.403.json", "BaldoML_of": 19865.380550595077, "BaldoML_time": 7.341756820678711, "BaldoGA_of": 19466.47274604439, "BaldoGA_time": 10.396329879760742, "Solver_of": 19865.380550595077, "Solver_time": 18.622023820877075}