{"name": "S_700_376_4420.292.json", "BaldoML_of": 17813.38038079451, "BaldoML_time": 1.5968749523162842, "BaldoGA_of": 17519.303416703035, "BaldoGA_time": 3.2307732105255127, "Solver_of": 17908.73513777859, "Solver_time": 5.326311826705933}