{"name": "S_700_377_9137.993.json", "BaldoML_of": 24162.126986633368, "BaldoML_time": 0.609844446182251, "BaldoGA_of": 23950.343487480517, "BaldoGA_time": 13.023752450942993, "Solver_of": 24765.122486926946, "Solver_time": 389.1121037006378}