{"name": "S_700_395_5826.452.json", "BaldoML_of": 20759.4725153487, "BaldoML_time": 0.6301043033599854, "BaldoGA_of": 20512.13152760689, "BaldoGA_time": 4.631193399429321, "Solver_of": 21159.445409769225, "Solver_time": 5.480349540710449}