{"name": "S_700_276_4484.959.json", "BaldoML_of": 17842.267938551955, "BaldoML_time": 8.474909782409668, "BaldoGA_of": 17195.52334697922, "BaldoGA_time": 6.706485033035278, "Solver_of": 17849.917671757044, "Solver_time": 10.913937091827393}