{"name": "S_700_333_4580.084.json", "BaldoML_of": 16807.98379437773, "BaldoML_time": 0.5898737907409668, "BaldoGA_of": 16537.943441494645, "BaldoGA_time": 3.4973175525665283, "Solver_of": 17134.86575287958, "Solver_time": 7.230170488357544}