{"name": "S_700_377_4400.722.json", "BaldoML_of": 17845.4383644081, "BaldoML_time": 1.3708419799804688, "BaldoGA_of": 17383.12108368572, "BaldoGA_time": 3.1766762733459473, "Solver_of": 17923.618183467348, "Solver_time": 3.771254062652588}