{"name": "S_700_345_4418.959.json", "BaldoML_of": 16980.30385869621, "BaldoML_time": 2.859029769897461, "BaldoGA_of": 16494.53989717334, "BaldoGA_time": 2.6435012817382812, "Solver_of": 17051.710764760697, "Solver_time": 6.719494819641113}