{"name": "S_700_227_9057.279.json", "BaldoML_of": 24515.796920430817, "BaldoML_time": 41.176066398620605, "BaldoGA_of": 23102.169303440056, "BaldoGA_time": 7.278531551361084, "Solver_of": 24516.06969815556, "Solver_time": 746.2776553630829}