{"name": "S_700_188_4438.032.json", "BaldoML_of": 17558.391600275158, "BaldoML_time": 1.2434475421905518, "BaldoGA_of": 17164.924870564824, "BaldoGA_time": 5.04439115524292, "Solver_of": 17776.299341499715, "Solver_time": 10.180341243743896}