{"name": "S_700_325_8906.243.json", "BaldoML_of": 23936.7953163639, "BaldoML_time": 0.5791170597076416, "BaldoGA_of": 23543.555518138022, "BaldoGA_time": 10.446128368377686, "Solver_of": 24580.70435284516, "Solver_time": 279.4025673866272}