{"name": "S_700_246_8834.387.json", "BaldoML_of": 26186.762785283623, "BaldoML_time": 0.7801690101623535, "BaldoGA_of": 26090.084966025846, "BaldoGA_time": 8.391103029251099, "Solver_of": 26771.85634203655, "Solver_time": 117.70469498634338}