{"name": "S_700_196_9124.622.json", "BaldoML_of": 26823.603840232332, "BaldoML_time": 13.548573732376099, "BaldoGA_of": 25581.80233758125, "BaldoGA_time": 8.331967830657959, "Solver_of": 26823.603840232383, "Solver_time": 70.57641291618347}