{"name": "S_700_396_8616.849.json", "BaldoML_of": 24452.00008616266, "BaldoML_time": 0.5857501029968262, "BaldoGA_of": 24198.596030436347, "BaldoGA_time": 13.55086636543274, "Solver_of": 24779.57945087062, "Solver_time": 219.33345580101013}