{"name": "S_700_176_4396.731.json", "BaldoML_of": 18603.794619147735, "BaldoML_time": 13.913920640945435, "BaldoGA_of": 17907.09728748141, "BaldoGA_time": 4.741469860076904, "Solver_of": 18634.27290421869, "Solver_time": 12.183282613754272}