{"name": "S_700_170_5962.892.json", "BaldoML_of": 20228.92086180883, "BaldoML_time": 7.706531286239624, "BaldoGA_of": 19251.603115335718, "BaldoGA_time": 5.226168155670166, "Solver_of": 20228.296005698143, "Solver_time": 22.4183611869812}