{"name": "S_700_289_4539.53.json", "BaldoML_of": 16365.371621674356, "BaldoML_time": 0.6652610301971436, "BaldoGA_of": 16116.972219571551, "BaldoGA_time": 7.690973997116089, "Solver_of": 16661.709542359, "Solver_time": 10.815456867218018}