{"name": "S_700_354_8703.944.json", "BaldoML_of": 24282.527034562077, "BaldoML_time": 22.777848958969116, "BaldoGA_of": 23390.719322912482, "BaldoGA_time": 10.750020265579224, "Solver_of": 24289.501744661982, "Solver_time": 377.7361843585968}