{"name": "S_700_258_4482.513.json", "BaldoML_of": 16382.347774291482, "BaldoML_time": 0.8147885799407959, "BaldoGA_of": 16109.289403681918, "BaldoGA_time": 5.569995641708374, "Solver_of": 16751.14190216979, "Solver_time": 27.916337728500366}