{"name": "S_700_389_4504.483.json", "BaldoML_of": 17853.501703241887, "BaldoML_time": 2.564753770828247, "BaldoGA_of": 17309.798109378073, "BaldoGA_time": 3.415468692779541, "Solver_of": 17901.835880560993, "Solver_time": 5.139481067657471}