{"name": "S_700_364_4451.056.json", "BaldoML_of": 17296.1583427805, "BaldoML_time": 2.633821487426758, "BaldoGA_of": 17070.82027447719, "BaldoGA_time": 2.9748196601867676, "Solver_of": 17431.052333644857, "Solver_time": 10.208035469055176}