{"name": "S_700_259_5955.047.json", "BaldoML_of": 19842.992882238497, "BaldoML_time": 1.2007501125335693, "BaldoGA_of": 19713.819562099503, "BaldoGA_time": 7.4128258228302, "Solver_of": 20247.460202941762, "Solver_time": 54.22116017341614}