{"name": "S_700_418_8401.8.json", "BaldoML_of": 25176.284882892065, "BaldoML_time": 21.282593488693237, "BaldoGA_of": 24529.891806587133, "BaldoGA_time": 16.023093938827515, "Solver_of": 25176.284882892065, "Solver_time": 108.13178634643555}