{"name": "S_700_144_9115.908.json", "BaldoML_of": 27312.320219897618, "BaldoML_time": 22.539589166641235, "BaldoGA_of": 26173.377102534956, "BaldoGA_time": 8.708927869796753, "Solver_of": 27317.516526975633, "Solver_time": 124.85658931732178}