{"name": "S_700_302_5968.084.json", "BaldoML_of": 19944.170948528386, "BaldoML_time": 0.894636869430542, "BaldoGA_of": 19805.45965302702, "BaldoGA_time": 8.209883451461792, "Solver_of": 20351.12719376009, "Solver_time": 36.52200722694397}