{"name": "S_700_177_8491.651.json", "BaldoML_of": 27795.4478023921, "BaldoML_time": 8.750202178955078, "BaldoGA_of": 26622.256606091894, "BaldoGA_time": 8.630254983901978, "Solver_of": 27795.44780239211, "Solver_time": 32.88492393493652}