{"name": "S_700_322_6138.018.json", "BaldoML_of": 19129.649465678456, "BaldoML_time": 0.5862855911254883, "BaldoGA_of": 19004.57696624029, "BaldoGA_time": 9.17317819595337, "Solver_of": 19488.646026082926, "Solver_time": 84.80612754821777}