{"name": "S_700_181_9046.483.json", "BaldoML_of": 25222.856910454124, "BaldoML_time": 21.115609407424927, "BaldoGA_of": 24088.219921843924, "BaldoGA_time": 7.359023809432983, "Solver_of": 25222.553866567105, "Solver_time": 126.68574595451355}