{"name": "S_700_350_5866.737.json", "BaldoML_of": 19703.311820361592, "BaldoML_time": 0.6352958679199219, "BaldoGA_of": 19567.24770840442, "BaldoGA_time": 11.77544355392456, "Solver_of": 20005.12086390049, "Solver_time": 11.690353631973267}