{"name": "S_700_413_6175.111.json", "BaldoML_of": 18965.751555577717, "BaldoML_time": 0.7678179740905762, "BaldoGA_of": 18518.15902107684, "BaldoGA_time": 3.8961734771728516, "Solver_of": 19250.843532874, "Solver_time": 12.158966302871704}