{"name": "S_700_192_8934.029.json", "BaldoML_of": 25700.216451649314, "BaldoML_time": 1.1793978214263916, "BaldoGA_of": 25196.96265254241, "BaldoGA_time": 7.720677614212036, "Solver_of": 26432.351109019608, "Solver_time": 88.01335620880127}