{"name": "S_700_284_8886.431.json", "BaldoML_of": 24058.817488207278, "BaldoML_time": 26.018468856811523, "BaldoGA_of": 23007.96719734892, "BaldoGA_time": 7.397428750991821, "Solver_of": 24058.81748820722, "Solver_time": 193.13657355308533}