{"name": "S_700_197_8789.507.json", "BaldoML_of": 26020.43095397074, "BaldoML_time": 0.850027322769165, "BaldoGA_of": 25697.667666223013, "BaldoGA_time": 8.13076138496399, "Solver_of": 26923.4263609708, "Solver_time": 35.70730495452881}