{"name": "S_700_354_9094.271.json", "BaldoML_of": 23773.178487175544, "BaldoML_time": 38.67430138587952, "BaldoGA_of": 23077.800347343262, "BaldoGA_time": 9.494507789611816, "Solver_of": 23773.284703332196, "Solver_time": 310.5528585910797}