{"name": "S_700_360_4376.657.json", "BaldoML_of": 16698.28381676257, "BaldoML_time": 1.7269468307495117, "BaldoGA_of": 16309.53566094848, "BaldoGA_time": 2.7267541885375977, "Solver_of": 16797.813503532994, "Solver_time": 10.761202573776245}