{"name": "S_700_320_8791.999.json", "BaldoML_of": 24758.80112420575, "BaldoML_time": 19.152112007141113, "BaldoGA_of": 24013.002825716372, "BaldoGA_time": 8.675849676132202, "Solver_of": 24770.601293893396, "Solver_time": 165.74909806251526}