{"name": "S_700_259_6115.655.json", "BaldoML_of": 19884.265954734103, "BaldoML_time": 12.68175458908081, "BaldoGA_of": 19199.731809912602, "BaldoGA_time": 6.342620611190796, "Solver_of": 19884.26595473411, "Solver_time": 23.210456371307373}