{"name": "S_700_295_8892.024.json", "BaldoML_of": 24569.517664937324, "BaldoML_time": 33.45842099189758, "BaldoGA_of": 23525.40380243174, "BaldoGA_time": 7.705666542053223, "Solver_of": 24569.517664937324, "Solver_time": 138.31452059745789}