{"name": "S_700_205_9036.826.json", "BaldoML_of": 25784.25390594587, "BaldoML_time": 17.249897241592407, "BaldoGA_of": 24430.300698457373, "BaldoGA_time": 7.140433311462402, "Solver_of": 25784.253905945865, "Solver_time": 97.57976746559143}