{"name": "S_700_319_4492.229.json", "BaldoML_of": 17182.739126182118, "BaldoML_time": 0.5164680480957031, "BaldoGA_of": 16938.468006967913, "BaldoGA_time": 6.893704891204834, "Solver_of": 17376.918455677776, "Solver_time": 8.771337747573853}