{"name": "S_700_213_4427.911.json", "BaldoML_of": 17395.359909260125, "BaldoML_time": 10.056701183319092, "BaldoGA_of": 16889.143669778034, "BaldoGA_time": 4.730825424194336, "Solver_of": 17395.359909260103, "Solver_time": 17.00885510444641}