{"name": "S_700_414_6132.03.json", "BaldoML_of": 18114.825669199592, "BaldoML_time": 0.5758023262023926, "BaldoGA_of": 17845.25370515762, "BaldoGA_time": 3.979107141494751, "Solver_of": 18491.181675750395, "Solver_time": 8.391995429992676}