{"name": "S_700_212_8776.605.json", "BaldoML_of": 24918.276632994905, "BaldoML_time": 0.7889049053192139, "BaldoGA_of": 24940.267341867588, "BaldoGA_time": 8.359280586242676, "Solver_of": 25910.809809154904, "Solver_time": 38.580416202545166}