{"name": "S_700_240_5846.944.json", "BaldoML_of": 20614.48120933622, "BaldoML_time": 0.8115713596343994, "BaldoGA_of": 20159.26934311687, "BaldoGA_time": 6.45699667930603, "Solver_of": 20857.64779775357, "Solver_time": 43.077112436294556}