{"name": "S_700_207_5997.294.json", "BaldoML_of": 19764.771786061377, "BaldoML_time": 8.609155178070068, "BaldoGA_of": 18867.49873128185, "BaldoGA_time": 5.8371288776397705, "Solver_of": 19764.437022164606, "Solver_time": 35.65868425369263}