{"name": "S_700_318_8352.249.json", "BaldoML_of": 26533.256402718143, "BaldoML_time": 14.261254072189331, "BaldoGA_of": 25793.419248408467, "BaldoGA_time": 10.27254033088684, "Solver_of": 26533.256402718147, "Solver_time": 63.18436408042908}