{"name": "S_700_252_8877.359.json", "BaldoML_of": 25634.91047759748, "BaldoML_time": 5.815998792648315, "BaldoGA_of": 24707.68350211386, "BaldoGA_time": 9.92312741279602, "Solver_of": 25634.91047759747, "Solver_time": 73.17376661300659}