{"name": "S_700_225_8940.207.json", "BaldoML_of": 25473.309665568115, "BaldoML_time": 32.533791065216064, "BaldoGA_of": 24605.428852990688, "BaldoGA_time": 7.934528112411499, "Solver_of": 25473.309665568097, "Solver_time": 200.8844997882843}