{"name": "S_700_413_4357.46.json", "BaldoML_of": 17703.98941377228, "BaldoML_time": 0.5975039005279541, "BaldoGA_of": 17563.633637993462, "BaldoGA_time": 2.965188503265381, "Solver_of": 18011.47570663806, "Solver_time": 5.64775824546814}