{"name": "S_700_398_9041.772.json", "BaldoML_of": 23998.893062463187, "BaldoML_time": 0.6356520652770996, "BaldoGA_of": 23702.8464699134, "BaldoGA_time": 13.84850001335144, "Solver_of": 24503.161229211342, "Solver_time": 88.13455963134766}