{"name": "S_700_269_4444.911.json", "BaldoML_of": 16715.40464326085, "BaldoML_time": 0.6584651470184326, "BaldoGA_of": 16478.879455171165, "BaldoGA_time": 6.194468975067139, "Solver_of": 16993.38177307466, "Solver_time": 12.24594521522522}