{"name": "S_700_403_9050.397.json", "BaldoML_of": 23936.96073053048, "BaldoML_time": 13.547260999679565, "BaldoGA_of": 23196.03054304424, "BaldoGA_time": 16.35180926322937, "Solver_of": 23936.96073053048, "Solver_time": 130.32766222953796}