{"name": "S_700_140_5725.323.json", "BaldoML_of": 22796.49083371937, "BaldoML_time": 5.1022865772247314, "BaldoGA_of": 21906.612629089243, "BaldoGA_time": 6.334983587265015, "Solver_of": 22796.29157351582, "Solver_time": 17.50324583053589}