{"name": "S_700_161_8949.25.json", "BaldoML_of": 26616.045225328307, "BaldoML_time": 9.357507228851318, "BaldoGA_of": 25266.180580034423, "BaldoGA_time": 7.815261125564575, "Solver_of": 26616.04522532831, "Solver_time": 252.31414413452148}