{"name": "S_700_293_8649.801.json", "BaldoML_of": 25564.434902604124, "BaldoML_time": 16.88639497756958, "BaldoGA_of": 24812.186708979963, "BaldoGA_time": 9.072616577148438, "Solver_of": 25576.90848183861, "Solver_time": 94.76396942138672}