{"name": "S_700_376_4563.095.json", "BaldoML_of": 17116.182628972165, "BaldoML_time": 0.4970834255218506, "BaldoGA_of": 16986.748155167716, "BaldoGA_time": 3.181495428085327, "Solver_of": 17516.918466194522, "Solver_time": 6.311342000961304}