{"name": "S_700_346_4382.358.json", "BaldoML_of": 17972.473707628043, "BaldoML_time": 1.890044927597046, "BaldoGA_of": 17607.36506740713, "BaldoGA_time": 3.0081944465637207, "Solver_of": 18038.44543981626, "Solver_time": 7.748786926269531}