{"name": "S_700_204_9098.488.json", "BaldoML_of": 24992.86225519366, "BaldoML_time": 24.922199249267578, "BaldoGA_of": 23735.38984667012, "BaldoGA_time": 6.936180353164673, "Solver_of": 25016.44991481817, "Solver_time": 269.6749789714813}