{"name": "S_700_225_8945.217.json", "BaldoML_of": 26294.951661838168, "BaldoML_time": 6.432088851928711, "BaldoGA_of": 25132.804140443575, "BaldoGA_time": 7.50561785697937, "Solver_of": 26300.788565356626, "Solver_time": 131.07280111312866}