{"name": "S_700_364_4256.693.json", "BaldoML_of": 17750.3906916407, "BaldoML_time": 0.5997247695922852, "BaldoGA_of": 17556.98431419457, "BaldoGA_time": 3.3348419666290283, "Solver_of": 18182.928129771055, "Solver_time": 7.582604169845581}