{"name": "S_700_206_5766.092.json", "BaldoML_of": 21396.221649224735, "BaldoML_time": 8.218268394470215, "BaldoGA_of": 20432.790609014286, "BaldoGA_time": 5.726970434188843, "Solver_of": 21397.139743551095, "Solver_time": 17.09720468521118}