{"name": "S_700_228_8917.616.json", "BaldoML_of": 25033.746707261816, "BaldoML_time": 0.5343248844146729, "BaldoGA_of": 24556.24211432431, "BaldoGA_time": 8.007680892944336, "Solver_of": 25681.514029564452, "Solver_time": 131.81053948402405}