{"name": "S_700_354_6050.372.json", "BaldoML_of": 19391.246468776433, "BaldoML_time": 4.925926685333252, "BaldoGA_of": 18880.605871061296, "BaldoGA_time": 10.808400869369507, "Solver_of": 19401.957471939357, "Solver_time": 19.37422490119934}