{"name": "S_700_414_5854.159.json", "BaldoML_of": 20347.1076148755, "BaldoML_time": 2.495877504348755, "BaldoGA_of": 19861.08683151985, "BaldoGA_time": 4.064338445663452, "Solver_of": 20406.03751540134, "Solver_time": 9.951595067977905}