{"name": "S_700_303_4418.154.json", "BaldoML_of": 17454.660380039313, "BaldoML_time": 0.5436909198760986, "BaldoGA_of": 17257.381696019438, "BaldoGA_time": 7.282580137252808, "Solver_of": 17685.519242709204, "Solver_time": 13.038228750228882}