{"name": "S_700_249_4400.011.json", "BaldoML_of": 17419.856311141368, "BaldoML_time": 11.669524669647217, "BaldoGA_of": 16990.3220265848, "BaldoGA_time": 5.674952983856201, "Solver_of": 17430.71035087544, "Solver_time": 29.563313484191895}