{"name": "S_700_349_5852.725.json", "BaldoML_of": 20085.194289116123, "BaldoML_time": 0.509282112121582, "BaldoGA_of": 19764.59449670786, "BaldoGA_time": 10.551287174224854, "Solver_of": 20371.430065924375, "Solver_time": 14.63683271408081}