{"name": "S_700_346_9322.074.json", "BaldoML_of": 22281.343499164213, "BaldoML_time": 69.60441422462463, "BaldoGA_of": 21245.98405988958, "BaldoGA_time": 8.087026119232178, "Solver_of": -1, "Solver_time": 600.0019764900208}