{"name": "S_700_322_5928.496.json", "BaldoML_of": 19899.2854574977, "BaldoML_time": 0.539036750793457, "BaldoGA_of": 19769.27898208917, "BaldoGA_time": 8.529349565505981, "Solver_of": 20199.705741675734, "Solver_time": 14.346702337265015}