{"name": "S_700_337_5876.573.json", "BaldoML_of": 20365.87897744302, "BaldoML_time": 10.779391050338745, "BaldoGA_of": 19746.389287693215, "BaldoGA_time": 8.73407244682312, "Solver_of": 20365.87897744302, "Solver_time": 12.783687114715576}