{"name": "S_700_281_8991.16.json", "BaldoML_of": 24674.788283214384, "BaldoML_time": 10.08013367652893, "BaldoGA_of": 23257.105331930667, "BaldoGA_time": 7.8725409507751465, "Solver_of": 24674.78828321435, "Solver_time": 35.42752385139465}