{"name": "S_700_392_4490.414.json", "BaldoML_of": 18318.739348329276, "BaldoML_time": 1.438260555267334, "BaldoGA_of": 17845.522740261124, "BaldoGA_time": 3.524815320968628, "Solver_of": 18341.109217196845, "Solver_time": 5.5562193393707275}