{"name": "S_900_507_7495.927.json", "BaldoML_of": 26348.030700747535, "BaldoML_time": 4.980395555496216, "BaldoGA_of": 25566.229918009343, "BaldoGA_time": 5.387675523757935, "Solver_of": 26379.751389221707, "Solver_time": 16.373406410217285}