{"name": "S_900_227_11415.3.json", "BaldoML_of": 33124.89125563224, "BaldoML_time": 1.2578434944152832, "BaldoGA_of": 31464.997398635798, "BaldoGA_time": 6.245142936706543, "Solver_of": 34203.21051555797, "Solver_time": 333.83711886405945}