{"name": "S_900_263_5741.401.json", "BaldoML_of": 22843.760141032613, "BaldoML_time": 18.572871208190918, "BaldoGA_of": 21960.374632156432, "BaldoGA_time": 7.198273420333862, "Solver_of": 22843.760141032613, "Solver_time": 47.59808945655823}