{"name": "S_900_398_11214.713.json", "BaldoML_of": 31119.799266942708, "BaldoML_time": 1.1790406703948975, "BaldoGA_of": 30826.184098832106, "BaldoGA_time": 14.931106090545654, "Solver_of": 31855.404553805132, "Solver_time": 625.6530129909515}