{"name": "S_900_480_7632.572.json", "BaldoML_of": 25034.029988302882, "BaldoML_time": 0.7672457695007324, "BaldoGA_of": 24725.755083884702, "BaldoGA_time": 10.424152135848999, "Solver_of": 25349.913827452623, "Solver_time": 12.299627542495728}