{"name": "S_900_231_11402.003.json", "BaldoML_of": 34424.57745195054, "BaldoML_time": 16.92546772956848, "BaldoGA_of": 32818.4959644704, "BaldoGA_time": 9.631319284439087, "Solver_of": 34453.597568841484, "Solver_time": 220.19874024391174}