{"name": "S_900_300_11415.376.json", "BaldoML_of": 32885.498911099785, "BaldoML_time": 33.7665958404541, "BaldoGA_of": 31118.52607983509, "BaldoGA_time": 11.89567494392395, "Solver_of": 32885.498911099785, "Solver_time": 123.8571789264679}