{"name": "S_900_216_5717.217.json", "BaldoML_of": 23415.31568148704, "BaldoML_time": 11.419106245040894, "BaldoGA_of": 22494.91758038593, "BaldoGA_time": 5.239455461502075, "Solver_of": 23428.51314725377, "Solver_time": 12.367696046829224}