{"name": "S_900_535_5791.189.json", "BaldoML_of": 21663.765726120157, "BaldoML_time": 0.6495571136474609, "BaldoGA_of": 21373.26799693959, "BaldoGA_time": 4.811313152313232, "Solver_of": 22013.889953546703, "Solver_time": 9.754985570907593}