{"name": "S_900_440_5632.302.json", "BaldoML_of": 22553.137469514502, "BaldoML_time": 0.8806052207946777, "BaldoGA_of": 22339.977277907317, "BaldoGA_time": 3.663689136505127, "Solver_of": 22887.73614452418, "Solver_time": 6.2890331745147705}