{"name": "S_900_199_7562.0.json", "BaldoML_of": 26639.085873904, "BaldoML_time": 25.4312105178833, "BaldoGA_of": 25351.48182578111, "BaldoGA_time": 5.6917219161987305, "Solver_of": 26639.085873904, "Solver_time": 169.79182291030884}