{"name": "S_900_373_7708.683.json", "BaldoML_of": 25417.865794878322, "BaldoML_time": 23.620921850204468, "BaldoGA_of": 24670.26646433654, "BaldoGA_time": 10.671716451644897, "Solver_of": 25417.98802312295, "Solver_time": 145.52693891525269}