{"name": "S_900_410_7398.74.json", "BaldoML_of": 25954.992571937473, "BaldoML_time": 13.862540006637573, "BaldoGA_of": 25177.13861284056, "BaldoGA_time": 13.263800144195557, "Solver_of": 25954.992571937473, "Solver_time": 30.107019424438477}