{"name": "S_900_351_7645.04.json", "BaldoML_of": 25819.8704719495, "BaldoML_time": 17.779759883880615, "BaldoGA_of": 24740.689866514098, "BaldoGA_time": 9.32346796989441, "Solver_of": 25855.448496401368, "Solver_time": 98.87681746482849}