{"name": "S_900_434_5858.817.json", "BaldoML_of": 22009.0782293854, "BaldoML_time": 5.119950294494629, "BaldoGA_of": 21338.58332511255, "BaldoGA_time": 4.079997539520264, "Solver_of": 22055.915444799317, "Solver_time": 10.023509740829468}