{"name": "S_900_458_11619.175.json", "BaldoML_of": 29514.188988691014, "BaldoML_time": 1.2897765636444092, "BaldoGA_of": 29027.219034688063, "BaldoGA_time": 15.961025953292847, "Solver_of": 30320.977238418007, "Solver_time": 729.0065989494324}