{"name": "S_900_193_5696.135.json", "BaldoML_of": 24258.440583088908, "BaldoML_time": 9.166319608688354, "BaldoGA_of": 23290.7998437395, "BaldoGA_time": 5.979224920272827, "Solver_of": 24259.968947127178, "Solver_time": 15.931932210922241}