{"name": "S_900_266_7883.804.json", "BaldoML_of": 24951.395150966284, "BaldoML_time": 1.883021593093872, "BaldoGA_of": 24280.06267697313, "BaldoGA_time": 7.757653474807739, "Solver_of": 25493.781514483133, "Solver_time": 168.5389997959137}