{"name": "S_900_199_7874.545.json", "BaldoML_of": 26119.881580433965, "BaldoML_time": 14.607804775238037, "BaldoGA_of": 24661.75392803437, "BaldoGA_time": 7.385005474090576, "Solver_of": 26120.435685721735, "Solver_time": 139.54644656181335}