{"name": "S_900_497_7733.985.json", "BaldoML_of": 25094.832883273015, "BaldoML_time": 0.8372979164123535, "BaldoGA_of": 24844.378772845168, "BaldoGA_time": 5.376012563705444, "Solver_of": 25377.043600632904, "Solver_time": 12.532656192779541}