{"name": "S_900_437_5653.026.json", "BaldoML_of": 22737.710234265713, "BaldoML_time": 3.543956995010376, "BaldoGA_of": 22252.528796210274, "BaldoGA_time": 4.988468170166016, "Solver_of": 22796.337326521476, "Solver_time": 8.820025444030762}