{"name": "S_900_265_11316.164.json", "BaldoML_of": 35012.05414620781, "BaldoML_time": 19.82998013496399, "BaldoGA_of": 33230.57818893745, "BaldoGA_time": 12.1566162109375, "Solver_of": 35019.11586100466, "Solver_time": 194.57826399803162}