{"name": "S_900_282_11206.434.json", "BaldoML_of": 33100.215255544754, "BaldoML_time": 0.9441008567810059, "BaldoGA_of": 32777.49234176742, "BaldoGA_time": 11.701454162597656, "Solver_of": 34082.80098056105, "Solver_time": 208.13749933242798}