{"name": "S_900_303_5765.843.json", "BaldoML_of": 23133.60628852584, "BaldoML_time": 1.2374475002288818, "BaldoGA_of": 22648.042384042226, "BaldoGA_time": 7.705404996871948, "Solver_of": 23272.373861634274, "Solver_time": 20.11928701400757}