{"name": "S_900_227_11415.3.json", "BaldoML_of": 34203.67591702594, "BaldoML_time": 45.048866987228394, "BaldoGA_of": 31464.997398635798, "BaldoGA_time": 6.245142936706543, "Solver_of": 34203.21051555797, "Solver_time": 333.83711886405945}