{"name": "S_900_189_11431.379.json", "BaldoML_of": 33827.84323235757, "BaldoML_time": 2.48915433883667, "BaldoGA_of": 32780.34137569098, "BaldoGA_time": 11.79903793334961, "Solver_of": 34355.95347877484, "Solver_time": 309.36788415908813}