{"name": "S_900_480_7528.247.json", "BaldoML_of": 25239.9395117781, "BaldoML_time": 6.317829847335815, "BaldoGA_of": 24478.59937299709, "BaldoGA_time": 16.51661205291748, "Solver_of": 25239.9395117781, "Solver_time": 37.5140655040741}