{"name": "S_900_281_5747.675.json", "BaldoML_of": 22199.78803599628, "BaldoML_time": 15.127830982208252, "BaldoGA_of": 21501.115305018808, "BaldoGA_time": 7.341917514801025, "Solver_of": 22200.337234167702, "Solver_time": 46.128424882888794}