{"name": "S_900_231_11641.783.json", "BaldoML_of": 33639.95854953055, "BaldoML_time": 19.491684198379517, "BaldoGA_of": 31695.242707168843, "BaldoGA_time": 11.037601470947266, "Solver_of": 33640.9156387578, "Solver_time": 178.80796766281128}