{"name": "S_900_410_7398.74.json", "BaldoML_of": 25504.968325670037, "BaldoML_time": 0.7331573963165283, "BaldoGA_of": 25177.13861284056, "BaldoGA_time": 13.263800144195557, "Solver_of": 25954.992571937473, "Solver_time": 30.107019424438477}