{"name": "S_900_281_7828.654.json", "BaldoML_of": 25148.53037218999, "BaldoML_time": 2.234449625015259, "BaldoGA_of": 24621.586118745694, "BaldoGA_time": 7.651967763900757, "Solver_of": 25653.24590414399, "Solver_time": 128.858140707016}