{"name": "S_900_285_5560.285.json", "BaldoML_of": 22978.813131984873, "BaldoML_time": 15.86732029914856, "BaldoGA_of": 22212.93598036447, "BaldoGA_time": 7.76640510559082, "Solver_of": 22976.754336266313, "Solver_time": 48.79734802246094}