{"name": "S_900_388_7585.468.json", "BaldoML_of": 26112.129176469225, "BaldoML_time": 25.50868535041809, "BaldoGA_of": 25302.812720889753, "BaldoGA_time": 12.83032512664795, "Solver_of": 26111.9202623304, "Solver_time": 117.75872683525085}