{"name": "S_900_217_11354.474.json", "BaldoML_of": 34543.9388975821, "BaldoML_time": 31.028640270233154, "BaldoGA_of": 32639.172991841366, "BaldoGA_time": 9.881641387939453, "Solver_of": 34542.797248393865, "Solver_time": 247.023175239563}