{"name": "S_900_294_5628.502.json", "BaldoML_of": 23308.41958282517, "BaldoML_time": 20.12963628768921, "BaldoGA_of": 22485.896524506148, "BaldoGA_time": 6.806913375854492, "Solver_of": 23308.41958282521, "Solver_time": 44.47346210479736}