{"name": "S_900_290_7687.987.json", "BaldoML_of": 25519.586270296226, "BaldoML_time": 1.4672303199768066, "BaldoGA_of": 24877.482777726647, "BaldoGA_time": 7.860898971557617, "Solver_of": 26147.70473559665, "Solver_time": 184.50338554382324}