{"name": "S_900_353_7995.307.json", "BaldoML_of": 24709.18439421172, "BaldoML_time": 1.5128636360168457, "BaldoGA_of": 24281.28750202988, "BaldoGA_time": 10.69411015510559, "Solver_of": 25188.203414359676, "Solver_time": 149.95870280265808}