{"name": "S_900_295_11725.32.json", "BaldoML_of": 30227.531191279275, "BaldoML_time": 0.8776195049285889, "BaldoGA_of": 29596.142764656845, "BaldoGA_time": 11.855583667755127, "Solver_of": 31535.694586220605, "Solver_time": 331.674307346344}