{"name": "S_900_193_11468.031.json", "BaldoML_of": 35862.506282633454, "BaldoML_time": 1.9120793342590332, "BaldoGA_of": 34748.07238598372, "BaldoGA_time": 11.544863224029541, "Solver_of": 36290.21364308603, "Solver_time": 182.15907859802246}