{"name": "S_900_505_5881.195.json", "BaldoML_of": 22255.28200036713, "BaldoML_time": 3.8929443359375, "BaldoGA_of": 21656.29558856457, "BaldoGA_time": 4.621511459350586, "Solver_of": 22283.450721066776, "Solver_time": 8.997117042541504}