{"name": "S_900_259_11436.971.json", "BaldoML_of": 33157.221208492665, "BaldoML_time": 67.48549103736877, "BaldoGA_of": 31700.76221077263, "BaldoGA_time": 9.469647407531738, "Solver_of": 33156.98915254504, "Solver_time": 565.6526815891266}