{"name": "S_900_354_7603.765.json", "BaldoML_of": 26234.81780851154, "BaldoML_time": 24.7855966091156, "BaldoGA_of": 25522.793136787703, "BaldoGA_time": 10.305397748947144, "Solver_of": 26234.817808511565, "Solver_time": 82.69619345664978}