{"name": "S_900_242_7595.908.json", "BaldoML_of": 26755.035707949373, "BaldoML_time": 9.638245344161987, "BaldoGA_of": 25558.36837446181, "BaldoGA_time": 8.504988670349121, "Solver_of": 26777.9868021899, "Solver_time": 155.99441933631897}