{"name": "S_900_400_11464.719.json", "BaldoML_of": 31927.786960185025, "BaldoML_time": 72.17892599105835, "BaldoGA_of": 30771.355866730737, "BaldoGA_time": 14.314758539199829, "Solver_of": 31928.784989099917, "Solver_time": 498.3580994606018}