{"name": "S_900_406_7755.709.json", "BaldoML_of": 25832.203072037453, "BaldoML_time": 0.8947329521179199, "BaldoGA_of": 25593.574371840903, "BaldoGA_time": 15.438361406326294, "Solver_of": 26245.47732299911, "Solver_time": 34.044554471969604}