{"name": "S_900_242_11579.383.json", "BaldoML_of": 32904.666106402205, "BaldoML_time": 63.621862173080444, "BaldoGA_of": 31306.473897915293, "BaldoGA_time": 9.866892099380493, "Solver_of": 32904.67039339942, "Solver_time": 274.8738875389099}