{"name": "S_900_310_11346.042.json", "BaldoML_of": 33162.34078863894, "BaldoML_time": 46.46894025802612, "BaldoGA_of": 31660.66254793034, "BaldoGA_time": 11.642755270004272, "Solver_of": 33163.07077652769, "Solver_time": 537.4823977947235}