{"name": "S_900_286_11528.628.json", "BaldoML_of": 32389.495772371632, "BaldoML_time": 47.519750356674194, "BaldoGA_of": 30445.01270517851, "BaldoGA_time": 10.227494955062866, "Solver_of": 32389.47423903769, "Solver_time": 326.73902225494385}