{"name": "S_900_429_11376.915.json", "BaldoML_of": 31977.191735446646, "BaldoML_time": 56.5030620098114, "BaldoGA_of": 30710.615194807466, "BaldoGA_time": 14.305405855178833, "Solver_of": 31978.21547989861, "Solver_time": 1579.237421989441}