{"name": "S_900_528_11239.479.json", "BaldoML_of": 32444.40989987, "BaldoML_time": 0.8071362972259521, "BaldoGA_of": 31992.941035238608, "BaldoGA_time": 24.134543895721436, "Solver_of": 32960.70566726897, "Solver_time": 247.54356598854065}