{"name": "S_900_250_11466.858.json", "BaldoML_of": 33038.040419863544, "BaldoML_time": 21.590312957763672, "BaldoGA_of": 30630.446273135036, "BaldoGA_time": 6.956480979919434, "Solver_of": 33038.43522407056, "Solver_time": 360.40005230903625}