{"name": "S_900_497_7768.348.json", "BaldoML_of": 25000.85500517853, "BaldoML_time": 2.952216625213623, "BaldoGA_of": 24298.842353079246, "BaldoGA_time": 6.061380624771118, "Solver_of": 25000.85500517853, "Solver_time": 16.263182401657104}