{"name": "S_900_360_5500.86.json", "BaldoML_of": 23098.703582671766, "BaldoML_time": 6.123116493225098, "BaldoGA_of": 22521.296770615427, "BaldoGA_time": 8.68941044807434, "Solver_of": 23098.6957477627, "Solver_time": 12.736388206481934}