{"name": "S_900_477_7541.436.json", "BaldoML_of": 25927.580327106083, "BaldoML_time": 0.8378829956054688, "BaldoGA_of": 25580.90761214621, "BaldoGA_time": 17.160544872283936, "Solver_of": 26336.72397899938, "Solver_time": 13.950106620788574}