{"name": "S_900_432_11593.535.json", "BaldoML_of": 32201.210641891634, "BaldoML_time": 51.647358655929565, "BaldoGA_of": 31151.372643116283, "BaldoGA_time": 14.64801812171936, "Solver_of": 32201.210641362522, "Solver_time": 754.6583006381989}