{"name": "S_900_316_11573.896.json", "BaldoML_of": 33189.13696070748, "BaldoML_time": 37.800710678100586, "BaldoGA_of": 31305.8681903805, "BaldoGA_time": 12.00960898399353, "Solver_of": 33189.931057279806, "Solver_time": 152.1797411441803}