{"name": "S_900_304_5572.391.json", "BaldoML_of": 22732.924670149543, "BaldoML_time": 13.888628959655762, "BaldoGA_of": 22242.569846322254, "BaldoGA_time": 7.901611566543579, "Solver_of": 22732.89839621588, "Solver_time": 39.81449484825134}