{"name": "S_900_224_11559.123.json", "BaldoML_of": 34719.79699123432, "BaldoML_time": 38.120845079422, "BaldoGA_of": 32962.94597883142, "BaldoGA_time": 10.520179271697998, "Solver_of": 34720.41846374248, "Solver_time": 804.1900553703308}