{"name": "S_900_211_11566.661.json", "BaldoML_of": 33806.738636918264, "BaldoML_time": 1.844252347946167, "BaldoGA_of": 32638.630309202563, "BaldoGA_time": 11.46994948387146, "Solver_of": 34263.057397466306, "Solver_time": 174.27449202537537}