{"name": "S_900_310_5711.582.json", "BaldoML_of": 22930.016285482052, "BaldoML_time": 16.249162673950195, "BaldoGA_of": 22259.6916285858, "BaldoGA_time": 9.438039779663086, "Solver_of": 22931.10776636574, "Solver_time": 43.76742768287659}