{"name": "S_900_341_11391.481.json", "BaldoML_of": 32320.705045136667, "BaldoML_time": 1.2185871601104736, "BaldoGA_of": 31485.727781715712, "BaldoGA_time": 10.090622663497925, "Solver_of": 33082.53450892985, "Solver_time": 414.268714427948}