{"name": "S_900_470_5889.357.json", "BaldoML_of": 22051.310759443375, "BaldoML_time": 4.765341758728027, "BaldoGA_of": 21423.454179231565, "BaldoGA_time": 4.656959533691406, "Solver_of": 22059.375268416454, "Solver_time": 11.510828256607056}