{"name": "S_900_438_11265.475.json", "BaldoML_of": 32591.02297054983, "BaldoML_time": 37.19082260131836, "BaldoGA_of": 31408.404160263228, "BaldoGA_time": 13.777595043182373, "Solver_of": 32591.023501410684, "Solver_time": 480.66224122047424}