{"name": "S_900_336_5726.781.json", "BaldoML_of": 21955.193763097603, "BaldoML_time": 1.1208441257476807, "BaldoGA_of": 21555.139364942384, "BaldoGA_time": 10.0014009475708, "Solver_of": 22248.297172881805, "Solver_time": 34.063486099243164}