{"name": "S_900_266_7883.804.json", "BaldoML_of": 25493.781514483184, "BaldoML_time": 22.60498046875, "BaldoGA_of": 24280.06267697313, "BaldoGA_time": 7.757653474807739, "Solver_of": 25493.781514483133, "Solver_time": 168.5389997959137}