{"name": "S_900_209_11471.83.json", "BaldoML_of": 33323.750258174034, "BaldoML_time": 1.9165294170379639, "BaldoGA_of": 32519.916402882467, "BaldoGA_time": 11.41947340965271, "Solver_of": 34285.657725551006, "Solver_time": 387.0593750476837}