{"name": "S_900_267_7764.47.json", "BaldoML_of": 25832.307183144916, "BaldoML_time": 1.4045660495758057, "BaldoGA_of": 25127.62639648045, "BaldoGA_time": 7.224135875701904, "Solver_of": 26460.228514211223, "Solver_time": 34.0893280506134}