{"name": "S_900_250_11748.123.json", "BaldoML_of": 32028.464446859878, "BaldoML_time": 27.9747314453125, "BaldoGA_of": 30224.39621646423, "BaldoGA_time": 6.546976327896118, "Solver_of": 32028.46445023958, "Solver_time": 734.4176063537598}