{"name": "S_900_295_11725.32.json", "BaldoML_of": 31535.03190027608, "BaldoML_time": 38.47166991233826, "BaldoGA_of": 29596.142764656845, "BaldoGA_time": 11.855583667755127, "Solver_of": 31535.694586220605, "Solver_time": 331.674307346344}