{"name": "S_900_369_5818.759.json", "BaldoML_of": 21230.103688950818, "BaldoML_time": 0.8755359649658203, "BaldoGA_of": 20846.967185144214, "BaldoGA_time": 11.426214933395386, "Solver_of": 21547.273283180573, "Solver_time": 17.82604146003723}