{"name": "S_900_523_5673.575.json", "BaldoML_of": 22883.53218926052, "BaldoML_time": 1.3305864334106445, "BaldoGA_of": 22176.4395792238, "BaldoGA_time": 4.689018487930298, "Solver_of": 22941.629647759903, "Solver_time": 7.6592206954956055}