{"name": "S_900_502_7477.096.json", "BaldoML_of": 26169.51881330302, "BaldoML_time": 5.522558689117432, "BaldoGA_of": 25356.917540072736, "BaldoGA_time": 6.490429162979126, "Solver_of": 26183.72479119914, "Solver_time": 15.17933988571167}