{"name": "S_900_336_11220.301.json", "BaldoML_of": 32564.966847455456, "BaldoML_time": 29.175190448760986, "BaldoGA_of": 30934.964817046493, "BaldoGA_time": 10.773083209991455, "Solver_of": 32564.966847455456, "Solver_time": 200.73673152923584}