{"name": "S_900_492_5795.842.json", "BaldoML_of": 22365.19673868816, "BaldoML_time": 2.0608131885528564, "BaldoGA_of": 21884.2165379438, "BaldoGA_time": 4.568233013153076, "Solver_of": 22436.145889966734, "Solver_time": 9.504180908203125}