{"name": "S_900_391_5746.106.json", "BaldoML_of": 22726.46329716301, "BaldoML_time": 5.683257102966309, "BaldoGA_of": 22098.28129742348, "BaldoGA_time": 13.439391613006592, "Solver_of": 22726.46329716301, "Solver_time": 11.96012830734253}