{"name": "S_900_321_7624.489.json", "BaldoML_of": 26209.9154316229, "BaldoML_time": 23.43727707862854, "BaldoGA_of": 25202.880167916133, "BaldoGA_time": 8.348290205001831, "Solver_of": 26210.014384660648, "Solver_time": 24.084842920303345}