{"name": "S_900_415_7489.989.json", "BaldoML_of": 25990.730872271415, "BaldoML_time": 17.9383704662323, "BaldoGA_of": 25113.218086176792, "BaldoGA_time": 13.899845123291016, "Solver_of": 25990.326302762343, "Solver_time": 82.57099723815918}