{"name": "S_900_377_10991.551.json", "BaldoML_of": 32189.466752926844, "BaldoML_time": 1.0123341083526611, "BaldoGA_of": 31762.69123395092, "BaldoGA_time": 13.521796941757202, "Solver_of": 33236.11555351951, "Solver_time": 597.2394580841064}