{"name": "S_900_278_7766.049.json", "BaldoML_of": 26035.68227863909, "BaldoML_time": 1.4558544158935547, "BaldoGA_of": 25372.718559024397, "BaldoGA_time": 8.796708345413208, "Solver_of": 26638.498155389687, "Solver_time": 50.92936110496521}