{"name": "S_900_413_7646.159.json", "BaldoML_of": 25283.121552477445, "BaldoML_time": 0.9852306842803955, "BaldoGA_of": 24749.43127278678, "BaldoGA_time": 10.268852949142456, "Solver_of": 25727.549887521076, "Solver_time": 45.53133034706116}