{"name": "S_900_344_11101.608.json", "BaldoML_of": 32981.62284551278, "BaldoML_time": 37.08541655540466, "BaldoGA_of": 31688.74983681774, "BaldoGA_time": 12.542954444885254, "Solver_of": 32981.622845512764, "Solver_time": 535.6281187534332}