{"name": "S_900_216_5717.217.json", "BaldoML_of": 23236.174346144002, "BaldoML_time": 2.6758151054382324, "BaldoGA_of": 22494.91758038593, "BaldoGA_time": 5.239455461502075, "Solver_of": 23428.51314725377, "Solver_time": 12.367696046829224}