{"name": "S_900_523_11218.131.json", "BaldoML_of": 31958.705247018523, "BaldoML_time": 44.10058784484863, "BaldoGA_of": 31123.81394084683, "BaldoGA_time": 23.798747539520264, "Solver_of": 31960.3488179543, "Solver_time": 390.326607465744}