{"name": "S_900_282_11626.515.json", "BaldoML_of": 33347.80074005252, "BaldoML_time": 33.370399713516235, "BaldoGA_of": 31120.727482549668, "BaldoGA_time": 5.710571527481079, "Solver_of": 33347.80074005256, "Solver_time": 223.55602359771729}