{"name": "S_900_480_7632.572.json", "BaldoML_of": 25349.717831138267, "BaldoML_time": 6.214139461517334, "BaldoGA_of": 24725.755083884702, "BaldoGA_time": 10.424152135848999, "Solver_of": 25349.913827452623, "Solver_time": 12.299627542495728}