{"name": "S_900_259_11405.038.json", "BaldoML_of": 34250.658097452746, "BaldoML_time": 1.142543077468872, "BaldoGA_of": 33495.87981151709, "BaldoGA_time": 12.069071531295776, "Solver_of": 35150.62811861839, "Solver_time": 183.35037922859192}