{"name": "S_900_530_7906.198.json", "BaldoML_of": 24281.246996379923, "BaldoML_time": 3.3985018730163574, "BaldoGA_of": 23592.941962658093, "BaldoGA_time": 6.035176753997803, "Solver_of": 24340.222267703695, "Solver_time": 10.41015362739563}