{"name": "S_900_362_7746.933.json", "BaldoML_of": 24288.401289966656, "BaldoML_time": 22.548551559448242, "BaldoGA_of": 23446.828788225823, "BaldoGA_time": 8.83056378364563, "Solver_of": 24288.44457674478, "Solver_time": 263.8846187591553}