{"name": "S_900_420_5740.194.json", "BaldoML_of": 22726.940905414136, "BaldoML_time": 4.875794410705566, "BaldoGA_of": 22153.344159769757, "BaldoGA_time": 12.19113039970398, "Solver_of": 22727.22851733509, "Solver_time": 14.354089498519897}