{"name": "S_900_373_7648.972.json", "BaldoML_of": 24206.66102939727, "BaldoML_time": 1.1925880908966064, "BaldoGA_of": 23814.46275845402, "BaldoGA_time": 9.270889520645142, "Solver_of": 24816.86260831905, "Solver_time": 565.4097421169281}