{"name": "S_900_521_11246.491.json", "BaldoML_of": 31781.219919327734, "BaldoML_time": 24.06557869911194, "BaldoGA_of": 30822.224651431563, "BaldoGA_time": 19.924102067947388, "Solver_of": 31786.213956105912, "Solver_time": 235.17840600013733}