{"name": "S_900_400_5790.218.json", "BaldoML_of": 22662.10261589941, "BaldoML_time": 5.33268141746521, "BaldoGA_of": 21901.62187867404, "BaldoGA_time": 12.268678188323975, "Solver_of": 22662.10261589941, "Solver_time": 12.203673362731934}