{"name": "S_900_350_11180.17.json", "BaldoML_of": 33163.36984900284, "BaldoML_time": 1.1240739822387695, "BaldoGA_of": 32748.08072615343, "BaldoGA_time": 13.120029211044312, "Solver_of": 33898.59189441243, "Solver_time": 596.009768486023}