{"name": "S_900_257_5731.755.json", "BaldoML_of": 22751.115203491212, "BaldoML_time": 21.956732988357544, "BaldoGA_of": 22021.603884823224, "BaldoGA_time": 6.7818121910095215, "Solver_of": 22766.51829326359, "Solver_time": 61.63826251029968}