{"name": "S_900_465_7609.814.json", "BaldoML_of": 25500.638560919233, "BaldoML_time": 0.6353251934051514, "BaldoGA_of": 25162.454812278593, "BaldoGA_time": 16.532593488693237, "Solver_of": 25781.081651861266, "Solver_time": 27.14584493637085}